Dialogue_ID,Utterance_ID,Utterance,Emotion
8,0,"Hi, Becky, what's up?",neutral
8,1,"Not much, except that my mother-in-law is driving me up the wall.",neutral
8,2,What's the problem?,neutral
8,3,She loves to nit-pick and criticizes everything that I do. I can never do anything right when she's around.,neutral
8,4,For example?,neutral
8,5,"Well, last week I invited her over to dinner. My husband and I had no problem with the food, but if you listened to her, then it would seem like I fed her old meat and rotten vegetables. There's just nothing can please her.",neutral
8,6,"No, I can't see that happening. I know you're a good cook and nothing like that would ever happen.",neutral
8,7,It's not just that. She also criticizes how we raise the kids.,neutral
8,8,"My mother-in-law used to do the same thing to us. If it wasn't disciplining them enough, then we were disciplining them too much. She also complained about the food we fed them, the schools we sent them too, and everything else under the sun.",neutral
8,9,You said she used to? How did you stop her?,neutral
8,10,"We basically sat her down and told her how we felt about her constant criticizing, and how we welcomed her advice but hoped she'd let us do our things. She understood, and now everything is a lot more peaceful.",neutral
8,11,That sounds like a good idea. I'll have to try that.,joy
20,0,Here ’ s your hot dog and beer. What happened? Did I miss anything?,neutral
20,1,"Yeah, Cal Ripen just hit a home run.",neutral
20,2,What ’ s the score?,neutral
20,3,"Well it was 3 to 4, but Ripen ’ s home run made it 5 to 4 since another player was on first base.",neutral
20,4,So Baltimore is winning?,neutral
20,5,Right.,joy
20,6,This is a really great place to watch a baseball game.,joy
20,7,"Yeah, there isn ’ t a bad seat in the place.",joy
20,8,"The fans are great here, too. Not like in Philadelphia.",joy
20,9,It was a great idea to spend a day watching a game.,joy
20,10,"Yeah, it reminds you why they say baseball is America ’ s favorite pastime.",joy
29,0,Do you want black or white coffee?,neutral
29,1,"White, please",neutral
29,2,Look! there's a Folk concert tomorrow evening. Do you Want to go?,neutral
29,3,I don't like Folk music very much.,neutral
29,4,What kind of music do you like?,neutral
29,5,I like classical music. Do you?,neutral
29,6,Not very much. Classical music sends me to sleep,neutral
29,7,I don't believe you.,neutral
29,8,It ’ s true.,neutral
29,9,You are funny!,neutral
29,10,So are you! How about another coffee?,neutral
61,0,What upsets you?,neutral
61,1,"My parents called. As usual, they reminded me again that I should have a plan to marry by my late 20s. Easier said then done. Who should I marry? I have no time to go on a date.",sadness
61,2,It is not your mother finding one for you?,neutral
61,3,"I will find one myself, of course. I ’ m a modern girl.",neutral
61,4,"Perhaps you can try the three minutes date, the latest type.",neutral
61,5,"You mean dozens of the opposite sex meet each other for three minutes in a dimly bar serving alcohol, I hate that idea.",disgust
61,6,"No, there is an updated virgin, three minutes video date. I know an online dating website providing such service with a microphone and webcam, you can sigh for it. You can be face-to-face with a guy talking for maximum three minutes.",neutral
61,7,I don ’ t think it makes sense. Three minutes is such a short time.,neutral
61,8,"I think you can find out if there is a possibility of romance within the first second of meeting someone, so-called love at first sight.",neutral
61,9,"Anyway, I don ’ t want to post my face up for sale on the internet like that.",disgust
61,10,"Don ’ t worry. There are many other options using the internet as dating methods. Some sites operate at international standard even have got certifications. Of course, for these sites, you have to pay a membership fee. But all in all, it is more serious and professional. The chance of meeting a good and serious person who does not play games is higher.",neutral
61,11,I don ’ t want to post my personal information on the internet. I ’ m not knowing who is reading it.,disgust
62,0,Are you going to the party on Saturday?,neutral
62,1,I was thinking about it. Are you?,neutral
62,2,"Yeah, I heard it's going to be a lot of fun.",joy
62,3,"Really? Well, what time does it start?",surprise
62,4,It starts at 8,neutral
62,5,"Well, who all is going to be there?",neutral
62,6,Everyone from school.,neutral
62,7,How do you know it's going to be so fun?,neutral
62,8,"This party is going to have a DJ, food, and drinks.",joy
62,9,"Wow, that does sound like it's going to be fun.",joy
62,10,So am I going to see you at the party?,joy
62,11,"Yeah, I will be there.",joy
69,0,What ’ s up? You don ’ t look too good.,neutral
69,1,"Yeah, my head hurts, that ’ s all. I ’ Ve been in physics class all day. It ’ s killer!",disgust
69,2,"I liked physics. It ’ s all math, really. arcs, curves, velocity, cool stuff.",neutral
69,3,"Yeah, yeah, but today ’ s lesson was all about the creation of the universe.",neutral
69,4,A physics class about the creation of the universe? That ’ s some pretty unscientific language there. Sounds more religious to me.,neutral
69,5,It ’ s all religion. Take the theory of the Big Bang.How is it possible that all of the stuff in the universe comes from an explosion? That ’ s no better than Atlas carrying the globe on his back or African myths about turtles and stuff.,neutral
69,6,"Turtles? Whatever... Look, all that ’ s required for the creation of matter an imbalance of particles and anti-particles. At least, that ’ s what the math says.",neutral
69,7,"Math, sheath. What ’ s the evidence?",neutral
69,8,"There is evidence! You know Edwin Hubble? He ’ s the guy who in the early twentieth century was the first scientist to measure the drift of matter in the universe, thus advancing notions of an expanding universe. What would it be expanding from? Well, the Big Bang... DUH!",neutral
69,9,"Anyway, it ’ s just a theory. Why do people go around touting theories? Where ’ s the scientific rigor in that?",neutral
69,10,"Dude, don ’ t equivocate. A theory only becomes a theory after withstanding rigorous testing. You slept through class, didn ’ t you?",neutral
85,0,"Hey, Mark, long time no see.",joy
85,1,Julie! It's good to see you again. How have you been?,joy
85,2,Great. I just got back from a week's vacation in Thailand.,joy
85,3,Really? How was it?,joy
85,4,Fantastic! I didn't want to come back.,joy
85,5,I hear the beaches in Thailand are beautiful.,joy
85,6,"They are. And not only that the people are friendly, but also the food is delicious, not to mention cheap.",joy
85,7,I do like Thai food. Did you see much of Bangkok?,joy
85,8,Not much. I've got enough city life in Beijing.,joy
85,9,I know what you mean. I could use a vacation myself.,joy
85,10,"Hey, wouldn't it be great if we could go to Thailand together sometime?",joy
85,11,"Yeah, it sure would.",joy
97,0,What ’ s the plot of your new movie?,neutral
97,1,"It ’ s a story about a policemen who is investigating a series of strange murders. I play the part of the detective. He has to catch the killer, but there ’ s very little evidence. It ’ s a psychological th",neutral
97,2,Did you enjoy making the movie? We heard stories of disagreement with other actors and with the director.,neutral
97,3,I have had disagreement with every director. I ’ Ve worked with. We ’ Ve always disagreed in a friendly way and we have always resolved our differences. It was the same when I made this movie. I don ’ t no,neutral
97,4,Critics are not very happy with the movies that you ’ Ve made recently. Does that bother you?,neutral
97,5,Not at all. The feedback from audience has been great. I care about what they think more than what the critics think.,neutral
97,6,Did you do you own stunts in the movie?,neutral
97,7,"I wanted to, but my insurance company wouldn ’ t let me. All of my stunts were done by a stuntman. As you know, I used to do my own stunts, but I ’ ll leave that to the experts in future.",neutral
97,8,Thank you very much for doing this interview.,joy
97,9,My pleasure. Have you seen the movie yet?,joy
97,10,"Yes. I have. I liked it very much. Like you, I was very impressed with Rachel ’ s performance in the movie. She ’ s going to be a star.",joy
104,0,"Mary, how was your date with john?",neutral
104,1,it's ok. It seems we have a lot in common.,neutral
104,2,"oh, really. That is great news. What does he look like?",neutral
104,3,"he is tall and slim, fair-haired.",neutral
104,4,sounds like he is pretty cute. What do you think of him?,neutral
104,5,he is a nice guy and very considerate. I was impressed with how smart he was and he has a great sense of humor.,neutral
104,6,"oh, it's love at first sight. When will you see each other again?",neutral
104,7,"he didn't say, but he said he would call me.",neutral
104,8,maybe he is busy with his work. Just wait and try not to think about it too much!,neutral
104,9,"oh, steve. Stop it! I am a bit nervous! What if he doesn't call?",neutral
104,10,"come on, Mary, you're a total catch. I bet he will call you. Don't worry.",neutral
104,11,"thank you, Steve. You're always so encouraging.",joy
104,12,that's what friends are for.,joy
129,0,What do you need?,neutral
129,1,I need to use the Internet.,neutral
129,2,"You have your library card, right?",neutral
129,3,"Yes, I do.",neutral
129,4,There is a wait right now to use the computers.,neutral
129,5,That ’ s fine.,neutral
129,6,Would you please write your name on this list?,neutral
129,7,Then what?,neutral
129,8,I will call you when a computer is free.,neutral
129,9,How do I log on to the computer?,neutral
129,10,Use the number on the back of your library card.,neutral
129,11,Thanks. I ’ ll be sitting over there.,neutral
134,0,"Sam, I am so sorry. It was your birthday yesterday and I completely forgot about it.",neutral
134,1,Don't worry about it. I keep forgetting everyone's birthdays as well.,neutral
134,2,"Margaret really told me off when she found out that I had forgotten all about it. We did try to phone you, but you and Jane must have gone out.",neutral
134,3,"Yes, Jane invited me for dinner to this new restaurant which opened near us.",neutral
134,4,"Oh, yes, I know the one. How was the food?",neutral
134,5,"The food was excellent, but Jane ordered a birthday cake, which they forgot about. So as you can see, you were not the only one.",neutral
134,6,"Oh, no.",sadness
134,7,"Yes, Jane was quite upset about it. The manager came to apologize and we did get free dessert, but still...",neutral
134,8,I would think this was the least they could do.,neutral
134,9,In the end it was a nice evening and I got an iPad as my birthday present which I wanted for a while.,neutral
134,10,Great. I have also been thinking of getting one. Do you think you could ask Jane to have a quiet word with Margaret? My birthday is not that far away.,joy
134,11,"I can try, but knowing Margaret she will see through that immediately.",neutral
143,0,"hey, Maris, are you a part-timer?",surprise
143,1,part-timer? Is that a new buzzword?,neutral
143,2,"oh, it ’ s pretty popular among my classmates these days. So are you?",neutral
143,3,"sure, I have a part-time job as a bartender.",neutral
143,4,cool! It must be amazing to work at a bar!,joy
143,5,"yeah, but I ’ m not there for fun. I have to remain professional and if I get distracted, the manager would be pretty upset.",neutral
143,6,that ’ s true. I ’ m wondering did you learn anything from the job?,neutral
143,7,of course. There ’ s always much to learn. I got to know more about the real world.,neutral
143,8,"you mean you got working experience, right?",neutral
143,9,not just working experience. I would say the biggest lesson I learned is how to deal with people from all walks of life.,neutral
143,10,it must be very demanding.,neutral
143,11,"sometimes it is. But after working for a few weeks, it ’ s easy to figure out.",neutral
143,12,really? It sounds interesting.,joy
143,13,maybe you can come to the bar one day and I ’ ll show you around.,neutral
143,14,great. I ’ m looking forward to it.,joy
158,0,"Han Maimed, What's your plan for the weekend?",neutral
158,1,"I plan to travel around Harvard University and know more about it. To tell you the truth, I plan to apply for Harvard after graduation from high school. It ’ s better to get to know it. What about you?",neutral
158,2,I get together with my Christian brothers on Saturdays.,neutral
158,3,"Oh, my God! John, I didn ’ t know you are religious. You just look like a scientific kook, like Leonard in the Big Bang Theory.",surprise
158,4,"Come on, Han Maimed, don ’ t make a fuss. A lot of Americans, including many scientists, believe in religion.",neutral
158,5,"But I ’ m really surprised. I thought science and religion are not compatible, are they?",neutral
158,6,"Yes, they are compatible. Actually, the U. S. is both the most developed and the most religious country in the world.",neutral
158,7,"I've heard about it a little bit before, but I don ’ t understand. How can people believe in God since they know God doesn't exist?",neutral
158,8,"That ’ s a little complicated. You ’ ll get to know it when you are acquainted with the U. S. history later on. Religion was and is a part of American people ’ s life. Guess what? Even Harvard University, which is a highly academic institution, is in a sense the product of religion.",neutral
158,9,Really?,surprise
158,10,Absolutely! It was founded by a group of Puritan immigrants from England.,neutral
158,11,Why was it founded by the Puritans? Where were the atheistic educators?,neutral
158,12,Because most of the first English immigrants who came to the United States were Puritans.,neutral
158,13,How come? I mean why most of them were religious people?,surprise
158,14,"That ’ s because in the 16th and 17th century, there was a series of religious reforms in England. Many religious separatists were persecuted and fled to other countries.",neutral
158,15,"So, you mean people didn't enjoy religious freedom in England?",neutral
158,16,"Yes, that's why Puritans moved to the New World, where they believed they could establish a heaven for Puritans. Later on, it was these Puritans who founded Harvard College.",neutral
158,17,Why did they want to found a college?,neutral
158,18,Many Puritans had received classic style of higher education in Oxford University and Cambridge University back in England. They hoped that their descendants could receive this kind of education as well.,neutral
158,19,"Oh, I see.",neutral
158,20,"Actually Harvard was first named'New College', without a formal name.",neutral
158,21,When did it begin to be called Harvard University?,neutral
158,22,"In 1639, it was renamed after its major benefactor John Harvard. Interestingly, JohnHarvard himself was a clergyman.",neutral
158,23,It seems that Harvard was predestined to be influenced by religion.,neutral
158,24,"Therefore, it ’ s not exaggerate to claim that had there not been religion, there would note Harvard.",neutral
158,25,"Wow, I didn ’ t know that religion had played such an important role in Harvard history.",neutral
158,26,Religion has been playing an indispensible part in Harvard history as well as the U. S.,neutral
158,27,I finally begin to get to know Harvard. It seems that my knowledge of Harvard is rather poor. I have a lot work to do before applying for Harvard.,neutral
158,28,Remember that Harvard is a part of the United States. So you have to know the U. S. history and culture if you want to have in-depth knowledge of Harvard. The two are closely related.,neutral
158,29,That ’ s right. I have a lot to learn from you.,joy
158,30,You can ask me any question at any time.,joy
178,0,What kind of music do you like listening to?,neutral
178,1,"I like music that has a fast beat and is lively, like dance music. You know, I go to a disco almost every week. Sometimes it's too loud though. You prefer classical music, don ’ t you?",neutral
178,2,"Yes, I do. I find it very relaxing. I often listen to Mozart or Bach in the evening after a hard day at work.",neutral
178,3,I must admit that I like several pieces of classical music. It ’ s certainly more sophisticated that modern dance music.,neutral
178,4,Classical music is supposed to be good for you brain. Research suggest that it makes your brain more active. Students who listen to classical music while studying perform better.,neutral
178,5,Really? Perhaps I should listen to classical music often. I heard that listening to classical music is helpful in reducing stress.,surprise
178,6,Yes. That ’ s why I listen to it in the evenings. I usually play it as background music while I ’ m cooking or doing other housework.,neutral
178,7,I ’ Ve got a few classical music CD ’ s. I should follow your lead and increase my brian power.,neutral
178,8,You can find plenty of recording on the internet too. You can listen to samples and then buy them very cheaply if you like them.,neutral
178,9,"That ’ s a good idea. You should do the same with some music. You might find something you like. Classical music might make you clever, but dance might make you livelier and happier.",joy
178,10,That ’ s true. There ’ s clear evidence that people who listen to lively music are lively people. Music can influence a person ’ s feeling and character.,neutral
181,0,"Well, I am a regular member of this club.",neutral
181,1,Do you have to pay to join?,neutral
181,2,"Yes, membership fees vary depending on the club but usually they run into tens of thousands of dollars.",neutral
181,3,"Wow, that much? Don't they have any public courses?",surprise
181,4,"Very few, unfortunately.",neutral
181,5,How was your game today?,neutral
181,6,"Extremely good. I shot a 78, including 5 birdies!",joy
181,7,Congratulations! What's your normal handicap?,joy
181,8,Ten. How did your game go?,neutral
181,9,My drives were terrible today. I kept slicing the ball into the roughs and sand traps.,sadness
181,10,Maybe you can correct it by going to a driving range before you play again.,neutral
228,0,Have you been ever been to Disneyworld?,neutral
228,1,"When I was young, my parents took me to the one in California. I always forget which — is that one Disneyland or Disneyworld?",neutral
228,2,"The one in Florida is Disneyworld and the one in California is Disneyland, so you must have been to Disneyland.",neutral
228,3,That's right. Why do you ask?,neutral
228,4,"Well, I've never been to either so I was thinking of going to Disneyworld for my honeymoon.",joy
228,5,When are getting married?,joy
228,6,Some time next year. We haven't set the date yet.,joy
228,7,Congratulations! I had no idea.,joy
228,8,Thank you. So what do you think? Would we have a good time?,joy
228,9,Do you like amusement parks?,neutral
228,10,"For the most part, yes. Some of the rides are bit too scary for me, though.",neutral
228,11,"If you don't think twice about the rides and go on every ride that you can, you'll have a good time.",joy
228,12,Even the roller coasters that go through tunnels in the dark?,joy
228,13,"Even those. It'll be very romantic, I think. You'll have loads of fun.",joy
228,14,Thanks for the advice. I'll talk to my fiance about it tonight.,joy
228,15,I'm sure he'll love the idea. Just throw yourself into it and you'll enjoy it!,joy
230,0,you look better today. How did your test go?,neutral
230,1,much better than it did yesterday.,neutral
230,2,did you pass?,neutral
230,3,"I not only passed my test, but I aced it! I'm so happy!",joy
230,4,you should be. You worked really hard last night preparing for it.,neutral
230,5,"thanks for helping me with it. If you hadn't encouraged me to do my best, I wouldn't have ever been able to pass.",joy
230,6,you don't have to thank me. It's just a part of my job as your counsellor.,neutral
230,7,did you always do well at school?,neutral
230,8,"no, in fact, I was terrible at taking exams.",neutral
230,9,really?,surprise
230,10,"sure, but my teachers always encouraged me to do the best that I could and that helped me a lot. When are your final exams?",neutral
230,11,I'll get my finals in two months.,neutral
230,12,when do you plan on studying for those exams?,neutral
230,13,most students just cram the night forehead.,neutral
230,14,do you think that's a good idea?,neutral
230,15,"no, I think I should study a little bit at a time, starting a few weeks before the exam.",neutral
230,16,that sounds like a good idea. What are you going to do if you have any questions while you're studying?,neutral
230,17,I'll go and talk to my professor or a learning support assistant.,neutral
230,18,it sounds like you've learned something useful this year!,neutral
232,0,Do you want to go to the beach tonight?,joy
232,1,"Sure, which beach are we going to?",joy
232,2,I wanted to go to Malibu beach.,neutral
232,3,I like Santa Monica.,neutral
232,4,The water there looks so dirty.,disgust
232,5,I just like the pier they have at Santa Monica.,neutral
232,6,"I like the pier too, because it's beautiful at night.",joy
232,7,Is Malibu beach nice?,neutral
232,8,"It's a lot nicer, and I really like it better.",neutral
232,9,So you want to go to Malibu?,joy
232,10,If that's okay with you.,joy
232,11,"Sure, let's go to Malibu.",joy
236,0,What can I do for you?,neutral
236,1,I am trying to find this book.,neutral
236,2,What ’ s the problem?,neutral
236,3,It doesn ’ t seem like this library has it.,neutral
236,4,Have you checked the computer?,neutral
236,5,I have already.,neutral
236,6,What did it say?,neutral
236,7,"It says the book is on the shelf, but I didn ’ t find it there.",neutral
236,8,I can always borrow the book from another library.,neutral
236,9,You can do that?,neutral
236,10,I ’ ll make the call and contact you when it gets in.,neutral
236,11,That ’ s fantastic. Thank you.,joy
285,0,Why didn't you tell me you had a girlfriend?,anger
285,1,"Sorry, I thought you knew.",neutral
285,2,But you should have told me you were in love with her.,neutral
285,3,Didn't I?,neutral
285,4,You know you didn't.,neutral
285,5,"Well, I'm telling you now.",neutral
285,6,"Yes, but you might have told me before.",neutral
285,7,I didn't think you'd be interested.,neutral
285,8,You can't be serious. How dare you not tell me you were going to marry her?,anger
285,9,"Sorry, I didn't think it mattered.",neutral
285,10,"Oh, you men! You're all the same.",anger
294,0,"Hi Cody, how did practicing go this week?",neutral
294,1,"Well I had several tests and an oral presentation this week so I didn ’ t get a chance to memorize the second page, but I think I mastered the tricky section.",neutral
294,2,"Great! Warm up with some scales and arpeggios first. Good, good. This week, work on keeping the rhythm steady when you play the last part with the sixteenth note. Now let ’ s take a look at this",joy
294,3,Charles? Before I start I was wondering if it was ok if I put a small crescendo in here and then decrescendo back to pianissimo again over here?,neutral
294,4,It might work. I ’ ll have to hear it.Show me what you ’ Ve done.,neutral
294,5,It was horrible! I played play it much better at home!,neutral
294,6,"It ’ s just nerves. Just play the right hand for now. One two three four five six, ta ti tri-ple-ti. Good, good. Don ’ t forget the accidentals! The key signature says that note should be a G-sharp b",neutral
294,7,Is that better?,neutral
294,8,"Yes, much better. Watch where you lift your foot off the pedal. What was that?",neutral
294,9,Sorry! The stretch for that octave is always hard to make.,neutral
294,10,"That's ok, keep going, you ’ re moving ahead by leaps and bounds. Watch your dynamics! Keep your elbows lifted. Remember to stroke the keys, don ’ t pound. That ’ s better! Remember that as a pianist or any",joy
300,0,I've got some bad news about the bike you lent me.,neutral
300,1,What's that?,neutral
300,2,"I fell on the way to school, and your bike got scratched. I'm really sorry.",sadness
300,3,"Don't worry about it. It's not new, it already has a few scratches. Did you get hurt?",neutral
300,4,"No, thank you.",joy
300,5,That's the most important thing.,neutral
300,6,It's kind of you to say. I feel a little stupid.,neutral
300,7,Forget about it.,neutral
300,8,"When you lent me the bike, it looked brand new, almost anyway.",neutral
300,9,"Maybe, but really I have fallen a couple of times and it's been hit once or twice as well.",neutral
300,10,"I appreciate that, thank you.",joy
313,0,Are you new to this school?,neutral
313,1,"Yes, I ’ m new.",neutral
313,2,Is this your first year in college?,neutral
313,3,I transferred from another school.,neutral
313,4,Where did you transfer from?,neutral
313,5,I was at PCC before.,neutral
313,6,Why did you transfer?,neutral
313,7,"I was going to go here first, but my grades weren ’ t good enough.",neutral
313,8,Did you like it at PCC?,neutral
313,9,PCC is an incredible school.,neutral
313,10,"Well, I wish you luck here.",joy
313,11,I ’ m sure I ’ ll like it here.,joy
316,0,"It ’ s so relaxing, taking a walk in the country. The air is so fresh and clean.",joy
316,1,would you like to live in the country? I ’ m not sure I ’ d like it.,neutral
316,2,"I can see a lot of advantage and disadvantage. The problem is that, for me, each advantage has its own disadvantage.",neutral
316,3,What do you mean?,neutral
316,4,"Well, I hate the noise in the city, but I love being around lost of people. The problem is that you can ’ t have lots of people and have peace and quiet. The two just don ’ t go together.",disgust
316,5,"I see what you mean. I love being far away from a city, but I hate being so far away department stores and sports facilities.",neutral
316,6,"People can ’ t have it both ways. If you live in the country, it is often less convenient. If you live in a city, it is noisy, but there ’ s more to do.",neutral
316,7,"I would love to be surrounded by hills and streams. They ’ re so much better to look at than concrete, rows of parked cars and tall buildings.",joy
316,8,"I would love to hear the birds singing and feel the fresh breeze on my face. When the wind blows in the city, you get dust in your mouth and in your eyes.",joy
316,9,The view from the hill is so beautiful and relaxing. There ’ s so sign of pollution. The village looks so peaceful.,joy
316,10,Just remember that in that village there ’ s nothing to do. There ’ s not even a pub or restaurant. There ’ s just one small shop with a poor selection of goods.,neutral
316,11,You ’ re right. I would have to travel to the city at least once a week to go shopping and see friends. I would hate living in the country!,joy
325,0,"why are you so upset today, Maria? Cheer up!",neutral
325,1,"oh, Iris, it ’ s about the job with the PR company.",neutral
325,2,it ’ s a great opportunity. You should be happy with the offer.,neutral
325,3,but my mother won ’ t allow me to accept any part-time job. I ’ m afraid she will say no again.,neutral
325,4,why? It ’ s unfair. You can learn a lot from it.,surprise
325,5,she says a part-time job is cursed blessing. It takes so much time and energy that I won ’ t be able to focus on my studys.,neutral
325,6,that may be true. But I ’ m sure you ’ re able to find a balance between them. Why not try it?,neutral
325,7,"I turned down quite a few offers before for her sake. But I ’ m a senior now, I don ’ t want to miss the chance this time.",neutral
325,8,I agree with you but I think you really need to talk to your mother and tell her what's on your mind.,neutral
325,9,"I ’ ll try, but what if she insists?",neutral
325,10,"just let her know that the experience will be both amazing and rewarding. And more importantly, you can manage both your study and the job.",neutral
325,11,do you think it will work?,neutral
325,12,sure. Every cloud has its silver lining. Just try.,neutral
325,13,"ok, I ’ ll do that. Thank you, Iris.",joy
325,14,"sure. Good luck, Maria!",joy
339,0,"Could you tell me what university you want to go to, John?",neutral
339,1,Pardon?,neutral
339,2,What university would you enter?,neutral
339,3,University? Why? You asked me last year.,neutral
339,4,"Oh, I forget. Sorry.",neutral
339,5,I went to Harvard University.,neutral
339,6,Did you? And what course did you take there?,neutral
339,7,God save me! Is there anything wrong with you? Didn't I tell you?,neutral
339,8,"I've not known. Perhaps, I've got a bad memory.",neutral
339,9,I did a B. A. in economics. Remember?,joy
339,10,"Terrific! B. A., again and again-B. A.",neutral
343,0,Hi Mark.,neutral
343,1,Hi.,neutral
343,2,What are you planning to do today?,neutral
343,3,I'm not sure yet.,neutral
343,4,Would you like to have lunch with me?,joy
343,5,Yes. When?,joy
343,6,Is 11:30 AM OK?,neutral
343,7,"Sorry, I didn't hear you. Can you say that again please?",neutral
343,8,"I said, 11:30 AM.",neutral
343,9,"Oh, I'm busy then. Can we meet a little later?",neutral
343,10,"OK, how about 12:30 PM?",joy
343,11,OK. Where?,joy
343,12,How about Bill's Seafood Restaurant?,joy
343,13,"Oh, Where is that?",joy
343,14,It's on 7th Street.,joy
343,15,"OK, I'll meet you there.",joy
356,0,How may I help you?,neutral
356,1,I need to get on the Internet.,neutral
356,2,Do you have your library card with you?,neutral
356,3,"Yes, I have it.",neutral
356,4,You ’ re going to have to wait for a computer.,neutral
356,5,That ’ s okay.,neutral
356,6,Please put your name on this list.,neutral
356,7,Then what do I need to do?,neutral
356,8,"When there is a computer available, I will call you.",neutral
356,9,What do I do to log on to the computer?,neutral
356,10,Just type in the number on the back of your library card.,neutral
356,11,Okay. Thanks for your help.,joy
367,0,I've been so stressed these days.,neutral
367,1,What's the matter? Are you OK?,neutral
367,2,"I don't know where to go for college, and what to major in.",neutral
367,3,Don't worry. You have plenty of time to decide.,neutral
367,4,And I also want to get scholarships to help me pay for the tuition. I want to get the burden off my family.,neutral
367,5,"You always worry too much about everything. Take it easy, honey. You are good enough. You can go to the ideal college.",neutral
367,6,"OK, OK. I'm so sorry. By the way, for you, is it more important to make money or to enjoy your work?",neutral
367,7,"In a perfect world, I would enjoy my work if I do not have to do much, and make lots of money!",joy
367,8,"OK, honey, stop dreaming. You should face the reality.",neutral
367,9,"That's only a joke. To be honest, I have to improve my English, because my English is not good enough. I still get confused about some simple grammars. Since you are quite good at it, do you have any suggestions?",neutral
367,10,"En, first you should be concentrated on what the teacher said in class. Second, I suggest you to take an additional course in some training center.",neutral
367,11,Is the training center helpful?,neutral
367,12,I think so. Because I've taken one to improve my oral English during summer vacation.,neutral
371,0,Would you like to stretch your legs?,joy
371,1,Sure.,joy
371,2,Let's get a soft drink.,joy
371,3,Do we have enough time?,neutral
371,4,It's a fifteen-minute intermission.,neutral
371,5,The seats are excellent. We're right in the center.,joy
371,6,It's a new concert hall and the acoustics are great.,joy
371,7,I can't agree more.,joy
371,8,Is this your first time to come to a symphony concert?,neutral
371,9,"In the United States, yes. But back in China, I went to concerts a couple of times with my parents.",neutral
371,10,Do you have large concert halls in your city?,neutral
371,11,We have two. One is like this one. The other is a little smaller.,neutral
371,12,"That's great. Well, we'd better get back to our seats. It's about to start.",joy
372,0,May I help you?,neutral
372,1,What time will the library be closing?,neutral
372,2,It closes at six.,neutral
372,3,Does it always close at six?,neutral
372,4,"No, not every day.",neutral
372,5,Will the library be open on Saturday?,neutral
372,6,Absolutely.,neutral
372,7,What are your hours on Saturday?,neutral
372,8,Saturday ’ s hours are from nine in the morning to six-thirty at night.,neutral
372,9,All right. Thank you.,neutral
372,10,What else can I help you with?,neutral
372,11,That ’ s it. Thank you.,joy
378,0,Aren ’ t you going to swim?,neutral
378,1,Are you kidding? Don't you know I can't swim?,surprise
378,2,"You are not telling me that we drove 50 miles to come here for just sunbath, are you?",neutral
378,3,"Hey, don't shout. Come here! Sit closer. Now, Jim, we ’ Ve had a lovely day. Don't spoil it now.",neutral
378,4,What about your beautiful bathing suit? We shopped all day. Don't you want to show it off?,neutral
378,5,"Everybody who walks past me sees it. Besides, it's a good sunbathing suit.",neutral
378,6,All right. Suit yourself. I am going swimming.,neutral
378,7,Jim!,neutral
378,8,Yes?,neutral
378,9,Can you get me a beach umbrella and a deck chair? I am really tired of lying in thousand.,neutral
378,10,I've got a better idea. Why don ’ t we hire a boat and go for a ride? What do you think?,neutral
378,11,Are you serious? That will be wonderful!,joy
381,0,"Adam, could you show me around the school?",neutral
381,1,No problem.,neutral
381,2,What's the tallest building?,neutral
381,3,You mean the white building near the playground?,neutral
381,4,Yes.,neutral
381,5,"That is the library. And it has more than 1,000, 000 books.",neutral
381,6,What's the building to the south of the library?,neutral
381,7,"You know, our school is divided into two parts, the junior high school and the senior high school. That is the new classroom building for our senior high school.",neutral
381,8,Is there a swimming pool in your school?,neutral
381,9,"Yes. There is a large swimming pool, but it is only available in summer.",neutral
381,10,I do envy you. And I hope I can enter your school one day.,neutral
381,11,I believe that you can make your dream come true.,joy
419,0,How may I help you?,neutral
419,1,I want to return this video.,neutral
419,2,Is that all you need?,neutral
419,3,I also need to check this magazine out.,neutral
419,4,You ’ re not allowed to do that.,neutral
419,5,I don ’ t understand.,neutral
419,6,It ’ s our policy.,neutral
419,7,What can I check out?,neutral
419,8,Only books or videos.,neutral
419,9,I need this magazine.,neutral
419,10,You will have to read it here.,neutral
419,11,That ’ s weird.,sadness
423,0,"Hello, 8520388 2.",neutral
423,1,"Hi, this is Maria. Is that Shirley?",neutral
423,2,"Hi, Maria, this is Shirley.",neutral
423,3,"Shirley, do you know today's homework from our economic law class? I have written it on a piece of paper but I can't find it now.",neutral
423,4,Hold on for a moment please. I'm fetching my textbook.,neutral
423,5,OK.,neutral
423,6,"Oh, the homework is to explain what economic law is both in broad sense and in narrow sense.",neutral
423,7,Explain the economic law? An essay question again?,neutral
423,8,Yes. You can use your textbook for your reference.,neutral
423,9,Are there any clear answers in the book to this question?,neutral
423,10,"I don't think so, Maria, but I think you can look for information on the Internet.",neutral
423,11,"OK, thank you, Shirley. You are very helpful. I have another question. When does the Economic Law of China come into effect?",neutral
423,12,"Oh, there isn't such a code called economic law. The Economic Law of China is a general concept for several laws.",neutral
423,13,There isn't such a code?,neutral
423,14,"Yes, it's a general name for several laws related to economics, like Commercial Law, and Law of Central Bank.",neutral
423,15,"Got it. Thank you, Shirley.",joy
425,0,The performance is amazing. I'm curious about how they did it. I mean the way they sing.,joy
425,1,They must have practiced a lot. The perseverance has made them they are today.,neutral
425,2,So cool. Someone gave me this flier at the exit. What's it about?,joy
425,3,"Let me have a look. Well, it lists some shows that will be on next week.",neutral
425,4,"Oh, tell me about it. Anything interesting?",neutral
425,5,"Hmm... Oh, this one,'The Drunken Beauty'. This is a real classic.",neutral
425,6,"' The Drunken Beauty'? It's funny that we have'Sleeping Beauty'in my country. Anyway, what's it about? Is the beauty a drunkard?",neutral
425,7,Of course not. She was said to be the most beautiful woman in her time and that made her become the queen. They play was famous for its singing and dancing.,neutral
425,8,"Sure, people do that when they are drunk. What about the actress?",neutral
425,9,She is an opera star in China. Her teacher's teacher is Mei Landfang.,neutral
425,10,"Oh, I've heard about him before. He even created a special dance of sleeve shaking.",neutral
425,11,You are such an expert on it. I don't know that.,joy
425,12,"You know, interest is the best teacher.",neutral
425,13,"So, want me to book the tickets again?",joy
425,14,Please do that. I can't wait to come back again. The performance must be really amazing.,joy
425,15,We can do that if you like. Maybe next weekend.,joy
425,16,That will be great.,joy
435,0,"Hi Mary, how's it going?",neutral
435,1,"Well, last night I had a big argument with Ann.",neutral
435,2,Terrible. It must be something serious. You two are such close friends.,neutral
435,3,"Now that I look back at it, it wasn't that big a deal. I shouldn't have lost my temper.",neutral
435,4,Really? What happened?,surprise
435,5,"It's just we've been planning to go the beach for a while, and we decided we could both make it this weekend. Then out of nowhere she called me up, said her boyfriend had made plans and that she need to cancel the trip. I was so angry when she told me that I said she didn't care about our friendship at all.",neutral
435,6,That's pretty harsh.,neutral
435,7,"I know, but I was so upset. I mean, come on! Does she have to do everything her boyfriend says?",neutral
435,8,You know she probably feels just as bad.,neutral
435,9,"Well, I think I was being a little selfish myself. I know they don't get to see each other very often.",neutral
435,10,"Well, in that case I guess maybe you can be more understanding. You shouldn't let a trivial thing like this stand in the way of your friendship. After all you can go to the beach anytime you want.",neutral
435,11,"Yeah, I'll call later to patch things up.",neutral
438,0,What did you do over the weekend?,neutral
438,1,I went a global warming rally. It was fantastic to be around so many people who care about the environment.,neutral
438,2,Do you think there's anything we can do to reverse the damage that's been done already?,neutral
438,3,"It might not be possible to fix the problems that we've created for ourselves, but there are lots of things we can do to prevent more damages from happening.",neutral
438,4,Like what?,neutral
438,5,"Well, we can use public transport instead of taking our cars for a start.",neutral
438,6,What else can we do to protect the environment?,neutral
438,7,"If you do have to drive, you should make sure that your car runs on unleaded petrol. Also, your home should use sources of renewable energy.",neutral
438,8,How about recycling? Does that actually help?,neutral
438,9,"Yes. You should take your glass, paper, plastic, cardboard, and tin cans to a recycling center.",neutral
438,10,What do you think the biggest worry for our future is?,neutral
438,11,I think that the issue of greatest concern is having enough sources of clean water for everyone.,neutral
438,12,I had no idea you were such an environmentalist before!,surprise
438,13,"To be honest, in order for the earth to continue to be a habitable place, we're all going to have to become more interested in the environment.",joy
445,0,"You ’ re ready, right?",neutral
445,1,Ready for what?,neutral
445,2,Are you ready to transfer tomorrow?,neutral
445,3,Yes. I am ready.,neutral
445,4,You ’ re not nervous?,neutral
445,5,Of course I ’ m nervous.,neutral
445,6,What are you most nervous about?,neutral
445,7,I won ’ t know anybody at that school.,neutral
445,8,You shouldn ’ t be nervous about that.,neutral
445,9,Why not?,neutral
445,10,Meeting new people is a good thing.,joy
445,11,That ’ s a good way to think about it.,joy
457,0,"How can I help you today, Alice?",neutral
457,1,"Well, I came to talk to you because I want to apply for a scholarship.",neutral
457,2,"Oh, good. You're an excellent student. I'd be very willing to help you with that.",neutral
457,3,"Thanks. I really appreciate it.In fact, I do need a letter of recommendation for this scholarship.",neutral
457,4,What kind of scholarship is it?,neutral
457,5,It's an undergraduate scholarship offered by the American Minority Students Scholarship Association. I'm eligible for it because I'm Asian American.,neutral
457,6,"Fine. I know about that scholarship.You have to be a student in your junior year, and you have to have a grade point average of 3.7 or higher.",neutral
457,7,"I'm a junior now, and my GPA is 3.92.",neutral
457,8,Excellent. So you'll have a good chance of getting it.,neutral
457,9,"Well, I hope so. The competition is probably pretty heavy.And they want a writing sample too.",neutral
457,10,Do you have an essay you want to send them?,neutral
457,11,"No, they want a special essay. I must write an essay on a particular question they pose.",neutral
457,12,What is the question?,neutral
457,13,"They give applicants a topic.The topic is, The Place of Ethnic Minorities in a Democratic Society.My essay must be three pages typed and double-spaced.",neutral
457,14,That's a pretty short essay.,neutral
457,15,"Yes, but I need to write it by next week.",neutral
457,16,Good luck. I'm sure you will do a good job.,joy
457,17,"I came here today to talk to you because... Well, I need to ask two favors.",neutral
457,18,Sure. What are they?,neutral
457,19,"First, I need a letter of recommendation.",neutral
457,20,I'd be happy to write one for you.,neutral
457,21,"And second... Well, I'm not sure if it's normal.",neutral
457,22,What is it? Do you want me to read your essay?,neutral
457,23,"Yes, if you could. I mean, if you could read it to make sure there are no mistakes.Or maybe you'd have some suggestions.",neutral
457,24,Of course I could read it. That's no problem. But you need to get it to me soon.,neutral
457,25,I will. I want to write the first draft tonight.So I could bring it tomorrow morning.,neutral
457,26,"Alright. If you can bring it to me tomorrow morning, I can talk with you after class on Friday.So I'll have some feedback for you before the weekend.",neutral
457,27,That would really help me a lot. I'm very grateful.,joy
457,28,Don't mention it. I'm always willing to help good students.,joy
467,0,What are you going to do after you return from Washington?,neutral
467,1,I'm going to stay in the city.,neutral
467,2,What will you do all day?,neutral
467,3,"I'm going to work with my father at the store. In the evening, I'll read books.On weekends, I'll go to the beach with my family.",neutral
467,4,Have you ever worked?,neutral
467,5,"No, but I can learn. What are you going to do this summer?",neutral
467,6,I'm going to camp. I've gone to camp for four summers.,neutral
467,7,I've never gone to camp. What do you do there?,neutral
467,8,"We do many things. In the morning, we go swimming and boating. In the afternoon, we play basketball or tennis. We sit around a camp fire at night.We sing or tell stories.",joy
467,9,That sounds wonderful.,joy
467,10,It is wonderful. What's John going to do this summer?,neutral
467,11,I think he's going to the mountains with his parents.,neutral
467,12,"Well, so long, Mary. Have fun.",neutral
467,13,"You too, Peter. Give my regards to John. I'll see you in September.",joy
483,0,Hi.,neutral
483,1,"Hi, Mary, Hi, Ken I hate to bring this up, but that new stereo, system you got...",neutral
483,2,Yeah?,neutral
483,3,You were playing it very late last night.,neutral
483,4,Yeah?,neutral
483,5,It kept me awake.,neutral
483,6,"Oh, I'm sorry.",sadness
483,7,It kept me awake a couple of hours.,neutral
483,8,"I'm so sorry, I.. I didn't realize it was that loud.",sadness
483,9,"It was that loud, and it was pretty late, and check with Mary if you don't believe me.",neutral
483,10,It's true.It was a bit loud.,neutral
483,11,I'm very sorry. I didn't realize it. I promise I'll keep it down in the future.,neutral
483,12,"Oh, it's no problem.It's OK.You know, it only happened once.",joy
483,13,I am glad we've straightened everything out.,joy
490,0,"Look, Forest Gump is on at six thirty.",joy
490,1,Really? It was on in 1994 for the first time. And it is really a classic.,surprise
490,2,"Yeah, I am very impressed with Tom Hanks'performance in the movie.",joy
490,3,I am also impressed with the lines in the movie.,joy
490,4,"Life is like a box of chocolates, you never know what you're gonna get.",joy
490,5,That's my favorite.,joy
490,6,"You know, it also won 6 Oscar awards in 1995. Unbelievable!",surprise
490,7,It deserves. That film can give us a lot of inspiration.,joy
490,8,"Yes, the Forrest's experience can encourage the people in trouble.",joy
490,9,"All in all, it will never lose its appeal.",joy
490,10,"Gucci, I have an idea. Do you want to see this movie together?",joy
490,11,Sure. Now you are talking.,joy
505,0,"Where to, miss?",neutral
505,1,"Hi! Crenshaw and Hawthorne, at the Holiday Inn that is on that corner.",neutral
505,2,"Sure thing. So, where are you flying in from?",neutral
505,3,From China.,neutral
505,4,"Really? You don ’ t look very Chinese to me, if you don ’ t mind me saying so.",surprise
505,5,"It ’ s fine. I am actually from Mexico. I was in China on a business trip, visiting some local companies that manufacture bathroom products.",joy
505,6,"Wow sounds interesting! Excuse me if I am being a bit nosy but, how old are you?",joy
505,7,Don ’ t you know it ’ s rude to ask a lady her age?,neutral
505,8,Don ’ t get me wrong! It ’ s just that you seem so young and already doing business overseas!,neutral
505,9,"Well thank you! In that case, I am 26 years old, and what about yourself?",joy
505,10,"I am 40 years old and was born and raised here in the good old U. S of A, although I have some Colombian heritage.",neutral
505,11,Really? That ’ s great! Do you speak some Spanish?,surprise
505,12,Uh... yeah.. of course!,neutral
505,13,Que bien! Sentences poems habeas en espanol!,joy
510,0,Who was the best teacher that you ever had?,neutral
510,1,"That would have to be Miss Baymler, my fourth grade teacher.",neutral
510,2,What was she like?,neutral
510,3,"She was patient, kind, fun, smart, caring, and yet strict, too. I really learned a lot from her.",joy
510,4,What kind of things did you learn?,neutral
510,5,She taught us that you can do anything that you want to do.,joy
510,6,Anything? Do you really believe that we can do anything?,surprise
510,7,"If you really want to do something and you work hard at it, I believe you can do it.",neutral
510,8,You said she was strict. Did she have a lot of rules?,neutral
510,9,"She had some rules that helped us to feel comfortable. For example, the students had to treat each other with respect, or they would be disciplined.",neutral
510,10,I see. She sounds like she really cared about her students.,neutral
510,11,Yes. She treated us all fairly. She don ’ t have any teacher ’ s pets.,neutral
510,12,Really? Doesn ’ t every teacher have a teacher ’ s pet?,surprise
510,13,"Well. To be honest, I usually sucked up to teachers because I wanted them to give me good grades. However, Miss Baymler didn ’ t treat me any differently. She really didn ’ t have any teacher ’ s pets.",neutral
510,14,Do you know what she is doing now?,neutral
510,15,"As a matter of fact, I do. After she taught our class, she got married and moved to another city. Then, she started writing children ’ s book.",neutral
510,16,Have you ever read one of the books?,neutral
510,17,Of course! Both children and adults enjoy her books.,joy
510,18,Why don ’ t you recommend one to me?,neutral
510,19,ok! I ’ ll bring one to you next time.,joy
537,0,I'm going to the park to play baseball with the guys.,neutral
537,1,But you promised to play chess with me this afternoon.,neutral
537,2,"Yeah, but that was before the guys ask me to join the team.",neutral
537,3,So what?,neutral
537,4,"You know how much I want to be on the team, and now there is an opening for me.If I don't go to practise today.They'll get someone else and I'll miss my chance.",neutral
537,5,"I don't care about baseball.You know I need to practice for the chess championship and you promised to help with me if I washed the dishes for you last Sunday, and I did.",neutral
537,6,"I know, and I will.",neutral
537,7,When?,neutral
537,8,After baseball practice.,neutral
537,9,"And then, it'll be dinner time, then homework, and then your Show is on.You are going to break your promise.",neutral
537,10,"No, I won't. I'm going to skip TV tonight and work on your chess game with you if that's ok with you.",neutral
537,11,"Well, I'd rather do it the way we set up.But if you promise to give me your best game, it's ok with me.",neutral
537,12,"No problem, I'll play as hard as I can and give you an extra game to say thanks.",neutral
538,0,What stresses you out the most?,neutral
538,1,Probably my parents.,neutral
538,2,How so?,neutral
538,3,"Well, during school, they wanted good grades. Then after I got a job, they wanted me to get a better job. And finally, they want me to get married.",neutral
538,4,You have to deal with a lot of pressure from your parents.,neutral
538,5,Your parents are not like that?,neutral
538,6,"Ever since I brought home some bad grades in elementary school, they never expected much.",neutral
538,7,You're lucky.,neutral
538,8,What do you do to deal with the stress?,neutral
538,9,"Not much I can do. It's always there. I sometimes go out with some friends and drink, but that's only a temporary solution. The stress always returns in the morning.",neutral
538,10,That sucks. You wanna go grab a beer?,joy
538,11,Sure. Sounds great. Let's go.,joy
554,0,it's getting cold.,neutral
554,1,yes. I bought a scarf yesterday. It's really nice and warm. Have a look.,joy
554,2,"Oh, it's made of wool. I like the striped pattern.",joy
554,3,"yes, I adore simple fashions. How does it look on me?",joy
554,4,"it looks great, but you need something to go with it. It's too plain on its own.",joy
554,5,how about this blue sweater?,joy
554,6,that's a good idea. When did you buy it? Is it a name brand?,joy
554,7,"yes, but I bought it when it was on sale, 50 % off the original price. OK, what do you think?",joy
554,8,that looks lovely. Just one more thing---you need a pair of earrings.,joy
554,9,I've got a pair of pearl earrings. Here it is.,joy
554,10,perfect!,joy
554,11,"you have good fashion sense, Karen.",joy
554,12,thanks. We should be ourselves. There are so many fashion victims out there.,joy
554,13,"yes, but with our sense we'll always look good.",joy
564,0,I am having a hard time at my job.,sadness
564,1,"What's wrong, Julia?",neutral
564,2,"My colleagues quickly get promotions, while I always get sidelined. I don't know what to do anymore.",sadness
564,3,Don't give up so soon.,neutral
564,4,But I don't know what else I can do. I am willing to work hard. Sometimes I make mistakes and the boss is not happy.,sadness
564,5,Mistakes are just a lessons to learn from.,neutral
564,6,Tell that to my boss.,neutral
564,7,Do you know Abraham Lincoln?,neutral
564,8,Yes.,neutral
564,9,"He grew up poor in Kentucky and barely had a year of schooling, but he went on to become the President of United States.",neutral
564,10,He was also assassinated because of his views.,neutral
564,11,He is known as American's greatest president. Do you know why? Because he fought against slavery and secession at a time in history where others were too afraid to do anything. He succeeded because of his ambition and generous spirit.,neutral
564,12,"Well, if he can become president, then I can at least get a promotion.",joy
564,13,That's the spirit. Never give up on your dream.,joy
571,0,Lisa wins the first prize in the English speech contest of her college.,neutral
571,1,Really? That's really wonderful. I'm so happy for her.,joy
571,2,But I always feel disappointed. I have many problems with English learning.,sadness
571,3,"Honey, cheer up.",neutral
571,4,I feel confused about the grammars.,sadness
571,5,I'm sure you'll do fine if you try your best.,neutral
571,6,And my writing is not good. I feel so frustrated.,sadness
571,7,"Be confident, and never give up.",neutral
571,8,"I know that, mom. But sometimes I'm just sad.",sadness
571,9,Keep your chin up. Remember? Nothing is impossible to a willing heart.,neutral
571,10,"Yes, mom. You are right. Nothing is impossible to a willing heart. I will keep going.",joy
572,0,how did you do on your BELTS exam?,neutral
572,1,fantastic! I got an overall score of eight.,joy
572,2,that's excellent! Have you received your conditional offers yet?,neutral
572,3,yes. I'm just waiting until I officially get admitted to the university with a conditional offer to apply for my visa.,neutral
572,4,do you know where the visa office is?,neutral
572,5,no.,neutral
572,6,it's just near the Dong Si Shi Tiao subway stop.,neutral
572,7,that's not too far away. Do you think I'll get a visa?,neutral
572,8,have you ever gone abroad before?,neutral
572,9,"yes, I've been to Tailband, Egypt, and Japan.",neutral
572,10,have you ever been denied a visa before?,neutral
572,11,never.,neutral
572,12,that's good. Are you planning on immigrating to another country?,neutral
572,13,"no, I want to come back to China after I graduate.",neutral
572,14,that's exactly what the visa officers want to hear. Do you have enough money for tuition and room and board?,neutral
572,15,"I've received a full scholarship, so I won't need any other money to live off while I'm studying.",neutral
572,16,I think you have a very good chance of getting a visa. I can help you prepare for the visa interview if you want.,neutral
572,17,"that's be great. The more prepared I am, the better.",joy
576,0,What can I do for you?,neutral
576,1,I ’ m returning these books.,neutral
576,2,Let me have them.,neutral
576,3,Here are all of them.,neutral
576,4,These books are two weeks late.,neutral
576,5,I didn ’ t have time to return them.,neutral
576,6,You ’ re going to have to pay late fees.,neutral
576,7,How much?,neutral
576,8,25 cents a day.,neutral
576,9,25 cents a day?,surprise
576,10,That means 25 cents for each late book.,neutral
576,11,That ’ s expensive.,surprise
578,0,What shall we do after the volleyball match?,joy
578,1,How about going to the Olympic souvenir store to have a look? I remember there is one in the gym.,joy
578,2,That's a good idea. I was thinking of buying some gifts for my family.,joy
578,3,"Me, too. What did you have in mind?",joy
578,4,"I haven't decided yet, but I think the Olympic Mascots are a must.",joy
578,5,"I agree. They're very lovely, especially Huanhuan",joy
578,6,"Is that the red one? That is my favorite, too. Do you know how much they are?",joy
578,7,"The five dolls are sold together as a set, and they're priced according to the size. The bigger they are the more expensive.",joy
578,8,"Oh, I see. If I buy more than a set, can I get any discount?",joy
578,9,I don't think so. All the souvenirs of the Olympic Games are very hot right now.,joy
578,10,Any other ideas?,joy
578,11,"There are lots of things, such as postcards, key chains, posters and various arts and crafts.",joy
578,12,It all sounds great. We can go there after the match. I can't wait to see what they have.,joy
589,0,Who's that over here?,neutral
589,1,That's the new teacher.,neutral
589,2,What do you think of the teacher?,neutral
589,3,She's very nice.,neutral
589,4,What does she teach?,neutral
589,5,"English, of course.",neutral
589,6,Is she your teacher?,neutral
589,7,Yes.She teaches our class three times a week.,neutral
589,8,Can she speak Chinese to her students?,neutral
589,9,Not very much.,neutral
589,10,It's a good thing you can speak English!,joy
619,0,I've got some bad news about the bike you lent me.,neutral
619,1,What's that?,neutral
619,2,"I fell on the way to school, and your bike got scratched. I'm really sorry.",neutral
619,3,"Don't worry about it. It's not new, it already has a few scratches. Did you get hurt?",neutral
619,4,"No, thank you.",joy
619,5,That's the most important thing.,neutral
619,6,It's kind of you to say. I feel a little stupid.,neutral
619,7,Forget about it.,neutral
619,8,"When you lent me the bike, it looked brand new, almost anyway.",neutral
619,9,"Maybe, but really I have fallen a couple of times and it's been hit once or twice as well.",neutral
619,10,"I appreciate that, thank you.",joy
668,0,Hello?,neutral
668,1,"Hi Tina, It's Joe.",neutral
668,2,Hi Joe.,neutral
668,3,How's the weather there today?,neutral
668,4,It's really cold. It snowed all day and the schools closed early.,neutral
668,5,What's the temperature?,neutral
668,6,It's 30 degrees now. It was even colder this morning.,neutral
668,7,Have you heard what the weather is going to be like tomorrow?,neutral
668,8,I was watching the news a little earlier. They said it's probably going to snow tomorrow.,neutral
668,9,I really don't like the winter. I wish it were summer.,neutral
668,10,Me too. How's the weather where you are?,neutral
668,11,"It's not too bad, but it's pretty cold here too. It was about 45 today and it rained this afternoon. I heard it's going to be a little warmer tomorrow.",neutral
677,0,"Could you tell me what university you want to go to, John?",neutral
677,1,Pardon?,surprise
677,2,What university would you enter?,neutral
677,3,University? Why? You asked me last year.,surprise
677,4,"Oh, I forget.Sorry.",neutral
677,5,I went to Harvard University.,neutral
677,6,Did you? And what course did you take there?,neutral
677,7,God save me! Is there anything wrong with you? Didn't I tell you?,surprise
677,8,"I've not known.Perhaps, I've got a bad memory.",neutral
677,9,I did a B. A. in economics.Remember?,neutral
677,10,"Terrific! B. A., again and again-B. A.",joy
710,0,Hey Mark. What are you doing?,neutral
710,1,Just watching some TV.,neutral
710,2,Anything interesting on?,neutral
710,3,Not really. Just watching the sports highlight on ESPN.,neutral
710,4,So I take it you're pretty bored too.,neutral
710,5,Just killing time until I find something to do. What are you going to do?,neutral
710,6,It's Saturday and we are sitting at home doing nothing. What's wrong with us?,neutral
710,7,You wanna shoot some hoops?,neutral
710,8,"I already tried to call up some of the guys, but they are all busy.",neutral
710,9,Where's your girlfriend? I thought you were going out with her today.,neutral
710,10,She's out shopping with her friends.,neutral
710,11,Let's go to Starbucks and think of something to do then.,joy
710,12,Aright. Do you have any cigarettes?,joy
710,13,I only have a couple left. Why don't you pick some up on the way.,neutral
710,14,Ok. See you there in about 30 minutes.,joy
710,15,Aright. See you there.,joy
732,0,do you need a hand?,neutral
732,1,"no, I can handle it. Thanks anyway.",neutral
732,2,are you sure you don't need any help?,neutral
732,3,"well, maybe just a little. I can't seem to make it fit.",neutral
732,4,"I swear, the overhead compartments on these planes just keep getting smaller and smaller!",neutral
732,5,that's so true. thanks for your help. Are you in the aisle seat in this row?,neutral
732,6,yes. What about you?,neutral
732,7,I'm in the middle seat.,neutral
732,8,"oh, I guess I'll let you through then.",neutral
732,9,thanks. sorry for making you get out of your seat again.,joy
732,10,that's alright. I notice you have a few newspapers there. Would you mind lending me one?,neutral
732,11,"no, not at all. Which one would you like--the New York Times or the Guardian?",neutral
732,12,"I prefer the British paper, but I'll read whatever one you aren't going to read right away.",neutral
732,13,"I was just going to do a little Sudoku while we wait for the plane to take off, so the Guardian is all yours.",neutral
732,14,thanks a lot. That's really nice of you. Would you like a piece of gum?,neutral
732,15,that would be great. thanks.,joy
736,0,Who's that over here?,neutral
736,1,That's the new teacher.,neutral
736,2,What do you think of the teacher?,neutral
736,3,She's very nice.,neutral
736,4,What does she teach?,neutral
736,5,"English, of course.",neutral
736,6,Is she your teacher?,neutral
736,7,Yes. She teaches our class three times a week.,neutral
736,8,Can she speak Chinese to her students?,neutral
736,9,Not very much.,neutral
736,10,It's a good thing you can speak English!,joy
738,0,Hello?,neutral
738,1,Hi Steve. This is Mike. What are you doing?,neutral
738,2,"Oh, hi. I was just watching TV.",neutral
738,3,There's nothing to watch right now.,neutral
738,4,I know. I was watching a re-run. I have nothing to do and I was bored.,neutral
738,5,Me too. Let's get together and do something.,joy
738,6,"I'd like to, but I have to meet my parents in an hour for dinner. How about tomorrow?",joy
738,7,Yeah. Let's plan something tomorrow.,joy
738,8,Did you hear the weather forecast for tomorrow?,neutral
738,9,I think it is going to be the same as today. Clear and sunny.,joy
738,10,That's great. We can do something outdoors then.,joy
738,11,Are there any special events going on tomorrow?,neutral
738,12,Yeah. I think there's a live outdoor concert by the river tomorrow.,neutral
738,13,Oh yeah. I heard about that too. Let's go check it out.,neutral
738,14,Do you know what time it starts?,neutral
738,15,It starts at one PM.,neutral
738,16,"Let's meet for lunch at eleven thirty and afterwards, we can head over there.",joy
738,17,Perfect. I'll see you in front of the apartment at eleven thirty.,joy
776,0,Merry Christmas!,joy
776,1,Huh?,neutral
776,2,I said Merry Christmas! Don't you know that Christmas is almost here?,neutral
776,3,"It is? Oh, that's nice.",neutral
776,4,Huh? Didn't you know? Aren't you excited?,neutral
776,5,"Actually, I'd forgotten about it.",neutral
776,6,Forgotten about it? How could you?,surprise
776,7,"Because I'm not Christian, I'm Jewish.",neutral
776,8,"Oh, I'm sorry. I didn't know.",neutral
776,9,It's all right. There are so many Christians in America that everybody takes it for granted that I'm Christian.,neutral
776,10,I guess so. So what do you do around this time of year?,neutral
776,11,"Well, I'll celebrate Hanukah soon, but that's not as important to us as Christmas is to you. Mainly I'll just enjoy the holiday break.",neutral
776,12,"Well, would you be horribly offended if I invited you to a Christmas party at my house?",neutral
776,13,Not at all. A party is a party. I'll be happy to come.,joy
793,0,Have you ever been to Japan? I'm going in the fall.,neutral
793,1,"Yeah, I've been there twice.",neutral
793,2,Really? Tell me about it. What's it like?,surprise
793,3,"Oh, it's fantastic.",joy
793,4,Where did you go?,neutral
793,5,"On my first trip I went to Tokyo, and on my second trip I visited Kyoto.",joy
793,6,What did you think of Tokyo?,neutral
793,7,"Very big and exciting, but very crowded, too.",joy
793,8,Yeah. I've seen pictures of the crowds!,joy
793,9,And the restaurant are excellent... but they're kind of expensive.,neutral
793,10,And how about Kyoto?,neutral
793,11,Kyoto is lovely. It's full of beautiful old temples and gardens.It's a very historic city.,neutral
793,12,How was the weather?,neutral
793,13,"I was in Tokyo in August, and it was really hot and humid. I went to Kyoto in October.It was hot and sunny, but there was no humidity.",neutral
793,14,Sounds perfect. I can't wait!,joy
797,0,"Hi Sam, would you like to come for a curry with us next Friday?",neutral
797,1,"Sure, I love curry. Who else is coming?",joy
797,2,"Jane, Susan, Pete and two colleagues of mine from work.",neutral
797,3,"I have no plans for Friday, so curry would be great. Which restaurant do you have in mind?",neutral
797,4,Susan suggested the one on Main Street. She says it is very good.,neutral
797,5,Which one is that?,neutral
797,6,"You know, the one just on the corner with Oxford Street. There is a large pharmacy next door.",joy
797,7,"Oh yes, I know which one you mean. I have never been there, but I looked at their menu once and it did look good.",joy
797,8,Okay then. I think we will all meet outside?,joy
797,9,What time?,joy
797,10,At 8 o'clock. I will make the reservation.,joy
797,11,That's good. See you on Friday.,joy
816,0,"Happy Birthday, Mary!",joy
816,1,Thank you.,joy
816,2,Here is a gift for you. I hope you like it.,joy
816,3,What a lovely dog! How did you know I love this?,joy
816,4,I had my own ways of finding out. It's a secret. You look so beautiful today. Your new shirt goes well with your skirt.,joy
816,5,"Maybe you don't believe it, but it was made by my grandmother.",joy
816,6,Really? It looks so nice.,surprise
816,7,Thank you. Please have a cup of tea.,joy
816,8,All right.,joy
816,9,How about some fish?,joy
816,10,"No, thanks. I've had enough. Now, Mary, before you blow out the birthday candles, you have to make a wish. After that, you may cut the cake.",joy
816,11,"OK, let me make a wish... Do you want a big piece of cake?",joy
816,12,"No, just a small one. Next let's sing'Happy Birthday'to Mary.",joy
816,13,It is very kind of you. I'm so moved by you.,joy
830,0,"Wow, that terrible movie is finally over. Next time I ’ m picking the film, because I don ’ t want to end up seeing a chick flick.",disgust
830,1,"Well you should have picked, in the end you always complain about everything.",neutral
830,2,"Not everything, just this film. Even the title is ridiculous. and it ’ s so long, those are the two and a half most wasted hours of my life, so much so that I ’ m thinking about asking them to give me my money back.",disgust
830,3,"I ’ m thinking of taking you back home. I thought we could have a nice evening, but you ’ re always so negative.",neutral
830,4,I ’ m only complaining about a movie that I could have rented or bought and then thrown in the garbage.,neutral
830,5,"You see, that ’ s what I ’ m talking about, I can ’ t stand your sarcastic jokes anymore",anger
830,6,"Next time, go with your gay friend who is more in touch with his feelings.",neutral
830,7,Well he ’ s more of a man than you are ; at least he appreciates love stories.,neutral
830,8,Love stories? More like one-night-stands.,neutral
830,9,"Don ’ t criticize Mario or else I ’ ll start on those fat, drunk friends of yours ; they ’ re no saints.",anger
830,10,My friends? Fat? What about those whales you call friends?,neutral
830,11,"You ’ re unbearable ; you can walk home, I ’ m leaving.",anger
832,0,Why didn't you tell me you had a girlfriend?,anger
832,1,"Sorry, I thought you knew.",neutral
832,2,But you should tell me you were in love with her.,anger
832,3,Didn't I?,neutral
832,4,You know you didn't.,anger
832,5,"Well, I am telling you now.",neutral
832,6,"Yes, but you might have told me before.",anger
832,7,I didn't think you would be interested.,neutral
832,8,You can't be serious. How dare you not tell me you are going to marry her?,anger
832,9,"Sorry, I didn't think it mattered.",neutral
832,10,"Oh, you men! You are all the same.",anger
861,0,"You ’ re new here, right?",neutral
861,1,"Yes, I am.",neutral
861,2,Will this be your first year?,neutral
861,3,"No, I transferred here.",neutral
861,4,What school did you come from?,neutral
861,5,I transferred from PCC.,neutral
861,6,Why ’ d you transfer here?,neutral
861,7,"I wanted to attend this school originally, but my grades out of high school weren ’ t good enough.",neutral
861,8,Is PCC a good school?,neutral
861,9,PCC is great!,neutral
861,10,I hope you enjoy it here.,joy
861,11,Thank you very much.,joy
864,0,Have you got your invitation yet?,neutral
864,1,"My invitation? No, I haven't. My invitation to what?",surprise
864,2,The house warming party.,neutral
864,3,Whose house warming party is it?,neutral
864,4,Tom and Bill Smith. They are both working now you know? And they've bought a new house.,neutral
864,5,"Oh, they have? I didn't know. I haven't seen Tom lately.",surprise
864,6,It's out in the suburbs.,neutral
864,7,Have you seen the house?,neutral
864,8,"Yes, I have. I went out with them last weekend.",neutral
864,9,Is it nice?,neutral
864,10,"Yes, it is. There are three bedrooms, a living room, a dining room, and a big kitchen. There's also a garden.",neutral
864,11,"Well, that does sound nice. Have they moved in yet?",joy
864,12,"They are moving today. Tom's taken the day off. He's rented a truck, and they should have all their furniture in the house tonight.",neutral
864,13,When are they going to have the party?,neutral
864,14,Next Saturday night. You should get your invitation today or tomorrow.,neutral
864,15,"Wow, that would be something to look forward to.",joy
866,0,Tomorrow is Sunday. Let's go out and get some fresh air.,joy
866,1,I know there is a beautiful farm in the countryside near Taipei. Are you interested in going there?,joy
866,2,why not? I love animals and I love nature.,joy
866,3,"You can see many cows and horses there. lf you are brave enough, you can try horseback riding. it is fun.",joy
866,4,sounds very interesting. I can't wait to go there.,joy
866,5,Wow! It is huge and you can do many activities here.,joy
866,6,"That is true. Some people go camping, some people pick fresh fruit, some people go boating and some people go grass skiing.",joy
866,7,I never knew there were so many fun things to do on a farm.,joy
866,8,"Well, now you know. Let's go to the lake over there. Some people are fishing over there. I haven't had a chance to fish in a lake, I really want to try.",joy
866,9,I think we need to buy some baits and borrow some fish poles first.,joy
866,10,Yes. we can get what we need at the stands right by the lake. Who do you think will catch a big fish first?,joy
866,11,Of course. I will.,joy
866,12,Wait and see. I want to try horseback riding after fishing. It looks very exciting and fun.,joy
866,13,"It is. However, you will suffer from muscle pain for many days you are a first-time rider.",joy
866,14,No problem. It is always worth trying something new once in your life time.,joy
867,0,how are you doing?,neutral
867,1,I'm ok. I wish I could say the same for my friend.,neutral
867,2,what happened to him?,neutral
867,3,he was arrested by the police for drinking and driving.,neutral
867,4,was it his first offence?,neutral
867,5,unfortunately not. He was charged with a DUI when he was in university.,sadness
867,6,what happened to him then?,neutral
867,7,not much ; it was a minor offence back then. He got away with a fine of $ 500.,neutral
867,8,did they take his license away?,neutral
867,9,"no, they were really easy on him. The problem is that that was a long time ago. They are much tougher on crime now.",neutral
867,10,what do you think will happen to him?,neutral
867,11,"well, he'll definitely lose his license, pay a fine, and maybe even spend some time in jail.",neutral
867,12,that doesn't sound too promising. Does he have a defence lawyer?,neutral
867,13,"not yet. If we can't find a lawyer for him, then the state will appoint him with one.",neutral
867,14,my sister is a lawyer. I can ask her if she can help him.,neutral
867,15,that'd be great! I know he'd appreciate your help.,joy
898,0,I have an appointment for half past one.,neutral
898,1,What can I help you with?,neutral
898,2,"Well, I have a problem with my class schedule.",neutral
898,3,What is it?,neutral
898,4,It seems that I've been given two classes scheduled at the same time.,neutral
898,5,I can understand the problem with that.,neutral
898,6,Is there any way that you can fix my schedule?,neutral
898,7,"No problem, do you want those classes still?",neutral
898,8,"Yes, I do.",neutral
898,9,Let me see if I can find one of these classes on another day.,neutral
898,10,Thank you very much.,joy
914,0,"So, Emily, how was your day?",neutral
914,1,I don't think you really want to hear about it.,anger
914,2,It can't have been that bad. Go on and tell me about it.,neutral
914,3,"To be honest, it was horrible! My manager is such a pain in the neck!",anger
914,4,Why? What happened?,neutral
914,5,"Well, he made quite a few mistakes on the monthly report and when his supervisor found them, my manager blamed them on me!",anger
914,6,That's not very fair. What did you do?,neutral
914,7,"There wasn't really anything that I could do. There's always been a lot of bad blood between my manager and myself. If I had said anything, he would have fired for me for sure.",anger
914,8,Does he treat everyone in your department like this?,neutral
914,9,"He treats everyone pretty poorly, but the way he treats me really takes the cake!",anger
914,10,Do you have any idea why he treats you worse than the others?,neutral
914,11,I really have no idea. All I know is that the thought of him really curls my hair!,anger
914,12,Is there anyone else you can talk to about it at you company?,neutral
914,13,Not really. I'm hoping to live with it for a while until I get a promotion.,neutral
914,14,That's very sensible. It sounds like you have a good head on you shoulders.,neutral
914,15,"I try to be sensible about it, but it's not very easy. Sometimes you just have to grin and bear it.",neutral
914,16,"That's so true. When you have a taste for success, you can't let dishonest people like your manager get in the way.",neutral
921,0,We'd like to have a look around your house?,neutral
921,1,"Yes, of course, please follow me.",joy
921,2,Thank you.,joy
921,3,This is our courtyard.,neutral
921,4,"It's so spacious, about 40 square metres, right?",neutral
921,5,"Yes, about 46 square metres.",neutral
921,6,Are these corn ears hanging on the tree branch?,neutral
921,7,Yes.,neutral
921,8,Very beautiful and very interesting. But why do you hang them in the tree?,joy
921,9,"They don't have enough time to peel it after they harvested them, so they hung them in the tree. Then in winter, they can peel corn ears in their leisure time.",neutral
921,10,Very good idea. Sometimes such pictures can show the house's richness.,joy
931,0,Merry Christmas!,joy
931,1,Huh?,surprise
931,2,I said Merry Christmas! Don ’ t you know that Christmas is almost here?,neutral
931,3,"It is? Oh, that ’ s nice.",surprise
931,4,Huh? Didn ’ t you know? Aren ’ t you excited?,surprise
931,5,"Actually, I ’ d forgotten about it.",neutral
931,6,Forgotten about it? How could you?,surprise
931,7,"Because I ’ m not Christian, I ’ m Jewish.",neutral
931,8,"Oh, I ’ m sorry. I didn ’ t know.",neutral
931,9,It ’ s all right. There are so many Christians in America that everybody takes it for granted that I ’ m Christian.,neutral
931,10,I guess so. So what do you do around this time of year?,neutral
931,11,"Well, I ’ ll celebrate Hanukah soon, but that ’ s not as important to us as Christmas is to you. Mainly I ’ ll just enjoy the holiday break.",neutral
931,12,"Well, would you be horribly offended if I invited you to a Christmas party at my house?",neutral
931,13,Not at all. A party is a party. I ’ ll be happy to come.,neutral
941,0,Would you like to see our new shirts?,neutral
941,1,"Sorry, but I ’ m not really that interested in those things.",neutral
941,2,"Well, they are very nice you know.",neutral
941,3,Really?,neutral
941,4,And not expensive either.,neutral
941,5,"Oh, I don't care about that.",neutral
941,6,Everybody is buying them.,neutral
941,7,Are they?,neutral
941,8,"Yes, they are very fashionable, you see.",neutral
941,9,I am afraid I am not interested in fashion.,neutral
941,10,I see.,neutral
941,11,But thank you very much all the same.,neutral
941,12,Sorry I couldn't help you.,neutral
947,0,How do you like the food sold in this sidewalk snack booth?,neutral
947,1,"At least, it is better than my boxed lunch at work. I'm so fed up with the bland food. Thank you for having lunch with me!",neutral
947,2,Any time. But I don't mind eating boxed lunch. The food sanitation is really good too.,neutral
947,3,It's hard to believe that you like it. You are so easy to be satisfied.,neutral
947,4,"Hey, it's not that bad. The food is nutritious and it's really convenient. I don't want to spend too much time on eating stuff.",neutral
947,5,Eating is important. You are what you eat. It's not only a daily routine.,neutral
947,6,"Well, will you just go back to work after lunch?",neutral
947,7,No. I'm going to pay the bill for the company's lunch.,neutral
947,8,But you didn't eat anything today.,neutral
947,9,"Well, the bill is paid by month. That's probably the only thing that I like about a take-out restaurant.",neutral
947,10,All right. I'm going to the McDonald's.,neutral
947,11,For what? I thought you didn't like western food.,neutral
947,12,"No, I never did. It's for my son. He loves it, and I made an agreement with him that he can eat it once a week.",neutral
947,13,"That's really smart. My son Daniel is the same with your son. I just don't get it, why all the kids prefer western food to traditional food.",neutral
947,14,"Me, either. But, it's for sure that the children market is a really big one.",neutral
947,15,That's for sure. It's always hard for the parents to say no to their children.,neutral
948,0,What can I do for you today?,neutral
948,1,I need to return a book.,neutral
948,2,Can I do anything else for you?,neutral
948,3,I want to check these books out.,neutral
948,4,Is that all?,neutral
948,5,That ’ s all.,neutral
948,6,"May I see your library card, please?",neutral
948,7,It ’ s right here.,neutral
948,8,Will that be all for today?,neutral
948,9,Yes. That ’ s it.,neutral
948,10,These are due back in two weeks.,neutral
948,11,All right. Have a good night.,joy
967,0,I'm here for my appointment.,neutral
967,1,What can I do for you today?,neutral
967,2,I have an issue with my schedule.,neutral
967,3,Tell me the problem.,neutral
967,4,I have two classes on here that are at the same time.,neutral
967,5,"Oh, I see.",neutral
967,6,Can you change that for me?,neutral
967,7,Do you still want both classes?,neutral
967,8,"Yes, I would like to keep both classes.",neutral
967,9,I'll try to change one to a different day.,neutral
967,10,I would greatly appreciate that.,joy
995,0,"May, look, what's that in the cage?",neutral
995,1,Don't you know that? It's panda.,neutral
995,2,Of course I know. I just can't see it very well.,neutral
995,3,"OK, then put on your glasses, and do you know what does the panda eat?",neutral
995,4,"Of course, Bamboo!",neutral
995,5,That's right.,joy
995,6,I also know they are given to other countries as gifts for friendship.,neutral
995,7,You sound quite knowledgeable.,joy
995,8,"Not really, panda is my favorite animal.",neutral
995,9,"Actually, it likes milk too.",neutral
995,10,"Any way, in a word, panda is our friend.",neutral
995,11,Do you know other famous animals in the world?,neutral
995,12,"Yeah, let me think, the kangaroo and koala bear from Australia are very famous.",neutral
995,13,"That's right. OK, let's move on.",joy
1030,0,How may I help you?,neutral
1030,1,I need to return these books.,neutral
1030,2,Give them here.,neutral
1030,3,Here they are.,neutral
1030,4,It appears these books are two weeks late.,neutral
1030,5,I forgot they were due.,neutral
1030,6,"You do realize you are going to have to pay late fees, right?",neutral
1030,7,How much is the late fee?,neutral
1030,8,The late fee is 25 cents a day.,neutral
1030,9,So I have to pay 25 cents for each day the books are late?,surprise
1030,10,It ’ s 25 cents for each book.,neutral
1030,11,That ’ s a lot of money.,sadness
1046,0,How do you usually get to school?,neutral
1046,1,I usually ride my bike. Which form of transport do you prefer to use?,neutral
1046,2,"I feel that I can see more when I pedal a bicycle, but when I feel lazy, I drive my car.",neutral
1046,3,I think we should discourage people from using their private cars. They produce too much pollution!,neutral
1046,4,"I agree, but I would find it difficult to stop using my car. It's just so convenient.",neutral
1046,5,"Cars might be convenient, but they're so bad for the environment.",neutral
1046,6,Do you have a car?,neutral
1046,7,"No. I used to have one though. Once I started using my bicycle to get around, I found that I didn't really need it.",neutral
1046,8,"Maybe if I sold my car now, I wouldn't be so tempted to use it.",neutral
1046,9,You could try. It would save you a lot of money.,neutral
1046,10,"That's true. Every month, I spend hundreds of dollars on gas, insurance, and repairs.",neutral
1046,11,"If you got to class by riding a bicycle every day instead of driving, you will get lots of exercise, too!",neutral
1046,12,I could stand to lose a few pounds. Having a car has made me lazy. I never end up walking anywhere!,neutral
1046,13,Let's go to a car dealership. I'll help you try to sell your car for a good price.,joy
1046,14,Sounds good! Let's go!,joy
1053,0,"What do you think is harder, reading or writing?",neutral
1053,1,"Well, they ’ re completely different. Reading is passive, and writing is active.",neutral
1053,2,I don ’ t think I understand what you mean. Could you explain a little more?,neutral
1053,3,"In reading you need to recognize language by seeing the words on the page and knowing what they are. In writing you have to produce language, you have to create your own words on a blank page.",neutral
1053,4,"Oh, now I see what you mean. When you ’ re reading, you are just looking, but when you are writing, you are actually doing something!",neutral
1053,5,A reading knowledge of a language is larger and different from a writing knowledge. Don ’ t you think so?,neutral
1053,6,I think I see what you mean. I can read Shakespeare but I definitely can ’ t write it.,neutral
1053,7,Exactly.,neutral
1053,8,"So I have another question for you. What do you think is harder, speaking or understanding?",neutral
1053,9,They ’ re both harder than reading or writing.,neutral
1053,10,In what way?,neutral
1053,11,"Because they are direct communication with another person, and there ’ s a time limit. This time limit is the most serious problem for foreigners, even for those who know lots of English.",neutral
1053,12,You are making me feel really discouraged.,neutral
1053,13,"I ’ m not trying to discourage you. I ’ m trying to help you. You have to live with these difficulties. Isn ’ t it better to know about them? The more you know about what you have to face, the better you ’ ll do. I promise!",neutral
1068,0,"Millions of amateur investors like you, have to rely on a dizzying array of financial newspapers, magazines and commentators to get investment information.",neutral
1068,1,Yes.It's sometimes scary if you think of the tremendous amount of media we face every day.,neutral
1068,2,"It's like information overload, not to mention the reliability of these papers and magazines.",neutral
1068,3,Which financial magazines and newspapers do you think do the best job of checking facts?,neutral
1068,4,"Well, for example, The Wall Street Journal is very, very good. Even though it's used on occasion ( as all news organizations are ) by Ces or bankers who leak their mergers in advance in order to get a positive spin.",neutral
1068,5,I like to read Fortune.,joy
1068,6,"Good. Fortune is usually ahead of the curve.And Business Week is very solid, too.",joy
1068,7,Where does a broadcast company get most of their information? I hope it's not just from press releases.,neutral
1068,8,"A good broadcast company usually does far more than press releases.Their people go out and do real reporting, talking to people at the stock exchange, fund managers, analysts, etc.",neutral
1068,9,"But sometimes when a flimsy report, or even a rumor gets on television, there's going to be a terrible'echo chamber'effect.",neutral
1068,10,You are right about that.,joy
1081,0,"i saw lily for the first time. and fell like i'v been struck by lightening.she is a girl of my dreams. i have a date with her on Friday, but i really can't decide what to do.",joy
1081,1,what about taking her for a dinner or a movie?,joy
1081,2,"not bad, any other ideas?",joy
1081,3,"well, there is a play on campus this weekend.",joy
1081,4,good idea. that's why i think i have culture. you have any other suggestions?,joy
1081,5,what's the matter with these ideas?,neutral
1081,6,"They are good, but i still need a few more.",joy
1081,7,what about going on a picnic?,neutral
1081,8,"Cool, but what if the weather is not ideal?",neutral
1081,9,"you can also take her to the art museum or a cafe. Certainly, i must come up with something you can use. how do you like the ideas i am giving you?",neutral
1081,10,they are all good.,joy
1114,0,"Are these your text books? Biochemistry, General Ecology, Botany, Cell Genetics, Molecular Genetics...",neutral
1114,1,Yes. I gotta review all of them for the final exam. It is just around the corner.,neutral
1114,2,"Oh, right! Do you have many exams at the end of each semester?",neutral
1114,3,"That depends. Some semesters have many, some don't. And some courses don't have exams but only ask for papers. That's easy.",neutral
1114,4,And when do you prepare for your final exam?,neutral
1114,5,"Honestly speaking, most students prepare it one month before the exam.",neutral
1114,6,Really? You only review your lessons in one month? Does it work?,surprise
1114,7,"Of course, it's useful. And it's very crucial to have the copies of teacher's notes, because most questions in the exam are based on them.",neutral
1114,8,"Wow, and all the key points are included in them? You're so smart!",surprise
1114,9,But the exam is not as simple as you may imagine. We have to stay up late.,neutral
1114,10,Do you have the classrooms open for the whole night?,neutral
1114,11,"Yes, some people even pack up his bed quilt and sleep there. That's a little bit crazy.",neutral
1116,0,"You know, Mary, I feel we meet somewhere before. Where were you born?",neutral
1116,1,"I was born in Beijing, but I spent most of my childhood in London.",neutral
1116,2,What was your childhood like?,neutral
1116,3,"I had a pretty strict upbringing, and my parents taught at universities so they have extremely high expectations for me.",neutral
1116,4,Where did you go to university?,neutral
1116,5,"My parents wanted me to stay in Beijing, but I decided to go back to England. I graduated from University of Newcastle upon Tyne with a degree in Cross Culture Communication.",neutral
1116,6,What is your current occupation?,neutral
1116,7,I am a journalist. I write for China Daily.,neutral
1116,8,Did you know that you wanted to be a journalist right after your graduation?,neutral
1116,9,"No, I didn ’ t. I started working at a university in London but as time went by, I found I did not really like my job. I decided to explore other fields. Journalism is great fit for me as well as a challenge.",neutral
1116,10,Do you like your current job?,neutral
1116,11,"Yes, I came to Beijing two years ago looking for new opportunities. I was lucky because my friend introduced me to my current company.",joy
1130,0,"Hi, Jenny. You look like you are in a hurry to somewhere. Where are you going?",neutral
1130,1,I am going to the bank. I need to cash some checks.,neutral
1130,2,That's great. We can go to the bank together.,joy
1130,3,Why are you going there?,neutral
1130,4,I will go to Japan on business for 5 days next Tuesday. I want to exchange some Japanese yen.,neutral
1130,5,I see. Will you bring a lot of money with you?,neutral
1130,6,Not really. I plan to bring some cash and withdraw money at the ATM in Japan.,neutral
1130,7,Do you have the bank card in Japan?,neutral
1130,8,Nope. You can use the credit card to withdraw the money in foreign countries.,neutral
1130,9,That sounds really convenient. Do you pay extra money to enjoy this service?,joy
1130,10,No. It is free of charge.,neutral
1130,11,Great! I will apply for a credit card when I go to the bank later.,joy
1130,12,I think we are running out of time. The bank is going to close soon.,joy
1148,0,You'll soon graduate from your university. Do you have any plans for the future?,neutral
1148,1,"I'm planning to go to graduate school, but I also want to find a job. Otherwise, I'll have nowhere to go if I fail the entrance exam.",neutral
1148,2,Do you have a clear career path to follow?,neutral
1148,3,career path? I'm not sure.,neutral
1148,4,what kind of job do you want after graduation?,neutral
1148,5,"I want to become a professor, a lawyer, an editor, a civil servant...",neutral
1148,6,wait! You can't do so many things at the same time. What exactly do you want?,neutral
1148,7,I don't know. Do you have any advice for me?,neutral
1148,8,"yeah, you should first decide what kind of career you really want, plan your career path, and then try your best to achieve your goal.",neutral
1148,9,I think perhaps I need to buy a few years while I figure out about my career.,neutral
1148,10,"no, you can't waste your time wandering around. If you want a job that requires a higher degree or diploma, you should focus on your graduate school entrance exam ; if you want a job that needs working",neutral
1148,11,thank you so much for your advice. I'll think it over.,joy
1151,0,"Dora, are you interested in going to the museum with me tomorrow? I read the newspaper this morning. I know there is an art exhibition in Taipei Modern Art Museum.",joy
1151,1,Sure. I am free tomorrow. It sounds interesting to me. Can we buy the ticket online?,joy
1151,2,"I don't think so. I think we had better go there earlier, or we may have to spend a lot of time waiting.",joy
1151,3,I guess that is the thing we can do with we really want to visit the museum.,joy
1151,4,Look at the ticket booth in the center. There seems to be not as many people as we thought it would be.,joy
1151,5,Yeah. We are lucky. Let's go buy the tickets first. We can have breakfast later. I am so hungry.,joy
1151,6,Good idea.,joy
1151,7,( After the breakfast ) Which floor is the art exhibition we are going to?,joy
1151,8,I have no idea. Let me take a closer look at my museum map,joy
1151,9,"Sure, take your time. We have a whole day.",joy
1151,10,It's on the 2nd floor. We are going to see some beautiful paintings about the history of ancient Greece.,joy
1151,11,Look at the museum guide.It says there are also some sculptures and potteries in this area. Let's rent an audio guide.,joy
1178,0,Good morning!,neutral
1178,1,"Good morning, Gav! Did you sleep well last night?",neutral
1178,2,"I slept like a baby. I fell asleep right away last night, didn't wake up once, and didn't have any nightmares!",neutral
1178,3,That's great news! You look much more relaxed than you did yesterday.,neutral
1178,4,"I feel much better, but I'm still worried about something.",neutral
1178,5,What's that?,neutral
1178,6,"Well, I have to drive to school for a meeting this morning, and I'm going to end up getting stuck in rush-hour traffic.",neutral
1178,7,"That's annoying, but nothing to worry about.",neutral
1178,8,"For me, traffic jams are quite stressful, because I'm pretty impatient. How can I prevent myself from getting stressed if I get stuck in a traffic jam?",neutral
1178,9,Just breathe deeply when you feel yourself getting upset.,joy
1178,10,"Ok, I'll try that.",joy
1178,11,Is there anything else bothering you?,neutral
1178,12,Just one more thing. A school called me this morning to see if I could teach a few classes this weekend and I don't know what to do.,neutral
1178,13,Do you have any other plans this weekend?,neutral
1178,14,I'm supposed to work on a paper that'd due on Monday.,neutral
1178,15,Try not to take on more than you can handle.,joy
1178,16,You're right. I probably should just work on my paper. Thanks!,joy
1182,0,"can I see your passport, please?",neutral
1182,1,is this line for non-residents?,neutral
1182,2,yes it is. Residents can queen up in the lines to my right.,neutral
1182,3,Ok. Here's my passport.,neutral
1182,4,what's the expiration date on your passport?,neutral
1182,5,"I think it's soon, maybe in a few months. It was renewed in Beijing, so the new expiry date is on the last page.",neutral
1182,6,"I see. Yes, you'll need to renew your passport in a few months. Make sure you don't let it expire while you are in the UK.",neutral
1182,7,I won't.,neutral
1182,8,do you have anything to declare?,neutral
1182,9,"no, I don't have anything to declare.",neutral
1182,10,how long will you be staying in the UK?,neutral
1182,11,I'll be here for about a year.,neutral
1182,12,what is the purpose of your stay?,neutral
1182,13,I'll be studying. I'm doing an MBA at Nottingham University.,neutral
1182,14,where will you be staying?,neutral
1182,15,I have a housing contract with the university. I'll be in a dorm room on campus.,neutral
1182,16,how do you plan on paying for your living costs and tuition fees while you are here?,neutral
1182,17,my father has already paid for that in advance. Here are the receipts.,neutral
1182,18,ok. Have a good day. Here's your passport and documents back.,joy
1182,19,thank you very much.,joy
1189,0,"Excuse me, I ’ d like to apply for a library card.",neutral
1189,1,Certainly.Here ’ s an application form.Do you have proof of residence?,neutral
1189,2,What sort of proof do you need?,neutral
1189,3,A driver ’ s license or something showing that you live in this city.,neutral
1189,4,"I ’ m a student from out of state, so I don ’ t have a local driver ’ s license.",neutral
1189,5,Do you have a current electricity or gas bill in your name?,neutral
1189,6,The phone bill ’ s in my name.,neutral
1189,7,"That ’ ll do.Bring the most recent one in with your completed application, and we ’ ll issue you a temporary library card right away.",neutral
1189,8,How long will it take to get the regular one?,neutral
1189,9,"It ’ ll be mailed to you within two weeks, but you can borrow books on the temporary card.",neutral
1189,10,Okay.Thanks for your help.,joy
1204,0,"so, how's your course going? Do you like it?",neutral
1204,1,"i like my professors and the classes, but it's a lot of work.",neutral
1204,2,what are you specializing in?,neutral
1204,3,"right now, I'm doing some research into the languages of different African tribes.",neutral
1204,4,that sounds really interesting. Can you speak Swahili?,neutral
1204,5,"yes, I learned how to speak it when I was little.",neutral
1204,6,really? How did you do that?,surprise
1204,7,"well, I grew up in Africa, so I learned quite a few different languages.",neutral
1204,8,that's amazing. Are you doing well in your classes?,neutral
1204,9,I don't know because I haven't received my test results yet.,neutral
1204,10,when did you take your exams?,neutral
1204,11,about two weeks ago.,neutral
1204,12,how do you think you did?,neutral
1204,13,"I left feeling pretty confident about my score, but I heard that my professors are very strict graders, so I'm a bit nervous.",neutral
1204,14,I'm sure you'll do well. Did you study hard?,neutral
1204,15,You know me ; I'm always studying!,neutral
1204,16,"don't worry. If you don't do well, no one can!",joy
1204,17,"Thanks for the vote of confidence, Justin!",joy
1205,0,Ah! No! Damn it!,anger
1205,1,It's a blackout. Now I can't see Seinfeld.,neutral
1205,2,So what? I just lost one hour's worth of work.,anger
1205,3,Really? How could you do that? Don't you save every couple minutes?,surprise
1205,4,"No, I didn't save this time.Damn it! And I'm sick of writing this paper. Now I have to write it all over again too.",neutral
1205,5,"I've had that problem too many times. So I learned to save.When I'm writing something, I save every three sentences or so. I don't want to lose anything.",neutral
1205,6,I hate computers. Sometimes I think they cause more trouble than they're worth.,disgust
1205,7,What are we going to do now?,neutral
1205,8,I don't know. I feel like going out.,neutral
1205,9,I wonder how much of the city is down.,neutral
1205,10,It doesn't matter. I still can go out and buy a beer.,neutral
1205,11,"Maybe. But if there's a blackout, probably the pubs are closed.And besides, I know you have a political science exam tomorrow. I thought you had a lot of reading to do.",neutral
1205,12,"Yes, that's true. Damn! I just lost half my paper, and now I can't even do my homework.This is a bad time for this to happen.",anger
1205,13,"I have a flashlight in my closet. If you want to use that to read, you can.",neutral
1208,0,you don't look too well. Maybe you should take the day off from work.,neutral
1208,1,I couldn't do that. I have an important meeting to go to today.,neutral
1208,2,do you feel ok?,neutral
1208,3,"not really. After a 12 - hour flight, I've got jetlag, and on top of that, I think I've also got the flu.",neutral
1208,4,why don't you call your secretary and tell her to reschedule the meeting? You should really get some seat or you'll end up feeling even worse than you do now.,neutral
1208,5,could you feel my forehead and check to see if I have a fever?,neutral
1208,6,you're really hot. Let me get you some Tylenol to bring the fever down.,neutral
1208,7,"ok. I'll stay home this morning and rest, but if I feel better in the afternoon, I'm going to the meeting.",neutral
1208,8,"Zach, what's that on your arm?",neutral
1208,9,"I don't know. It looks a bit red, but I'm sure it's nothing.",neutral
1208,10,it looks like you have a red rash all over you! Are you allergic to anything?,neutral
1208,11,"just cats, but I don't think I was near any cats in the last couple of weeks.",neutral
1208,12,I completely forgot about your cat allergy. I took care of a cat for my friend here a few days ago. Oh no. we'd better go to the doctor to get some medicine. Let's go.,neutral
1208,13,shouldn't we make an appointment first?,neutral
1208,14,"we would, but let's just go and see if there's an opening now before it gets worse.",neutral
1208,15,whatever you say. I just want to get to my meeting!,neutral
1209,0,"Craig, what do you do for work?",neutral
1209,1,I'm still a student.,neutral
1209,2,What school do you go to?,neutral
1209,3,Boston University.,neutral
1209,4,That's a good school. What do you study?,neutral
1209,5,"I'm studying English, math, and history. My major is English.",neutral
1209,6,How long have you been studying English?,neutral
1209,7,More than six years.,neutral
1209,8,That's a long time.,neutral
1209,9,"Yeah, I started to learn English when I was in high school.",neutral
1209,10,No wonder your English is so good.,joy
1209,11,"Actually, it's not that good. I can read but I can't speak very well. I haven't had a lot of chance to practice.",joy
1209,12,I see. Talking with other people is very important.,joy
1209,13,"Yes, but I still don't have many friends here yet.",joy
1209,14,I'm having a party tonight at my apartment. You should come.,joy
1209,15,Oh thanks for inviting me. I'd love to come.,joy
1210,0,"Hello, Jason, there is going to be a screening of Final Destination 3 at our campus cinema tomorrow. I plan to go to see it.",neutral
1210,1,Is it a horror movie?,fear
1210,2,"Yeah, I love horror movies. Would you like to go with me tomorrow?",neutral
1210,3,No way. I will be scared out of my wits.,fear
1210,4,"That's funny, I didn't know a big fellow like you could be so soft and timid on the inside.",joy
1210,5,"Hey, how would you like to taste my fist?",joy
1210,6,"Alright, all joking aside, what kinds of moves do you like?",joy
1210,7,"Um, let me see, romance, comedy. documentary, action, science fiction, animated and so on.",neutral
1210,8,"That is to say, you like all genres except for horror movies.",neutral
1210,9,Yeah. It seems like we don't speak the same language as far as movies are concerned.,neutral
1210,10,Not quite. I also greatly enjoy romance and comedy.,joy
1210,11,The Notebook is this type of movie.,neutral
1210,12,Really? I haven't heard of it.,surprise
1210,13,"Well then, this could be a nice opportunity to enjoy it together. I bet you'd love it.",joy
1210,14,Ok. I can't wait to see it. Let's go!,joy
1211,0,"Wow, there are so many lanterns to appreciate. Now, I can see why it's called the Lantern Festival. It deserves its name.",joy
1211,1,Yeah. People always enjoy the lighted lanterns and the gala performances.,joy
1211,2,What are they doing over there? People keep on gathering there.,neutral
1211,3,Did you notice the characters on the lanterns?,neutral
1211,4,Sure. But you know that I can't read any Chinese characters. What do they say?,neutral
1211,5,They are puzzles. It's a tradition to solve the puzzles on the lanterns during the Lantern Festival.,neutral
1211,6,"Very interesting. But I'm afraid we'd better do something else. Hey, look! There is a huge lantern there. Let's get close to it.",joy
1211,7,It's really eye-catching. It's the biggest dragon lantern I've ever seen in all my life.,neutral
1211,8,"Really? Then I'm really lucky. Oh, it's spewing fireworks from its huge mouth.",surprise
1211,9,Very impressive. It's made of glass which makes it even brighter.,joy
1211,10,"There are many Chinese characters on its body, too. What are they about? Puzzles?",neutral
1211,11,"Let me have a look. Oh, no. They are Chinese poems which describe this happy scene.",joy
1254,0,Are you new here?,neutral
1254,1,This is my first day here.,neutral
1254,2,Are you a freshman in college?,neutral
1254,3,I started school somewhere else.,neutral
1254,4,What school did you transfer from?,neutral
1254,5,I started at PCC.,neutral
1254,6,What made you transfer?,neutral
1254,7,My grades weren ’ t good enough to go here.,neutral
1254,8,Did you like PCC?,neutral
1254,9,I loved PCC.,neutral
1254,10,Good luck here.,joy
1254,11,I ’ m excited to be here.,joy
1261,0,Hi! I'm Hong lei. What's your name?,neutral
1261,1,"Hello, Hong Lei. My name's Ricky.",neutral
1261,2,Hi Ricky. Are you a new student here?,neutral
1261,3,"Yes, I had my first lesson this morning. Are you a new student too?",neutral
1261,4,"No, I've been here for six months.",neutral
1261,5,Six months. That's a long time.,neutral
1261,6,It's not so long really. What class are you in? Intermediate or...?,neutral
1261,7,Intermediate Three. And what about you?,neutral
1261,8,I'm in Advanced One. Who's your teacher?,neutral
1261,9,"I can't remember her name, but she's got curly red hair.",neutral
1261,10,Ah! Does she wear glasses?,neutral
1261,11,"Yes, I think so.",neutral
1261,12,That's probably Anne Wallis.,neutral
1261,13,Yes that's right. Do you know her? Is she your teacher too?,neutral
1261,14,No. But she taught me last term. How long have you been here?,neutral
1261,15,Only a week.,neutral
1261,16,"Wow, not long. Where do you live? With a family?",neutral
1261,17,"Well, I'm staying at the YMCA at the moment. I'm looking for somewhere more permanent. Do you know of any good places?",neutral
1261,18,Yes. Actually my friend has a spare room in here apartment and she's looking for a flatmate. Would you like her phone number?,neutral
1261,19,That would be great! Thanks for your help. Can I buy you coffee?,joy
1268,0,You won ’ t believe who ’ s been elected to do overtime on the Baker account! Me! I ’ Ve already logged in 20 hours of overtime!,anger
1268,1,Wow! Why so much? I thought they were getting you an assistant.,anger
1268,2,"They were supposed to, but so far nobody ’ s turned up, and I ’ m left on my own to do the work. This is the first break I ’ Ve had all day.",anger
1268,3,They ’ re really running you into the ground. Why don ’ t you ask for some time off? You could take a long weekend and go away somewhere.,anger
1268,4,You won ’ t believe who ’ s been elected to do overtime on the Baker account! Me! I ’ Ve already logged in 20 hours of overtime!,anger
1268,5,Wow! Why so much? I thought they were getting you an assistant.,anger
1268,6,"They were supposed to, but so far nobody ’ s turned up, and I ’ m left on my own to do the work. This is the first break I ’ Ve had all day.",anger
1268,7,They ’ re really running you into the ground. Why don ’ t you ask for some time off? You could take a long weekend and go away somewhere.,anger
1268,8,You won ’ t believe who ’ s been elected to do overtime on the Baker account! Me! I ’ Ve already logged in 20 hours of overtime!,anger
1268,9,Wow! Why so much? I thought they were getting you an assistant.,anger
1268,10,"They were supposed to, but so far nobody ’ s turned up, and I ’ m left on my own to do the work. This is the first break I ’ Ve had all day.",anger
1268,11,They ’ re really running you into the ground. Why don ’ t you ask for some time off? You could take a long weekend and go away somewhere.,anger
1277,0,I want to say goodbye to everyone.,neutral
1277,1,You ’ re leaving so soon. When are you off?,neutral
1277,2,I ’ m catching the 9 fifteen train tomorrow morning.,neutral
1277,3,How about I come and see you off?,neutral
1277,4,You really don ’ t need to.,neutral
1277,5,Ok. I ’ ll miss you. I hope we can see each other again soon.,neutral
1277,6,"I hope so, too. Thank you, Lily. Thank you for everything.",joy
1277,7,You ’ re welcome.,joy
1277,8,Please say goodbye to the rest of the family for me.,neutral
1277,9,Ok. Take care. I hope you have a good journey.,neutral
1277,10,Thank you. Remember to look me up if you ’ re ever in Washington.,neutral
1277,11,Of course. I will.,neutral
1277,12,"Goodbye, then. Thanks again for everything.",joy
1284,0,You must be pretty excited about your trip to Europe. When is it that you are leaving?,joy
1284,1,"In just three weeks, and I am excited. But there are still a few things I need to do before I go.",joy
1284,2,Like what?,neutral
1284,3,"Like renewing my passport, going to the travel agency to buy my plane ticket and figuring out what to do with my apartment while I'm gone.",neutral
1284,4,"You are not going to give it up, are you?",neutral
1284,5,"No way. I'll never find another apartment around here. But I don't like the idea of paying three months'rent on an empty apartment, either.",neutral
1284,6,I don't blame you. Perhaps you could sublet it.,neutral
1284,7,"Yes, but whom to?",neutral
1284,8,"Mmm... let me think. Oh, I know just a person. An old colleague of mine, Jim Thomas, is coming here to do some research this summer, from June to August.",joy
1284,9,"That's exactly when I'll be away. It sounds ideal, as long as the landlord agrees.",joy
1284,10,"Tell you what, I'll be calling Jim late this week anyway, so I'll mention it to him then.",joy
1284,11,"Well, thanks, Bill. Let me know what happens. That extra money will really come in handy.",joy
1297,0,May I help you?,neutral
1297,1,I would like to return this book.,neutral
1297,2,May I do anything else for you?,neutral
1297,3,I would also like to check out these books.,neutral
1297,4,Will that be all?,neutral
1297,5,That ’ s it.,neutral
1297,6,Do you have your library card?,neutral
1297,7,"Oh, yeah. Here you go.",neutral
1297,8,Will that be all for today?,neutral
1297,9,That ’ ll be all.,neutral
1297,10,These books are due back in two weeks.,neutral
1297,11,Thanks. Have a good one.,joy
1304,0,How are your wedding plans going?,neutral
1304,1,Very well. We started organizing everything early to avoid a last minute rush to get things done.,joy
1304,2,When will your wedding take place?,neutral
1304,3,At ten o'clock on the morning of next Sunday. We have invited all our relatives to the wedding.,neutral
1304,4,It will be a large church one. Is your wedding dress ready?,neutral
1304,5,"Yes, its design is very elaborate and the designer took many weeks to make it.",joy
1304,6,You will be very beautiful on your wedding day.,joy
1304,7,Thank you!,joy
1304,8,Which hotel will the reception be held at?,joy
1304,9,The Palace Hotel.,joy
1304,10,"It's excellent. A friend of mine had her wedding reception there and said it was perfect, though very expensive.",joy
1304,11,"It will be expensive, but we think it will be worth.",joy
1304,12,I think you made the right decision.,joy
1315,0,I ’ Ve had it! I ’ m done working for a company that is taking me nowhere!,anger
1315,1,So what are you gonna do? Just quit?,neutral
1315,2,"That ’ s exactly what I am going to do! I ’ Ve decided to create my own company! I ’ m going to write up a business plan, get some investors and start working for myself!",anger
1315,3,Have you ever written up a business plan before?,neutral
1315,4,"Well, no.it can ’ t be that hard! I mean, all you have to do is explain your business, how you are going to do things and that ’ s it, right?",anger
1315,5,"You couldn ’ t be more wrong! A well written business plan will include an executive summary which highlights the idea of the business in two pages or less. Then you need to describe your company with information such as what type of legal structure it has, history, etc.",neutral
1315,6,"Well, that seems easy enough.",neutral
1315,7,"Wait, there ’ s more! Then you need to introduce and describe your goods or services. What they are and how they are different from competitors ’? Then comes the hard part, a market analysis. You need to investigate and analyze hundreds of variables! You need to take into consideration socioeconomic factors from GDP per capita to how many children on average the population has! All this information is useful so that you can move on to your strategy and implementation stage, where you will describe in detail how you will actually execute your idea.",neutral
1315,8,Geez. Is that all?,neutral
1315,9,"Almost, the most important piece of information for your investors will be the financial analysis. Here you will calculate and estimate sales, cash flow and profits. After all, people will want to know when they will begin to see a return on their investment!",neutral
1315,10,Umm. I think I ’ ll just stick to my old job and save myself all the hassle of trying to start up a business!,joy
1316,0,Are you a blogger?,neutral
1316,1,Sure I am. I've been writing a blog for almost three years.,neutral
1316,2,"Oh, it seems that I'm the only one who never blogs. When did you get started?",neutral
1316,3,I began blogging when I first went to the US for my graduate strides.,neutral
1316,4,What do you usually write about?,neutral
1316,5,"At first, I'll write about my life there. Like interesting things on the campus, travel stories, special English words that I come across. Sometimes, I'll post my pictures on my blog so my friends and family can get to know how everything's going.",neutral
1316,6,That's interesting. How often do you write a blog?,joy
1316,7,"It's random. If there happen to be a lot of things going on, I may add several new entries in a week, and if I've got nothing to share, I may leave my blog untouched for weeks.",neutral
1316,8,Got it. Are you still updating your blog?,neutral
1316,9,"Sure, since I came back from the US, I've been keeping the habit of blogging, simply to share my personal insights on any topic I like.",neutral
1316,10,Good for you. I know many people just leave their blogs alone after the first few months.,joy
1321,0,"I need your help, Bob.",neutral
1321,1,What's the matter?,neutral
1321,2,I'm really confused by these annoying abbreviations.,neutral
1321,3,Just relax. That's because you're new to chat. Let me take a look.,joy
1321,4,"A / S / L, IGP, H & K, and ZZZ. What the hell do they mean?",neutral
1321,5,"ZZZ means'sleepy or tired or bored', A / S / L is tricky, which is often used at first encounter. It's a three-word question,'age, / sex / location? '",neutral
1321,6,Interesting. Then what does H & K refer to? The city of Hong Kong?,joy
1321,7,"Wrong. lt's not a place name, but a passionate act.",neutral
1321,8,"Really? What kind? A girl left this word to me, and I thought she was in Hong Kong.",surprise
1321,9,Ahahah... you miss her point for sure. H & K actually is an acronym for'hug and kiss'.,joy
1321,10,"Hug and kiss?! How is it possible? Oh, it's really bad to Miun - Verstand her meaning.",surprise
1321,11,"Yeah, seems that you have a lot to learn and memorize.",joy
1327,0,Have you ever been in an earthquake?,neutral
1327,1,"Yes, I experienced one when I was in Tokyo once. The tremors only lasted a few seconds though and then it was over.",neutral
1327,2,Do you know where it measured on the Richter scale?,neutral
1327,3,"I don't remember, but it wasn't very serious. Have you ever been in an earthquake?",neutral
1327,4,"No, but I was in quite a few tornados when I was younger.",neutral
1327,5,Where are you from?,neutral
1327,6,I'm from the plains of the Midwest. It's a prime location for tornadoes.,neutral
1327,7,Did your house ever get damaged from the winds?,neutral
1327,8,"Most of the time we were lucky, but once a tree from our front yard was ripped out by its roots and ended up in our living room.",neutral
1327,9,"Wow, that must have really been scary.",neutral
1327,10,"Actually, some of my fon best memories of my childhood were of spending time with my family in the basement waiting for the tornados to pass.",neutral
1327,11,Have you ever experiences a flood?,neutral
1327,12,"No, but my father's car was destroyed in a flood once. It actually happened the day after he bought the car!",neutral
1327,13,That sure didn't last long!,neutral
1334,0,"Hi, my name is Pete. You are Ann. Isn't that right?",neutral
1334,1,"Hi Pete, how do you know my name?",neutral
1334,2,Do you see that girl in the red top? She told me who you were.,neutral
1334,3,"Oh Andrea, the Spanish girl?",neutral
1334,4,"Yes, that's her.",neutral
1334,5,"I met her last week at a party. Anyway, you must be from the United States?",neutral
1334,6,"Actually I live in London, but my family lives in Seattle.",neutral
1334,7,"Oh, I am from London as well.",neutral
1334,8,Where in London do you live?,neutral
1334,9,In Wimbledon - quite close to the tennis courts actually. Which is very nice because I love tennis.,neutral
1334,10,I play tennis there every week. Shall we have a game one day?,joy
1334,11,That would be lovely. But now let's go and get a drink.,joy
1348,0,Is there a city where it's always warm?,neutral
1348,1,"Yes, there are many cities where it's almost always warm.San Diego, for example.",neutral
1348,2,Are there any other cities where it's always hot?,neutral
1348,3,Many.Most of the cities in the southern part of the United States are hot all year.,neutral
1348,4,But why do so many people live there?,neutral
1348,5,"Most people grow accustomed to the climate, but there are many others who complain about it all the time.",neutral
1348,6,Are there any cities where it rains a lot?,neutral
1348,7,"Several.Two good examples are Seattle, in the state of Washington, and Portland, Oregon.",neutral
1348,8,Tell us about some cold cities.,neutral
1348,9,In the north there are many cities which are very cold in the winter.Boston and Chicago are two of them.,neutral
1348,10,Is it always cold in Chicago and Boston?,neutral
1348,11,"Oh, no.On the contrary, there are many beautiful days, especially in the spring and fall.",neutral
1353,0,"Jack, what are you doing?",neutral
1353,1,I am reading.,neutral
1353,2,I can see that. But why are you reading advertisements for houses for sale? Are you buying a house?,neutral
1353,3,"No, not yet. But I like to see what is available.",neutral
1353,4,Can I have a look as well?,joy
1353,5,"Of course, have a seat.",joy
1353,6,"Oh, this one looks really good. And look at the garden. So beautiful.",joy
1353,7,"Yes, nice. But I prefer this wooden house with a garden fence and a sloping roof.",joy
1353,8,"Yes, but my house has large windows and so gets lots of sun. And it has a small balcony at the top.",joy
1353,9,"Well, you can't compare a small balcony to this large veranda. This is perfect for having a barbecue in summer.",joy
1353,10,"Talking about a barbecue, didn't you say you are organizing one next week?",joy
1353,11,"Yes, next Saturday. I hope you can make it.",joy
1370,0,I would love to be famous and have thousands of adoring fans.,neutral
1370,1,Really? I ’ m not sure that I would like all the attention. There have been numerous cases of paparazzi interfering with star ’ s private live in recent years.,surprise
1370,2,"I love being photographed! If I were famous, I ’ d do interviews for all the top magazines, like cosmo and elle.",neutral
1370,3,"I wouldn ’ t mind having my photo taken a few times or being interviewed once or twice, but it would get tedious after a while. Imagine the things the gossip columnists would write about you.",neutral
1370,4,no-one really believes gossip columnists.,neutral
1370,5,"I think you ’ ll find that many people believe what they read in gossip columns. You ’ d also have to be very careful about every word you said. If you appeared on a chat show and said something silly, it would be reported in all the newspapers and magazines.",neutral
1370,6,"I think you ’ re right about that. I ’ d need a good manager to be my spokesperson. I could do a lot of charity work, which would help a lot of people.",neutral
1370,7,That ’ s a great idea. Which charities would you support?,joy
1370,8,"I love children, as you know, so probably a children ’ s charity.",neutral
1370,9,"You ’ d have to remember that anything you said or did might reflect on the charity, so you ’ d really need to be very careful. Anyway, I ’ d be the first to buy your posters and I ’ d attend your first book-singing when you wrote your autobiography.",neutral
1370,10,"Thanks, but actually I was hoping I could ask you to write my biography.",joy
1399,0,"hi, my name's Abby. What's your name?",neutral
1399,1,I'm colin. It's nice to meet you. What do you do?,neutral
1399,2,I'm a freelance English teacher. How about you?,neutral
1399,3,I'm in between jobs at the moment.,neutral
1399,4,what kind of job are you looking for?,neutral
1399,5,I'd like to find a job with flexible hours in the IT field.,neutral
1399,6,have you ever thought about becoming a freelance IT consultant?,neutral
1399,7,no. Is it difficult to find such a job?,neutral
1399,8,not if you are good at net-working. Do you like to meet new people?,neutral
1399,9,yes. I'm pretty out-going and friendly.,neutral
1399,10,do you have experience in the IT field?,neutral
1399,11,I have some. I worked in the IT department at a language school for four years in Spain.,neutral
1399,12,do you speak Spanish?,neutral
1399,13,"yes, but not fluently.",neutral
1399,14,that's OK. Have you sent your CV out to anyone yet?,neutral
1399,15,I've sent my CV to dozens of companies but nobody has got back to me.,neutral
1399,16,did you write a clear objective in your resume?,neutral
1399,17,"no, because I didn't know what I wanted to do.",neutral
1399,18,I think you need to update your CV. Bring it over to my office tomorrow and I'll help you with it.,neutral
1399,19,"thanks, I will. I'll see you tomorrow then!",joy
1434,0,So it looks like we start selling in the U. S. next year.,neutral
1434,1,Did Mr. Lin put you in charge of marketing?,neutral
1434,2,"He's still not sure whether he wants to put me in charge, or whether he wants to hire an American.But even if he hires an American, I'll probably be transferred to our American office.",neutral
1434,3,Where will it be?,neutral
1434,4,We aren't sure yet. Maybe L. A. I think L. A. would be the best idea.,neutral
1434,5,Is it because of trade negotiations that we can start selling in the U. S.?,neutral
1434,6,"Yes, the recent agreements between the two governments have changed everything.Now we have the right to sell in America at a much lower tariff.It's going to be good. We can compete more directly with them.",neutral
1434,7,Great.,neutral
1434,8,Our computers have a high level of quality now.We can demonstrate it. And our prices will be good.So I think it will really be worthwhile.,joy
1434,9,You seem excited about it.,neutral
1434,10,"Well, you know I studied marketing in America.So maybe the thought of going back there to promote our brand is kind of exciting to me. I'd love to be part of the team.",joy
1434,11,Do you honestly think we can compete though? All the computer giants are there.,neutral
1434,12,"Yes, I do. I think we can compete. I think we can make a name for ourselves.It will be hard at first. But if we develop a good advertising campaign, I think we can break into the market.",neutral
1434,13,The company will have to choose a good advertising firm.And then there's the problem of quality.How do we convince American buyers that our quality is good?,neutral
1434,14,"It takes some time.Because even if the quality is high, people won't accept a high tech product unless they recognize the name.Name recognition is crucial.",neutral
1434,15,"Well, I hope it all works out, John. I think if you're part of the team, things will go well.But you know we'd all miss you here. So I won't say I'm happy to think that you're leaving.",neutral
1434,16,"That's very nice of you to say.But if we set up an office there in the States, maybe you could try to become part of it.",neutral
1434,17,"Me? No way. I'm dedicated to the company, but I'm not going to leave Taiwan. I'm happy here.",neutral
1437,0,"Wow, American football is more exciting than I thought.",neutral
1437,1,"You ’ re in America now, my British friend. We just call it football.",neutral
1437,2,"Oh, right. So, I can ’ t quite follow what ’ s going on... who ’ s winning?",neutral
1437,3,"The Giants are up by three points because of the field goal they kicked, but the Redskins have the ball and there pretty close to the end zone.",neutral
1437,4,Wow! What a hit!,neutral
1437,5,"Yeah, he tackled him so hard his helmet came off.",neutral
1437,6,Is he ok?,neutral
1437,7,"It looks like it, he ’ s getting up.",neutral
1437,8,I guess he hit him too hard ; the referee just called a penalty on the home team.,neutral
1437,9,The Giants?,neutral
1437,10,Yeah.,neutral
1437,11,"Well, here we go again.",neutral
1437,12,What happened? Why did everyone get so quiet?,neutral
1437,13,The Redskin ’ s quarterback just threw a touchdown pass for seven points. We ’ re losing again.,sadness
1448,0,What may I do for you?,neutral
1448,1,I need to get a passport.,neutral
1448,2,You will need to apply for one.,neutral
1448,3,When will I be able to do that?,neutral
1448,4,"You can do it right now, if you ’ d like.",neutral
1448,5,That ’ s fine.,neutral
1448,6,Please fill out this application.,neutral
1448,7,Then what do I do?,neutral
1448,8,I just need to take your picture.,neutral
1448,9,How long will it take for my passport to be ready?,neutral
1448,10,You will get it in a few weeks.,neutral
1448,11,That ’ s perfect.,joy
1460,0,"What a lovely day, isn't it?",joy
1460,1,"Yes, it's nice and bright.",joy
1460,2,I hope it stays like this.,neutral
1460,3,I hope so too.,neutral
1460,4,Is the weather usually like this here?,neutral
1460,5,It's usually a bit hotter than today.,neutral
1460,6,What's the weather like in winter?,neutral
1460,7,It's pretty cold and it often snows.,neutral
1460,8,I wonder what it ’ s going to be like tomorrow.,neutral
1460,9,Let's hear the weather report later. What's the weather like in your hometown?,neutral
1460,10,"Neither too cold, nor too hot.",neutral
1460,11,That's quite a lovely weather.,joy
1460,12,"Yes, especially in spring.",neutral
1460,13,Have you ever seen a hurricane?,neutral
1460,14,"Once, when I was a child.",neutral
1460,15,Do they often happen in your country?,neutral
1460,16,Now and then.,neutral
1460,17,"Oh, it's time for the weather reporter. Let's turn on the TV.",neutral
1477,0,"Hi, how are you doing?",neutral
1477,1,I'm fine. How about yourself?,joy
1477,2,I'm pretty good. Thanks for asking.,joy
1477,3,No problem. So how have you been?,neutral
1477,4,I've been great. What about you?,joy
1477,5,I've been good. I'm in school right now.,joy
1477,6,What school do you go to?,neutral
1477,7,I go to PCC.,neutral
1477,8,Do you like it there?,neutral
1477,9,It's okay. It's a really big campus.,neutral
1477,10,Good luck with school.,joy
1477,11,Thank you very much.,joy
1480,0,I have lots of friends.,neutral
1480,1,Really? How many do you have?,surprise
1480,2,"I don't know, maybe one hundred.",neutral
1480,3,That is a lot of friends. Do you have a best friend?,neutral
1480,4,Of course. I have lots of best friends.,neutral
1480,5,How many best friends do you have?,neutral
1480,6,I think about twenty-five.,neutral
1480,7,Hmm. I have only one best friend.,neutral
1480,8,I feel sorry for you.,neutral
1480,9,I have only a few friends.,neutral
1480,10,You must be lonely. I will share my friends with you.,joy
1480,11,That's very nice of you.,joy
1489,0,And we got a 50 thousand dollar ticket for construction workers peeing off the roof.,neutral
1489,1,That ’ s great. Is the electrician here today?,joy
1489,2,"See, I just told you he hit a deer. Man, I knew you weren ’ t listening to me.",neutral
1489,3,You ’ re right. I wasn ’ t. I hear nothing.,neutral
1489,4,Nothing?,surprise
1489,5,"Not a sound on the city streets, just the beat of my own heart, I think that ’ s how it goes, something like that.",neutral
1489,6,"You and Patricia got engaged, didn ’ t you? You can tell me.",neutral
1489,7,Engaged?,neutral
1489,8,Come on.,neutral
1489,9,Are you crazy?,neutral
1489,10,What? I thought you liked Patricia.,surprise
1503,0,"Charlotte, have you had your supper?",neutral
1503,1,"No, I don ’ t want to eat anything.",sadness
1503,2,Why? Don't you feel well?,neutral
1503,3,I ’ m down in spirits.,sadness
1503,4,What's up?,neutral
1503,5,My manager jumped on me for my mistake today.,sadness
1503,6,You must not feel depressed about such a trivial thing.,neutral
1503,7,I think I'm too clumsy. I can do nothing well.,sadness
1503,8,You'd better shape up if you want to get the job done.,neutral
1503,9,But I doubt myself.,sadness
1503,10,"Cheer up! Don't let me down. We all make mistakes, and that is life.",joy
1515,0,"Hey, what's up?",neutral
1515,1,"Oh, nothing.",neutral
1515,2,What were you writing?,neutral
1515,3,( Laugh ) All right. You caught me in the act. I finally worked up the nerve to ask Diana out. I was just writing a note to put on her desk.,joy
1515,4,You mean you're going to ask her out in a note? You big chicken!,neutral
1515,5,I admit it. I'm a wuss. I just can't do it in person.,joy
1515,6,"But, you work with her everyday.",neutral
1515,7,"That's different. When I'm working, I'm in a different frame of mind. But, when I even think about asking her out, I get tongue-tied. At least in a note, I can get the words out without turning beet red.",joy
1515,8,You've dated a lot. What's so different about Diana?,neutral
1515,9,"Well, for one thing, she's gorgeous. She's so upbeat and sweet. Who doesn't like her? Oh, I don't know. All I do know is that I think we have great chemistry together. But, what if I'm wrong. Maybe she's just been nice to me out of courtesy and doesn't think of me that way. Oh... forget it. This was a bad idea.",joy
1515,10,"Well, I guess you don't want this note, then.",neutral
1515,11,What note?,neutral
1515,12,I was looking for you to deliver this note from Diana. She wants to know if you want to go to the office party with her tomorrow night.,neutral
1515,13,You're kidding! I can't believe you've been standing this entire time and didn't say anything.,surprise
1515,14,"Sorry. What can I say? Now, do you want the note or what?",joy
1515,15,"Yeah, I want the note.",joy
1515,16,Have a great time tomorrow night.,joy
1515,17,Thanks. I plan on it.,joy
1517,0,"Mary, how was your date with john?",neutral
1517,1,It's OK. It seems we have a lot in common.,neutral
1517,2,"Oh, really? That is great news. What does he look like?",surprise
1517,3,"He is tall and slim, fair-haired.",joy
1517,4,Sounds like he is pretty cute. What do you think of him?,neutral
1517,5,He is a nice guy and very considerate. I am impressed with how smart he is and he has a great sense of humor.,joy
1517,6,"Oh, it's love at first sight. When will you see each other again?",neutral
1517,7,"He didn't say, but he said he would call me.",neutral
1517,8,Maybe he is busy with his work. Just wait and try not to think about it too much!,neutral
1517,9,"Oh, David. Stop it! I am a bit nervous! What should I do if he doesn't call me?",neutral
1517,10,"Come on, Mary, you're a total catch. I bet he will call you. Don't worry.",neutral
1517,11,"Thank you, David. You're always so encouraging.",joy
1517,12,That's what friends are for.,joy
1529,0,Which social problem do you think the government needs to concentrate on most?,neutral
1529,1,I think housing is a big problem. There are thousands of homeless people on the streets.,neutral
1529,2,How would you solve the problem?,neutral
1529,3,I have a good idea to solve it. The government could provide some money for homeless people to build their own homes.,neutral
1529,4,It would probably be very expensive.,neutral
1529,5,"I think the government can afford it. Besides, there are many advantages. Homeless people would find it easier to get jobs if they had an address. They would learn some useful skill for finding jobs in the construction industry or home improvement.",neutral
1529,6,It ’ s not a bad idea. I think education is the biggest problem at the moment. Schools don ’ t seem to have enough money to educate kids properly.,neutral
1529,7,"If we are to invest more money to education, we will need to raise taxes. That wouldn ’ t be popular with voters.",neutral
1529,8,"Most voters what everything bout ways. They want the government to pay for lots of things, but without increasing taxes.",neutral
1529,9,The government should show that it is using money efficiently. Sometimes you hear about how the government has wasted money on a project.,neutral
1529,10,Yes. The government has limited funds and must show that it is using the money responsibly.,neutral
1532,0,Welcome back! How was your vacation?,joy
1532,1,"It was fantastic, but I'm glad to be back! Being a tourist is really tiring!",joy
1532,2,Where did you end up going?,joy
1532,3,"Because it's off-season, we got a really good package deal to Paris, so we went there.",joy
1532,4,I've always wanted to go to Paris. The Eiffel Tower is one of the most famous tourist attractions in the world! Did you go to the top?,joy
1532,5,That was the first thing we did. I have a few pictures. Do you want to see them?,joy
1532,6,Sure. What's this one a picture of?,neutral
1532,7,"Oh, that's a picture of me on our fourth day of travelling. I'm standing next to a famous foundation in the centre of the city.",neutral
1532,8,You don't look very happy in that picture.,neutral
1532,9,"No, by that time, I was sick of sightseeing. I had had enough of art galleries, cathedrals, fountains, statues, and palaces!",neutral
1532,10,So what did you do?,neutral
1532,11,"We spent that afternoon walking around a flea market. We had a few coffees, watched a movie, and went for a swim in the pool at the hotel.",joy
1532,12,My travel agent always reminds me to plan a day of relaxing for every 3 days of sightseeing. Did you go to the Louvre?,joy
1532,13,Of course! You can't go to Paris without going to their famous art gallery! I was surprised by how small the Mona Lisa was though.,joy
1532,14,That's what everyone says! I can't wait to see it for myself some day.,joy
1547,0,"Dan, Dan, dude. You have to come over to my house right now!",fear
1547,1,Is everything OK?,neutral
1547,2,Just get over here!,fear
1547,3,Come in! Quickly!,fear
1547,4,"So, since when is your house a bank?",neutral
1547,5,What do you mean?,neutral
1547,6,"I mean, what ’ s up with the locks and iron bars on your windows.",neutral
1547,7,"Security, Dan, security! You can never be too safe you know! A lot of sickos out there. Just the other day they caught that peeping tom red handed! Had a high power telescope and binoculars by his window.",fear
1547,8,What ’ s the matter with you? Why are you acting all paranoid?,neutral
1547,9,"Paranoid? I ’ m not paranoid! I ’ m cautious! You see Dan, we have to be on guard at all time! People just invade your privacy as if they knew you! Telemarketers, solicitors, even your bank! They have way too much information! I like to keep everything on a need to know basis.",fear
1547,10,"OK, well, what did you want to see me about?",neutral
1547,11,You are being watched! Be careful Dan! Be careful!,fear
1561,0,You look like a basket case.,neutral
1561,1,I'm not surprised.,neutral
1561,2,What's the problem?,neutral
1561,3,My brother in-law just dropped in from the states.,disgust
1561,4,"Yeah, and?",neutral
1561,5,"I decided to put him up while he's here, big mistake!",disgust
1561,6,Why?,neutral
1561,7,"He's lazy. I tried being a good host, but if you give him an inch, he'll take a mile.",disgust
1561,8,I guess you think twice next time he comes.,neutral
1561,9,You can say that again.,neutral
1561,10,So how long has he here for?,neutral
1561,11,Two weeks. If he thinks I'll put up with his attitude that long he's got another thing coming.,neutral
1561,12,"Well, I know you do the right thing.",neutral
1566,0,"Oh, my God! I've been cheated!",anger
1566,1,What? What did you buy?,neutral
1566,2,It's a brick! I can't believe how stupid I was. Damn it!,anger
1566,3,What is it? Why did you buy a brick?,neutral
1566,4,"There was a guy on the sidewalk.He had three new boxes, Panasonic video camera boxes.He said he had to get rid of them quick.",neutral
1566,5,And?,neutral
1566,6,So he said he'd sell me one for twenty dollars. A four-hundred-dollar camera for twenty bucks.,neutral
1566,7,And it's a brick?,neutral
1566,8,Yes.,neutral
1566,9,I can't believe how stupid you are. Why didn't you open the box?,surprise
1566,10,"I wanted to. But he said, no, the box is still in its plastic wrap from the store.If it's opened, other people won't believe it's new.",neutral
1566,11,So he had the boxes wrapped in plastic.,neutral
1566,12,"Yes, it was the kind of perfect plastic wrap that comes with new products.Look, it even had a bar-code price sticker on it! It looked brand new.",neutral
1566,13,But why would a guy be selling new video cameras for twenty dollars?,surprise
1566,14,He said he had to get rid of them. They were stolen.,neutral
1566,15,"Aha! Now I understand.You were trying to buy stolen goods on the sidewalk.So, what I think is, you deserve to get cheated!",neutral
1566,16,"C'mon, don't blame me! I thought it was a new camera. We could use it.We were even thinking about buying a camera. I don't understand how he could have such a perfect-looking box.",neutral
1566,17,That's no problem.He just has a friend who works in a shop that can do plastic wrap. That's easy.And probably it's the same shop he got the boxes from.Maybe his friend works in an electronics store. They sell video cameras there. Probably they had a couple video camera boxes lying around.So they get the idea of wrapping bricks to sell to fools like you.Twenty dollars a brick. That's a good profit if they can sell enough bricks.,neutral
1566,18,"You're right, Sarah. I was a fool. I can't believe it. How could I fall for such a trick?",neutral
1569,0,Hey Joanne. What are you up to?,neutral
1569,1,I'm just watching some television.,neutral
1569,2,I'm so bored. I don't know what I'm going to do today and it is only ten in the morning.,neutral
1569,3,Me too. Do you think we are boring people?,neutral
1569,4,I don't think we are boring. It's just that we don't have any hobbies.,neutral
1569,5,That's right. What do you think we should do as a hobby?,neutral
1569,6,"That all depends on what you like to do. For example, I like to doodle on the notepad, so I'm thinking about doing some real drawings.",neutral
1569,7,I like to play the piano for fun.,joy
1569,8,Yeah. That can be a good hobby.,joy
1569,9,Hobbies are great. I'm going to make a list of all the things I like to do.,joy
1569,10,That's a great idea. I'm going to do the same.,joy
1599,0,I have a sweet tooth. I can not help but think about having something sweet between meals.,joy
1599,1,A new candy shop just opened around the corner last week. They have a variety of candies and it is always full of people.,joy
1599,2,That sounds really attractive. Let's go to that candy shop now.,joy
1599,3,Are you serious? It is always crowded with many people.,surprise
1599,4,"why not? I would like to buy some candies. Since there are so many people, I think they must have delicious candy.",joy
1599,5,Look at the candy bar over there. It is so colorful and tasty.,joy
1599,6,"They have lollypops, chocolate drops, fruit candy, mints, pearbrittles and toffee. They are in different colors and flavors.",joy
1599,7,I want to get a big bag and buy a little of everything.,joy
1599,8,Me too. I finally understand why a small shop like this can always befilmed with dozens of people.,joy
1599,9,"To be honest, I care only about whether I can have some delicious candy eat. I couldn't care less about whether the shop is popular or not.",joy
1599,10,You are a candy terminator. Be careful or you'll get a lot of cavities.,joy
1599,11,"That is true. Speaking of cavities, I am starting to feel something is wrong with my teeth now. Let's get more strawberry chocolate drops before we go home.",joy
1599,12,You really can't live without candy.,joy
1621,0,What do you think of the way people use and treat animals?,neutral
1621,1,"I think most people treat animals well, but we are often cruel to animals. When we raise animals for food, the conditions they live in are often poor.",neutral
1621,2,Perhaps people should stop eating animals. We could grow more crops.,neutral
1621,3,"What would you do with all the animals? You couldn ’ t just let them go. Besides, some people would still hunt them. Meat has become an integral part of our diet.",neutral
1621,4,We could provide them with better conditions anyway. We should certainly try to improve the conditions at zoos. We should try to recreate the natural conditions as much as possible.,neutral
1621,5,"That ’ s true. I think zoo are a good idea, because they allow people to get close to animals. I think it ’ s good for kids to see wild animals.",joy
1621,6,I agree. I ’ m an adult and I love going to the zoo. I don ’ t like animals experiments though. I believe that we can do tests in other ways.,joy
1621,7,I read that the number of animals being used in experiments is falling dramatically as new techniques are being introduced.,neutral
1621,8,That ’ s good news. The good thing is that most people treat their pets well.,joy
1621,9,"Sometimes you read about people who have been cruel to pets or other animals, but those stories are rare.",neutral
1621,10,Have you every given money to any of the charities that take care of animals.,neutral
1621,11,"Yes, I have. They do an excellent job.",joy
1626,0,"Jennifer, would you like to have dinner with me?",joy
1626,1,Yes. That would be nice. When do you want to go?,joy
1626,2,Is today OK?,neutral
1626,3,"Sorry, I can't go today.",neutral
1626,4,How about tomorrow night?,neutral
1626,5,Ok. What time?,joy
1626,6,Is 9:00 PM all right?,neutral
1626,7,I think that's too late.,neutral
1626,8,Is 6:00 PM OK?,neutral
1626,9,"Yes, that's good. Where would you like to go?",joy
1626,10,The Italian restaurant on 5th street.,neutral
1626,11,"Oh, I don't like that Restaurant. I don't want to go there.",neutral
1626,12,How about the Korean restaurant next to it?,joy
1626,13,"OK, I like that place.",joy
1627,0,"Hi, long time no see. How have you been?",neutral
1627,1,"Oh, I've been fine, but I'm having some trouble with my son.",sadness
1627,2,Tell me all about it.,neutral
1627,3,"Oh, he's 14 and in the past few months, he's become quieter and a bit secretive. He locks himself in his room and I think he's running around with the wrong crowd.",sadness
1627,4,"Oh, I see. What makes you think that?",neutral
1627,5,"Well, he's become friends with a couple of older boys who are in a band. And one night last weekend, he came home really late, way past his curfew.",sadness
1627,6,Really? What happened?,surprise
1627,7,He told me that his friend's car broke down and they had to walk home.,sadness
1627,8,I see what you mean. I understand why you're concerned. Have you tried talking to your son about it?,neutral
1627,9,I haven't yet. I just keep hoping it's just a phase he's going through.,neutral
1627,10,"You may be right, but it doesn't hurt to find out more about what's going on in his life.",joy
1627,11,"You're right. I should talk to him. Sometimes, it's not easy being a parent. Thanks. It helps to get it off my chest. You're always so easy to talk to.",joy
1627,12,"I don't know about that, but my door is always open. Stop by anytime.",joy
1634,0,"Hey, That's a really nice outfit you have on.",joy
1634,1,"Why, thank you. I wasn't sure if it looked okay or not. I can't believe all the words the salesgirl said.",joy
1634,2,"Oh, you look stunning. Your dress really goes well with your shoes.",joy
1634,3,I'm glad that you think so. I thought it might be a bit too revealing.,joy
1634,4,"No, not at all. It looks really classy on you. Where did you pick that up?",joy
1634,5,I got it on sale down at the department store.,neutral
1634,6,When did you go there?,neutral
1634,7,"I was just there a couple of days ago. You know, you should go down there too. They have a lot of stylish clothes on sale.",neutral
1634,8,I might just do that. What style of clothes do they have?,neutral
1634,9,Anything you want. They have both casual and formal styles.,neutral
1634,10,I was hoping to get a few new ties for my collection.,neutral
1634,11,That's a good idea. Some of your ties are pretty outdated.,neutral
1634,12,"Well, I spent a lot of money on getting my shirts tailor-made, so I couldn't afford to buy any new ties.",neutral
1634,13,"Anyways, are you going to the party tonight?",neutral
1634,14,"Yes, I am. Say, are you going to wear that outfit to the party?",neutral
1634,15,I don't think so. It is a little too formal. I'm probably going to wear something more laid back.,neutral
1634,16,Me too. I will probably go dressed in a T-shirt and jeans.,neutral
1634,17,I guess that you will really be dressing down.,neutral
1634,18,That's my style when I'm not in the office.,neutral
1634,19,Good point. I suppose that we all have our own individual styles.,joy
1635,0,"Hello, John. How are you?",neutral
1635,1,"I'm fine, thanks. And you?",joy
1635,2,"Very well, thanks. Nice to see you again. I haven't seen you for a long time. What have you been doing lately?",joy
1635,3,"Oh, nothing much really. And how is everything with you?",neutral
1635,4,"Fine, thanks. I've been busy lately.",joy
1635,5,What have you been doing?,neutral
1635,6,I've been studying for my exams. My school exams will begin next month.,neutral
1635,7,Really? Good luck for them.,surprise
1635,8,Thanks. And how are your parents?,joy
1635,9,"They're both very well, thanks.",joy
1635,10,Where are you going now?,neutral
1635,11,I'm going to do some shopping.Why don't you come with me?,neutral
1635,12,I can't. I have to meet someone.,neutral
1635,13,It's been nice talking to you.,joy
1635,14,Good-bye. See you again sometime.,joy
1650,0,"You ’ re a big fan of Andy Lau, aren ’ t you?",neutral
1650,1,"Yes, I ’ Ve been got all his albums and most of his films on DVD. I adore him. He ’ s my idol.",neutral
1650,2,How come you don ’ t have all of his films on DVD?,neutral
1650,3,"Some of his early films are hard to find nowadays, especially the ones where he only played a bit part.",neutral
1650,4,I see. I ’ m sure you ’ ll find them one day. I see you also have several poster of him.,neutral
1650,5,Yes. These posters are new. I bought them last week and put them up on my bedroom walls yesterday.,neutral
1650,6,Are you a member of his fan club?,neutral
1650,7,"I was, but then I discovered you can find out everything for free on the internet, so I ’ m not a member now.",neutral
1650,8,Did you see the interview with Andy Lau in cosmopolitan magazine last month?,neutral
1650,9,Of course! I bought two copies.,neutral
1650,10,"Two copies? One to keep and one to cut the pictures out of, right?",neutral
1651,0,"What would you like to have in your breakfast, bread, egg or sandwiches?",neutral
1651,1,Bread.,neutral
1651,2,And milk or orange juice?,neutral
1651,3,Orange juice.,neutral
1651,4,"What would you like for lunch, pork, mutton or beef?",neutral
1651,5,I think mutton is best.,neutral
1651,6,"What kind of drink do you like most, red wine, beer or champagne?",neutral
1651,7,I like champagne.,neutral
1651,8,"And among apples, oranges and bananas, which is your favorite?",neutral
1651,9,Banana of course.,neutral
1651,10,Do you always have meals outside or in your house?,neutral
1651,11,"I always have meals outside, because I ’ m not good at cooking.",neutral
1661,0,"Hey, Shirley. The party has been wonderful. My husband and my children have enjoyed it very much, and me too.",joy
1661,1,I've said you will enjoy your life here!,joy
1661,2,"I surely will. By the way, is the party like this held every weekend in our neighborhood?",joy
1661,3,"Oh, I've forgotten to tell you. The party is held every other week. And every family gives their own performance each time.",joy
1661,4,My children would like that ; they like dancing very much.,joy
1661,5,That's good!,joy
1661,6,Look! Who is that guy on the stage?,surprise
1661,7,"Oh, my God! That's my husband, Benjamin.",surprise
1661,8,Really?,surprise
1661,9,"He likes American Idol very much, and he always imitates the contestant at home. I can't believe he got on the stage himself.",surprise
1661,10,He performs very well. He is so funny!,joy
1661,11,"OK, just ignore him. I've noticed there are lots of exercise facilities in our community. After dinner you can go there for a walk with your family!",joy
1661,12,"OK, that's perfect! By the way, is there any playground in our neighborhood?",joy
1661,13,"Yes, there is one behind our building. And you can play tennis there. But if you want to play tennis there, they will change you 30 Yuan per hour.",joy
1661,14,"OK, got it! Thank you so much. You have helped me a lot!",joy
1661,15,You are welcome! We are neighbors!,joy
1664,0,You said you like classical music very much. Then who is your favorite opera star?,joy
1664,1,"There are three of them, the Three Tenors.",joy
1664,2,"Oh, you mean Pavarotti, Domingo and Carreras. Have you been to their live shows?",joy
1664,3,"Yeah, it's really a unique experience. It's a solo concert by Pavarotti. He put on the performance in the Forbidden City in Beijing.",joy
1664,4,I've heard of that one. It was also his swan song.,joy
1664,5,"Besides, speaking of classical music, we should never forget about the New Year's Concert.",joy
1664,6,"Of course not. People all over the world watch it on TV, or listen to it on the radio.",joy
1664,7,Sure. It's undoubtedly one of the biggest classical music events. Have you ever been to the live show?,joy
1664,8,"Yes, I went to the New Year's Concert in 2005.",joy
1664,9,"Wow, you are so lucky. I saw that one on TV. But it must be so different to be there in the concert hall.",joy
1664,10,"That's for sure. You know, it's really amazing to be in the best concert hall, listening to the performance by the best orchestra. I had the greatest time ever.",joy
1664,11,Who was the conductor at that event?,joy
1664,12,"Lorin Maazel. He did an amazing job. Moreover, he just celebrated his 75th birthday.",joy
1664,13,So cool. I wish I can go to the live New Year's Concert someday in the future.,joy
1664,14,"The right opportunity for you would come along soon. You know, music is transnational.",joy
1664,15,"I believe in that. Well, the performance is about to begin. Let's be quiet.",joy
1693,0,Will you be done doing my hair soon?,neutral
1693,1,Give me a little while longer.,neutral
1693,2,How much time do you need?,neutral
1693,3,There you go. How do you like it?,joy
1693,4,I think it looks gorgeous.,joy
1693,5,You think it looks nice?,joy
1693,6,I honestly think it looks great.,joy
1693,7,Thanks. I'm glad that I did a good job.,joy
1693,8,How much is it for my hair?,joy
1693,9,Just give me $ 55.,joy
1693,10,Thanks for doing such a good job.,joy
1693,11,"No problem, girl friend. I'll see you next time.",joy
1694,0,Why do you look so gloomy? What are you looking for?,neutral
1694,1,My dissertation. I put it somewhere last night and I can't find it now.,sadness
1694,2,Did you finish typing yesterday?,neutral
1694,3,"Yes, I kept on typing it until midnight, but it is lost.",sadness
1694,4,Don't worry about it. It must be somewhere in your room. Let's see where you put it. Have you searched your drawers and the desk?,neutral
1694,5,"Yes, but there is nothing inside the drawers or on the desk.",sadness
1694,6,How about the shelf?,neutral
1694,7,I've searched everywhere. Where on earth did I put it?,sadness
1694,8,Don't get upset over it. At least you have another week to go.,neutral
1694,9,I have been working on it for a whole month and it's too late to write another. Just think of all my hard work that goes for nothing. How could I do such a thing?,sadness
1694,10,"Cheer up! What I meant was that you can find it sometime during a week. There is no need to write a new one. Oh, what's this? Is this your dissertation?",neutral
1694,11,"Let me see. Yes, that's it. Where did you find it?",joy
1694,12,You ’ Ve put it among these journals.,neutral
1694,13,My poor memory. Thank you very much.,joy
1695,0,how come you're still up? Shouldn't you be asleep by now?,neutral
1695,1,I've been having a hard time sleeping lately.,sadness
1695,2,"as far as I know, insomnia is usually caused by stress. Are you stressed at all?",neutral
1695,3,"well, I'm really worried about my grades. I didn't think this course would be so stressful.",sadness
1695,4,you're a good student. I'm sure you can do well. What you need to do is to relax.,neutral
1695,5,you're probably right. I just wish it were that simple. How can I stop feeling so anxious all the time?,neutral
1695,6,taking a yoga class or learning some relaxation techniques can help you cope with your stress.,neutral
1695,7,I don't really have time to learn anything new. I need to spend my time studying!,neutral
1695,8,you need to take some breaks throughout the day. Studying all day isn ’ t very usually effective.,neutral
1695,9,you ’ re right. I usually end up starting at my computer or checking my email instead of doing my work for class.,neutral
1695,10,"besides, it ’ s not difficult to learn yoga. In fact, I can teach you a move that ’ s supposed to help you fall asleep! You just have to sit down like this, bend over and breath in deeply.",neutral
1695,11,that ’ s fantastic. I ’ m going to go try that out in my room now. good night!,joy
1695,12,"good night, sleep tight ; don ’ t let the bed bugs bite!",neutral
1710,0,"Hey Eve, how are you?",neutral
1710,1,"I ’ m fine, Celia. And you?",neutral
1710,2,I ’ m ok. I ’ m so busy!,neutral
1710,3,Do you have a lot of homework?,neutral
1710,4,Yes. Don ’ t you?,neutral
1710,5,Of course I do!,neutral
1710,6,Which class are you working on right now?,neutral
1710,7,I ’ m studying for my chemistry exam tomorrow.,neutral
1710,8,Are you in Mrs Green ’ s class?,neutral
1710,9,Yes. Are you?,neutral
1710,10,Yes. We must have the same exam tomorrow!,neutral
1710,11,Do you want to study together?,neutral
1710,12,Sure. This library is too quiet though.,neutral
1710,13,Do you want to go to and empty classroom?,neutral
1710,14,That sounds good.,joy
1710,15,Ok. Let ’ s go!,joy
1734,0,"London is such a historical city! There ’ s history everywhere you look. There ’ s nelson ’ s column, built as a monument to one of the Britain ’ s great admirals and his important victory. He won the battle of Trafalgar in 1805.",joy
1734,1,"I ’ m looking forward to seeing Westminster abbey, where many historical figures are buried, like Isaac Newton, the great mathematician and Winston Churchill, the great wartime leader.",joy
1734,2,"Nearby, on the banks of the thames, there ’ s the statue of Boadicea. She fought the Romans when they invaded Britain.",joy
1734,3,"Women have often played an important role in British history. Queen Elizabeth I built a navy strong enough to fight off the Spanish armada in 1588. more recently, Margaret thatcher transformed british society in the 1980 ’ s.",joy
1734,4,She was a very controversial leader. Are we going to visit the famous tower of London later?,joy
1734,5,There ’ s a lot to see there. Perhaps we should go tomorrow.,joy
1734,6,I ’ m looking forward to seeing the famous castle and prison. Many historic figures were imprisoned there in the past. I really want to see the crown jewels too.,joy
1734,7,"I ’ Ve seen them before. They ’ re quite incredible. If you want to see historical figures in London, there ’ s one place you have to go.",joy
1734,8,"Where ’ s that? Oh, I know! Madame Tussaud ’ s the waxworks museum.",joy
1734,9,"There you can see british leaders, entertainers, criminals, and royalty.",joy
1734,10,"Sometimes, it ’ s hard to know who belongs in each section of the museum!",joy
1735,0,"so, how should we go to the theatre?",neutral
1735,1,let's take the bus.,neutral
1735,2,"I hate the bus system in London! The bus drivers are rude, the buses are never on time, and there are few people around who can help you.",disgust
1735,3,it's not that bad. You probably just had a bad experience once.,neutral
1735,4,"it wasn't just once. Every single time I take the bus, something bad happens to me or to someone else on the bus.",neutral
1735,5,"we could take the subway, but we'd have to go three stops along one line and then change trains twice.",neutral
1735,6,"train fares are twice as expensive as the bus fare, too.",neutral
1735,7,"if we don't hurry up, we'll miss the show. Should we take the bus?",neutral
1735,8,"we're already late, so I think we had better take a taxi.",neutral
1735,9,I don't think we'll be able to find a taxi very easily during hush hours. Let's just take the bus.,neutral
1735,10,fine. Have a look at the timetable to find out when the next one arrives.,neutral
1735,11,it looks like it should be here in just a few minutes.,neutral
1735,12,don't worry. Nothing bad will happen. I'll even buy your ticket for you.,joy
1735,13,"thanks, that was nice of you.",joy
1735,14,"see, now something good has happened to you on a bus trip!",joy
1736,0,"Mary, please go to the door. I hear the bell.",neutral
1736,1,"It's the mailman, Mother. Here's a letter from Uncle George.",neutral
1736,2,Give it to me... How wonderful! He's coming to visit us.,joy
1736,3,When's he coming?,neutral
1736,4,He's coming by car on the twenty-fourth. He's staying from thetwenty-fourth to the twenty-sixth.,neutral
1736,5,Let me look at the calendar. Good! The twenty-fourth is a Saturday. Is he coming alone?,joy
1736,6,"No, he's coming with Aunt Cynthia and the girls.",neutral
1736,7,"Mother, I don't remember the girls. How old are they?",neutral
1736,8,Your cousin Fay is fifteen. Rosemary is older than Fay. She's seventeen.,neutral
1736,9,Are they going to stay here with us?,neutral
1736,10,Of course. The girls can stay in your room with you.,neutral
1736,11,"Mother, may we have a party?",neutral
1736,12,"If you like, but now we have to think about meals and many other things.",neutral
1736,13,"Prepare the list, Mother. I can go shopping. I can go to the small stores.Everyone knows me there.",joy
1738,0,It's wonderful to be in the mountains after a hustle bustle week.,joy
1738,1,Indeed. I love the smell of the grass and trees. They certainly refresh my mind.,joy
1738,2,Can we stop here for a while? My backpack is very heavy.,joy
1738,3,Sure. Did you hear anything? Look! An eagle is hovering in the sky.,joy
1738,4,Let me see. It's not an eagle. I think it's a vulture.,joy
1738,5,Yes. Will it hurt us?,joy
1738,6,I don't think so. Let's walk by the stream. I am sure we can find the waterfall on the map.,joy
1738,7,OK. I have a good pair of hiking boots. It should not be a big problem.,joy
1738,8,"I also brought a bottle of water and some provisions. If you are hungry, you can let me know.",joy
1738,9,"You are kind. Look there is a big tree over there, it looks like a thousand-year-old tree.",joy
1738,10,"Well, it is a birch tree.It is not as old as you think.",joy
1738,11,How do you know?,joy
1738,12,Because its trunk is not thick enough to be like a thousand-year-old tree.,joy
1739,0,Can we talk?,neutral
1739,1,"Sure, honey, we ’ re talking now, aren ’ t we?",neutral
1739,2,You know what I mean.,neutral
1739,3,Yeah. I know.,neutral
1739,4,I want to know where this relationship is going. I ’ m in love with you and I need to know...,neutral
1739,5,"You know, I think you ’ re awesome.",neutral
1739,6,"I ’ m awesome. Well, I guess that ’ s my answer, isn ’ t it.",neutral
1739,7,Honey...,joy
1739,8,"Look, if you don ’ t love me, it ’ s not a thing, alright, we ’ Ve had our laughs, but I don ’ t appreciate... maybe it ’ s just time we...",joy
1739,9,"Baby, I love you so much.",joy
1739,10,You do?,joy
1739,11,I love you. And I think you ’ re awesome.,joy
1739,12,"Oh, I love you too!",joy
1739,13,Come on. Put the gun down.,joy
1739,14,"Oh baby, I ’ m so sorry.",joy
1740,0,Would you like to come over for dinner tonight?,neutral
1740,1,"Sure, but I have to tell you that I've become a vegetarian. I don't eat any kind of meat.",neutral
1740,2,When did you decide to become a vegetarian?,neutral
1740,3,I saw a program a few months ago about how animals are raised for human consumption. I haven't been able to eat a single piece of meat since.,neutral
1740,4,That's great. Do you find that you eat a lot more fruit and vegetables now?,joy
1740,5,"Definitely. I've also been buying organic fruit and vegetables, which is more expensive, but much better for you because they don't have any pesticides on them.",neutral
1740,6,"You've really turned into a health nut, haven't you?",neutral
1740,7,I guess you could say that. Eating fruit and vegetables helps keep you healthy. I've lost 5 pounds and I feel great!,joy
1740,8,How do you get enough protein in your diet?,neutral
1740,9,"Well, I eat a lot more tofu, beans, nuts and some fish.",neutral
1740,10,"Well, don't worry about dinner. I'll only make vegetarian dishes for you. Do you like sushi?",neutral
1740,11,"I prefer cooked fish to raw fish, but if you really like it, make it.",neutral
1740,12,How about a spicy tofu and vegetable stir-fry?,neutral
1740,13,That sounds great. What time should I come over?,joy
1740,14,"Dinner will be ready at about 7:30 pm, so you can come over at 7 p. m.",neutral
1740,15,Sounds good. See you there!,joy
1742,0,Is this seat taken?,neutral
1742,1,No. Please sit down.,neutral
1742,2,Thanks.,neutral
1742,3,Are you also going to Beijing?,neutral
1742,4,"Yes, on a business trip. How about Yuu?",neutral
1742,5,I'm taking a vacation to visit a friend there. Have you ever been there before?,neutral
1742,6,"Yes, I Went there once last summer.",neutral
1742,7,Really? What did you think?,surprise
1742,8,I think it is amazing. You can enjoy both the traditional Chinese culture as well as the vitality of a modern cosmopolitan city. The only thing I didn't enjoy was the subway.,joy
1742,9,Was it that crowded?,neutral
1742,10,"Yes.These were always so many people.After taking the subway during the rush hour, you'll envy sardines in their cans.",neutral
1742,11,"Oh, maybe I can take the bus or even rent a car.",joy
1742,12,That's a good idea. Wish you a great vacation!,joy
1742,13,Thank you very much!,joy
1745,0,Do you like watching the Winter Olympic Games?,neutral
1745,1,"Of course. It's the tradition game in winter, and with good reason. Don't you like watching it?",neutral
1745,2,Of course I do. I love it. All the games are exciting and the competitors are respectable.,neutral
1745,3,"That's true. For various reasons, it takes more to hold a fierce game for Winter Olympics than it does for Summer Olympics. You know, the low temperature may cause many problems.",neutral
1745,4,Yeah. What's the difference between the Winter Olympics and the Summer Olympics?,neutral
1745,5,"When the Olympic Games started in modern times, only summer events were included. When it grew popular, there came the Winter Olympic Games, which includes a variety of winter sports.",neutral
1745,6,"I see. Then, what's your favorite winter sport?",neutral
1745,7,"Figure skating. In my eye, nothing beats it.",neutral
1745,8,Then you must know Shen Due and Hao Hongbo.,neutral
1745,9,"Oh, I didn't expect you to know them. But yes, I love them not only because of many medals they've won, but also because of their spirits.",neutral
1745,10,You should go to talk with May. She is a big fan of them too.,neutral
1745,11,Sure. What about you? What do you like about the Olympics?,neutral
1745,12,"For me, the Olympics for the disabled always catches my heart. It makes me understand that perseverance makes the impossible possible.",neutral
1745,13,"Hey, young man, you are so deep today.",joy
1745,14,I always am. You just didn't notice.,joy
1749,0,So what do you feel like doing this evening? How about going to the cinema?,neutral
1749,1,"Ah, that's a good idea. But I heard the film club of our school would show a film for free. Maybe we don't need to go to the cinema.",neutral
1749,2,That's good! I've also heard there will be a party held by the Students'Union tomorrow evening. Would you like to go with me tomorrow night?,neutral
1749,3,"I'd like to, but I'm afraid I can't.",neutral
1749,4,"Why? Do you have to prepare for your examination? Oh, come on, girl, relaxation is also very important.",neutral
1749,5,"That's not the reason. I have to go to the English Corner tomorrow evening. You know, I've been going there every week.",neutral
1749,6,"Oh, God, I've forgotten it.",neutral
1749,7,"You said you wanted to improve your English, so how about coming with me tomorrow? I can also introduce some friends to you.",neutral
1749,8,"Oh, no, I don't want to know any more geeks like you.",neutral
1749,9,"They are not geeks. They are also interested in singing, dancing, and so on. They are excellent, and they can always help me a lot.",neutral
1749,10,Really? Is there a foreign teacher for every class?,surprise
1749,11,"It depends. If they are not busy, they will come to join us, and talk with us.",neutral
1749,12,So you just talk all the time?,neutral
1749,13,"Of course not. The foreign teachers also teach us English songs, and play games with us.",neutral
1749,14,That sounds interesting. I'll go with you tomorrow evening.,joy
1749,15,You won't be disappointed.,joy
1751,0,"Wow, is that your sports car?",neutral
1751,1,"Yes, do you like it?",neutral
1751,2,I love it! I used to always want to drive a green jaguar. Is it in good condition?,joy
1751,3,"Yt looks good on the outside, but the inside is a different story. It needs a lot of servicing before it can go out on the roads again.",neutral
1751,4,What's wrong with it?,neutral
1751,5,"Well, first of all, it needs a new engine, which is extremely expensive.",neutral
1751,6,When's the last time you had it serviced?,neutral
1751,7,It must have been a few years ago now.,neutral
1751,8,I thought all cars needed regular servicing on a yearly basis.,neutral
1751,9,"They do. Once my son was born, there was no reason to drive this car anymore. It's only a two-seater, you know!",neutral
1751,10,What else is wrong with it?,neutral
1751,11,"The heating controls don't work anymore, so it always feels like it's about 100 degrees in the car — even in the summer!",anger
1751,12,Anything else?,neutral
1751,13,The brakes don't really work that well anymore either.,neutral
1751,14,Why don't you get it all fixed?,neutral
1751,15,It costs more than you think to run a car---especially when there are so many things wrong with it!,anger
1751,16,"Well, let me know when you can get it fixed. I ’ d love to go for a ride in it!",joy
1806,0,Have you seen that house?,neutral
1806,1,"Yes, it looks interesting.",joy
1806,2,You're right. I love it very much.,neutral
1806,3,It must be old.,neutral
1806,4,At least more than 100 years old.,neutral
1806,5,Let's enter it!,neutral
1806,6,I can't open the door.,neutral
1806,7,It must be locked.,neutral
1806,8,Let me ask the old woman in that reception office.,neutral
1806,9,She can't answer you.,neutral
1806,10,She must be deaf.,neutral
1806,11,It must be a haunted house.Are you frightened?,fear
1806,12,Frightened? You must be joking.,fear
1816,0,I heard you are going to move.,neutral
1816,1,"Yes, I found a better house near my office. I ’ m very satisfied with it. But I ’ m worrying.",neutral
1816,2,What are you worried about?,neutral
1816,3,"I ’ m worrying about how to move all of my household stuff. You know, I have a lot of stuff.",neutral
1816,4,You can call a mover.,neutral
1816,5,How much dose that cost?,neutral
1816,6,Around 200 RIB for a truck.,neutral
1816,7,I think it ’ s a little expensive.,neutral
1816,8,"But think about it, you just need to pack your stuff and leave everything for the movers, how much trouble you will save.",neutral
1816,9,That ’ s right.,neutral
1816,10,I know a mover which has a very good reputation for their service. I ’ ll leave you their phone number.,neutral
1816,11,Wonderful.,joy
1816,12,It ’ s 8357688 8.,neutral
1816,13,"Okay, thanks a lot. You did me a great favor just now.",joy
1816,14,You ’ re welcome.,joy
1839,0,May I help you?,neutral
1839,1,I would like to find this book.,neutral
1839,2,Is there a problem?,neutral
1839,3,I don ’ t think you guys have it.,neutral
1839,4,You should look it up on our computer.,neutral
1839,5,I did that.,neutral
1839,6,What came up?,neutral
1839,7,"It should be on the shelf, but I didn ’ t see it.",neutral
1839,8,I can try to get the book from a different library.,neutral
1839,9,I didn ’ t know you could do that.,neutral
1839,10,I will call you when I find it.,neutral
1839,11,I appreciate your help.,joy
1852,0,May I help you?,neutral
1852,1,I can ’ t find the book I want.,neutral
1852,2,Why don ’ t you try looking at the database?,neutral
1852,3,I checked it already.,neutral
1852,4,Do we have it available?,neutral
1852,5,It wasn ’ t there.,neutral
1852,6,I guess it is lost.,neutral
1852,7,Will you be getting another copy?,neutral
1852,8,"Yes, we will.",neutral
1852,9,Could you reserve a copy for me?,neutral
1852,10,I can do that.,neutral
1852,11,That ’ s great. Thanks a lot.,joy
1854,0,"What was your wedding ceremony like, Abigail?",neutral
1854,1,My husband and I got married in a registry office with just two friends there as witnesses. But then we had three parties to celebrate.,neutral
1854,2,Three parties? That's quite a lot. That must have been expensive!,neutral
1854,3,"Well, since my husband and I are from two different countries, and we live in a third country, we decided to have one in each country. It wasn't actually that expensive.",neutral
1854,4,Were your parents upset that they weren't there to see you get married?,neutral
1854,5,"I would have liked them to be there, but they couldn ’ t afford to fly out to see us, and we couldn't afford to fly out to see them, so they understood.",neutral
1854,6,Did your husband's family get to meet your family?,neutral
1854,7,"My husband's parents flew out to meet my family when we got married in my hometown, so that was great. Some people spend ridiculous amounts of money on extravagant wedding receptions, but we agreed that the wedding party should be less about money and more about family.",neutral
1854,8,That makes sense. Did you go on a honeymoon?,joy
1854,9,We waited until our one-year anniversary to go on our honeymoon to Africa.,joy
1854,10,"You really didn't have a very traditional wedding, did you?",neutral
1854,11,"Not at all, but we don ’ t have a very traditional marriage either, so it suited us perfectly!",joy
1890,0,Hey Bobby. What's going on?,neutral
1890,1,Just taking a smoke break.,neutral
1890,2,I forgot my cigarette today. Do you have another one?,neutral
1890,3,Sure. Here you go.,neutral
1890,4,Thanks.,neutral
1890,5,I didn't know you smoked.,neutral
1890,6,Really? I've been smoking for over a year now.,surprise
1890,7,Oh. You're new to smoking still. I've been smoking for 7 years.,neutral
1890,8,You ever tried to quit?,neutral
1890,9,Many times. I'm really addicted. It's harder to stop than you think.,neutral
1890,10,"Yeah. I tried to quit last month, and I thought it was going to be easy, but it turns out that I'm still smoking.",neutral
1890,11,"I highly recommend you quit soon. The longer you smoke, the harder it becomes to quit.",neutral
1890,12,I think you're right. Aright. Gotta go to class. Thanks for the cigarette. I'll talk to you later.,joy
1890,13,No problem. I'll talk to you later.,joy
1892,0,What did you do last night?,neutral
1892,1,I just stayed at home and watched TV.,neutral
1892,2,Did you watch the Barcelona versus Madrid game?,neutral
1892,3,"Yes, it was a very evenly matched game.",neutral
1892,4,What were the results of the game?,neutral
1892,5,It ended in a tie.,neutral
1892,6,What was the actual score?,neutral
1892,7,It was three all.,neutral
1892,8,Really? I thought Barcelona was going to win. They are a much better team than Madrid.,surprise
1892,9,"If Barcelona had played as they normally do, they should have won.",neutral
1892,10,What happened?,neutral
1892,11,"Their goalkeepers got injured after the first goal, but he kept on playing anyway.",neutral
1892,12,That explains it.,neutral
1892,13,How many more games are left this season?,neutral
1892,14,That was the last game before the playoffs.,neutral
1892,15,When do the playoffs start?,neutral
1892,16,In a few weeks. Are you planning on watching them?,neutral
1892,17,Of course! I really love watching football games on TV.,joy
1892,18,"Me, too! Do you want to come over and watch the next game at my place? I'm planning on having a few people over to watch it together.",joy
1892,19,"Sure, that would be great.",joy
1892,20,"Ok, it's a date then!",joy
1907,0,I hear you and James are engaged at last.,neutral
1907,1,"Yes, we are.",neutral
1907,2,When are you getting married?,neutral
1907,3,In the spring.,neutral
1907,4,"Oh, lovely. Where's the wedding going to be?",neutral
1907,5,"Well.. we're not sure yet, probably in St.Albans.",neutral
1907,6,"Oh, yes, your parents live there, don't they?",neutral
1907,7,"Yes, that's right.",neutral
1907,8,Where are you going to live after you're married?,neutral
1907,9,We're going to buy a flat or a small house somewhere in South London.,neutral
1907,10,Are you going to give up your job?,neutral
1907,11,"Yes, probably but I may look for another one when we're settled in.",neutral
1917,0,Let's go see pandas! The news said that two pandas arrived at the zoo last week.,joy
1917,1,"Great! I would like to see cute pandas, too.",joy
1917,2,How can we get there?,joy
1917,3,We can take the MET and get off at the Zoo Station.,joy
1917,4,OK! Let's go.,joy
1917,5,( At the zoo ) Wow! This zoo is really huge.,joy
1917,6,"Yes, you can find hundreds of various animals here. It is the biggest zoo in Taiwan.",neutral
1917,7,"Look at the map. It has different areas, such as marine lives, mammals, polar animals and insects.",neutral
1917,8,Where can find the pandas? I think we are here to see the pandas.,neutral
1917,9,We have to go to the mammal area. We are at the gate right now. We need to go straight from here and turn left and go along to the end and make anotherleft turn.,neutral
1917,10,It should take at least 20 minutes to get there. Are there any shuttle buses running place to place around the whole zoo?,neutral
1924,0,"Hey, what sort of drinks do you want? Gatorade or water?",neutral
1924,1,Gatorade. It ’ s rich in Vitamin and it gives us energy and vitality.,neutral
1924,2,"Yes, that ’ s the exact thing we need. One for each.",neutral
1924,3,"What should we do, now with Jack out of the game?",neutral
1924,4,We should choose from the backups.,neutral
1924,5,That ’ s right. Spraining the ankle and breaking the leg are the common things during the match.,neutral
1924,6,"That ’ s why we should learn to protect ourselves. Otherwise, the game is not worth the candle.",neutral
1924,7,"That ’ s for sure. During the back court, we should change the position we played.",neutral
1924,8,"Yes, I played shooting guard, I like shooting and you ’ ll play inside, OK?",neutral
1924,9,I agree with you. I think we ’ ll play much better than before.,neutral
1924,10,"Wow, the cheer-section is coming. The music is so fantastic.",neutral
1924,11,"Yeah, look how passionate they are! Are they professional?",neutral
1924,12,"Well, you should ask your friend. You know I ’ m not the boss. Just kidding.",neutral
1924,13,Oops! I almost forget about it. Do you see the girl in the middle of the first line?,surprise
1924,14,"Yeah, what ’ s up?",neutral
1924,15,Don ’ t you think she looks like your daughter?,neutral
1924,16,"I also have a doubt. Oh, kill me softly, she is May.",surprise
1928,0,Do you have a bf?,neutral
1928,1,"Yes, I had a bf before.",neutral
1928,2,Why you say bf before?,neutral
1928,3,We parted from each other last month.,neutral
1928,4,Have you got a new one?,neutral
1928,5,"Mmmm, no. How about you?",neutral
1928,6,"I am single, I have no real of, only an E-gf, that is you.",neutral
1928,7,"Haha, so you are my E-bf.",joy
1928,8,I like you. Do you agree to be my of?,joy
1928,9,"Mmmm... OK, let's try to be.",joy
1928,10,Wow! Blablablabla...,joy
1928,11,Hey! What is it?,joy
1928,12,I am flying like a bird.,joy
1928,13,LL,joy
1928,14,I am so happy. I want to drink a cup of champagne.,joy
1928,15,I have no champagne right now. How about this?,joy
1928,16,"It's OK, so I send you this.",joy
1928,17,Is it made of chocolate?,joy
1928,18,It's my heart ; it's made of what you like.,joy
1928,19,"Oh, I will have a sweet dream.",joy
1928,20,Are you sleepy?,joy
1928,21,A little bit. I have to go to sleep though I don't want to.,joy
1928,22,"Yes, I do not want to see ur sleeping in the office.",joy
1928,23,Thx.Bye for now. Kisssssssssss.,joy
1928,24,"C U here, honey.",joy
1933,0,have you ever seen Bill Gate's home on the internet?,neutral
1933,1,no. what's it like?,neutral
1933,2,"it's got its own library, theatre, swimming pool, and a guest house. The house itself has about ten different rooms that are all hooked up to computers so you can get things done in each room through",neutral
1933,3,would you want to live there?,neutral
1933,4,"I think his house is fantastic, but I wouldn't want to live there. You would have to hire one or two people to clean all the rooms in the house, plus a few people to take care of the gardens, and pro",neutral
1933,5,what's your dreamhole like then?,neutral
1933,6,my dream home is actually just a small cottage in a quite village in England.,neutral
1933,7,would you want to buy an old cottage or build a new one yourself?,neutral
1933,8,old homes are great because they've got character. I think that's important.,neutral
1933,9,it that why you wear second-hand cloths as well? Because they've got character?,neutral
1933,10,"no, that's just because I don't have enough money to buy new cloths all the time!",neutral
1933,11,"I see. If you lived in an old house, would it be decorated in a modern way?",neutral
1933,12,"no, I'd definitely try to restore it to its original state. I love to imagine what it'd be like to live in another time in history and living in a house decorated like it would have been 200 years a",neutral
1936,0,That was a great dinner. I didn't know that you knew how yo cook.,joy
1936,1,I'm glad you liked it. Are you ready for dessert?,joy
1936,2,I don't know. I'm pretty full. What are we having?,neutral
1936,3,I made strawberry shortcake.,neutral
1936,4,"Ooh, that's my favorite. Maybe I'll have a small slice.",joy
1936,5,Great. Would you like coffee or tea with that?,joy
1936,6,I'll have a cup of tea.,neutral
1936,7,Do you take cream or sugar with your tea?,neutral
1936,8,"Actually, could I have some milk with that?",neutral
1936,9,Definitely. Would you like skim or whole milk?,neutral
1936,10,"Skim, please. That'd be very nice. Thanks... oh no. Janna, I'm so sorry, but I've got to go.",sadness
1936,11,What happened?,neutral
1936,12,I just got a message from my sister saying that she's been in a car accident. I need to go pick her up.,neutral
1936,13,I'll go with you. Where is she?,neutral
1936,14,"She's on the M40, near Reading.",neutral
1936,15,Is she alright?,neutral
1936,16,"I don't know, she didn't say. I'm so sorry about this.",neutral
1936,17,"Don't worry. Family comes first. Come on, let's go.",neutral
1936,18,"Actually, I've only got a two-seater. I'll have to go on my own.",neutral
1936,19,Ok. Just call me if you need anything then.,neutral
1936,20,I will. Thanks a lot.,joy
1958,0,"Professor, where's Canada?",neutral
1958,1,Canada is north of here.,neutral
1958,2,Can you show me on the map?,neutral
1958,3,Sure. Look here. Canada is north of the United States.,neutral
1958,4,"Oh, I see. Where's Mexico?",neutral
1958,5,Mexico is south of the United States.,neutral
1958,6,How about Connecticut? Where's that?,neutral
1958,7,Connecticut is east of New York.,neutral
1958,8,What state is west of Pennsylvania?,neutral
1958,9,Ohio.,neutral
1958,10,"OK, Where's Los Angeles?",neutral
1958,11,Los Angeles is in California. It's southeast of San Francisco.,neutral
1958,12,Where's Boston.,neutral
1958,13,Boston is in the northeast part of the country.,neutral
1958,14,Where is Las Vegas?,neutral
1958,15,Las Vegas is in the southwest.,neutral
1963,0,Why do you look so gloomy? What are you looking for?,neutral
1963,1,My dissertation. I put it somewhere last night and I can't find it now.,sadness
1963,2,Did you finish typing it yesterday?,neutral
1963,3,"Yes, I kept on typing it until midnight, but it is lost.",sadness
1963,4,Don't worry about it. It must be somewhere in your room. Let's see where you put it. Have you searched your drawers and the desk?,neutral
1963,5,"Yes, but there is nothing inside the drawers or on the desk.",sadness
1963,6,How about the shelf?,neutral
1963,7,I've searched everywhere. Where on earth did I put it?,sadness
1963,8,Don't get upset over it. At least you have another week to go.,neutral
1963,9,I have been working on it for a whole month and it's too late to write another. Just think of all my hard work that goes for nothing. How could I do such a thing?,sadness
1963,10,"Cheer up! What I meant was that you can find it sometime during a week. There is no need to write a new one. Oh, what's this? Is this your dissertation?",neutral
1963,11,"Let me see. Yes, that's it. Where did you find it?",joy
1963,12,You ’ Ve put it among these journals.,neutral
1963,13,My poor memory. Thank you very much.,joy
1979,0,"Hi Jane, can you let me know the best way to get to your house this evening?",neutral
1979,1,"Certainly, where will you be coming from?",neutral
1979,2,I need to be in the city centre this afternoon so I will be coming straight from there.,neutral
1979,3,Ok. Take the Underground ( the Circle line ) to High Street Kensington. Make sure you take the High Street Kensington exit.,joy
1979,4,Got that.,joy
1979,5,"Ok - when you leave the Underground, cross the road and you should see Horntown Street. Was up that street to the crossroads. As you was you should see a fast food place on your right.",joy
1979,6,"Hold on, I am looking at the map now. Ok, I can see Horntown Road. Do I go straight at the intersection?",joy
1979,7,"No, you need to turn left into Philimore Was and take the next right.",joy
1979,8,"Ok, I can see that road.",joy
1979,9,That's fine. You will not miss it because it's just next to the Kensington centra Library.,joy
1979,10,"Good, I can see the library on the map.",joy
1979,11,"Ok, we live in the third building on your left. Will we see you around 7 pm?",joy
1979,12,"That's great, see you at seven.",joy
1980,0,Guess what came in the mail today?,joy
1980,1,What?,neutral
1980,2,My acceptance letter to Yale!,joy
1980,3,Wow! Congratulation! When do classes start?,joy
1980,4,"Freshman orientation is the last week of august, but I want to go two weeks before that to get settled in.",joy
1980,5,You ’ re so lucky! Do you have to do many things before you leave?,joy
1980,6,"Yes. I ’ ll be very busy! I have to get a visa, buy a plane ticket, and pack my things. But first, I want to register for classes.",neutral
1980,7,When can you do that?,neutral
1980,8,"Well, they sent me their prospectus, so I can start looking now. do you want to help me decide which classed to take?",neutral
1980,9,Sure. What can you choose from?,neutral
1980,10,"Well, I have to take all the fundamental course, plus a few from my major.",neutral
1980,11,What is your major?,neutral
1980,12,"I hope to major in English literature, but the admissions counselor told me that many people change their major many times in their first year, so we ’ ll see.",neutral
1980,13,What are the fundamental course?,neutral
1980,14,"In order to graduate, every student must take a certain amount of classes in history, math, English, philosophy, science and art.",neutral
1980,15,Interesting. That ’ s very different from the Chinese education system.,neutral
1980,16,"Yes, it is. It ’ s also very different from the British education system.",neutral
1980,17,Really?,surprise
1980,18,"oh, sure. In British, students don ’ t have to take the foundation course.",neutral
1980,19,why not?,neutral
1980,20,maybe because they think they know everything already! ha ha.,joy
1982,0,Do you offer a course in business management?,neutral
1982,1,"Yes, we do.",neutral
1982,2,How many nights a week is it?,neutral
1982,3,"It's 3 nights a week, Monday, Tuesday and Thursday.",neutral
1982,4,And how long does the course last?,neutral
1982,5,It lasts for 9 months.,neutral
1982,6,When does it start?,neutral
1982,7,The next beginning class starts on October 25th.,neutral
1982,8,What time is the class?,neutral
1982,9,From 7 to 9 o'clock.,neutral
1982,10,How much does it cost?,neutral
1982,11,It costs 125 dollars a month.,neutral
1982,12,"Yes, that's all right. I want to enroll in the course.",neutral
1982,13,"Thank you, please fill out this form for us.",neutral
1982,14,Do you want me to fill it out now?,neutral
1982,15,"Yes, please.we need a record of you education and your work experiences.",neutral
1984,0,Excuse me. Is there any body here?,neutral
1984,1,Yes.,neutral
1984,2,I've finished up all my water. I would kill for a sip of water.,neutral
1984,3,"Sure, come on in.",neutral
1984,4,Thank you very much. Are you here alone?,joy
1984,5,My father and sister are out to photographing. What about you?,neutral
1984,6,I'm a back-packer from America.,neutral
1984,7,What is a back-packer?,neutral
1984,8,It means a hiker who loves traveling around the world.,neutral
1984,9,Cool. You must have been to a lot of places.,joy
1984,10,"Yes, actually almost half of all the countries over the world. I love traveling places.",joy
1984,11,So cool. I want to be a back-packer when I grow up.,joy
1984,12,You can do it. But do work hard on your English to make it easier.,neutral
1984,13,I'll try my best.,neutral
1993,0,"Charles, do you have any children?",neutral
1993,1,Yes.,neutral
1993,2,How many children do you have?,neutral
1993,3,I have two kids. A boy and a girl.,neutral
1993,4,What are their names?,neutral
1993,5,Jack and Stephanie.,neutral
1993,6,How old are they?,neutral
1993,7,Stephanie is 18 and Jack is 24.,neutral
1993,8,Are they in school?,neutral
1993,9,Stephanie is. She goes to college in Washington and Jack works in Florida.,neutral
1993,10,What does Stephanie study?,neutral
1993,11,She studies English.,neutral
1993,12,Is she here now?,neutral
1993,13,"No, she's at school.",neutral
1995,0,I was looking at my test score and think that it should be higher.,neutral
1995,1,Is the math wrong or the way the answer was marked?,neutral
1995,2,I think an answer got marked wrong that should have been marked right.,neutral
1995,3,"These things can happen ; let's double-check the answers first to be sure, all right?",neutral
1995,4,That would be great!,neutral
1995,5,Look at the answer sheet and compare it to your answers. Do you see any place where I made a mistake in grading?,neutral
1995,6,This one right here should be right.,neutral
1995,7,"Yeah, I see the same thing ; now we can do the math and check that, right?",neutral
1995,8,"Yeah, let's do the math.",neutral
1995,9,"I count all of the correct answers, total them, and divide by the total. Does this look right to you?",neutral
1995,10,Looks pretty good.,joy
1995,11,Thank you for caring enough to check on your scores ; keep studying!,joy
1998,0,Guess what! I know something you don't know!,joy
1998,1,What's that?,neutral
1998,2,How many planets are there in the solar system?,joy
1998,3,That's easy. Everyone knows that there are nine.,neutral
1998,4,Not anymore! Can you believe it? They've decided that Pluto is not a planet anymore!,surprise
1998,5,"Nice try. I wasn't born yesterday, you know.",neutral
1998,6,"I'm dead serious. They've decided that it's too small to be a planet, but actually they haven't yet agreed on how big something has to be in order to be a planet anymore.",joy
1998,7,That sounds crazy. But they can't just change their mind about things like that.,surprise
1998,8,"Yes, they can. If you remember correctly, people used to believe that the world was flat.",joy
1998,9,"I suppose you're right. They also used to think that they were so important that the sun revolved around them, not the other way around.",neutral
1998,10,We actually know relatively little about space and the cosmos.,neutral
1998,11,Do you think that we'll one day be able to travel to another planet for a vacation?,neutral
1998,12,I suppose we could actually live on a planet outside of the milky way.,joy
1998,13,Do you think we'll ever get to meet an alien from outer space?,neutral
1998,14,I hope not. I think they would be a threat to those of us that lived on the Earth.,joy
1998,15,You're so old-fashioned. That's what people used to think about people from another country!,joy
1998,16,"Point taken. Hopefully one day, we'll live in an interplanetary society.",joy
2014,0,"Look, Bob. This is a photograph I took during my trip to Australia.",neutral
2014,1,"Let me see it, can I? This is a good photograph. Who are these people?",neutral
2014,2,They ’ re people I met during the trip. That ’ s the ship we traveled on.,neutral
2014,3,What a beautiful ship! Who ’ s this?,neutral
2014,4,That ’ s the man I told you about. Remember?,neutral
2014,5,Ah yes. The one who offered you a job in Australia.,neutral
2014,6,That ’ s right.,neutral
2014,7,Who ’ s this?,neutral
2014,8,Guess!,neutral
2014,9,"It ’ s not you, is it?",neutral
2014,10,"That ’ s right. I grew a beard during the trip, but I shaved it off when I came home.",neutral
2014,11,Why did you shave it off?,neutral
2014,12,My wife didn ’ t like it!,neutral
2015,0,"Hey, Jack! Is Jenny coming with us?",neutral
2015,1,Yes. Why?,neutral
2015,2,Nothing. I am just asking.,neutral
2015,3,"Just asking?! Why is your face burning like mad? Ah-huh, someone has a crush on Jenny, doesn't he?",neutral
2015,4,Who has a crush?,neutral
2015,5,"Come on, Ted! Don't be such a chicken. If you like her, you ’ Ve got to tell her. Maybe she likes you.",neutral
2015,6,"Well, I don't have the guts to ask her out.",neutral
2015,7,What are you so afraid of? Just tell her what you are feeling about her.,neutral
2015,8,I ’ d totally die if she turned me down.,neutral
2015,9,"But that's better than keeping everything to yourself. You ’ Ve got to let her know. Come on! You ’ Ve got to take a chance. Even though you are rejected, it ’ s not the end of the world. There ’ s nothing to lose, is there?",neutral
2015,10,"I don't know.. Well, maybe you are right, but how am I gonna tell her?",neutral
2020,0,"Jacob, are you interested in helping me out and going on a blind date with a friend of mine?",neutral
2020,1,That depends. What does she look like?,neutral
2020,2,"Well, she's got a beautiful face and long curly red hair.",neutral
2020,3,How tall is she?,neutral
2020,4,"She's fairly tall, maybe 2 inches taller than me.",neutral
2020,5,Is she chubby?,neutral
2020,6,Not at all. She's actually very athletic.,neutral
2020,7,It sounds like she's pretty good-looking. Does she wear glasses?,neutral
2020,8,"No, but she does wear contact lenses.",neutral
2020,9,How's her skin?,neutral
2020,10,She's got a gorgeous complexion with a few freckles on her nose.,neutral
2020,11,Does she have any piercings or tattoos?,neutral
2020,12,"I think she has her ears pierced and she definitely has a few tattoos, one on her lower back, one on her neck, and one on her left foot.",neutral
2020,13,What's the tattoo on her foot like?,neutral
2020,14,It's a butterfly---everyone in her family has one.,neutral
2020,15,Even her mother?,neutral
2020,16,"Yes, even her mother.",neutral
2020,17,What's her personality like?,neutral
2020,18,She's a lot like me.,neutral
2020,19,So there is something wrong with her! It was beginning to sound like she was too good to be true!,neutral
2072,0,"Well, how was your honeymoon?",neutral
2072,1,"It was fantastic! We had such a good time. The only problem was that because it was their high season, we spent hours queuing.",joy
2072,2,Peak periods always entail hours of queuing. At least you got a nice tan though!,joy
2072,3,"Yes, Florida had great weather while we were there. You look tan, too. Did you go somewhere?",joy
2072,4,My friends and I just got back from Bali.,joy
2072,5,"Wow! Bali Islands have some of the best beaches in the world, don't they?",joy
2072,6,"Yes, we were lucky. My friend's father owns a resort on one of the islands, so we were able to stay for free.",joy
2072,7,Did you go diving while you were there?,neutral
2072,8,"I took a few diving classes, but I didn't really like it, so I did snorkeling instead!",neutral
2072,9,Did you take any pictures in the ocean?,neutral
2072,10,I've got quite a few pictures of all different kinds of fish. I'll show them to you next time I see you.,joy
2072,11,Have you started planning your christmas vacation yet?,joy
2072,12,We're planning on going skiing in Switzerland. Do you ski?,joy
2072,13,"No, but I do like snowboarding.",joy
2072,14,Would you like to go skiing with us for christmas?,joy
2072,15,I'll talk to my husband about it ; I'm sure he'll say yes! He loves Switzerland!,joy
2072,16,It is Europe's spotless land of lakes and mountains! Let me know as soon as you can so we can get a discount.,joy
2076,0,I can't decide whether to go to university or to get a job.,neutral
2076,1,"Well, if I were you, I'd go on studying.",neutral
2076,2,But I don't even know what to study.,neutral
2076,3,"If I had chance again, I'd major in English. You're good at language.",neutral
2076,4,That's what my parents want me to do.,neutral
2076,5,You should take their advice. They know what's best for you.,neutral
2076,6,"But my friends will have jobs and lots of fun, while I spend all my time doing reading and writing.",neutral
2076,7,"But if you go to university, you'll still have time for fun.",neutral
2076,8,"Hm, what you say makes sense. But you know, I still have to ask my parents for pocket money, and I hate to do so at this age.",neutral
2076,9,"And if you try to find a part-time job, you'll have some money too.",neutral
2076,10,You're right. Thank you for the advice.,joy
2101,0,I don't know what to do about the people who live in the flat above me!,anger
2101,1,Why? What are they like?,neutral
2101,2,They're incredibly selfish. They're always up until the wee hours of the night playing their music so loudly that I have to wear earplugs in order to fall asleep!,anger
2101,3,Have you ever talked to them about it?,neutral
2101,4,"I tried to introduce myself to them when they moved in, but they were so arrogant that I didin't want to ever talk to them again!",anger
2101,5,What did they say?,neutral
2101,6,They both just talk about how great they are all the time.,anger
2101,7,They soud like the neighbours from hell!,anger
2101,8,"They are! Besides being loud and arrogant, they're also terrible gossips. They're always talking about everybody else in the apartment.",anger
2101,9,I thought you didn't talk to them much.,neutral
2101,10,"I don't, but they talk so loudly that I can hear what they're talking about from my bedroom - and it's not very nice.",neutral
2101,11,What do the other people in your apartment think about them?,neutral
2101,12,Most of my other neighbours are scared of them.,neutral
2101,13,Maybe you should think about moving.,neutral
2101,14,I can't afford to move right now.,disgust
2101,15,"Well, perhaps you should have a party and try to get to know them better. Maybe once you get to know them, they'll turn out to be more sensitive.",neutral
2101,16,"I think you're being a bit optimistic. If you met them, you'd understand.",disgust
2101,17,"Well, I don't know what else you could do then. Do you think bribing them with chocolate would work?",neutral
2105,0,"How are you doing, Andrew?",neutral
2105,1,Not well. I ’ Ve been feeling pretty lonely lately.,neutral
2105,2,But you have so many friends! How could you be lonely?,neutral
2105,3,"You know what they say'a friend to all is a friend to none'. I don ’ t feel like I really know any of my friends. In fact, I should probably call them acquaintances, not friends.",neutral
2105,4,What about me? I ’ m your friend.,neutral
2105,5,"I know you are, you are my girlfriend. I wish I had a guy friend to hang out with sometimes.",neutral
2105,6,"I know what you mean. I find it difficult to make new friends, too. It ’ s not as easy as it was when we were young, is it?",neutral
2105,7,Not at all.,neutral
2105,8,I ’ Ve made a lot of new friends since I started learning English. Maybe you could join a club or take a class to make some new friends.,joy
2105,9,That ’ s a good idea.,joy
2105,10,What kind of qualities do you look for in a friend?,neutral
2105,11,I ’ m not sure. I guess I ’ d like to meet some people who have a positive attitude and want to have a good time.,neutral
2105,12,People who play ultimate Frisbee have a positive attitude ; maybe you should join the ultimate Frisbee club.,joy
2105,13,That ’ s a possibility. Thanks!,joy
2128,0,more and more Chinese are marrying foreigners.,neutral
2128,1,that's true. But I have a low opinion of those women who go out with foreigners.,neutral
2128,2,"oh, why?",surprise
2128,3,I think some Chinese wone marry foreigners for money while others just want to live abroad. There is no true love between them.,neutral
2128,4,I wouldn't say that's totally true. I've met many happy intercultural couples.,neutral
2128,5,"well, then why aren't there many East-West couples where the man is a Chinese and the woman is a Westerner?",neutral
2128,6,I guess it's because the Chinese women are more attractive to Western men.,neutral
2128,7,or because they are less attractive to to Chinese men.,neutral
2128,8,what do you mean?,neutral
2128,9,"you know, usually the woman is in her thirties and she is a left girl.",neutral
2128,10,a left girl? What's that?,neutral
2128,11,"they're called that because they're left behind on the shelf. They're also known by their three H's---high diploma, high salary, and high degree. and they're also known as the three S's — single,",neutral
2128,12,"you have a point here, but I believe some mixed marriages are based on true love.",neutral
2128,13,that'for sure but very few.,neutral
2192,0,I ’ m sure it will be wet when we arrive.,neutral
2192,1,Yes. I dare say it will be.,neutral
2192,2,It will be Sunday so I expected everything will be closed.,neutral
2192,3,No. I don ’ t think that ’ s possible. Some places are sure to be open.,neutral
2192,4,But the bank should be closed so we shouldn't to be able to get some money.,neutral
2192,5,"Mmm, you may be right.",neutral
2192,6,Do you think we ’ ll need our overcoats?,neutral
2192,7,No. We couldn ’ t possibly.,neutral
2192,8,Why not?,neutral
2192,9,It will be summer. So it will be hot.,neutral
2192,10,Is that very likely in England?,neutral
2192,11,Yes. It could happen.,neutral
2198,0,Do you like flowers?,joy
2198,1,"Of course, I like flowers.",joy
2198,2,What's your favorite flower?,joy
2198,3,"I like peach blossom, because I like spring.",joy
2198,4,Peach blossom is really beautiful.,joy
2198,5,Yes. How about you?,joy
2198,6,I like lotus.,joy
2198,7,You have a perfect taste!,joy
2198,8,But there aren't any lotus now.,joy
2198,9,Yes. It's snowing outside. Let's enjoy the plum blossoms.,joy
2198,10,That's not bad. Let's go.,joy
2210,0,What are we going to do? I can't get the car out of this ditch. I'm stuck!,anger
2210,1,"I'm worried, Tom. I haven't seen any other cars for almost an hour.",neutral
2210,2,I know. This is terrible. What can we do? This snow doesn't stop falling!,anger
2210,3,I told you we should have stayed in town today.The weather report said 100 percent chance of snow.Why did you want to come up here?,neutral
2210,4,I wanted to show you the cabin. We only had another half-hour to go.,neutral
2210,5,"Well, now we're stuck. What can we do?",neutral
2210,6,I don't know.,neutral
2210,7,"I've heard that when this happens, it's important to save energy.",neutral
2210,8,What do you mean?,neutral
2210,9,"We're stranded here, Tom. We may be here a long time.We need to conserve the gas in the car. The car's energy is what will keep us warm.",neutral
2210,10,I have plenty of gas.,neutral
2210,11,"Yes, but the gas and the battery both have to stay working.We can't just let the car run and run.If we do, it will die soon. Then we'll freeze.",neutral
2210,12,So what can we do?,neutral
2210,13,"Turn the lights off.Then, run the car and the heater only about fifteen minutes every hour.That will conserve the heat as long as possible.",neutral
2210,14,Alright. That's a good idea.,joy
2210,15,I wish we hadn't come up here. Now we'll probably be here for days.,neutral
2210,16,Days?,surprise
2210,17,"Yes, it happens.That is what happens in big snowstorms. People get stranded for days.",neutral
2210,18,"Oh, my God! It's good we have food.",joy
2210,19,Probably we'll survive.But turn the car off for about forty-five minutes. Then we'll turn it on again.,neutral
2210,20,"Okay, I'll follow your advice.",neutral
2217,0,Will you be joining Billy and I at the Bar?,neutral
2217,1,Which one will you be going to?,neutral
2217,2,We are going to try the new one that opened up on 17th Street.,neutral
2217,3,"Sure, I've been meaning to visit that place myself.",joy
2217,4,I want to stop off at my apartment to get changed so I should be there by 9 pm.,neutral
2217,5,"OK, can I bring a date with me?",neutral
2217,6,"Certainly. But if there are going to be four of us, I had better make reservations.",joy
2217,7,Yes. that is a very good idea. It would be a shame if we could not find a place to sit.,joy
2217,8,Then I'II make reservations for 9 pm for a party of four.,joy
2217,9,"I'll be there. Oh, is there a cover charge at the bar?",joy
2217,10,Not that I know of. Why do you ask?,neutral
2217,11,I want to make sure I bring enough money for my date and I.,neutral
2217,12,I hear the drinks and food there are moderately priced.You should be fine.,neutral
2217,13,One last question.Is there a dress code there?,neutral
2217,14,"No, its very casual there. Leave your jacket and tie at home.",neutral
2217,15,Perfect. I wanted to have a casual evening tonight.,joy
2217,16,I'll see you there at 9pm.,joy
2217,17,Okay. See you then.,joy
2222,0,Have you ever seen Bill Gate's home on the internet?,neutral
2222,1,No. what's it like?,neutral
2222,2,"It's got its own library, theatre, swimming pool, and a guest house. The house itself has about ten different rooms that are all hooked up to computers so you can get things done in each room through a remote control. It's also located near the sea, so he can park his boats next to his house. It's absolutely amazing!",neutral
2222,3,Would you want to live there?,neutral
2222,4,"I think his house is fantastic, but I wouldn't want to live there. You would have to hire one or two people to clean all the rooms in the house, plus a few people to take care of the gardens, and probably an au pair or two to take care of the children. It's just too big of a place to take care of on your own.",neutral
2222,5,What's your dreamhole like then?,neutral
2222,6,My dream home is actually just a small cottage in a quiet village in England.,neutral
2222,7,Would you want to buy an old cottage or build a new one yourself?,neutral
2222,8,Old homes are great because they've got character. I think that's important.,neutral
2222,9,Is that why you wear second-hand clothes as well? Because they've got character?,neutral
2222,10,"No, that's just because I don't have enough money to buy new cloths all the time!",neutral
2222,11,"I see. If you lived in an old house, would it be decorated in a modern way?",neutral
2222,12,"No, I'd definitely try to restore it to its original state. I love to imagine what it'd be like to live in another time in history and living in a house decorated like it would have been 200 years ago would be a great way to feed my imagination even more!",neutral
2240,0,I don ’ t know what I ’ m going to do! It ’ s going to be impossible to make ends meet if I lose my job!,neutral
2240,1,Don ’ t worry. I don't think you ’ re going to lose your job over one mistake.,neutral
2240,2,"It was a rather big mistake. When you work as an investment adviser, one small mistake can cost the company millions.",neutral
2240,3,"But it wasn ’ t just you who was involved, right? You were only doing what your supervisor told you to do.",neutral
2240,4,"That ’ s true, but my supervisor is very dishonest. There ’ s no reason he needs to tell our boss the truth. I ’ m sure he will tell our boss that it was all my fault, and there ’ s nothing I can do about that. My boss won ’ t believe me if I tell him the truth.",neutral
2240,5,Let ’ s think realistically about what might happen. How much money do you have in your savings?,neutral
2240,6,I have enough to live off of for about 3 months. But I really don't want to spend my life savings on just living! I ’ d rather invest my money somehow.,neutral
2240,7,"Well, you can't have everything. Let's just figure out what you will do if you lose your job. When is your contract up on your apartment?",neutral
2240,8,Next month. So I can either move out then or renew my contract for another year.,neutral
2240,9,"Well, that ’ s good. If you lose your job, you can just move in with me until you find another job. That will save you plenty of money.",joy
2240,10,That ’ s very generous of you. I guess that would work.,joy
2240,11,"If you lose your job, you just have to go for a few months without buying all the junk you usually buy. If you live frugally, you ’ ll save plenty of money.",joy
2240,12,I guess working with so much money has made me rather greedy. Maybe losing my job would be a good thing!,joy
2274,0,Hey Jack. What's going on?,neutral
2274,1,Hey Matt. I'm going to ask Martha to marry me?,neutral
2274,2,Really? When did you decide this?,surprise
2274,3,"I always knew she was the one, but I decided to pop the big question about 2 weeks ago. I'm just debating on how to do it.",neutral
2274,4,"That's exciting, man.",joy
2274,5,So how did you propose?,neutral
2274,6,You shouldn't use my example. It wasn't special. I kind of wish I made it more special but it's too late now.,neutral
2274,7,What do you think I should do?,neutral
2274,8,"There are a lot of options. You can surprise her over dinner, or ask her in a public area, or if you have the balls, ask her father in front of her.",neutral
2274,9,I never thought about that.,neutral
2274,10,Thought about what?,neutral
2274,11,Asking her father in front of her. How do you think she will react?,neutral
2274,12,I don't know. You should know how she's going to react. She is your girlfriend.,neutral
2274,13,"I think that's the idea I was looking for. Thanks, man.",joy
2274,14,Don't mention it. Good luck. You're going to need it.,joy
2275,0,The bridegroom looks a bit nervous.,neutral
2275,1,"On this occasion, most people do.",neutral
2275,2,"Oh, they are playing the wedding March. Here they come.",joy
2275,3,She is a beautiful bride.,joy
2275,4,I am so happy for them.,joy
2275,5,Are you crying?,joy
2275,6,"Yes, I always cry at weddings.",joy
2275,7,Harris and Anne are perfect for each other.,joy
2275,8,"Yes, they are.",joy
2275,9,You and Tom also make a great couple.,joy
2275,10,"In fact, we are beginning to make preparations.",neutral
2275,11,For the wedding?,neutral
2275,12,"No, no, for the engagement.",neutral
2275,13,Try to catch this bouquet then.,joy
2282,0,"you are dressed to kill. You look gorgeous, Alexander.",joy
2282,1,thanks. This is my power suit. I have a dinner date tonight.,neutral
2282,2,how did you meet each other?,neutral
2282,3,she's a friend of Amy. We met at Amy's birthday party.,neutral
2282,4,is this your first date?,neutral
2282,5,"yes. I hope it pans out. Cross your fingers, Lily.",neutral
2282,6,"sure it will. Oh, no, it's seven fifteen already. I'm going to be late for my date.",neutral
2282,7,oh... so you buried the hatchet with Steven?,neutral
2282,8,absolutely not! He's a cheater. I will never talk to him again. I'm over with him. He's history!,neutral
2282,9,then who will you meet tonight?,neutral
2282,10,a guy I met on the internet three month ago.,surprise
2282,11,really? Are you sure this is a good idea?,neutral
2282,12,please don't be so fussy! I didn't just meet him yesterday.,neutral
2282,13,"I know, but remember to meet in a public place and don't give out your personal information.",neutral
2294,0,I've heard The Hitchhiker would be on next week. I want to see it.,neutral
2294,1,Is it horror movie?,neutral
2294,2,"Yeah, I love horror movies the most. Would you like to go with me next weekend?",neutral
2294,3,No way. I will be scared out of my wits.,neutral
2294,4,"Well, What kind of movies do you like?",neutral
2294,5,"Er, let me see. Romance, comedy, documentary, action, science fiction, cartoon and so on.",neutral
2294,6,"In a word, you like all the movies except for the horror movies.",neutral
2294,7,"Yeah, It seems like we don't talk the same language as far as movies are concerned.",neutral
2294,8,Not quite. I also like romance and comedy movies very much.,neutral
2294,9,The Terminal is a movie of this type.,neutral
2294,10,So we can relax now.,joy
2294,11,"Yeah, I could hardly wait to see it.",joy
2297,0,How do you usually sell your products now?,neutral
2297,1,I'm doing business through Internet now.,joy
2297,2,"Oh, really? Is it a good way?",surprise
2297,3,"Yes, very good.",joy
2297,4,What advantages does it have?,neutral
2297,5,It is very convenient. You know you can browse the website and send e-mails to your customers at any time.,joy
2297,6,"Yes, if we do business through other ways, it will cost a lot of time.",neutral
2297,7,"Also it has low cost, and you know you only need to pay the fee of Internet, which is very cheap.",joy
2297,8,"Yes, going abroad to join the exhibition will cost much. But does it have any disadvantages?",neutral
2297,9,"To be frank, sometimes it is not so safe as doing business through traditional ways.",neutral
2297,10,You mean there may be credit problems?,neutral
2297,11,"Yes, but if you choose some good B2B websites, such problems can be avoided.",neutral
2297,12,Will you give some suggestion?,neutral
2297,13,"Of course, such as the Alabama, which is a famous website.",neutral
2297,14,Thanks. Maybe I will do business through Internet in the future.,joy
2299,0,Did your wife give birth yet?,neutral
2299,1,Yeah. She's a healthy beautiful girl.,joy
2299,2,Congratulations. How is your wife doing?,joy
2299,3,"She is tired, but getting a lot of rest now.",joy
2299,4,That's good to hear.,joy
2299,5,I'm just glad there were no complications.,neutral
2299,6,"If your wife and baby are both happy, what more can you ask for?",neutral
2299,7,"It's been a week, and I haven't slept that well.",neutral
2299,8,That's normal for anyone with a newborn.,neutral
2299,9,"Yeah, but it's so hard. I have to work, and then go home and take care of my wife and the baby. I'm going to get sick at this rate.",neutral
2299,10,"You'll get used to it. After everything stabilizes, you can regain your health.",neutral
2299,11,That's true. I should make sure my wife and baby stay healthy during this time.,neutral
2306,0,Do you like climbing?,joy
2306,1,"Yes, I like it very much.",joy
2306,2,How about climbing up the Fragrant Mountain tomorrow?,joy
2306,3,Where is it?,joy
2306,4,"It is located at the east foot of Western Mountain of Beijing, in a park with the same name. There are some huge stones within the mountain which look like the censer, so it is called'Fragrant Mountain'.",joy
2306,5,Have you visited it before?,joy
2306,6,"Many times. Except climbing, there are many attractions worth visiting.",joy
2306,7,Like what?,joy
2306,8,"It is the best season to view red leaves from the Mid-October to the first ten days of November. During the period, thousands of hectares of maples on the sloping field are so red that you would recognize them as fallen petals by mistake if looking from a further area. The bright red, pink, scarlet, and peach-puff leaves are distributed in different layout, with some green pines and cypresses dotted in between.",joy
2306,9,Sounds marvelous.,joy
2306,10,You can take a bird-eye view at the glorious picture when you arrive at the top of the mountain.,joy
2306,11,Great. I will prepare some clothes and food for the climbing.,joy
2314,0,What can I do for you today?,neutral
2314,1,I need to return a book.,neutral
2314,2,Can I do anything else for you?,neutral
2314,3,I want to check this magazine out.,neutral
2314,4,We don ’ t allow people to check out magazines.,neutral
2314,5,Why not?,neutral
2314,6,It ’ s just a policy of ours.,neutral
2314,7,So what am I allowed to check out?,neutral
2314,8,You may check out books or videos.,neutral
2314,9,I need to check out this magazine.,neutral
2314,10,You will have to just read it in the library.,neutral
2314,11,That doesn ’ t make any sense.,sadness
2317,0,Where are you going this weekend?,neutral
2317,1,I have no idea. Maybe I will sleep for the whole day.,neutral
2317,2,So boring! Shall we go out for a picnic with my friends?,joy
2317,3,Sounds interesting. Who are the other people?,joy
2317,4,"Fred and David, my college class mates and Rachel.",joy
2317,5,Gorgeous! What should I bring on that day?,joy
2317,6,Your tent and enough food and water.,joy
2317,7,"You mean, we can do many other things after the picnic, right?",joy
2317,8,"We can go fishing, chatting and camping.",joy
2317,9,What are we waiting for? Come on!,joy
2317,10,Don't hurry. Wait for my call.,joy
2332,0,Where did you get your mobile? It's really cute.,neutral
2332,1,"Oh, this? I got it in Singapore. Here, do you want to take a look?",neutral
2332,2,"Thanks. Gee, it's really light!",joy
2332,3,"Yes, it is, isn't it? A bit too light, really. What make have you got?",joy
2332,4,I've got an old Ericsson. Here. Take a look.,neutral
2332,5,"Wow, that's really old.",joy
2332,6,"Yes, I like collecting antiques.",joy
2332,7,Why don't you get a new one?,neutral
2332,8,"I don't know. I like this one, and I don't have any need for all the bells and whistles you get on the new ones.",neutral
2332,9,"Really, what makes you say that?",surprise
2332,10,"Well, I just need to make and receive calls, and it's quite reliable. I find that the more fancy stuff they put into these things, the more likely they are to break bown or go wrong, you know? I mean, this camera function, for instance-how often do you use it?",neutral
2332,11,"Sometimes, but I guess not very often. It's more for fun. Sometimes when I'm on a trip, for example, I can take a picture and send it to my kids. Or I can send a picture of a sample back to my office and get it costed up immediately.",neutral
2332,12,"Well, that's nice I guess. So how many kids do you have?",joy
2332,13,Three. Two boys and a girl.,joy
2335,0,Are your ready to go to the supermarket?,neutral
2335,1,"Yes, are you?",neutral
2335,2,"I've got my money and my keys, so I'm ready.",neutral
2335,3,"You do know that it's absolutely freezing out, don't you? I'd put a coat on if I were you.",neutral
2335,4,It wasn't cold out this morning.,neutral
2335,5,"Well, it's started raining since then. Look out the window! It's pouring rain out there!",neutral
2335,6,Have a look outside for me. Does that look like hail to you?,neutral
2335,7,"It does, actually. Maybe we should wait for it to clear up before we go shopping.",neutral
2335,8,That's a good idea. But maybe we should move the car so that the hail doesn't dent it.,neutral
2335,9,Ok. I'll go move the car if you turn the heat on. It's a bit chilly in here.,neutral
2335,10,How long do you think this hailstorm is supposed to last?,neutral
2335,11,I don't know. The weatherman didn't say anything about this in his weather report last night.,neutral
2335,12,Maybe we should turn on the news in case it's supposed to get worse.,neutral
2335,13,I don't think we have anything to worry about. Do you want to put on a cup of tea as well?,joy
2335,14,Good idea. That will help us to warm up.,joy
2335,15,"If I'm not back in ten minutes, come and find me.",joy
2335,16,Alright. I'll have a cup of tea waiting for you.,joy
2348,0,Hi! I see you are having fun with your new computer and internet connection.,neutral
2348,1,There ’ s so much I want to do. I ’ Ve just finished sending lots of emails to friends and family all over the world. I just ran a search for music to download.,neutral
2348,2,I can give you the name of a few useful website to visit.,neutral
2348,3,Thanks. That would be very helpful. I ’ Ve discovered that it can take a long time to find exactly what you want. There ’ s too much information on the net.,joy
2348,4,"When you sent your emails, did you attach any files to them?",neutral
2348,5,"Yes, I did. There ’ s an anti-virus program with my email account that scans all attachments, so I ’ m sure I haven ’ t sent anything nasty to anyone.",neutral
2348,6,"When you use the internet, be careful not to give out your email address very often. If you do, you might get a lot of spam-unwanted email from companies trying to sell you things.",neutral
2348,7,"That ’ s good advice. I should also be careful about giving out confidential information about myself, such as my password and credit car number.",joy
2348,8,That ’ s right. Another thing to remember when you are surfing is that you can add a web page to your list of favourites. Your computer will remember the page and you can return there quickly next time you want to visit.,neutral
2348,9,How do I do that?,neutral
2348,10,"Take this web page for example. Press the keys “ control ” and “ d ” together. Click on “ favourites ” at the top of the screen. There you are. It has been added to you favourites list. If you click it, you will automatically go to that web page again.",neutral
2348,11,That ’ s useful to know. Thanks. I ’ ll just log off and shout down my computer and we can go for a coffee.,joy
2356,0,Who's that tall guy over there?,neutral
2356,1,"Oh, that's George. He looks very drunk.",neutral
2356,2,What's he like normally?,neutral
2356,3,"Oh, he's really reserved, normally. But, from what I hear, he's got lots of problems.",neutral
2356,4,Really? What kind of problems?,surprise
2356,5,"Well, off the record, of course, but I hear that he's got terrible debts. He has his own company, and it's not going very well.",neutral
2356,6,"Really? Well, I hate to say this, but I'm not surprised.",neutral
2356,7,Really? What makes you say that?,surprise
2356,8,"Well, he doesn't look very honest.",neutral
2356,9,"I know, that's the problem. He can't find any customers. It's a pity, really, because his products are very good. Oh, that reminds me. Did I tell you about my new laptop?",neutral
2356,10,"Oh, don't talk to me about laptops. Mine crashed on Friday and I lost everything. I hate them.",neutral
2356,11,"Oh, really?",neutral
2356,12,"Look, I need another drink. Do you want one?",joy
2356,13,"Yes, I'll have another cocktail.",joy
2356,14,Vodka martini?,joy
2356,15,Absolutely.,joy
2356,16,I'll be back in a sec.,joy
2356,17,OK. I'll wait here for you.,joy
2359,0,Hello. Is this Ann?,neutral
2359,1,"Yes, it is. Kelly?",neutral
2359,2,"Yes, it's me.",neutral
2359,3,Do you have a cold?,neutral
2359,4,No. Worse than that. I have a flu. I'm in bed with a fever.,neutral
2359,5,"Oh, no! What about your presentation today?",neutral
2359,6,"I'd like to do it, of course. But I just can't. I'm afraid I'd fall down in the middle of it.",neutral
2359,7,I understand. What should I tell Mr. Morley?,neutral
2359,8,Why not just tell him I'm sick? I'll ring him myself this afternoon.,neutral
2359,9,Alright. Have you been to see a doctor?,neutral
2359,10,"Not yet. I feel too lousy to go out.Anyway, I have a flu. I know what it is. I don't need a doctor to tell me that.",neutral
2359,11,Do you think you'll be able to come in tomorrow? Or should I call off your appointments for tomorrow too?,neutral
2359,12,I'm not sure yet.Maybe this will all be gone in a day.So it's probably better if you don't call off my appointments. I will call you later this afternoon and tell you what I think.,neutral
2359,13,It's rainy weather today. Maybe it's better if you just stay inside.Make yourself some chicken soup and sleep.,neutral
2359,14,"Yes, that's what I plan to do. Except I won't make the chicken soup.Right now I don't think I could swallow more than a spoonful of it.",neutral
2359,15,"That bad, huh?",neutral
2359,16,"Yeah, I'm very nauseous.It's mostly nausea and a fever.",neutral
2359,17,"Well, I'll cancel your appointments for today. And I'll tell Mr. Morley.",neutral
2359,18,"Thanks, Ann. Talk to you this afternoon.",joy
2359,19,Hope you feel better.,joy
2360,0,"Susan, good evening. Why are you so dressed up?",joy
2360,1,I am on my way out to a New Year ’ s banquet. How do I look? Is my make-up OK?,joy
2360,2,You look great. Your make-up is perfect.,joy
2360,3,Do you think I should wear a different dress?,joy
2360,4,"No, the one you have on looks fabulous, especially with your hair like that.",joy
2360,5,Thanks for saying. Do you have any ideas which necklace I should wear?,joy
2360,6,With that dress I'd say your white diamond necklace would look perfect.,joy
2360,7,"Thanks for helping out. Now that I ’ m ready, what are you doing tonight?",joy
2360,8,"Not much, just a house party with some friends.",joy
2360,9,Sounds fun. Anyone I know?,joy
2360,10,"Yeah, most of the people are from our office.",joy
2360,11,"Sounds Like I'm missing out on a good time. Oh, well, there is always next year.",joy
2360,12,I ’ m sure you ’ ll have fun no matter where you go. Remember to take your bag.,joy
2366,0,How wonderful it is to be in love! It's love at first sight! Oh. he's my Romeo!,joy
2366,1,"Hey, Julie. How's it going?",neutral
2366,2,"Oh, Mary. You've surprised me!",surprise
2366,3,Who were you talking to?,joy
2366,4,Um — I was just thinking aloud.,joy
2366,5,You look so happy. I see a twinkle in your eyes.,joy
2366,6,"Come off it, Mary.",joy
2366,7,"Oh, you have a crush on someone, don't you? Maybe those are wedding bells in your eyes!",joy
2366,8,"You certainly do like teasing me, Mary. Well I'm in love with someone. The question is, how do I get his attention?",joy
2366,9,"Well, that's easy. Walk up to him and kiss him.",joy
2366,10,I guess I asked the wrong person.,joy
2371,0,Would you like to come by and play bridge?,neutral
2371,1,"Well, let's see.Why don't we go dancing for a change? We haven't done that for a long time.",neutral
2371,2,"Well, to tell the truth, I don't really feel like it tonight. I had a pretty hard day and I'm sort of tired.",neutral
2371,3,"Hmm.Well, in that case, we could go to the movies.",neutral
2371,4,"Oh, we always go to the movies.Can't we do something different?",neutral
2371,5,"Well, do you have any suggestions?",neutral
2371,6,Let's see.How do you feel about playing bridge?,joy
2371,7,"It's OK with me, but we don't have any beer and things.",joy
2371,8,"Well, shall I call Janet and ask her and Tom to come over, and I'll go to the store and buy some stuff.",joy
2371,9,OK.,joy
2371,10,"Hello, Janet.It's me... Oh, fine.Just fine.Say, Janet, I was wondering if you and Tom were doing anything tonight... No? Well.would you like to come by our place and play a few hands of bridge?",joy
2372,0,"Hello, Tom. I'm really glad to meet you here.",joy
2372,1,"I'm glad too. Steven, I want to tell you that I'm going to divorce my wife.",joy
2372,2,"I'm so surprised, B. Why did you decide to end your marriage suddenly?",surprise
2372,3,We don't get along well with each other and fight a lot.,neutral
2372,4,I didn't know that. I thought that you were happy together.,neutral
2372,5,"That isn't true. Actually, we have been separated for six months.",neutral
2372,6,"I can't believe it. But if you both determine to divorce, I hope you will have an amicable split.",neutral
2372,7,"Thank you, Steven. I accept your advice.",joy
2372,8,"Hello, Tom. I'm really glad to meet you here.",joy
2372,9,"I'm glad too. Steven, I want to tell you that I'm going to divorce my wife.",joy
2372,10,"I'm so surprised, B. Why did you decide to end your marriage suddenly?",surprise
2372,11,We don't get along well with each other and fight a lot.,neutral
2372,12,I didn't know that. I thought that you were happy together.,neutral
2372,13,"That isn't true. Actually, we have been separated for six months.",neutral
2372,14,"I can't believe it. But if you both determine to divorce, I hope you will have an amicable split.",neutral
2372,15,"Thank you, Steven. I accept your advice.",joy
2376,0,"Hi Rose, what are you busy with right now?",neutral
2376,1,"Hi Jack, I'm working on these documents. The manager wants them for half an hour.",neutral
2376,2,"Well, Rose,",neutral
2376,3,Is there something you need?,neutral
2376,4,Are your free this weekend?,neutral
2376,5,"Yes, I have nothing to do.",neutral
2376,6,"Great, Is it convenient if i visit you this weekend?",joy
2376,7,I beg your pardon?,neutral
2376,8,I'd like to call on you this weekend. I just want to a drop in for a chat.,joy
2376,9,"Really? well, ok, you're welcome.",surprise
2376,10,Is 5 PM. a good time for you?,joy
2376,11,"Hmm, how about seven? I can treat you to dinner.",neutral
2376,12,"Sure, that would be great. I'll bring the wine.",joy
2376,13,OK.Then I'll be expecting you.,joy
2376,14,I'll be there on time.,joy
2377,0,you're rather energetic today. What's going on?,neutral
2377,1,nothing really. I think I've had a few too many coffees.,neutral
2377,2,"free coffee is one of the perks at this place, isn't it?",neutral
2377,3,it's the only perk of this job! How's your day going?,neutral
2377,4,not that well. I've got that Monday morning feeling today.,neutral
2377,5,why is that?,neutral
2377,6,my boss has been breathing down my neck all day. I can't wait for the weekend!,anger
2377,7,"your boss is a real salve-driver, isn't he?",neutral
2377,8,you can say that again! He won't even let us check our personal email at work!,anger
2377,9,that's not just your boss. No one is allowed to send personal emails from the office.,neutral
2377,10,really? I didn't know that it was against company policy.,surprise
2377,11,maybe your boss isn't so horrible after all!,neutral
2377,12,"no, he is. Some bosses will bend the rules a bit sometimes, but not my boss. He always follows the rules to a T.",neutral
2377,13,try not to let it bother you too much.,joy
2377,14,thanks. I better get back to my work before my boss yells at me again!,joy
2377,15,"ok, I'll see you in a bit.",joy
2377,16,alright. See you later!,joy
2389,0,Did you enjoy that new movie?,neutral
2389,1,"That movie's just a lot of noise, same as Simon.",neutral
2389,2,"Oh, what happened, Carole?",neutral
2389,3,"I had to go by myself, he couldn't make it.",neutral
2389,4,"What? I met him just before I took off from Kitty's, he said he was coming.",surprise
2389,5,"Kitty's? He sure gets around, doesn't he?",neutral
2389,6,Looks like it. So how did he handle it to?,neutral
2389,7,His excuse was familiar. He said his car died again.,sadness
2389,8,I think that's a bunch of nonsense. It seemed ok to me.,neutral
2389,9,I know. Last week he gave me a lie about being too busy.,sadness
2389,10,Doesn't sound promising.,neutral
2389,11,"Well, I think it's the time to pull the plug.",sadness
2389,12,If you want I'll let him know if I run into him.,neutral
2389,13,"Thanks anyway, but I'll do it, Rebecca. Let's get to class.",joy
2404,0,"Hi, dear, do you know what the important day is today?",neutral
2404,1,I don ’ t know.,neutral
2404,2,Please think it over.,neutral
2404,3,"Oh, I see.",neutral
2404,4,"Come on, dear. I know you mustn ’ t forget it.",neutral
2404,5,"It ’ s Saturday, a great weekend.",neutral
2404,6,"Ur, you really let me down.",neutral
2404,7,Don ’ t be angry with me. I have a bad memory.,neutral
2404,8,"No, you haven ’ t. You just don ’ t care about me. You ’ re an indifferent husband.",neutral
2404,9,What day is it on earth?,neutral
2404,10,It ’ s an anniversary of our weeding.,neutral
2409,0,welcome back! How was your vacation?,neutral
2409,1,"it was fantastic, but I'm glad to be back! Being a tourist is really tiring!",neutral
2409,2,where did you end up going?,neutral
2409,3,"because it's off-season, we got a really good package deal to Paris, so we went there.",neutral
2409,4,I've always wanted to go to Paris. The Eiffel Tower is one of the most famous tourist attractions in the world! Did you go to the top?,neutral
2409,5,that was the first thing we did. I have a few pictures. Do you want to see them?,neutral
2409,6,sure. What's this one a picture of?,neutral
2409,7,"oh, that's a picture of me on our fourth day of travelling. I'm standing next to a famous foundation in the centre of the city.",neutral
2409,8,you don't look very happy in that picture.,neutral
2409,9,"no, by that time, I was sick of sightseeing. I had had enough of art galleries, cathedrals, fountains, statues, and palaces!",neutral
2409,10,so what did you do?,neutral
2409,11,"we spent that afternoon walking around a flea market. We had a few coffees, watched a movie, and went for a swim in the pool at the hotel.",neutral
2409,12,my travel agent always reminds me to plan a day of relaxing for every 3 days of sightseeing. Did you go to the Louvre?,neutral
2409,13,of course! You can't go to Paris without going to their famous art gallery! I was surprised by how small the Mona Lisa was though.,neutral
2409,14,that's what everyone says! I can't wait to see it for myself some day.,joy
2435,0,What are you doing for Christmas this year?,neutral
2435,1,All my relatives are getting together at my house.,neutral
2435,2,That's great. M OST of my family is coming home too.,neutral
2435,3,Who can't make it in your family?,neutral
2435,4,My sister.She is going to her in-law's house this year.,neutral
2435,5,"That's too bad. So, what did you ask for Christmas this year?",neutral
2435,6,I asked Santa to bring me a new sweater and some computer games.,neutral
2435,7,I want some computer games also. I gave my parents a really long Christmas list.,neutral
2435,8,I hope that I get what I asked for.,neutral
2435,9,So what does your family do on Christmas Day?,neutral
2435,10,We wake up early and go to church.Then we come back home and open our gifts together. How about you?,neutral
2435,11,Our family is a little different. We go to church on Christmas Eve instead.,neutral
2437,0,"Hey, How's it going?",neutral
2437,1,Not good. I lost my wallet.,neutral
2437,2,"Oh, that's too bad. Was it stolen?",neutral
2437,3,"No, I think it came out of my pocket when I was in the taxi.",neutral
2437,4,Is there anything I can do?,neutral
2437,5,Can I borrow some money?,neutral
2437,6,"Sure, how much do you need?",neutral
2437,7,About 50 dollars.,neutral
2437,8,That's no problem.,joy
2437,9,Thanks. I'll pay you back on Friday.,joy
2437,10,That'll be fine. Here you are.,joy
2437,11,What are you going to do now?,neutral
2437,12,I'm going to buy some books and then I'm going to the gas station.,neutral
2437,13,If you wait a minute I can go with you.,joy
2437,14,OK. I'll wait for you.,joy
2484,0,I've been thinking of taking I've been thinking of taking a Crazy English course.Do you think it's a good idea,neutral
2484,1,Sure! You should do anything you can to improve your English.,neutral
2484,2,Really? Do you think English is that important?,surprise
2484,3,"Of course it is.In fact, I'll even take the course with you if you want.",neutral
2484,4,Great! It's always better to do things with a friend.,joy
2484,5,Do you have the phone number? I need to call for registration.,neutral
2484,6,"No, I left it at home.Sorry!",neutral
2484,7,That's OK. I can get it from you later.,neutral
2484,8,"So, do you want to go somewhere for dinner and practice our English together tonight?",neutral
2484,9,"All right. I know a great restaurant near here.But, it's a little expensive and I don't have much money with me.",neutral
2484,10,No problem. I just got paid.It's my treat.,neutral
2484,11,"Thank you! I'll be sure to return the favor after our first class, OK?",neutral
2484,12,"Forget it! That's what friends are for! Besides, I have a VIP card for a discount.",joy
2484,13,Good job! This is going to be a great night!,joy
2484,14,I think so too.Let's go!,joy
2486,0,Do you take a bus to and from work?,neutral
2486,1,"Yeah, everyday. And there ’ s only one choice.All the other buses are going the other direction.",neutral
2486,2,"Hmm. I have the same problem. When I leave work, it ’ s always rush hour.So the buses are always crowded.",neutral
2486,3,"Oh, yeah, it ’ s terrible. I will tell you the funniest thing I have seen in China. It ’ s when so many people try to get onto one city bus, and the last guy is squeezed in so tight that the door is tightly pressed against his butt.",disgust
2486,4,"That sounds terrible the way you describe it. But you know, not long ago I really suffered on the bus.",disgust
2486,5,What happened? Were you having a hard time getting on a bus?,neutral
2486,6,"You just can ’ t imagine! I waited for the first bus but it was too full, so I waited for the second, and it was still very crowded. Then I decided not to wait for the next one, and got on the second bus. It was so full that I had to stand on one foot! No kidding!",anger
2486,7,"Hmm. Good exercise, uh?",neutral
2486,8,"Yeah, absolutely!",neutral
2486,9,"And it ’ s so much fun. One day, the bodies were so tightly packed that some girl ’ s behind was pressed against my front. I was afraid to put my hands down for fear of accidentally groping her.",neutral
2486,10,"You were so happy, weren ’ t you?",neutral
2486,11,What do you think? I ’ m a good boy.,neutral
2520,0,Hey Matt. I just got a job at a consulting firm.,joy
2520,1,Congratulations. That's great!,joy
2520,2,I'm so happy. I don't have to worry about finding a job and interviewing anymore.,joy
2520,3,When do you start?,neutral
2520,4,I start next Monday.,neutral
2520,5,You're going to have to put in a lot of hours you know.,joy
2520,6,"I know. I'm a little nervous, but it's pretty exciting.",joy
2520,7,I bet. You must be stoked.,joy
2520,8,Yeah. I'm going to celebrate tonight. Wanna hang out?,joy
2520,9,Sure. It's on you right?,joy
2520,10,Of course. How about Toby? Should we call him?,neutral
2520,11,I don't know. He's a little depressed. He's having a hard time finding a job right now.,neutral
2520,12,"I should still tell him. In the least, I can refer him to my company. It might help.",neutral
2520,13,That sounds like a good idea.,joy
2522,0,Can I help you?,neutral
2522,1,"Yes. I am a bit confused. My sociology class is supposed to read a chapter in a book called Sociology and the Modern Age. According to the syllabus, the book is in the library, but I haven't been able to find it.",neutral
2522,2,Do you have your syllabus with you? May I see it?,neutral
2522,3,"Yes, uh... I put it in the front of my sociology notebook. Oh, here it is.",neutral
2522,4,Let me see. Oh yes. Your professor has placed this book on reserve. That means you cannot find it on the shelves in its usual place. You need to go to a special room called the reserve room. It's down the hall and to the right.,neutral
2522,5,I'm sorry - I still don't understand.,neutral
2522,6,"You see, your professor wants every one in the class to read the chapter. If one student removes the book from the library, it is likely that none of the other students will have the opportunity to read it. So, your professor has insured that all students have the opportunity to read it by placing it on reserve.",neutral
2522,7,"So, will I be able to find this book?",neutral
2522,8,"Yes, when a book is on reserve, a student can go to the reserve room and ask the reserve librarian for the book. The student can have the book for a few hours, and he or she MUST read it in the library during that time. That way, the book stays in the library, and all students have a chance to read it.",neutral
2522,9,Okay. Thank you. I understand now.,joy
2522,10,Will there be anything else?,neutral
2522,11,No! I am on my way to the reserve room. Thanks again!,joy
2524,0,How time flies!,joy
2524,1,Bill and Betty have already grown up.,joy
2524,2,I can still remember our first date.,joy
2524,3,Look at that big tree over there.,joy
2524,4,"Yeah, oh my god! It ’ s still there. We have our first date right on there.",joy
2524,5,Do you know that I fell in love with you at the first sight then?,joy
2524,6,You seemed to be dull at that time.,joy
2524,7,But you agreed to go out with me at last.,joy
2524,8,( Smile ) I can ’ t believe this for it ’ s been 20 years since we got married.,joy
2524,9,So do you feel happy now?,joy
2524,10,I couldn ’ t have been any happier!,joy
2524,11,"Of course, we are the happiest family in the world.",joy
2525,0,Good morning Mike!,neutral
2525,1,Morning Sally! What's up? you seem many hurry!,neutral
2525,2,"I am having an exam at 9 o'clock, It's already 8 thirty.",neutral
2525,3,"Don't worry, I'll drive you.",joy
2525,4,Thank you very much!,joy
2525,5,How are your cases coming along?,neutral
2525,6,"Very well, thanks, I will probably finish next week, but this is still a lot of work, I have been worked on in for six months, and i'm so closed to end. I can fill in.",joy
2525,7,"Wow, Good for you. It sounds like a lot of work. I'm proud of you! Is this the red of building?",neutral
2525,8,"Yes, It's only 8 forty. Thanks so much!",joy
2525,9,"You're welcome. Good luck, bye!",joy
2525,10,"Have a nice day, bye!",joy
2529,0,What can I do for you?,neutral
2529,1,I need a passport.,neutral
2529,2,You can apply for one here.,neutral
2529,3,When can I do that?,neutral
2529,4,"If you like, you can apply right now.",neutral
2529,5,That would be great.,joy
2529,6,I ’ m going to need you to complete this application.,neutral
2529,7,What else do I have to do?,neutral
2529,8,Then I will take your picture for your passport.,neutral
2529,9,How long will it take?,neutral
2529,10,Your passport will be ready in a few weeks.,neutral
2529,11,Thank you. That ’ s perfect timing.,joy
2544,0,hello. Where are you headed today?,neutral
2544,1,I'm off to Barcelona for a week.,neutral
2544,2,do you have your passport with you?,neutral
2544,3,"yes, here you go. I don't need a visa to go to Spain, do I?",neutral
2544,4,"fortunately for you, you don't. Next time, if you have any questions about visas, you should try to find out before you get to the airport.",neutral
2544,5,that's good advice.,neutral
2544,6,would you like a window seat or an aisle seat?,neutral
2544,7,are there any seats available by the emergency exits?,neutral
2544,8,"let me see here... yes, there's one left.",neutral
2544,9,ok. I'll take that one then.,neutral
2544,10,alright. How many pieces of luggage are you checking in?,neutral
2544,11,I like to travel light so I just have this one.,neutral
2544,12,"if that's your only piece of luggage, it is small enough to carry on with you. Would you like to do that so you don't have to wait in luggage reclaim once you arrive?",neutral
2544,13,"yes, please. That's a fantastic idea. Which gate do I need to go to?",neutral
2544,14,"you're here a bit early, so check the departure screens in the waiting area in about a half hour. Here's your boarding pass. Enjoy your flight!",joy
2550,0,"Trina, will you marry me?",joy
2550,1,"Yes! Yes! And yes! Jared, of course I ’ ll marry you!",joy
2550,2,"Oh, Babe, I can ’ t wait to spend the rest of my life with you! I can ’ t wait for all the adventures we ’ re going to have, for all the fights and the laughter. I can ’ t wait to grow old and wrinkly with you.",joy
2550,3,"Oh, Jared! I can ’ t wait for our wedding! I hope you don ’ t mind, but I ’ Ve already chosen a date! Six months from now in the summer! Melissa saw you buying the ring last month so I ’ Ve had plenty of time to start planning!",joy
2550,4,She what?,neutral
2550,5,"Oh don ’ t worry, sweetie, I didn ’ t know when you were going to propose. It was still a nice surprise! As I was saying, I ’ Ve got it all planned out. There ’ s almost nothing left to do! I wrote up our guest list and we will have roughly four hundred guests attending.",neutral
2550,6,Four hundred?,neutral
2550,7,"No need to sweat it. My parents agreed to pay for most of the wedding, which is going to be low-budget anyway. So roughly four hundred people, which means that the hall at Northwoods Heights will be our reception venue. I thought it would be nice if we had the wedding at your parents ’ church and my uncle of course would be officiating. We ’ ll meet with him soon for some pre-wedding counseling. The music for the wedding ceremony was a no-brainer. My step-sister and her string quartet will take care of that. My cousin will be the official photographer. I thought it would also be nice if his daughter could sing a solo. Did you know that she ’ s going to be a professional opera singer?",neutral
2550,8,Ah...,neutral
2550,9,"And then of course the ladies at the church would love to be our caterers for the banquet and we ’ ll get the Youth Group to serve us. I was thinking that your friend ’ s band could be our entertainment for the night. though they might have to tone it down a bit. Or we could hire a DJ. Your sister ’ s husband could get us a discount with that company that does the decor at weddings. what ’ s their name again? I was thinking that we could have an island paradise-themed wedding and our theme color would be a soothing blue like Aquamarine. And there will be a huge seashell on the wall behind the podium where we ’ ll make our toasts! What do you think of small packages of drink mixes for our wedding favors? Who else am I missing? Oh, your uncle could be our florist and his wife could make our wedding cake!",neutral
2550,10,Wow.,neutral
2550,11,See? It ’ s going to be wonderful! Oh this wedding is going to be everything I ever dreamed of.,neutral
2550,12,If I survive the next six months.,neutral
2561,0,"Mike, what are you doing tonight?",neutral
2561,1,Nothing special. I just want to get plastered.,neutral
2561,2,I don't feel like drinking tonight. I'm gonna hang out at YY's.,neutral
2561,3,"YY's? That place is boring. How about Xara's? It's real classy, and they keep the place spin and span.",neutral
2561,4,"Yeah, but it's expensive. Nah, I'm going to YY's.",neutral
2561,5,"On second thought, I think I'll join you.",neutral
2561,6,They'Ve just renovated the place. You may be surprised.,neutral
2561,7,"Wow, they really went to town on this place!",neutral
2561,8,"Quite a difference, huh?",neutral
2561,9,"Sure is. Waiter, bring us two drafts, please.",neutral
2561,10,Ah hah.Thought you were't drinking.,joy
2561,11,"When in Rome, do as the Romans do.",joy
2562,0,"Hey, Rose, how are you feeling?",joy
2562,1,Much better today.,joy
2562,2,"Oh, Look at the baby.It's so beautiful.Is it a boy or a girl?",joy
2562,3,It's a girl.,joy
2562,4,Can I hold it for a moment?,joy
2562,5,Sure.She is a peaceful child.,joy
2562,6,"Oh, how adorable! She's got your eyes.",joy
2562,7,So they say.,joy
2562,8,When are you returning home?,joy
2562,9,Well.The doctor said I have to remain here for at least two more days because I'm rather weak after childbirth.,joy
2562,10,You can use some time off.You'Ve been working too hard anyway.,joy
2573,0,"Hello. Could I speak to Justin, please?",neutral
2573,1,Speaking.,neutral
2573,2,"Oh, hi Justin. This is Karen Hepburn.We met at Chris and Jim's party.",neutral
2573,3,Of course. How're you?,neutral
2573,4,"Great. Uh, Justin, would you like to see Otis Lesley on Thursday night? He's at the Kangaroo Club.",neutral
2573,5,"I'm sorry, Karen, but I can't. I have to work late this Thursday.",neutral
2573,6,Oh... that's too bad.,neutral
2573,7,Yeah. I really like Lesley.,neutral
2573,8,"Actually, are you doing anything on Friday or Saturday? He's playing those two nights as well.",joy
2573,9,"Well, I can't make it on Friday either, but I'm free on Saturday night. What time does it start?",joy
2573,10,At eight sharp.How about meeting in front of the club at about a quarter after seven?,joy
2573,11,That sounds perfect.And let's go out for coffee after the show.,joy
2573,12,Sure!,joy
2573,13,"See you at seven fifteen, Saturday.",joy
2588,0,"Hello, let me introduce myself. I'm your neighbor. My name is Shirley.",joy
2588,1,"Hi, Shirley. I'm Sophie. It's nice to meet you.",joy
2588,2,"Nice to meet you, too.",joy
2588,3,Please come in.,neutral
2588,4,Here is a little gift for your family. It's a calendar with all the community events on it. I hope it can be helpful.,neutral
2588,5,I really appreciate it.,joy
2588,6,"Since we are neighbors, if you need any help or anything, please come to me.",neutral
2588,7,"I will. Actually, I am worried so much about the security of this community because my house has been burgled twice before.",neutral
2588,8,"Oh, don't worry about that here. There are security guards on duty 24 hours a day and they patrol all over the neighborhood. You know, they are all very strong.",neutral
2588,9,Really? That's good. Is there any supermarket in our neighborhood?,surprise
2588,10,Of course. There is a Carrefour near the neighborhood. I'll show you there if you want to.,neutral
2588,11,That's terrific!,joy
2588,12,"By the way, a party will be held for new neighbors the day after tomorrow. I hope I can see you there.",joy
2588,13,"Yeah, and we can get to know each other at the party.",joy
2591,0,Are you busy next Saturday?,neutral
2591,1,"No, why?",neutral
2591,2,"I need to get a costume for a fancy dress party, and I reply don't know what to get. Will you come shopping with me?",neutral
2591,3,Sure I like shopping. Who is organizing the party?,neutral
2591,4,One of the girls in my office.,neutral
2591,5,What's the occasion?,neutral
2591,6,There is no specie occasion. She just likes to organize parties from time to time. This time it is a country theme.,neutral
2591,7,"That's easy, how about a cowgirl? Oh I know even better, a Canadian Mountie.",joy
2591,8,Well where am I going to get that sort of costume?,neutral
2591,9,Leave it to me. I know exactly where to find it.,neutral
2591,10,Oh good.,joy
2591,11,"Excellent, come over at ten o'clock and we will start at the shopping center, the one around the corner from my house. They have just the shop we need.",joy
2606,0,"Come on, you must tell me everything about him.",neutral
2606,1,"Well, he's very tall and handsome.",joy
2606,2,Hmm...,neutral
2606,3,He has big blue eyes and long blonde hair.,joy
2606,4,"Oh, how long?",neutral
2606,5,"Down to his shoulders. It's beautiful, like gold.",joy
2606,6,OK. OK. You'd better tell me what he does.,neutral
2606,7,He's a very creative painter. His paintings sell well.,joy
2606,8,Really?,surprise
2606,9,"He's quite a patient teacher, too.",joy
2606,10,Fine.,neutral
2606,11,You're going to like him. Everybody says he's a nice guy.,joy
2635,0,Excuse me. Do you have a minute? I'd like to tell you about the Bucky Card.,neutral
2635,1,Well... alright. I guess I have a minute.,neutral
2635,2,Do you know about the Bucky Card?,neutral
2635,3,"I've heard about it, but I don't really know about it.",neutral
2635,4,"The Bucky Card is a great way for you to save money while you have a good time here at school.It gives you discounts on all kinds of things. Movies, pizza, clothing, school supplies.",neutral
2635,5,What about beer?,neutral
2635,6,"The Card doesn't actually give you discounts on beer.But it will give you discounts on certain club cover charges.So if you want to see your favorite band at Amy's or Cosmo's Club, you get a discount on the entrance fee.",neutral
2635,7,That's pretty cool. How much of a discount?,joy
2635,8,Usually it's two dollars off the cover price.,neutral
2635,9,"And all these other things, pizza and movies for instance--how much of a discount do I get on that stuff?",neutral
2635,10,This pamphlet shows you what restaurants and movie theaters have discounts.And twice every semester we will send you a new issue of the pamphlet.The Bucky Card has just started.Every couple months we have new businesses joining our program.It's a great way for students to save money!,joy
2635,11,"Alright, alright. Let me look at that pamphlet.Hmm. Alessio's Pizza Parlor. That's cool. I go there all the time.And Cosmo's Club. And 4 - D records. Alright. How much does it cost?",neutral
2635,12,It costs only 19 dollars a year for a card.,neutral
2635,13,Whoa! That's expensive! It should be cheaper.,surprise
2635,14,But think of how much money you'll save! You can use it for a year.,neutral
2635,15,"Yeah, maybe. Alright. Give me an application form.",neutral
2640,0,What's the weather like in your city?,neutral
2640,1,In the summer it gets very hot.the temperature is often between 37 and 40 centigrade.when it is hot we often get rains.the winters are drier.,neutral
2640,2,The summer temperature usually often reaches about 20 or25 in my city.the rain falls mostly in the winter.and we often get snow.,neutral
2640,3,What are the temperatures in winter? in my city it is about 15 or 20 degrees.,neutral
2640,4,In winter temperature often falls to zero at night temperature can be below that.the streets are often icing in the morning.with high such temperatures you must get some thunderstorms.,neutral
2640,5,"Yeah, we do. in the middle of summer there can be thunderstorms every day usually in the afternoon. i heard your city has a lot of fog, is that true?",neutral
2640,6,"We do have a few foggy days in winter.but i would not say we have a lot of fogs.the sky are usually clearly over your city, are they?",neutral
2640,7,"Yes, they are. like i said we have thunderstorms.but each one usually only last a few hours.then the skys are clear again.",neutral
2640,8,Have you ever had snow in your city?,neutral
2640,9,My grandmother said there was snow once when she was a child.but my parents and i only see it outside of our city.,neutral
2640,10,The river in my city sometime freeze over.people go ice-skating on it.on summer people go boating on the river.but few people go swimming because it is not very clean.,neutral
2640,11,"As you know, my city is on the coast.the water is also not clean.but people still go swimming all year around. i prefer to sand bath on the beach when the weather is hot in sunny.",neutral
2653,0,"Hello, John. How are you?",neutral
2653,1,"I'm fine, thanks. And you?",neutral
2653,2,"Very well, thanks. Nice to see you again. I haven't seen you for a long time. What have you been doing lately?",neutral
2653,3,"Oh, nothing much really. And how is everything with you?",neutral
2653,4,"Fine, thanks. I've been busy lately.",neutral
2653,5,What have you been doing?,neutral
2653,6,I've been studying for my exams. My school exams will begin next month.,neutral
2653,7,Really? Good luck for them.,surprise
2653,8,Thanks. And how are your parents?,joy
2653,9,"They're both very well, thanks.",joy
2653,10,Where are you going now?,neutral
2653,11,I'm going to do some shopping. Why don't you come with me?,joy
2653,12,I can't. I have to meet someone.,joy
2653,13,It's been nice talking to you.,joy
2653,14,Good-bye. See you again sometime.,joy
2654,0,Good evening. Welcome to our program.,neutral
2654,1,"Thank you. Good evening, Mr.Dean.",neutral
2654,2,"Would you tell us your name, please?",neutral
2654,3,I'm Helen Baker.,neutral
2654,4,"Glad to meet you, Ms.Baker.",joy
2654,5,"Glad to meet you, too.",joy
2654,6,"Where are you from, Ms.Baker?",neutral
2654,7,I'm from New Zealand.,neutral
2654,8,What do you do for a living?,neutral
2654,9,I'm a teacher.,neutral
2654,10,"Thank you for coming, Ms.baker.",joy
2655,0,"I ’ m tired, Larry. Can we have a break?",neutral
2655,1,What? You ’ re tired? But we just started about twenty minutes ago.,neutral
2655,2,"I know, but I ’ m really tired. My stomach feels funny.",neutral
2655,3,What ’ s the matter? Didn ’ t you sleep well last night?,neutral
2655,4,I was too excited to sleep last night. I didn ’ t go to sleep until quite late.,neutral
2655,5,Then when did you go to sleep?,neutral
2655,6,About 2 o ’ clock in the morning.,neutral
2655,7,When?,surprise
2655,8,About 2 o ’ clock.,neutral
2655,9,"Oh, Susie. Didn ’ t I tell you over and over again that you wouldn ’ t be able to climb the mountain unless you got enough sleep?",neutral
2655,10,"You did, but I can ’ t help it.",neutral
2655,11,This is a one-day trip. We ’ ll have to keep going and try to reach the top by noon or give up right now and go home. Which one do you choose?,neutral
2655,12,"Which one do I choose? I don ’ t want to give up, but I really feel tired.",neutral
2655,13,"So, make up your mind quickly. Whether to keep going or give up.",neutral
2655,14,Let me think about it. What should I do? I think I will not give up.,neutral
2660,0,I want to know how to buy something from this machine.,neutral
2660,1,"Yeah, the new ones can be tricky. What are you trying to buy?",neutral
2660,2,I want to buy one of those snack things.,neutral
2660,3,Are you ready to go?,neutral
2660,4,I'm clear so far.,neutral
2660,5,The money goes in the slot over there. It has to be smooth to go in.,neutral
2660,6,It won't go in!,neutral
2660,7,Just remember that you might have to feed the money in a couple of times to get it to work.,neutral
2660,8,"Yes, next step.",neutral
2660,9,Make your selection and hope for the best. Vending machines aren't all that reliable.,neutral
2660,10,They're totally unreliable.,neutral
2660,11,You seem to have it down. Have a good day!,joy
2662,0,How may I help you?,neutral
2662,1,I couldn ’ t find the book I was looking for.,neutral
2662,2,Have you checked the database?,neutral
2662,3,I checked.,neutral
2662,4,Was it on the shelf?,neutral
2662,5,"It should have been, but it wasn ’ t.",neutral
2662,6,Maybe someone took it.,neutral
2662,7,Will you be getting another copy anytime soon?,neutral
2662,8,I ’ m sure we will.,neutral
2662,9,Would you be able to reserve it for me?,neutral
2662,10,I sure will.,neutral
2662,11,Thank you very much.,joy
2672,0,is this seat taken?,neutral
2672,1,no. please sit down.,neutral
2672,2,thanks.,neutral
2672,3,are you also going to Beijing?,neutral
2672,4,"yes, on a business trip. How about you?",neutral
2672,5,I'm taking a vacation to visit a friend there. Have you ever been there before?,neutral
2672,6,"yes, I went there once last summer.",neutral
2672,7,really? What did you think?,neutral
2672,8,I think it is amazing. You can enjoy both the traditional Chinese culture as well as the vitality of a modern cosmopolitan city. The only thing I didn't enjoy was the subway.,neutral
2672,9,was it that crowded?,neutral
2672,10,"yes. There were always so many people. After taking the subway during the rush hour, you ’ ll envy sardines in their cans.",neutral
2672,11,"oh, maybe I can take the bus or even rent a car.",neutral
2672,12,that's a good idea. Wish you a great vacation!,joy
2672,13,thank you very much!,joy
2681,0,"Good afternoon, would you mind if I sit here?",neutral
2681,1,Of course not.,neutral
2681,2,I ’ m Jack. What ’ s your name?,neutral
2681,3,Laura.,neutral
2681,4,Do you like this place?,neutral
2681,5,I don ’ t think it ’ s very nice. And my father doesn ’ t like it. But my mother likes it very much. So we often come here.,neutral
2681,6,How often?,neutral
2681,7,"Well, we come here almost every month.",neutral
2681,8,Who ’ s that?,neutral
2681,9,It ’ s my mother. She ’ s fond of swimming. And the man beside her is my father.,neutral
2681,10,Do you like swimming?,neutral
2681,11,"No, I hate swimming. I prefer playing tennis.",neutral
2688,0,"Excuse me, Professor. I think there might be an error in my test score.",neutral
2688,1,Sure. Do you think that the total is wrong or that you got something marked wrong that should have been marked right?,neutral
2688,2,I think that the percentage is incorrect.,neutral
2688,3,Let's just go over all of it to double-check.,neutral
2688,4,"Sure, let's do it.",neutral
2688,5,Here is the answer sheet. Do you see a place where I marked something wrong that should have been right?,neutral
2688,6,I don't see any mistakes.,neutral
2688,7,"OK, now that we've gotten those straightened out, let's total the score.",neutral
2688,8,"Yes, let's total it.",neutral
2688,9,"Well, if I total that like this and divide by this number, I get this total. Do you agree?",neutral
2688,10,"Yes, you're right.",neutral
2688,11,"Well then, we are all straight. Have a good day and thanks for bringing that to my attention.",joy
2717,0,I can ’ t believe my English teacher is making me read pride and prejudice!,surprise
2717,1,"Why not! It ’ s a classic ; in fact, it ’ s one of my favorite novels.",surprise
2717,2,But it ’ s so old.,neutral
2717,3,Don ’ t judge a book by its cover. Do you Kwon what it ’ s about?,neutral
2717,4,"No, not at all.",neutral
2717,5,"First of all, it ’ s a romance novel, set in the early 19th century.",neutral
2717,6,I didn ’ t realize it was a romance novel. What ’ s the main storyline?,neutral
2717,7,It ’ s basically about a father who tried to marry off one of his five girls.,neutral
2717,8,Why does he want to do that?,neutral
2717,9,"Since he doesn ’ t have a son, he hopes that one of the girls will marry a wealthy man. That way, all of his daughters will be cared for.",neutral
2717,10,Won ’ t they get his inheritance?,neutral
2717,11,"No, that ’ s the problem. Though they are well-off, once he dies, his house will go to his cousin. So, when he dies, the girls will have nothing.",neutral
2717,12,I see. This sounds interesting! Maybe my teacher isn ’ t so horrible after all.,joy
2717,13,"So, are you going to read the novel or watch the movie?",neutral
2717,14,There ’ s movie? My teacher didn ’ t tell me that!,surprise
2717,15,That ’ s probably because she wants you to read the book first.,neutral
2717,16,It would take a lot less time..,neutral
2717,17,How about this. When you finish the book. I ’ ll get the movie and watch it with you.,neutral
2717,18,Ok. That sounds like a deal.,joy
2724,0,just don't understand why we have to take the subway. Look at this place. It's modern enough. But it's far from lively.,neutral
2724,1,It's convenient. People in network go everywhere by subway if they don't drive.,neutral
2724,2,"This isn't network, Frida. We are in San Francisco.",neutral
2724,3,What's the difference?,neutral
2724,4,We haven't come here in business but for pleasure. We should go out exciting. What can you see in the subway? Nothing!,neutral
2724,5,What can you see from a tram or a double-decker?,neutral
2724,6,I can see people who are walking on the sidewalk. I can see cars driving on the streets. I can see the sun shining and beautiful flowers dancing in the wind. I can even smell the scent of flowers and the freshness of the air.,neutral
2724,7,But they are not as convenient as the subway.,neutral
2724,8,You miss the point! We are not in a hurry to go anywhere.,neutral
2724,9,"Well, maybe you are right. We'll be more amused in a tram or a double-decker than on the subway.",joy
2724,10,I'm so glad you can finally see things in my way. Can we leave this dull place now?,joy
2724,11,What about the tickets? I've already bought them.,neutral
2724,12,Just throw them away!,neutral
2747,0,Do you have any plans for tomorrow night?,neutral
2747,1,Not really. I wasn thinking of maybe going to a movie. Do you want to go with me?,neutral
2747,2,Sure. What movies were you thinking about going to?,neutral
2747,3,Have you heard of Hot Fuzz?,neutral
2747,4,Yes. Isn't the director of that movie the same guy who directed Shaun of the Dead?,neutral
2747,5,That's the one. It's an actioncomedy. What do you think?,neutral
2747,6,"To be honest, I didn't really like Shaun of the Dead. Besides, I like movies with a happy ending best.",neutral
2747,7,What do you have in mind?,neutral
2747,8,"I was thinking of seeing You, Me and Dupree. It's a typical Hollywood blockbuster.",neutral
2747,9,Isn't that the chick flick with Kate Hudson and Owen Wilson?,neutral
2747,10,"Yeah, I suppose you wouldn't want to see that, huh?",neutral
2747,11,Not really. Do you like biographical / drama films?,neutral
2747,12,It depends on who the film is about. Which movie did you have in mind?,neutral
2747,13,Anne Hathaway is in a new movie called Becoming Jane which is based on a true story about Jane Austen.,neutral
2747,14,That sounds fantastic! What time is it playing?,joy
2747,15,"It's on at 8 pm at the Phoenix Theatres. I have a membership there, so I can book the tickets ahead of time.",neutral
2747,16,Great. Shall I meet you there around 7 forty-five tomorrow night?,joy
2747,17,Sounds good. I'll see you then!,joy
2773,0,"I tried to ask the bank teller why it changed, but she didn't speak English well enough.So I decided to go to the magazine shop. The one around the corner.And I bought an American newspaper.",neutral
2773,1,What happened?,neutral
2773,2,It seems that yesterday the Mexican government declared wouldn't pay back the loans it got from the World Bank.The government declared a default on the loans.,neutral
2773,3,That's serious.,neutral
2773,4,"I know. The economy here is having serious problems.But because the government declared a default, the currency value went way down.",neutral
2773,5,So now Mexican pesos are worth about half as much.,neutral
2773,6,"Yes, it's an amazing drop.",neutral
2773,7,Wow. I feel sorry for the Mexicans. But it's good for us.,neutral
2773,8,"Yes, it's very good. We suddenly have twice as much money to spend here.Our hotel is now half as expensive as when we got here! Isn't that strange?",neutral
2773,9,"Yes, and you know what?",neutral
2773,10,What?,neutral
2773,11,"I don't really like this hotel that much.So tonight, now that we are so rich, tonight why don't we stay in the most expensive hotel in town?",joy
2773,12,Why not? We should do it. Because now we can afford it.,joy
2783,0,What do you think of the way people use and treat animals?,neutral
2783,1,"I think most people treat animals well, but we are often cruel to animals. When we raise animals for food, the conditions they live in are often poor.",neutral
2783,2,Perhaps people should stop eating animals. We could grow more crops.,neutral
2783,3,"What would you do with all the animals? You couldn ’ t just let them go. Besides, some people would still hunt them. Meat has become an integral part of our diet.",neutral
2783,4,We could provide them with better conditions anyway. We should certainly try to improve the conditions at zoos. We should try to recreate the natural conditions as much as possible.,neutral
2783,5,"That ’ s true. I think zoo are a good idea, because they allow people to get close to animals. I think it ’ s good for kids to see wild animals.",neutral
2783,6,I agree. I ’ m an adult and I love going to the zoo. I don ’ t like animals experiments though. I believe that we can do tests in other ways.,neutral
2783,7,I read that the number of animals being used in experiments is falling dramatically as new techniques are being introduced.,neutral
2783,8,That ’ s good news. The good thing is that most people treat their pets well.,neutral
2783,9,"Sometimes you read about people who have been cruel to pets or other animals, but those stories are rare.",neutral
2783,10,Have you every given money to any of the charities that take care of animals.,neutral
2783,11,"Yes, I have. They do an excellent job.",neutral
2803,0,"Hey, that's a really nice outfit you have on.",joy
2803,1,Thank you. I wasn't sure if it looked okay or not.,joy
2803,2,"Oh, you look stunning. Your dress really goes well with your shoes.",joy
2803,3,I'm glad that you think so. I thought it might be a bit too revealing.,joy
2803,4,"No, not at all. It looks really classy on you. Where did you pick that up?",joy
2803,5,I got it on sale down at the department store.,neutral
2803,6,When did you go there?,neutral
2803,7,"I was just there a couple of days ago. You know, you should go down there too. They have a lot of stylish clothes on sale.",neutral
2803,8,I might just do that. What style of clothes do they have?,neutral
2803,9,Anything you want. They have both casual and formal styles.,neutral
2803,10,I was hoping to get a few new ties for my collection.,neutral
2803,11,That's a good idea.,joy
2817,0,What's the bonus like at your company?,neutral
2817,1,"Well, it's OK, I suppose. We get about the equivalent of six months'salary.",neutral
2817,2,Six months'salary? Are you serious? That's incredible!,surprise
2817,3,Maybe. But you'd be amazed at how little's left after the credit companies have deducted their share from my account.,neutral
2817,4,"Hey, I know what that's like. I bought a BMW on my Visa card. Now the payments really hurt.",neutral
2817,5,"Well, you're lucky that you're still able to make your payments. I missed a credit payment last month. Now my bank account's overdrawn, and the company is threatening to take back my purchases.",neutral
2817,6,What did you buy?,neutral
2817,7,A new home health monitor.,neutral
2817,8,"Health Monitor? I read an article about that racket.They're overpriced to begin with! Listen, if I were you, I'd let them take back their monitor and spend my money on something more practical.",surprise
2817,9,You're kidding!,surprise
2817,10,No joke!,neutral
2817,11,That's something else! Maybe I'll return it to them.,neutral
2826,0,Sarah. You look terrible. What's wrong?,neutral
2826,1,My grandmother just passed away.,sadness
2826,2,I'm so sorry to hear that. When did this happen?,neutral
2826,3,A couple of days ago. I just go back from the funeral.,sadness
2826,4,Is there anything I can do?,neutral
2826,5,No... not really. The sad thing is that I wasn't there when she died. I really wanted to be there one last time.,sadness
2826,6,I'm sure she knew you loved her. Did she pass away in the hospital?,neutral
2826,7,Yeah. She died in her sleep.,neutral
2826,8,I'm sorry she's gone.,neutral
2826,9,At least she didn't suffer.,neutral
2826,10,I think your grandmother would want you to think of all the good times you spent together.,neutral
2826,11,I know. But I miss her.,neutral
2826,12,"When my grandmother passed away, I frequently visited her in the cemetery. I always talked to her. Even though she wasn't there, I somehow knew she heard what I said.",neutral
2826,13,Yeah? That's what I was thinking too. Thanks.,joy
2826,14,It looks like you haven't eaten anything all day. We should get you something to eat.,neutral
2826,15,You're right... I should eat something. Let's go.,joy
2863,0,"Hey Sarah, are you all right? You look upset.",neutral
2863,1,"As a matter of fact, I am a bit upset. I just came out of a meeting and it didn't go very well.",sadness
2863,2,What happened?,neutral
2863,3,"No one would listen to any of my suggestions. Instead, they just kept arguing with each other.",neutral
2863,4,Who was chairing the meeting?,neutral
2863,5,Bob.,neutral
2863,6,"Well, I can tell you from experience that Bob might come off a little strong sometimes.",neutral
2863,7,That's exactly what happened! He kept interrupting everyone with his own suggestions and did not want to hear what others had to say. Then he expected everyone to agree with him.,neutral
2863,8,What was the meeting about?,neutral
2863,9,We were trying to come up with ideas to streamline the office's workflow to make it more efficient.,neutral
2863,10,It's ironic that the meeting was anything but efficient.,neutral
2863,11,"Exactly. I had tons of ideas that I wanted to share, but they just wouldn't let me finish. What should I have done to get my point across?",neutral
2863,12,"You have to keep things short and sweet. When you get a chance to speak, try not to get into too many unnecessary details.",neutral
2863,13,Short and sweet? But what if I have to explain something complicated?,neutral
2863,14,You can always bring up the main points during the meeting and speak to those who are directly involved after the meeting. Not everyone needs to know all that information.,neutral
2863,15,"That's a good idea, I think I will try that at the next meeting.",joy
2930,0,Good morning. Mrs.Smith.,neutral
2930,1,"Good morning! Can you help me, please? I'm looking for some books for my mother.",neutral
2930,2,"Well, what kind of books does she like?",neutral
2930,3,She's very fond of detective stories?,neutral
2930,4,I see. Has she read any detective stories?,neutral
2930,5,"Oh, yes!",neutral
2930,6,Do you know if she's read this one?,neutral
2930,7,"I'm not sure, but she probably won't remember if she has! She's very forgetful!",neutral
2930,8,Ah! She has a bad memory. How old is she?,neutral
2930,9,She's eighty-seven.,neutral
2930,10,I suggest you take this book. It's very exciting.,joy
2930,11,Thank you. That's a good idea.she likes exciting books. Can you suggest another one?,joy
2950,0,Do you like plum blossoms?,neutral
2950,1,Certainly. I prefer the winter and I love plum blossoms much more.,neutral
2950,2,It's snowing heavily. What about taking a walk?,joy
2950,3,Seeking plum blossoms with stepping on the snow? That's a good idea. Let's go!,joy
2950,4,What a heavy snow!,neutral
2950,5,Take care! Don't slip down to the ground.,neutral
2950,6,I've got it. I like the sound of stepping on the snow very much.,neutral
2950,7,Yes. Very wonderful.,joy
2950,8,Do you smell the sweet scent?,joy
2950,9,Yes. It should be the fragrance of plum blossoms.,joy
2950,10,The fragrance of plum blossoms comes from the hard coldness.,joy
2968,0,"Hi, Larry, how was your weekend?",neutral
2968,1,Not bad. We had a get-together with friends from college. I haven't seen many of them since graduation. How about you?,neutral
2968,2,"Great. I hung out with Jo all day shopping, and the went out for dinner together.",joy
2968,3,Sounds a good weekend. You know it always amazes me that two people as different as you and Jo can become such close friends.,joy
2968,4,"Yeah, I never thought we could be good friends either. We have our differences. She's more outgoing and active while I am more quiet and reversed, but we still get along extremely well. We can talk for hours about anything.",joy
2968,5,That's great. I know people who can't stand each other for even five minutes.,joy
2968,6,"When Jo and I are together, we argue a lot, but that's also part of the fun. Besides, I know she will always be there for me when I need her, and she knows I'll be there for her.",joy
2968,7,It seems you two bring out the best of one another.,joy
2968,8,Exactly. Having Jo as my friend is one of the best things that's ever happened to me.,joy
2968,9,"Yeah, you are so lucky to have found each other.",joy
2968,10,"Thanks, I think so too.",joy
2987,0,What is the movie you saw last night?,neutral
2987,1,"It is a new film,'Transformer'.",neutral
2987,2,How do you like it?,neutral
2987,3,"I expected too high from that movie, but I was a bit disappointed about it.",neutral
2987,4,But I heard the box office rose up to 15 million in the first week.,neutral
2987,5,Box office can't explain everything. I do not think it is cheerful or well-made. The plot is old and the female character is not pretty.,neutral
2987,6,"My sister has given me two tickets for tonight. It is called'The life of Rose', a French movie.",neutral
2987,7,What's it about?,neutral
2987,8,It tells the lifetime of a lady singer from a beggar in the street to a famous singer in the world. It is a kind of tragedy.,neutral
2987,9,I prefer the tragedy. It is moving and makes me ponder about my life.,neutral
2987,10,Let's go. The time is coming.,joy
2987,11,We can buy the popcorn before entering the cinema.,joy
2991,0,Do you like music?,neutral
2991,1,"Well, it depends.",neutral
2991,2,Do you think the music is well-matched?,neutral
2991,3,"No, I think the music is too fast.",neutral
2991,4,How about the words of the song?,neutral
2991,5,It sounds nice.,neutral
2991,6,I like it. Naturally it can arouse your feelings.,joy
2991,7,"Yes, I think so. It's very emotional.",joy
2991,8,"Of course, and I also like the rhythms.",joy
2991,9,Full of energy and hope.,joy
2991,10,Really. It's worth listening to and enjoying.,joy
2991,11,Certainly it is. It's worth an Academy Award.,joy
3008,0,I'm going over to the gym. I want to do some running.,neutral
3008,1,Why don't you run outside?,neutral
3008,2,Are you kidding? Do you know how cold it is today?,neutral
3008,3,"Yeah, I suppose. I guess it isn't healthy to run in this weather.",neutral
3008,4,"No, it's not. Not at all. I'd probably freeze my lungs.",neutral
3008,5,Wait for me a minute. I'll go over to the gym too.,neutral
3008,6,You?,neutral
3008,7,"Yes, why not? Just let me get my gym clothes together.",neutral
3008,8,I didn't know you could exercise.,neutral
3008,9,What do you mean by that? Everyone can exercise!,neutral
3008,10,"Yeah, I know. But you? I always thought you were only good at lifting beer bottles to your mouth.",neutral
3008,11,"No, not at all. I was on the swimming team in high school.And I'd like to do some weight training. They have decent equipment at that gym.",neutral
3008,12,You're going to lift weights? Hah!,neutral
3008,13,Are you laughing at me?,neutral
3008,14,I'm sorry. I just can't imagine you lifting weights.,neutral
3008,15,Maybe not. But I want to start. I need to get in shape. I feel these past couple months that my energy is low.,neutral
3008,16,"It's true. If a person doesn't exercise, they get sluggish.That's why I keep running. Even in the winter.",neutral
3008,17,So I need to do something too.,neutral
3008,18,But lifting weights isn't the best thing.You should do some kind of aerobic exercise.,neutral
3008,19,"I know. But I want to start today with a little weight lifting.Then I'm going to buy a new swimming suit and goggles, and every other day I'm going to go swim laps in the pool. How does that sound?",neutral
3008,20,It sounds like a good plan to me. I'm still... I mean...,neutral
3008,21,What?,neutral
3008,22,I'm still just surprised you really want to do it.It doesn't seem to go with your character.,neutral
3023,0,did you get my email?,neutral
3023,1,I certainly did. Do you want to come in and give me some feedback about your weekend?,neutral
3023,2,sure.,neutral
3023,3,how did the business trip go?,neutral
3023,4,"well, to be honest, nothing is more stressful than going on a business trip with our boss.",disgust
3023,5,"I understand. The last time I went on a business trip with the boss, I didn't even have enough to eat!",neutral
3023,6,I also think the company is pretty cheap with travel expenses. I spent half of the weekend on a train! Surely they could have afforded to buy a few plane tickets!,neutral
3023,7,our company is quite conscious of the environmental problems that frequent flying causes.,neutral
3023,8,"I see. Well, then perhaps they could give me a few days off after a business trip. It was really tiring for me.",neutral
3023,9,I can ask the boss about giving you the day off today.,joy
3023,10,thank you. I can't imagine getting much done today. I'm just too exhausted!,joy
3023,11,no problem. Did you bring any gifts back for your department?,joy
3023,12,"no, should I have?",neutral
3024,0,Hello!,neutral
3024,1,Is that the box-office?,neutral
3024,2,Yes.,neutral
3024,3,"I'd like to book two tickets for the film'Jane Eyre'for this evening, please.",neutral
3024,4,"Just a minute please. Oh, I'm sorry, all the tickets for tonight have been sold out.",neutral
3024,5,What a pity! How about tomorrow evening?,neutral
3024,6,"Oh, you're lucky, there are just two tickets left. Do you want to take them?",joy
3024,7,"Wonderful, I'll take them.",joy
3024,8,"OK, your name and telephone number please.",neutral
3024,9,Wang Min. Telephone number is 13811658. Can I pick the tickets this afternoon?,neutral
3024,10,"Yes, of course.",joy
3024,11,Thank you very much.,joy
3071,0,I can ’ t believe my English teacher is making me read pride and prejudice!,surprise
3071,1,"Why not! It ’ s a classic. In fact, it ’ s one of my favorite novels.",neutral
3071,2,But it ’ s so old.,neutral
3071,3,Don ’ t judge a book by its cover. Do you Kwon what it ’ s about?,neutral
3071,4,"No, not at all.",neutral
3071,5,"First of all, it ’ s a romance novel, set in the early 19th century.",neutral
3071,6,I didn ’ t realize it was a romance novel. What ’ s the main storyline?,neutral
3071,7,It ’ s basically about a father who tried to marry off one of his five girls.,neutral
3071,8,Why does he want to do that?,neutral
3071,9,"Since he doesn ’ t have a son, he hopes that one of the girls will marry a wealthy man. That way, all of his daughters will be cared for.",neutral
3071,10,Won ’ t they get his inheritance?,neutral
3071,11,"No, that ’ s the problem. Though they are well-off, once he dies, his house will go to his cousin. So, when he dies, the girls will have nothing.",neutral
3071,12,I see. This sounds interesting! Maybe my teacher isn ’ t so horrible after all.,joy
3071,13,"So, are you going to read the novel or watch the movie?",neutral
3071,14,There ’ s movie? My teacher didn ’ t tell me that!,surprise
3071,15,That ’ s probably because she wants you to read the book first.,neutral
3071,16,It would take a lot less time...,neutral
3071,17,How about this. When you finish the book. I ’ ll get the movie and watch it with you.,neutral
3071,18,Ok. That sounds like a deal.,joy
3098,0,"Hello, I'm Jack. Are you Christina?",neutral
3098,1,"Yes I am. Nice to meet you, Jack.",neutral
3098,2,"Are you from Italy, Christina?",neutral
3098,3,"No, I am German. I live in Munich.",neutral
3098,4,"Really, I went to Munich last week.",surprise
3098,5,And did you like it?,neutral
3098,6,"Oh, yes. It is a fantastic city. And I like German food as well.",joy
3098,7,"And where are you from, Jack?",neutral
3098,8,I am from California in the United States. But I am now studying in England.,neutral
3098,9,What are you studying?,neutral
3098,10,I am studying languages. This year I am doing German and Italian.,neutral
3098,11,"Oh, excellent. Why don't we talk in German for a while then?",joy
3103,0,"Mary, how was your date with john?",neutral
3103,1,It's ok. It seems we have a lot in common.,neutral
3103,2,"Oh, really. That is great news. What does he look like?",surprise
3103,3,"He is tall and slim, fair-haired.",neutral
3103,4,Sounds like he is pretty cute. What do you think of him?,joy
3103,5,He is a nice guy and very considerate. I was impressed with how smart he was and he has a great sense of humor.,neutral
3103,6,"Oh, it's love at first sight. When will you see each other again?",neutral
3103,7,"He didn't say, but he said he would call me.",neutral
3103,8,Maybe he is busy with his work. Just wait and try not to think about it too much!,neutral
3103,9,"Oh, steve. Stop it! I am a bit nervous! What if he doesn't call?",neutral
3103,10,"Come on, Mary, you're a total catch. I bet he will call you. Don't worry.",joy
3103,11,"Thank you, Steve. You're always so encouraging.",joy
3103,12,That's what friends are for.,joy
3132,0,"Hey John, did you register for classes yet?",neutral
3132,1,I register this Friday.,neutral
3132,2,What classes do you plan on taking?,neutral
3132,3,"I really want to take the communication class, but I don't know if it will be available.",neutral
3132,4,Is that class really that popular?,neutral
3132,5,"Yeah. I tried to get in last semester, but it was full by the time I registered.",neutral
3132,6,What other classes are you going to take?,neutral
3132,7,"I still need to take English 201, but I really don't like writing.",neutral
3132,8,"I took that class already. There is a lot of writing, but it's not that bad.",neutral
3132,9,Oh really? Who was the instructor? There are like 4 different instructors to choose from.,surprise
3132,10,I had Professor Mahoney.,neutral
3132,11,Is he an easy grader?,neutral
3132,12,"I'm not sure if he is or not, but I thought he was definitely fair.",neutral
3132,13,Do you mind if I ask you what you got?,neutral
3132,14,Not at all. I got a 3.8.,neutral
3132,15,"Well, what did you get in English 101 last year?",neutral
3132,16,I got a 4.0 in that class.,neutral
3132,17,"Well, I can't compare to you. I got a 3.1 in English 101. That means if you got a lower grade in English 201, it must be harder.",neutral
3132,18,"It's not what it appears. I actually tried harder in the 101 class. If I put as much effort into the 201 class, I would have received the same grade.",neutral
3132,19,Oh. That helps. Thanks.,neutral
3149,0,What sport do you like the most?,neutral
3149,1,I like baseball the best.,neutral
3149,2,Me too. Did you play when you were a kid?,neutral
3149,3,Yeah. I played until I graduated from high school.,neutral
3149,4,What position did you play?,neutral
3149,5,"I think I tried every position, but the last few years, I played third base.",neutral
3149,6,I hate third base. It's scary when the ball is coming at you so fast.,neutral
3149,7,"It was scary at first, but after awhile, I got used to it. If you have fast reflexes, then it's not really a problem. What position did you play?",neutral
3149,8,I played outfield. I hated the infield because I never figured out all the bounces.,neutral
3149,9,"I wish I could play again, but there isn't much opportunities around here.",neutral
3149,10,"I'm on a softball league. It's not fast pitch, but it's still fun. You wanna join our group?",joy
3149,11,When do you guys play?,neutral
3149,12,We play either Tuesdays or Thursdays.,neutral
3149,13,Sounds pretty fun. I'll come out and join you next time.,joy
3168,0,What can I do for you?,neutral
3168,1,"I was looking for a book, but I couldn ’ t find it.",neutral
3168,2,Did you check our database to see if it was on the shelf?,neutral
3168,3,I already did.,neutral
3168,4,Is it on the shelf?,neutral
3168,5,I didn ’ t see it.,neutral
3168,6,Apparently somebody took that book out of the library.,neutral
3168,7,Will you ever get another copy?,neutral
3168,8,We will definitely be getting another.,neutral
3168,9,Could you please reserve it for me?,neutral
3168,10,That won ’ t be a problem.,neutral
3168,11,Thanks. I really appreciate that.,joy
3185,0,Do you like traveling?,neutral
3185,1,"Yes, I've just come back from Scotland.",neutral
3185,2,Where did you visit?,neutral
3185,3,I only had time to visit Edinburgh.,neutral
3185,4,How did you like it?,neutral
3185,5,It's fantastic.,joy
3185,6,Why did you go there?,neutral
3185,7,I went there on business.,neutral
3185,8,And do you have friends there?,neutral
3185,9,"Yes, a lot of friends.",joy
3185,10,You must have enjoyed yourself.,joy
3185,11,"Yes, and I look many pictures.",joy
3204,0,"Hi, my name is Ted, what ’ s yours?",neutral
3204,1,What?,neutral
3204,2,"I said, I ’ m Ted, who are you?",neutral
3204,3,"Huh? Oh, my name is Laura.",neutral
3204,4,"Do you somewhere often, Laura?",neutral
3204,5,"Huh? I can ’ t hear you, the music ’ s too loud.",neutral
3204,6,"Let ’ s go outside and talk. So Laura, do you come here often?",neutral
3204,7,"Hold on, my ears are still ringing from the music... what was it you asked me?",neutral
3204,8,I asked if you come here often.,neutral
3204,9,"Sometimes, usually once every few weeks. Do you?",neutral
3204,10,"No, this is my first time here.",neutral
3204,11,"I usually come with a group of friends. We dance a little, have a few drinks, and just have a good time.",neutral
3204,12,"Yeah, that ’ s why I ’ m here. My friends dragged me here, because they think I spend too much time studying.",neutral
3204,13,"That ’ s good. It ’ s good to hit the books, but you need to get out once in a while.",neutral
3204,14,"I guess so. But the music is too loud. I don ’ t mind getting out and meeting people, but next time I ’ ll do it in a park.",neutral
3216,0,Would you talk to me about taking one of Dr. Miller's classes?,neutral
3216,1,Yes. Have you ever been in one of his classes?,neutral
3216,2,I'm thinking about taking his class next semester.,neutral
3216,3,He was a very easy teacher. Are you thinking of taking a class with him?,neutral
3216,4,"I'm not sure because I really need to learn something, but I also worry about grades.",neutral
3216,5,"Grades are important, but don't you think that gaining the knowledge is important, too?",neutral
3216,6,I really need to learn this stuff.,joy
3216,7,He made everything so interesting that the time just flew by. Do you know what I mean?,neutral
3216,8,"Yes, that sounds right for me.",joy
3216,9,Did you know that he came here last year after 10 years in the military?,neutral
3216,10,"Yeah, I already knew that. That could be a good thing.",joy
3216,11,I think you know that you have to make the best decision for you. Enjoy your year!,joy
3235,0,Good afternoon.,neutral
3235,1,My goodness! It ’ s the afternoon? Doesn ’ t the time fly! Do come in and sit down.,surprise
3235,2,Thank you.,neutral
3235,3,What ’ s the time? My watch has stopped.,neutral
3235,4,It ’ s half past twelve.,neutral
3235,5,When do you have lunch?,neutral
3235,6,From one to two.,neutral
3235,7,What do you normally eat?,neutral
3235,8,We usually go to the cafeteria.,neutral
3235,9,"Oh, it ’ s time to have lunch now.",neutral
3235,10,let ’ s go together.,joy
3267,0,Which service offered by your bank do you use most?,neutral
3267,1,"I use several services. Of course, I deposit and withdraw money quite often. I often use my ATM card to take money out of my current account. I use my bank to exchange money from once currency to another. I often travel abroad, you see.",neutral
3267,2,Do you ever ask you bank for traveller ’ s cheques? They are much safer than carrying lots of cash around.,neutral
3267,3,"I sometimes use traveller ’ s cheques, but sometimes I travel to countries where they are hard to exchange for cash.",neutral
3267,4,Do you use your bank to pay your utility bills? I use direct debit.,neutral
3267,5,"Yes, I do. It save me a lot of time. I also have standing orders for my subscriptions to magazines.",neutral
3267,6,That ’ s good idea. You don ’ t need to worry about missing an issue of a magazine if you do that. I suppose you have a mortgage too.,joy
3267,7,Yes. My bank offers very good terms and conditions on mortgage. There ’ s a lot of competition between banks nowadays. Each one is trying to offer better conditions and services than the others.,neutral
3267,8,"I have a deposit account with my bank. There are some restrictions on withdrawing money, but the interest rate is much higher.",neutral
3267,9,I don ’ t have one. I prefer to buy shares. My bank also provides a share trading service. It ’ s cheap and easy to use.,neutral
3267,10,That ’ s great. But I prefer to put my money somewhere where the returns are more certain.,joy
3285,0,"Hi, Ben. Here are the top ten of this week's top chart.",neutral
3285,1,"Oh, great!",joy
3285,2,Which is your favorite in this ten?,neutral
3285,3,I like No. 4.,neutral
3285,4,You mean Sweet Heart.,neutral
3285,5,"Yes. In fact, I think it's much better than this week's No. 1.",neutral
3285,6,What do you think about Cold Wind?,neutral
3285,7,"I like it as well, but I don't think it's as good as Sweet Heart.",neutral
3285,8,So No. 4 is your favorite. Which one don't you like?,neutral
3285,9,Well. I don't like Your Lips very much.,neutral
3285,10,Why?,neutral
3285,11,"I think it's too slow makes me sleepy. In fact, it's the worst in this week ’ s top ten, if you ask me.",neutral
3285,12,Really? But it's my favorite.,surprise
3297,0,"excuse me, is this the way to the Greta Wall?",neutral
3297,1,"oh, it is really far from here. You ’ re going in the wrong direction actually.",neutral
3297,2,I must have taken a wrong turn.,neutral
3297,3,"it doesn ’ t matter. Go back the way you came. After about five kilometers, you ’ ll see a hotel on the side of the road. It ’ s a big one. You can ’ t miss it.",neutral
3297,4,and then?,neutral
3297,5,"take the next right. Drive about one click further, and you ’ ll see the entrance of the highway to the Great Wall.",neutral
3297,6,thanks a lot.,joy
3297,7,you ’ re welcome.,neutral
3297,8,"by the way, how long does it take?",neutral
3297,9,"without traffic, it takes about an hour.",neutral
3297,10,I heard the Great Wall closes early in the afternoon. Do you think I can make it before closing?,neutral
3297,11,"yes, I think so. It doesn ’ t close until 5 o ’ clock. You still have plenty of time.",neutral
3297,12,great! Thank you!,joy
3297,13,"my pleasure, and have a good time!",joy
3298,0,"Hello, Deva, how are you?",neutral
3298,1,Can't complain. What about you?,neutral
3298,2,Not bad. Have you heard Wendy divorced her husband?,neutral
3298,3,I've heard. She looks quite depressed.,neutral
3298,4,Yes. They used to be joined at the hip.,neutral
3298,5,I heard they were just married for 5 months.,neutral
3298,6,"Yes, she said they couldn't communicate well with each other and they often argued over trivial things.",neutral
3298,7,Yeah. Mixed marriage is tempting but crisis-ridden.,neutral
3298,8,"You said it. You know, they fall in love at first sight and quickly jumped into marriage.",neutral
3298,9,Maybe they were just attracted to each other but too different to be married.,neutral
3298,10,Yeah. We Chinese have quite different lifestyles and values from foreigners.,neutral
3298,11,Definitely. That's why many cross-cultural marriages end in divorce.,neutral
3298,12,We've heard so much about Chinese film stars divorcing foreigners.,neutral
3298,13,That's true.Just hope Wendy can recover from the pain of divorce soon.,neutral
3303,0,I would love to be famous and have thousands of adoring fans.,neutral
3303,1,Really? I ’ m not sure that I would like all the attention. There have been numerous cases of paparazzi interfering with star ’ s private live in recent years.,surprise
3303,2,"I love being photographed! If I were famous, I ’ d do interviews for all the top magazines, like cosmo and elle.",neutral
3303,3,"I wouldn ’ t mind having my photo taken a few times or being interviewed once or twice, but it would get tedious after a while. Imagine the things the gossip columnists would write about you.",neutral
3303,4,No-one really believes gossip columnists.,neutral
3303,5,"I think you ’ ll find that many people believe what they read in gossip columns. You ’ d also have to be very careful about every word you said. If you appeared on a chat show and said something silly, it",neutral
3303,6,"I think you ’ re right about that. I ’ d need a good manager to be my spokesperson. I could do a lot of charity work, which would help a lot of people.",neutral
3303,7,That ’ s a great idea. Which charities would you support?,joy
3303,8,"I love children, as you know, so probably a children ’ s charity.",neutral
3303,9,"You ’ d have to remember that anything you said or did might reflect on the charity, so you ’ d really need to be very careful. Anyway, I ’ d be the first to buy your posters and I ’ d attend your first book -",neutral
3303,10,"Thanks, but actually I was hoping I could ask you to write my biography.",joy
3317,0,Where is Pamela?,neutral
3317,1,Is she coming?,neutral
3317,2,She told me she'd be here.,neutral
3317,3,They are announcing your flight. You'd better board the plane.,neutral
3317,4,Are you rushing me?,neutral
3317,5,"I am just reminding you about the time. You don't want to miss the plane, do you?",neutral
3317,6,I know what I am doing. Don't worry. Can you do me a favor?,neutral
3317,7,Name it and I'll do it for you.,neutral
3317,8,Take care of Pamela when I am away. She is a nice girl. I don't want her to get hurt or anything.,neutral
3317,9,I've got it.,neutral
3317,10,Thank you. Now I see that you are my true friend. Most of my so-called friends left me at the moment my company went bankrupt. You are the only one who has stood by me the whole time.,joy
3317,11,I am just doing what I think I should do.,joy
3317,12,Thank you for being a friend of mine.,joy
3317,13,"This isn't like you... Well, I hope you will have a nice flight and a successful start in business.",joy
3317,14,"Thank you. I have to leave now. If you see Pamela, tell her I'll write to her.",neutral
3382,0,Is my hair done yet?,neutral
3382,1,"Yeah, I just need to make the final touches.",neutral
3382,2,How long until you're finished?,neutral
3382,3,I'm finished. What do you think?,neutral
3382,4,I like my hair so much.,joy
3382,5,Do you really?,joy
3382,6,It's beautiful.,joy
3382,7,"Well, thank you very much.",joy
3382,8,How much is it for my hair?,joy
3382,9,You owe me $ 55.,joy
3382,10,Thanks for everything.,joy
3382,11,You are very welcome. Come back again.,joy
3383,0,"Listen, Karen, I need your help. I don't know anyone here yet.",neutral
3383,1,I'm glad to help you. What's wrong?,joy
3383,2,My mother-in-law just went into the hospital in L.A.Hank and I will be flying there tonight.,neutral
3383,3,I'm sorry to hear it. What's wrong with her?,sadness
3383,4,"Doctors aren't sure yet.But the real problem is Suzy. She has a bad cold, and we don't want to take her with us. But we don't know who can stay with her.",neutral
3383,5,You need a babysitter.,neutral
3383,6,"Yes, I'd ask Jill, the girl I've had before, but I need someone overnight.Maybe even for two nights.",neutral
3383,7,I could have Suzy stay at my place.,neutral
3383,8,"I don't want to do that to you, Karen.",neutral
3383,9,Why not?,neutral
3383,10,Your own kids would get Suzy's cold. I think it would be better to have a good babysitter here. But I don't know who to ask. I need someone more mature than Jill. It might even be for two or three days.,neutral
3383,11,"I know who we can ask. There is a girl I know, Sara Ralston.She is 17, and she will usually take this kind of job. I know her from my church, and I trust her completely.",neutral
3383,12,"I'd like to talk with her.This is short notice, I know. But Hank and I are leaving tonight.",neutral
3383,13,I'll get you her number. I hope she can do it. She is very responsible.,neutral
3383,14,I'm glad you know someone. I knew you would be the best person to ask about this. I don't want to insult Jill or her mother. I think Jill maybe could do it.But I'd rather have someone a little older.,joy
3383,15,I'll go home and get Sara's number. I'll call her first myself.,neutral
3383,16,Great. Then call me and let me know if she's free.,joy
3386,0,"Hi, I'm Lucas, I just moved in next door.",joy
3386,1,"Oh, hi Lucas, come on in. I'm Barbara. Nice to meet you.",joy
3386,2,Nice to meet you too.,joy
3386,3,Would you like something to drink? I've got tea and some grape juice.,joy
3386,4,Thanks. Some tea would be nice. Chinese tea is great. I really like your tea set. Where did you get it?,joy
3386,5,"Oh, there is a supermarket not far from here. But there is also a tea house around the corner, where you can get tea, taste tea and get a tea set as well.",joy
3386,6,"Oh yeah, I saw the tea house the other day. I think I might go and have a look sometime. It's a nice neighborhood here.",joy
3386,7,"You are right about that. It's quiet and very convenient. You can get to the bus and the subway stations within ten minutes'walk. There's a grocery store, a book store, a gym, and many restaurants along the street.",joy
3386,8,There's a gym nearby? That's exciting! I really want to start to go to gym as soon as possible. I've been lazy this summer holiday and have put on some weight.,joy
3386,9,"Well, if you want we can go together sometime. Actually I was thinking of going this afternoon, if you like, you can join me and I can show you the neighborhood along the way.",joy
3386,10,That would be wonderful. Thanks!,joy
3392,0,"Hello, Mr. Brown, long time no see. Where have you been?",joy
3392,1,"Oh, I went on a holiday in the city of Chende.",joy
3392,2,Great. What do you think of it?,joy
3392,3,"The city is small, not very modern, but there are many mountains with lots of trees around the city, so the air there is pretty fresh.",joy
3392,4,Did you go to the Summer Mountain Resort?,joy
3392,5,"Certainly! The most attractive place is that, it's very large ; it is 8 times the size of Forbidden City and 16 times the size of Summer Palace. The art of gardens is perfectly represented in it.",joy
3392,6,"It sounds great, and is it really cool there?",joy
3392,7,"Yes, I think the reason is that there is a big lake, and many trees in the Resort.",joy
3392,8,What is the special local product?,joy
3392,9,"The main product of Chende is various kinds of ferine mushroom and the almond. The mushroom tastes really good, and it is very different from the common mushrooms, and the snack made of almond is delicious.",joy
3392,10,I hope to go there someday.,joy
3398,0,Do you need help with something?,neutral
3398,1,I ’ m looking for this book.,neutral
3398,2,Is there something wrong?,neutral
3398,3,I don ’ t see it on the shelf.,neutral
3398,4,Did you check the computer?,neutral
3398,5,I already looked.,neutral
3398,6,Did it say anything?,neutral
3398,7,"It said that the book is on the shelf, but it isn ’ t.",neutral
3398,8,I ’ m sure I can get it from another library.,neutral
3398,9,Could you do that?,neutral
3398,10,I ’ ll let you know when I get the book in.,neutral
3398,11,That ’ s great. Thank you so much.,joy
3404,0,Good morning Mike!,neutral
3404,1,Morning Sally! What's up? you seem in a hurry!,neutral
3404,2,"I am having an exam at nine, It's already eight thirty.",neutral
3404,3,"Don't worry, I'll drive you.",joy
3404,4,Thank you very much!,joy
3404,5,How are your cases coming along?,joy
3404,6,"Very well, thanks, I will probably finish next week, but this is still a lot of work, I have been worked on in for six months, and i'm so closed to end. I can feel it.",joy
3404,7,"Wow, Good for you.It sounds like a lot of work. I'm proud of you! Is this the right building?",joy
3404,8,"Yes, It's only eight forty. Thanks so much!",joy
3404,9,"You're welcome.Good luck, bye!",joy
3404,10,"Have a nice day, bye!",joy
3410,0,"Julia, why have you prepared a candlelight dinner? Anything special to celebrate? Did you get a promotion?",neutral
3410,1,"Honey, don't tell me that you forgot our anniversary, did you?",surprise
3410,2,"Oh, my dear, how can I forget such an important day? I was just kidding. Look at this box.",joy
3410,3,What's in it?,neutral
3410,4,Have a guess.,neutral
3410,5,A necklace?,neutral
3410,6,No.,neutral
3410,7,I have no idea.,neutral
3410,8,Open it now.,neutral
3410,9,"Oh, my god. A diamond brooch. It's so beautiful. You're so kind to me, A. Thank you!",surprise
3410,10,"You're welcome, honey. I hope we will celebrate our golden wedding anniversary in future.",joy
3417,0,You look like being on cloud nine.,neutral
3417,1,I am.,neutral
3417,2,What has made you so happy?,neutral
3417,3,I think I'm in love.,joy
3417,4,Are you? Who's the lucky girl?,surprise
3417,5,Her name is Jenny.,neutral
3417,6,How did you meet her?,neutral
3417,7,We are in the same math class. Our teacher sat us next to each other.,neutral
3417,8,What do you like best about her?,neutral
3417,9,She's very funny. She makes me laugh all the time.,joy
3417,10,I guess it was fate working to bring you together.,neutral
3417,11,"Whatever brought us together, I'm happy.",joy
3421,0,"Hey Lucas, how was your trip to Paris?",joy
3421,1,"It was wonderful, but I was so tired.",joy
3421,2,Did you go to the top of the Eiffel Tower.,joy
3421,3,"Yes, that was the first thing we did. We went all the way to the top. There were visitorsfrom all over the world taking photos there.",joy
3421,4,What else did you see?,joy
3421,5,"Art galleries, cathedrals, statues, fountains, palaces, bistros, there's really too much to say.",joy
3421,6,You must have had a great time.,joy
3421,7,"Yes, at the beginning we were all excited and had lots of fun. However, on the third day of travelling in the city, I felt sick I think I had something bad to eat but it passed by the evening.",joy
3421,8,Yes. you need to be careful with what you eat when you're abroad.sometimes new food might disagree with you.,joy
3421,9,"On the fourth day, we went to taste the French cuisine. That was really fantastic. And no stomach problems.",joy
3421,10,That is great. Everyone says French food is wonderful.,joy
3421,11,You'll have to try for yourself some day.,joy
3437,0,"Honey, do you know what color the carrot is?",neutral
3437,1,"Mom, it's orange?",neutral
3437,2,"Wow, my son is so clever.",neutral
3437,3,"Mom, that's a stupid question.",neutral
3437,4,Really?,surprise
3437,5,I am not a child at all. I know more.,neutral
3437,6,"Oh, my son looks like a grown-up.",neutral
3437,7,"Sure. Mom, I can take care of you.",neutral
3437,8,No kidding. So tell me what's your favorite color?,neutral
3437,9,"I like blue. You see, that's the color of the sky. I wanna be a superman.",neutral
3437,10,Why?,neutral
3437,11,I hope I can fly to any place like superman. So I can touch the sky.,neutral
3437,12,"OK, superman. Put on your cape, we are going to fly home.",neutral
3439,0,"wow, it that your sports car?",joy
3439,1,"yes, do you like it?",joy
3439,2,I love it! I used to always want to drive a green jaguar. Is it in good condition?,joy
3439,3,"it looks good on the outside, but the inside is a different story. It needs a lot of servicing before it can go out on the roads again.",neutral
3439,4,what's wrong with it?,neutral
3439,5,"well, first of all, it needs a new engine, which is extremely expensive.",neutral
3439,6,when's the last time you had it serviced?,neutral
3439,7,it must have been a few years ago now.,neutral
3439,8,I thought all cars needed regular servicing on a yearly basis.,neutral
3439,9,"they do. Once my son was born, there was no reason to drive this car anymore. It's only a two-seater, you know!",neutral
3439,10,what else is wrong with it?,neutral
3439,11,"the heating controls don't work anymore, so it always feels like it's about 100 degrees in the car — even in the summer!",neutral
3439,12,anything else?,neutral
3439,13,the brakes don't really work that well anymore either.,neutral
3439,14,why don't you get it all fixed?,neutral
3439,15,"it costs more than you think to run a car, especially when there are so many things wrong with it!",neutral
3439,16,"well, let me know when you can get it fixed. I ’ d love to go for a ride in it!",joy
3475,0,Can you play tennis?,neutral
3475,1,"Yes, I can.",neutral
3475,2,"It is interesting, isn't it?",neutral
3475,3,"Yes, it's very interesting.",neutral
3475,4,Can you teach me?,neutral
3475,5,"Sure. Take the tennis racket. Now, throw the ball up, and hit it with the racket. Like this.",neutral
3475,6,"Let me try. Oh, I missed!",neutral
3475,7,Throw the ball up high.,neutral
3475,8,High?,neutral
3475,9,"Yes, very high. Over your head. Then you will have time to hit the ball.",neutral
3475,10,Oh! I hit it.,joy
3475,11,Well done!,joy
3475,12,Thank you. I think I like playing it.,joy
3519,0,do you have any plans for Friday night?,neutral
3519,1,I don't think so. Why?,neutral
3519,2,"well, my hosue-mates and I are having a house-warming party. Would you like to come?",neutral
3519,3,sure. Would it be alright if I brought a few friends?,neutral
3519,4,"the more, the merrier!",neutral
3519,5,will there be a lot of people there?,neutral
3519,6,I sure hope so. We've each invited about 10 people.,neutral
3519,7,who else is going to be there?,neutral
3519,8,"I'm inviting my friends from work, you, my sister, and a few friends from school.",neutral
3519,9,I know your sister. She's very nice.,neutral
3519,10,don't worry.You won't be sitting there by yourself.,neutral
3519,11,what time is it going to start?,neutral
3519,12,"most people are working Friday night, so it's going to start around 9 pm.",neutral
3519,13,should I bring anything?,neutral
3519,14,"we'll have beer and snacks, but if you want to bring a bottle of wine, that'd be great.",neutral
3519,15,I could also bring some music if you want. I've got loads of songs on my new iPod.,neutral
3519,16,that'd be great. I'll see you then!,joy
3531,0,How come you're still up? Shouldn't you be asleep by now?,neutral
3531,1,I've been having a hard time sleeping lately.,sadness
3531,2,"As far as I know, insomnia is usually caused by stress. Are you stressed at all?",neutral
3531,3,"Well, I'm really worried about my grades. I didn't think this course would be so stressful.",sadness
3531,4,You're a good student. I'm sure you can do well. What you need to do is to relax.,neutral
3531,5,You're probably right. I just wish it were that simple. How can I stop feeling so anxious all the time?,neutral
3531,6,Taking a yoga class or learning some relaxation techniques can help you cope with your stress.,neutral
3531,7,I don't really have time to learn anything new. I need to spend my time studying!,neutral
3531,8,You need to take some breaks throughout the day. Studying all day isn ’ t very usually effective.,neutral
3531,9,You ’ re right. I usually end up staring at my computer or checking my email instead of doing my work for class.,joy
3531,10,"Besides, it ’ s not difficult to learn yoga. In fact, I can teach you a move that ’ s supposed to help you fall asleep! You just have to sit down like this, bend over and breath in deeply.",neutral
3531,11,That ’ s fantastic. I ’ m going to go try that out in my room now. good night!,joy
3531,12,"Good night, sleep tight ; don ’ t let the bed bugs bite!",joy
3532,0,"Hey, Teresa, meet the new neighbors yet?",neutral
3532,1,"Actually, i popped in them last night.",neutral
3532,2,"OK, let's cut to the chase. what are they like?",neutral
3532,3,"Well, they're really beautiful people.",neutral
3532,4,"I'll say, she is really stacked, isn't she?",neutral
3532,5,"Yeah, she is a neck-off for sure.",neutral
3532,6,And he looks like a typical jog.,neutral
3532,7,He is a professional football player.,neutral
3532,8,"Ah-ha, I thought so.",neutral
3532,9,"Anyway, that is not what I meant by beautiful.",neutral
3532,10,What did you mean?,neutral
3532,11,"I meant that they're very simple, easy to talk to.",neutral
3532,12,That's right.,neutral
3532,13,Yeah. I think things are worked out just fine.,neutral
3533,0,Did you get your grades yet?,neutral
3533,1,Yeah. My whole GPA is screwed up now.,sadness
3533,2,Why? What happened?,surprise
3533,3,"Well, I bombed my econ final and ended up with a 1.7.",surprise
3533,4,Ouch. You must be very disappointed.,neutral
3533,5,"Well, it's my fault because I didn't study as much as I should have.",neutral
3533,6,Why don't you re-take the class next year?,neutral
3533,7,That's what I plan on doing unless I keep screwing up. How did you do this semester?,neutral
3533,8,I didn't do that well either. I ended up with a 3.2 this semester. That drops my total GPA to 3.45.,neutral
3533,9,My GPA is pretty similar to yours. I have a 3.1 now because of the stupid econ class.,neutral
3533,10,What was your GPA before this semester?,neutral
3533,11,I was sitting happy with a 3.4.,neutral
3533,12,Why did it go down so much?,neutral
3533,13,Let's just say I screwed up more than my econ class.,neutral
3533,14,What happened to you?,neutral
3533,15,I started playing starcraft and ended up wasting a lot of time.,neutral
3533,16,You better stop slacking off.,neutral
3533,17,You're right. I'm not going to play games during school anymore.,neutral
3536,0,Are you almost finished with my hair?,joy
3536,1,I'm almost finished.,joy
3536,2,How much longer is it going to be?,joy
3536,3,I'm done now. Do you like it?,joy
3536,4,I absolutely love it.,joy
3536,5,You really like it?,joy
3536,6,"Yes, I truly do.",joy
3536,7,I'm glad you like it.,joy
3536,8,How much do I owe you?,joy
3536,9,It's going to be $ 55.,joy
3536,10,"Here you go, thanks for everything.",joy
3536,11,Make sure and come back in a couple of weeks.,joy
3585,0,are you looking for a course?,neutral
3585,1,"yes, but I'm not sure which one to sign up for.",neutral
3585,2,what kind of program are you looking for? Full-time or part-time?,neutral
3585,3,"I have to work during the day, so I want to find a part-time course that I can do in the evenings.",neutral
3585,4,what kind of course are you looking for?,neutral
3585,5,I need to improve my English.,neutral
3585,6,do you want a one-to-one private tutor or a group class?,neutral
3585,7,"I think a one-to-one course will be too expensive for me, so a group class would be fine.",neutral
3585,8,have you ever considered taking one of our online courses?,neutral
3585,9,I think I prefer face-to-face instruction better.,neutral
3585,10,"that's fine. If you want, you can sign up for a pre-sessional interview.",neutral
3585,11,what's that for?,neutral
3585,12,one of our qualified teachers will interview you so that they can find a class that suits you best.,neutral
3585,13,do you have a brochure about the course that I can take home to read?,neutral
3585,14,sure. Here's a brochure about out English classes that meet in the evenings.,neutral
3585,15,thanks. I'll read through it tonight and get back to you tomorrow to sign up for a course.,joy
3620,0,your daughter will be back soon. I'm going to start making dinner. You can just watch some TV in TV room if you like. We just bought a new TV with a LCD screen. The remote control is on the coffee ta,joy
3620,1,would you mind if I helped out in the kitchen instead? I do enjoy cooking.,joy
3620,2,this is supposed to be your vacation ; we'd like you to just relax.,joy
3620,3,"cooking makes me feel relaxed. So, what are we cooking?",joy
3620,4,"ok, well, we're going to make a pan of lasagne, a salad, and some garlic bread. Here's the recipe. Do you want to get the ingredients we need out of the cupboard?",neutral
3620,5,"sure. We should probably pre-heat the oven right away, too.",neutral
3620,6,that's a good idea. Can you set the oven to 200 degrees Celsius?,neutral
3620,7,that's a bit high for lasagne. I'll just set it at 180 degree and we can take it from there.,neutral
3620,8,"fine. I'll just get out the casserole dish, the saucepan, the salad bowl, and the baking sheet.",neutral
3620,9,"you know, I could do this myself. Why don't you go get the screwdriver and the pliers and go fix the vacuum cleaner so it works better?",neutral
3620,10,I don't think it's broken.,neutral
3620,11,"well, if it's not broken, then you need to learn how to vacuum better, because it doesn't look like you've vacuumed for ages!",neutral
3620,12,fine. I'll go vacuum. Let me know if you need any other help.,joy
3626,0,What can I do for you?,neutral
3626,1,I want to check out these books.,neutral
3626,2,I need your library card.,neutral
3626,3,I have it right here.,neutral
3626,4,It seems you have late fees.,neutral
3626,5,Are you sure?,neutral
3626,6,"Yes, I ’ m sure.",neutral
3626,7,How much?,neutral
3626,8,Your late fees come to $ 24.50.,neutral
3626,9,I don ’ t have that right now.,neutral
3626,10,You have to pay it off before you can check out more books.,neutral
3626,11,I ’ ll do that soon.,neutral
3636,0,Is this Zhang Lin's home?,joy
3636,1,"Yes.Oh, it's you, Linda. I haven't seen you for a long time.Well, come in and sit down.How about something to drink?",joy
3636,2,"Yes, please. I'm a little thirsty, actually.",joy
3636,3,Would you like tea or coffee?,joy
3636,4,"Coffee, please.",joy
3636,5,Here you are.,joy
3636,6,Would you like to talk over a drink?,joy
3636,7,"That sounds good. How are you doing, Linda?",joy
3636,8,Just fine.Are you busy now?,joy
3636,9,No. I'm just killing time.,joy
3636,10,Shall we visit our math teacher tomorrow?,joy
3636,11,Yes. I haven't been in his house for several weeks.When shall we start?,joy
3636,12,How about eight o'clock tomorrow morning?,joy
3636,13,All right. See you tomorrow.,joy
3640,0,Do you know where you want to transfer to?,neutral
3640,1,I don ’ t have the slightest clue.,neutral
3640,2,What school would you like to go to?,neutral
3640,3,I ’ m not sure.,neutral
3640,4,You honestly have no idea?,surprise
3640,5,PCC is perfectly fine for me.,neutral
3640,6,You might as well stay here.,neutral
3640,7,That ’ s not a bad idea.,neutral
3640,8,PCC is a wonderful institution.,neutral
3640,9,You have a point.,neutral
3640,10,"So, what are you going to do?",neutral
3640,11,I ’ m just going to keep going to PCC.,neutral
3653,0,"I'd love to continue this conversation, but I really need to go now. I have to get back to the office.",neutral
3653,1,"Well, let's get together soon.",neutral
3653,2,Okay. Would you like to have lunch some day next week?,neutral
3653,3,Sure. How about Monday?,neutral
3653,4,Hmm. I'm afraid I can't make it on Monday. I've got to fly to Chicago on business.,neutral
3653,5,"Well unfortunately, I'm tied up on Tuesday. I'm supposed to have lunch with an important visitor from out of town, and I don't think there's any way I can get out of it.Are you free on Wednesday?",neutral
3653,6,"Wednesday? Let me see. Hmm. Somehow I think I've already got something scheduled for Wednesday. Oh, yes! I've got an appointment with my dentist to have my teeth cleaned, and it's essential that I keep it.",neutral
3653,7,"Well, I'm afraid Thursday is out for me. I'm expected to attend a meeting of our personnel committee, and it's very important for me to be there.",neutral
3653,8,So that leaves Friday. I don't have any obligations or commitments on Friday.How about you?,neutral
3653,9,Friday sounds good. Where should we meet?,neutral
3653,10,"You know, I really must be going now or I'll be very late. Can you give me a call tomorrow an we'll decide?",neutral
3655,0,May I ask what the name is the girl?,joy
3655,1,Which one?,neutral
3655,2,The tallest one.,joy
3655,3,She is Miao Li. She's come here to see her brother.,neutral
3655,4,"Oh, it's so. She looks very lovely. Could you give me some else information on her?",joy
3655,5,OK. She's a costume designer and works in a garment mill.,neutral
3655,6,How do you think about her?,joy
3655,7,She looks very beautiful. She is a nice girl.,joy
3655,8,I'm wondering if she has boyfriend.,joy
3655,9,"No, she hasn't.",neutral
3655,10,Great! Thank you very much.,joy
3656,0,How may I help you?,neutral
3656,1,I want to get a passport.,neutral
3656,2,You need to apply for a passport.,neutral
3656,3,When can I apply for it?,neutral
3656,4,You can apply right now.,neutral
3656,5,I ’ d like to do that.,neutral
3656,6,"Fill this out, please.",neutral
3656,7,What ’ s next?,neutral
3656,8,I will need to take your passport picture.,neutral
3656,9,When will my passport be ready?,neutral
3656,10,It will take about three weeks.,neutral
3656,11,That ’ s great. Thank you.,joy
3677,0,isn't it wonderful walking here?,joy
3677,1,what do you mean?,joy
3677,2,I mean look at all these magnificent tall buildings around us.,joy
3677,3,"yes, look over there. That's the Empire State Building. My book says it's 102 stories tall.",joy
3677,4,it's quite famous but don't you think it looks a bit old-fashioned?,joy
3677,5,"you're right, but when it was built in 1930 it was a marvel of technology and engineering.",joy
3677,6,what other important buildings are we going to see on Fifth Avenue?,joy
3677,7,quite a number. Actually every skyscraper has a history. A few blocks ahead we'll see St.Patrick's Cathedral and just across the street will be the world-renowed Rockefeller Center. It's a landmark,joy
3677,8,what's there after that?,joy
3677,9,"well then, there's a Central Park. Facing the park on Fifth Avenue is probably some of the most expensive properties in the world.",joy
3677,10,what are all they for?,joy
3677,11,"most of them are office buildings, huge department stores, and hotels but some are just private homes. New York is one of the financial centers of the words so there are lots of very expensive places.",joy
3689,0,"Excuse me, do you know where the visa office is?",neutral
3689,1,"Yes, I do. I ’ ll walk you there.",neutral
3689,2,Thanks!,neutral
3689,3,Are you applying to study or work abroad?,neutral
3689,4,I want to study abroad.,neutral
3689,5,What do you want to study?,neutral
3689,6,I hope to study English literature.,neutral
3689,7,Have you got your visa yet?,neutral
3689,8,Not yet. I have an interview with the visa official today.,neutral
3689,9,I see. Is it your first interview?,neutral
3689,10,"No, I've already been to here for three interviews.",neutral
3689,11,What happened?,neutral
3689,12,I was denied a visa?,neutral
3689,13,Why?,neutral
3689,14,Like most students. I want to work in America after graduation.,neutral
3689,15,"I see. Well, good luck!",joy
3693,0,"Honey, do you have a second?",neutral
3693,1,Sure! Are you okay? You seem a bit worried.What ’ s on your mind?,neutral
3693,2,We need to talk.,neutral
3693,3,Okay...,neutral
3693,4,"I ’ Ve been thinking, and well, I think we need to start seeing other people.",neutral
3693,5,"What? Why? I mean, we ’ Ve had our ups and downs, and we have the occasional disagreement, but we ’ re happy together, aren ’ t we?",surprise
3693,6,"That ’ s just it, I ’ m not happy anymore, Tim. It ’ s not you, it ’ s me. I know that I can be hard to deal with, and you are a great guy! You are the type of guythat any woman would kill for!",neutral
3693,7,"So, what are you saying? You ’ re breaking up with me because I ’ m perfect?",neutral
3693,8,"Tim, you are too good for me. You deserve someone who can make you smile and make you happy the way that you made me happy. Oh, I could say that I ’ ll be all you need, but that would be a lie. I know I ’ d only hurt you, I know I ’ d only make you cry.",neutral
3693,9,"Baby, come on. Don ’ t do this to me! Whatever it is, we can work it out. Just give me another chance! I know that we can get through this, but we gotta stick together! Don ’ t leave me.",neutral
3693,10,"I can ’ t, Tim. I hope someday you can find some way to understand I ’ m only doing this for you. I don ’ t really wanna go but, deep in my heart I know this is the kindest thing to do.",neutral
3693,11,Laura...,neutral
3693,12,"Here are your keys. I ’ ll send my sister to pick up the rest of my things next week. I ’ m sorry, Tim. I wish you all the best, and I hope that one day we can meet again. I ’ ll always love you. Goodbye.",neutral
3695,0,What's your opinion about childless couples? Will you choose to have no kids?,neutral
3695,1,"To be honest, I wouldn't.",neutral
3695,2,Why? Do you have to make a choice now?,neutral
3695,3,Not really. But it has puzzled me for a long time.,neutral
3695,4,What's the puzzle?,neutral
3695,5,"My husband and I prefer to have no kids, but my mother-in-law is very traditional and wants grandkids.",neutral
3695,6,"Oh, I see. I think the older generation tend to think in a different way.",neutral
3695,7,Yes. It seems she can never accept a childless marriage. We had a fight last night.,neutral
3695,8,"Oh, really? Maybe she is just eager to see her grandchildren.",surprise
3695,9,But it's absolutely our own business to have a child or not.,neutral
3695,10,Definitely.,neutral
3695,11,"You know, I often overhear our neighbor, the young couple, fighting about how to raise their kid and I really don't want kids to spoil our happiness.",neutral
3695,12,"Don't worry. I think in most cases, children are the glue that keeps a family together.",neutral
3695,13,I guess you're right. But I still prefer to have no child.,neutral
3695,14,Sure. You can fully enjoy your time together.,neutral
3697,0,"You ’ re a big fan of Andy Lau, aren ’ t you?",neutral
3697,1,"Yes, I ’ Ve been got all his albums and most of his films on DVD. I adore him. He ’ s my idol.",neutral
3697,2,How come you don ’ t have all of his films on DVD?,neutral
3697,3,"Some of his early films are hard to find nowadays, especially the ones where he only played a bit part.",neutral
3697,4,I see. I ’ m sure you ’ ll find them one day. I see you also have several poster of him.,neutral
3697,5,Yes. These posters are new. I bought them last week and put them up on my bedroom walls yesterday.,neutral
3697,6,Are you a member of his fan club?,neutral
3697,7,"I was, but then I discovered you can find out everything for free on the internet, so I ’ m not a member now.",neutral
3697,8,Did you see the interview with Andy Lau in cosmopolitan magazine last month?,neutral
3697,9,Of course! I bought two copies.,joy
3697,10,"Two copies? One to keep and one to cut the pictures out of, right?",surprise
3702,0,what do you think about this store? I heard it ’ s a posh store that ’ s only got branches in big cities.,joy
3702,1,I love this store. The only problem is that it ’ s extremely expensive.,joy
3702,2,don ’ t worry. I ’ Ve decided that for your birthday I ’ m going to take you shopping for a new dress.,joy
3702,3,really? I thought you hated shopping?,joy
3702,4,"I do, that ’ s why you should appreciate this gift!",joy
3702,5,sure. That ’ s really nice of you. Let ’ s go in and try some things on.,joy
3702,6,how about this red dress? I think it would really suit you.,joy
3702,7,that ’ s gorgeous! Do they have it in a size 8?,joy
3702,8,"here you go.On any other day, it would cost me a fortune, but it ’ s on special offer today.",joy
3702,9,I think this color isn ’ t quite right for me. Do they have the same dress in white?,joy
3702,10,"let me look. Let ’ s see... they ’ Ve got one in blue, green, pink, black... and white. Here you are.",joy
3702,11,this is perfect! What do you think?,joy
3702,12,I think you look fantastic. Happy Birthday!,joy
3702,13,I ’ m so lucky. You only get a chance like this once in a blue moon! Thanks honey!,joy
3705,0,I remember you said that you like China because it has cheap beers.,neutral
3705,1,"Yes, unbelievably cheap. Carlsborg is less than $ 1.",neutral
3705,2,"Why do you drink? I mean, where does drinking get you?",neutral
3705,3,It's fashionable.,neutral
3705,4,"Come on, you don't even know that blinds following is a sign of immaturity.",neutral
3705,5,"Mary, it's not about the blind following. What matter is I enjoy in drinking. It's like when you get off of work. You're so tired. You need to get relaxed. You can't just turn on the TV and keep watch the programs until you fall asleep. You need to make your after work time more fun.",neutral
3705,6,How? By drinking?,neutral
3705,7,"Drinking is just part of it. I mean, you have a bunch of friends coming by and having fun. You drink and talk. And the more you drink, the more you talk. It makes me so relaxed.",neutral
3705,8,When did you begin to drink?,neutral
3705,9,"It's a long time ago. When I first went to a bar to pick up girls there, I saw the most beautiful girl sitting and sipping a coke. Then I went up to her and said'can I buy you a drink? '",neutral
3705,10,And then?,neutral
3705,11,Then I talked to her and got her number. You know what? When you don't know what to say? Just drink.,neutral
3705,12,So you get drunk every day?,disgust
3737,0,You haven't spent much time with Sophia lately. Are you speaking to each other at the moment?,neutral
3737,1,"No, we're not. We've been drifting apart for a while.",neutral
3737,2,But you two used to do everything together. I thought you really enjoyed each other's company.,neutral
3737,3,"We did, but since she started her new job, all she does is hang out with her new friends from work.",neutral
3737,4,"Can't you hang out with them, too?",neutral
3737,5,"I could, but all they ever talk about is work, so I always end up feeling left out.",neutral
3737,6,"Maybe you should invite her over for dinner, so it's just the two of you.",neutral
3737,7,I tried that a few weeks ago and she ended bringing a pal from work with her! She's so busy these days that it's just impossible to hang out with her.,neutral
3737,8,It can't be that bad. She was always a really good friend to you.,neutral
3737,9,You're right. She would never talk about me behind my back or hold a grudge. But she just doesn't seem very interested in our friendship anymore.,neutral
3737,10,She's probably just excited about her new job. You should give her some time. It would be a shame to lose such a good friend.,neutral
3737,11,I've given her enough time. I'm over it now.,neutral
3737,12,I still think you two should try to patch things up.,neutral
3737,13,I think I just have to accept the fact that it's time for us to go our separate ways.,neutral
3755,0,"Hello, Ellen.",neutral
3755,1,"Hello, Helen, have you heard the news? There ’ s been a horrible accident.",neutral
3755,2,"Oh, no! What happened?",sadness
3755,3,"Hilda Harris husband, Henry had an accident on his way home from work.",neutral
3755,4,How awful! Was he hurt?,sadness
3755,5,Yes. He was taken to the hospital in an ambulance.,neutral
3755,6,How did it happen?,neutral
3755,7,His car was hit by an express train. It happened at the crossing just behind his house.,neutral
3755,8,How horrible!,sadness
3755,9,He ’ s having an operation in the hospital now. Poor Hilda! You can imagine how unhappy she is.,neutral
3755,10,I hope he ’ ll be all right.,neutral
3755,11,"I hope so, too.",neutral
3757,0,"Alright, we need to have a plan here. First of all, which bed do you want?",neutral
3757,1,"Well, everybody wants the bottom bunk. Why don't we flip a coin for it?",neutral
3757,2,Alright. Do you have a coin?,neutral
3757,3,"Yes. Here's a quarter. I flip it, you call it in the air.",neutral
3757,4,Heads.,neutral
3757,5,"Sorry, it's tails. You lose.",neutral
3757,6,"Oh, well. So you get the bottom bunk. What about our stereos? It looks like we both brought our stereos. Probably we only have room for one.",neutral
3757,7,Your stereo is better than mine. Do you mind if we use yours?,neutral
3757,8,"No, I don't mind. I just don't know where we can put the speakers in this tiny room.",neutral
3757,9,Probably we can put one on that counter. And we can put one on the floor by the bed. Over there.,neutral
3757,10,"Alright. That's a good plan. What about the desks? We have two desks, one by the window and one by the door? Which one do you want?",neutral
3757,11,"Well, the desk by the window is nicer, of course. Don't you think?",neutral
3757,12,"Yes, I agree.",neutral
3757,13,"So since I got the bottom bunk, why don't you get the desk by the window? That would be more fair.",neutral
3757,14,Alright.,neutral
3757,15,"I mean, we could flip a coin for it, but I would probably win again. I'm incredibly lucky you know. Especially with girls.",neutral
3757,16,Is that right?,neutral
3757,17,"Yes, that's right.",neutral
3757,18,"Well, I hope you let me hang out with you then. Maybe I can learn from you.",neutral
3757,19,"Oh, certainly. Certainly. I'm always willing to help beginners.Just call me Big Brother Dave.",neutral
3757,20,Are all lucky people so stuck up?,disgust
3757,21,"C'mon, don't take it seriously! I'm just kidding.",neutral
3757,22,"Anyway, I get the desk by the window, you get the bottom bunk. That's it.",neutral
3757,23,Why don't we start unpacking these boxes?,neutral
3757,24,"I will go get something to eat. You unpack first.Then, when I come back, I'll unpack.",neutral
3757,25,Alright. See you later.,neutral
3761,0,Not a single email until now? it's already twelve o'clock. I can't believe it!,surprise
3761,1,"Can't bear it, right? I've been there before. I'll feel uncomfortable if no one calls me or sends me text messages, like there is something missing.",neutral
3761,2,"Yeah, that's right. If no one sends me text messages, I'll go crazy.",neutral
3761,3,"Actually, this is a kind of addiction called'infomania'or'information overload'.",neutral
3761,4,Addiction? checking emails and text messages often can be called an addiction? no way!,surprise
3761,5,"Yes, it is. Do you consider a frequent check of your in-coming emails to be an integral part of your working day?",neutral
3761,6,Absolutely.,neutral
3761,7,Do you have your cell phone with you wherever you go and check text messages and phone calls from time to time?,neutral
3761,8,"Yeah, it's a must. Otherwise, I may miss important phone calls and text messages.",neutral
3761,9,Do you open all your IM tools whenever you're using a computer?,neutral
3761,10,"Yes. MSN, QQ, Skype, Google Talk, Ali wangwang, everything, so that I'll be in touch with all friends and relatives.",neutral
3761,11,Now I can tell you're definitely addicted to the overflow of information,neutral
3766,0,"Wow, that terrible movie is finally over. Next time I ’ m picking the film, because I don ’ t want to end up seeing a chick flick.",neutral
3766,1,"Well you should have picked, in the end you always complain about everything.",neutral
3766,2,"Not everything, just this film. Even the title is ridiculous, and it ’ s so long, those are the two and a half most wasted hours of my life, so much so that I ’ m thinking about asking them to give me my money back.",neutral
3766,3,"I ’ m thinking of taking you back home. I thought we could have a nice evening, but you ’ re always so negative.",neutral
3766,4,I ’ m only complaining about a movie that I could have rented or bought and then thrown in the garbage.,neutral
3766,5,"You see, that ’ s what I ’ m talking about, I can ’ t stand your sarcastic jokes anymore.",neutral
3766,6,"Next time, go with your gay friend who is more in touch with his feelings.",neutral
3766,7,Well he ’ s more of a man than you are ; at least he appreciates love stories.,neutral
3766,8,Love stories? More like one-night-stands.,neutral
3766,9,"Don ’ t criticize Mario or else I ’ ll start on those fat, drunk friends of yours, they ’ re no saints.",neutral
3766,10,My friends? Fat? What about those whales you call friends?,neutral
3766,11,"You ’ re unbearable, you can walk home, I ’ m leaving.",neutral
3777,0,"Paul, what kind of music do you like to listen to?",joy
3777,1,"All kinds, but mostly Pop, rock and classical. Why?",joy
3777,2,I have tickets to a show. Do you want to go with me?,joy
3777,3,What kind of music is it?,joy
3777,4,Pop. It's Maria Carey.,joy
3777,5,When is it?,joy
3777,6,At 8P M tomorrow night.,joy
3777,7,"Yeah, I'd like to go. Do you think we should have dinner first?",joy
3777,8,"Yes, that's a good idea.",joy
3777,9,Let's eat at the restaurant across the street from my apartment.,joy
3777,10,"Oh, I think I know the place you mean. We ate there last month, right?",joy
3777,11,"Yes, that's right. You have a good memory.",joy
3805,0,"How are you doing, Christopher?",neutral
3805,1,"To be honest, I'm really fed up with work at the moment. I need a break!",neutral
3805,2,Are you doing anything this weekend?,neutral
3805,3,I have to work on Saturday all day! I really hate my job!,anger
3805,4,Are you available on Sunday?,neutral
3805,5,"Yes, that's my only day off until Thursday.",joy
3805,6,"Ok, well, my friends and I are planning on going to the beach on Sunday. We tend to leave around noon whenever we go anywhere, so you could still sleep in. Do you want to come with us?",joy
3805,7,That'd be fantastic! Which beach are you going to?,joy
3805,8,It's a quiet beach just about an hour outside of the city.,joy
3805,9,What should I bring with me?,joy
3805,10,"We've got plenty of inflatables, but if you want to sit on a chair, you'll have to bring your own sunlounger.",joy
3805,11,I can just use my beach towel. I love lazing around in the sun.,joy
3805,12,Do you like surfing?,joy
3805,13,I've actually never tried. Do you have a surfboard?,joy
3805,14,We've got a few. I can teach you how to surf on Sunday. It'll be fun!,joy
3805,15,I can't wait! It sounds like we're going to have a great time. How much money should I bring?,joy
3805,16,"You'll just need roughly $ 10 for food and gas money. My friend is driving, so we usually all chip in a few dollars for gas money.",joy
3805,17,"Ok, where and when should I meet you?",joy
3805,18,We'll pick you up at your place at noon. Be there or be square!,joy
3813,0,We came too early. There're still three hours before the performance starts.,neutral
3813,1,"I know. Sorry, I shouldn't have rushed you, but I just couldn't stay at home and wait.",neutral
3813,2,Never mind. What about taking a look around the theater?,joy
3813,3,Why not? I'd love to do that.,joy
3813,4,Here we go. There is a museum of the Beijing Opera art. ( They come to the museum of the Beijing Opera art. ),neutral
3813,5,Wow. Look at this. So delicate and beautiful. Did ancient Chinese people really wear them?,joy
3813,6,Not really. They are just opera costumes. Do you like the embroidery?,neutral
3813,7,I surely do. They must have had advanced machines in ancient China to do that.,neutral
3813,8,"No, no, no. They are all handmade, girl. You know, the ancient Chinese women were supposed to be good at needlework.",neutral
3813,9,Unbelievable! I could never do that.,surprise
3813,10,Very few can. That's why these clothes only appear in the museum.,neutral
3813,11,Listen! Some people are singing outside. Is it the opera?,joy
3813,12,"Oh, yes. I heard there was an opera fans club. They are probably practicing now. Wanna have a look?",joy
3813,13,"Yes, let's do it.",joy
3813,14,Follow me. Make sure not to interrupt them.,neutral
3813,15,Of course not. We don't do that.,neutral
3816,0,"Well, how did you enjoy your seaside trip?",joy
3816,1,"It was fun, I tell you.",joy
3816,2,"Tell me about it, will you?",joy
3816,3,"Well, we drove through the valley on our way there in the morning. It was a magnificent sight!",joy
3816,4,Did you stop at the Fall for some pictures?,joy
3816,5,"Sure, we wouldn't miss that for anything. After that, we took a short cut to the park. There was very little traffic, so we got there in less than an hour.",joy
3816,6,You were lucky then.,joy
3816,7,"Yeah, we spent the whole morning under the tall trees. We had our picnic there, too.",joy
3816,8,What did you do after that?,joy
3816,9,We went for a swim in the sea. That was the biggest part of the day. Just look at my nice tan!,joy
3816,10,So you must have had a busy and enjoyable day yesterday.,joy
3816,11,"Yes, you are right. And I was so tired out that I fell asleep on the way back. My muscles are still stiff from the swim yesterday.",joy
3817,0,Where can I buy textbooks?,neutral
3817,1,"First, you need to have the list of books for your class. Do you have that?",neutral
3817,2,"Yes, I have that.",neutral
3817,3,"Well, when you have that, you can take it over to the bookstore. Can you find it?",neutral
3817,4,"No, I don't know where the bookstore is.",neutral
3817,5,Just pass the gym and it's the first door on your left. Were you aware that you can also turn in your old textbooks for money?,neutral
3817,6,Really? How can I do that?,surprise
3817,7,Take your used textbooks with you and give them to the representative near the entrance. He will pay you for them. Are you going today?,neutral
3817,8,"No, I can't make it today.",neutral
3817,9,I could help you with buying your books if you meet me there at 1,neutral
3817,10,"No, thanks. I'm good.",joy
3817,11,I'll see you later then. Have a great day!,joy
3823,0,"Are you alright, Ethan? You don't seem to be as cheerful as you normally are.",neutral
3823,1,"To be honest, Ava, I've just had a really bad day.",neutral
3823,2,What happened?,neutral
3823,3,"First, I slept through my alarm and ended up two hours late to work.",neutral
3823,4,What did your boss say?,neutral
3823,5,"He told me that if I showed up late one more time, he'd fire me. He's so mean!",neutral
3823,6,That's horrible. Was that the first time you'd shown up late to work?,anger
3823,7,"That was my second time. The first time, I was in a car accident.",neutral
3823,8,Is your boss Chinese?,neutral
3823,9,"No, he's from Australia. Before I met him, I thought Australians were supposed to be relaxed and easy-going. I had no idea he'd be so fussy about things.",neutral
3823,10,What are you going to do?,neutral
3823,11,I think I'm going to look for another job. I need to find a boss that is a bit more sensitive and optimistic than my current boss.,neutral
3823,12,That sounds like a sensible plan. Do you want me to help you with your job search?,joy
3823,13,That's very generous of you. Thanks for the offer.,joy
3823,14,Don't mention it. That's what friends are for!,joy
3842,0,I want to say goodbye to everyone.,neutral
3842,1,You ’ re leaving so soon. When are you off?,neutral
3842,2,I ’ m catching the nine fifteen train tomorrow morning.,neutral
3842,3,how about I come and see you off?,joy
3842,4,You really don ’ t need to.,joy
3842,5,Ok. I ’ ll miss you. I hope we can see each other again soon.,joy
3842,6,"I hope so, too. Thank you, Lily. Thank you for everything.",joy
3842,7,You ’ re welcome.,joy
3842,8,Please say goodbye to the rest of the family for me.,joy
3842,9,Ok. Take care. I hope you have a good journey.,joy
3842,10,Thank you. Remember to look me up if you ’ re ever in Washington.,joy
3842,11,Of course. I will.,joy
3842,12,"Goodbye, then. Thanks again for everything.",joy
3854,0,Did you watch the Oscars on Sunday night?,neutral
3854,1,"No, but I heard about that Angelina Jolie and Brad Pitt didn't attend.",neutral
3854,2,"Yes, that was surprising. I heard that they got into a fight and then decided not to go.",surprise
3854,3,They must be the most famous celebrity couple in Hollywood.,neutral
3854,4,They're also one of the richest couples. They have so much money and they can buy almost anything they want.,neutral
3854,5,I also heard that Tom Cruise and Katie Holmes made an appearance at the Oscars.,neutral
3854,6,Did either one of them win an Oscar this year?,neutral
3854,7,"I think Tom might have been nominated for one of his films, but I don't think he won anything.",neutral
3854,8,"Tom Cruise may be handsome, but I think he's a bit crazy, don't you?",neutral
3854,9,"Yes, his marriage to Katie is actually quite scandalous.",neutral
3854,10,I still think that they only got married to get more publicity for their movies and themselves.,neutral
3854,11,People in show biz can have such an easy life ; I don't know why they have to make it so complicated.,neutral
3854,12,I would never want to be a celebrity because the paparazzi would also be after you.,neutral
3854,13,That's true. I guess it would be difficult to have people taking pictures of you everywhere you go.,neutral
3854,14,Thank goodness we're not rich and famous!,joy
3854,15,"Being famous, I can do without, but I wouldn't mind being rich.",joy
3886,0,I see that there are Olympic mascots in your car.,neutral
3886,1,"Yes. I am very interested in the Olympic Games, and I'm especially excited about 2008 Beijing Olympics.",neutral
3886,2,"Me, too. I want to be a volunteer for 2008 Beijing Olympics.",neutral
3886,3,That's cool. Care for a little quiz on that?,joy
3886,4,No problem. I'm an'Olympic expert'.,neutral
3886,5,"Wow, you've talked the talk. Now it's time to walk the walk. Here we go. First, can you tell me something about the ancient Olympics?",neutral
3886,6,The ancient Olympics originated in ancient Greece.,neutral
3886,7,Good. Why do people name it Olympics?,neutral
3886,8,They name it after the place where it was first held.,neutral
3886,9,Who started the modern Olympics?,neutral
3886,10,This question is a piece of cake. A Frenchman named Baron de Coubertin.,neutral
3886,11,What did people call him?,neutral
3886,12,Of course he was called'the father of the Olympics'.,neutral
3886,13,What did he do for restoring the Olympics?,neutral
3886,14,He once made a speech on the ‘ Renaissance of the Olympics'.,neutral
3886,15,"Well, that's for all. Excellent!",joy
3886,16,I've told you I'm an expert.,joy
3888,0,I really should be on my way.,neutral
3888,1,"Oh, don ’ t go yet. Let ’ s at least have one more.",neutral
3888,2,"No, thank you. I can ’ t.",neutral
3888,3,It ’ s too bad that you have to leave so early.,neutral
3888,4,Thank you very much. I had a really good time.,joy
3888,5,Thanks for coming! We should meet again sometime soon.,joy
3888,6,"That would be great! Actually, can I get your phone number, Ella? That ’ s assuming you don ’ t mind if I call you sometime.",joy
3888,7,Anytime. You can reach me 5558929.,joy
3888,8,"ok, got it. I ’ ll call you sometime next week.",joy
3888,9,Fine.,joy
3888,10,It ’ s time to go and I hope we can get together again soon.,joy
3888,11,"I hope so, too. Bye! Ben.",joy
3897,0,"Hey, May. How about getting together for a movie tonight?",joy
3897,1,Sure. What's playing?,joy
3897,2,"Well, Let me check the newspaper. What about The Terminal?",joy
3897,3,"Wow, it stars Catherine Zeta-Jones, my favorite actress.",joy
3897,4,"Well, birds of a feather flock together. I like her too. She was in a lot of dramas.",joy
3897,5,She is so beautiful and elegant. And she is famous for her fine acting.,joy
3897,6,"What's more, she doesn't have scandals. And she likes to take part in the charitable activities.",joy
3897,7,Who is the director?,joy
3897,8,Steven Spielberg. Another superstar.,joy
3897,9,"Yes, a legend, also. I still remember, his movies, Jurassic Park and Schindler's List got him nine Oscar awards in 1994.",joy
3897,10,Can you introduce the story of The Terminal briefly?,neutral
3897,11,It tells a romantic and humorous love story.,neutral
3897,12,This is really exciting movie. Lets go to this one.,joy
3905,0,"Hey, Maris, are you a part-timer?",neutral
3905,1,Part-timer? Is that a new buzzword?,neutral
3905,2,"Oh, it ’ s pretty popular among my classmates these days. So are you?",neutral
3905,3,"Sure, I have a part-time job as a bartender.",neutral
3905,4,Cool! It must be amazing to work at a bar!,joy
3905,5,"Yeah, but I ’ m not there for fun. I have to remain professional and if I get distracted, the manager would be pretty upset.",neutral
3905,6,That ’ s true. I ’ m wondering did you learn anything from the job?,neutral
3905,7,Of course. There ’ s always much to learn. I got to know more about the real world.,neutral
3905,8,"You mean you got working experience, right?",neutral
3905,9,Not just working experience. I would say the biggest lesson I learned is how to deal with people from all walks of life.,neutral
3905,10,It must be very demanding.,neutral
3905,11,"Sometimes it is. But after working for a few weeks, it ’ s easy to figure out.",neutral
3905,12,Really? It sounds interesting.,surprise
3905,13,Maybe you can come to the bar one day and I ’ ll show you around.,joy
3905,14,Great. I ’ m looking forward to it.,joy
3910,0,what do you think of studying abroad?,neutral
3910,1,I think it's a great idea. Studying abroad will offer you plenty of new opportunities. Are you planning on going abroad?,neutral
3910,2,"yes, I hope so. I am studying for my BELTS right now.",neutral
3910,3,which country do you want to go to?,neutral
3910,4,"I'd like to study in the UK, but it's really expensive.",neutral
3910,5,have you applied to any schools there?,neutral
3910,6,"yes, I received a conditional offer from Oxford University a few days ago.",neutral
3910,7,congratulations! That's excellent news? What do you have to do to get an unconditional offer?,joy
3910,8,I have to get an BELTS score of 7.5 overall. Do you think I can do that?,neutral
3910,9,"if you study hard, I don't see why you wouldn't. Have you received any other offers?",neutral
3910,10,"I was also accepted into Yale University, and Sydney University.",neutral
3910,11,"if you're worried about money, the cost of living is lowest in America. However, if you go to Oxford University, you'll probably be able to get any job you want in the future.",neutral
3910,12,I just can't decide where to go. It's not an easy decision to make.,neutral
3910,13,"if I were you, I'd apply for some scholarships and grants before you decide. Whatever you do, I know you'll succeed.",joy
3924,0,How are you doing today?,neutral
3924,1,Good. Thanks for asking.,neutral
3924,2,What may I do for you?,neutral
3924,3,I need help with something.,neutral
3924,4,What do you need help with?,neutral
3924,5,I am looking for a newspaper article.,neutral
3924,6,Have you looked in the periodicals?,neutral
3924,7,I didn ’ t even think about that.,neutral
3924,8,I can show you where they are.,neutral
3924,9,That would be a lot of help.,joy
3924,10,"Follow me, please.",neutral
3924,11,Thank you so much.,joy
3948,0,Here ’ s a letter for you.,neutral
3948,1,Let me see it.,neutral
3948,2,Who ’ s the letter from?,neutral
3948,3,It ’ s a letter from UCLA about my acceptance.,neutral
3948,4,Read it!,neutral
3948,5,UCLA accepted me!,joy
3948,6,Really?,surprise
3948,7,I ’ m not joking. I got accepted!,joy
3948,8,I ’ m so happy for you!,joy
3948,9,"UCLA was my second choice, but I ’ m happy knowing I ’ Ve been accepted.",joy
3948,10,I am really proud of you.,joy
3948,11,You have no idea how proud I am of myself.,joy
3954,0,What a good day!,joy
3954,1,Yes. It's really wonderful here The grass is greener and the air is fresher than those in the city.,joy
3954,2,Right. Let's go out and enjoy the beautiful natural scenery.,joy
3954,3,"Great, let's go.",joy
3954,4,"Wow, what a beautiful lake! The green hills and clear water really provide magnificent scenery.",joy
3954,5,"En, it's so beautiful that I don't want to move my eyes from it.",joy
3954,6,"I feel as if I'm living in a different world, honey.",joy
3954,7,"The same to me. All the things here make me happy, the mountain, the water, the grass, the birds, the sunshine...",joy
3954,8,I think we should go out more frequently. The natural scenery can do us good.,joy
3954,9,That's the point. We should walk into the nature and enjoy its beauty whenever we have time.,joy
3954,10,"Right. The city life has made us tired and out of energy, while the natural world can bring us quite new feelings.",joy
3957,0,what a nice uniform!,joy
3957,1,thanks ; do you like it?,joy
3957,2,not really. I was being sarcastic. Does it come with the job?,neutral
3957,3,"yes, everyone on the sales floor has to wear one. They're supposed to make us look more professional.",neutral
3957,4,they're not actually that bad. They could be worse. What do you think about it?,neutral
3957,5,"I don't mind it, actually. I don't have to worry about what I'm going to wear every day.",neutral
3957,6,so are you enjoying your new job?,joy
3957,7,it's much better than my old one. My new boss is great.,joy
3957,8,how do you like working in sales?,joy
3957,9,I like the fact that I get to work with people. It makes the day go by much faster.,joy
3957,10,that's good. Have you met Jane yet? She's the intern in the international travel department.,joy
3957,11,"yeah, I've met her. She's a genius saleswoman!",joy
3957,12,I know! She could sell fridges to Eskimos!,joy
3957,13,how do you know her?,surprise
3957,14,she's my cousin.,neutral
3957,15,why didn't you tell me about that before?,surprise
3957,16,I don't know. I didn't think it was that interesting.,neutral
3957,17,"well, now that I know that, maybe we should all go out for dinner sometime.",joy
3957,18,that's a good idea. Let's discuss after work.,joy
3972,0,"Hi, Sara, what are you reading?",neutral
3972,1,"Hi, John, I am trying to find a carpenter.",neutral
3972,2,Why?,neutral
3972,3,"Well, I want to build a deck in my back yard.",neutral
3972,4,What for?,neutral
3972,5,"So I can have a special place to hang out with friends, and also do some barbecuing on weekends.",neutral
3972,6,That sounds cool. Do you mind if I recommend myself for the job?,joy
3972,7,You? Do you have a carpenter's license?,surprise
3972,8,"Yes, of course. But I only freelance on weekends with my uncle.",joy
3972,9,"Wow! That's cool. So, let me give you some details about the deck I want.",surprise
3972,10,"Please go ahead, I am listening.",joy
3972,11,I'd like my deck to be at the same level as the back door.,neutral
3972,12,Is your back door higher than the ground level?,neutral
3972,13,"Yes, the back door is about four or five steps higher than the ground.",neutral
3972,14,"Okay, then you need a deck with a guardrail.",joy
3972,15,I don't like things to be fancy.,neutral
3972,16,Don't worry. I will build your deck with a simple but classic look.,joy
3972,17,"Hmm, that's good. Can you use cedar or redwood to build it?",joy
3972,18,Cedar is a good choice.,joy
3972,19,"Well, let's take the measurements right now.",joy
3978,0,What courses are you taking?,neutral
3978,1,"Chinese, maths, English, chemistry, physics, biology and so on.",neutral
3978,2,What do you think about the teachers?,neutral
3978,3,"To be honest, I like most of them, except for my Chinese teacher. She is quite young, but her class is too boring!",neutral
3978,4,That's too bad. Do you have any foreign teachers?,neutral
3978,5,"Yes, my oral English teacher is an American. He is from a small town in California.",neutral
3978,6,What is he like?,neutral
3978,7,"He is great. He always tells us not to study for exams, and to pay more attention to communication rather than just memorizing.",neutral
3978,8,Are you able to follow him?,neutral
3978,9,"Not everything, but nearly. He speaks very clearly.",neutral
3978,10,"Oh, that's good! He sounds like a good teacher.",joy
3978,11,"Absolutely! If you come to our class, I am sure you will like him.",joy
3980,0,Good morning. I ’ m from the new york book review. Could I ask you some question about your latest book?,neutral
3980,1,Sure. Take a seat... what would you like to know?,neutral
3980,2,"First, I ’ Ve heard that your latest book is based on a true story.",neutral
3980,3,That ’ s correct. It ’ s a murder mystery based on actual murders that book place in florida several years ago. The main character-the police invesigator-is based on the man who investigated the case.,neutral
3980,4,How do you research your books?,neutral
3980,5,I always visit the places that I use as setting for stories. Readers like things to be as factually correct as possible-even in fiction! I usually base my characters on people I have met. Most charact,neutral
3980,6,I really like your books. I ’ Ve just finished this one. I read it from cover to cover in a single day. Congratulation on making the bestseller list yet again!,joy
3980,7,Thank you. Let met sign it for you... there you go.,joy
3980,8,Oh! Thank you very much. I heard that you are currently writing a collection of short stories. What are the stories about?,joy
3980,9,"There ’ s a real mix of stories in the book. I haven ’ t finished all of them yet, though. Many of them are short detective stories, but there are also horror stories and sci-fi ones. If you give me your",joy
3980,10,Thanks very much. I ’ m sure it will sell well. I can ’ t wait to read it. Here ’ s my card. Thank you for you time.,joy
3991,0,"It's time to leave the office for the night. Firstly I log off my computer, then I set the electronic security system.",neutral
3991,1,That's pretty advanced.,joy
3991,2,Now I'll quickly send a short message to my wife and take the elevator down to the basement.,neutral
3991,3,Is that where you park?,neutral
3991,4,"Yes, the car park is under constant video surveillance, so my car is quite safe. Please get in.",neutral
3991,5,Thank you. Where is your key?,joy
3991,6,"There's no need, I have keyless entry, and the steering wheel recognizes my finger prints before starting the car. Now, we can look at the navigation system to find the best route home.",neutral
3991,7,"That's amazing, it even shows all the roads that are congested at the moment.",surprise
3991,8,Using GPS I can rely on this to direct me home. Now I just need to find my E-Card to automatically open the gate and we can drive out.,neutral
3991,9,Pretty soon cars will be driving themselves.,joy
3991,10,"Maybe, but in the meantime why not help me find the remote control for my garage door?",neutral
3991,11,"Here it is, and here we are.",joy
3991,12,"When I turn off my home alarm, the house will automatically tum on the lights and set the climate to a comfortable level.",neutral
3991,13,"I have to get home, but I don't need all of this fancy technology, I think I'll just walk.",joy
3992,0,"Have any plans for the weekend, Tom?",neutral
3992,1,"Yeah, I ’ m going for a hike in the southern Rocky Mountains.",neutral
3992,2,"Oh, do you go hiking often?",neutral
3992,3,I go as much as I can. I love hiking because you can really get in touch with nature.,neutral
3992,4,It would be nice to get out of the city. Do you want some company?,neutral
3992,5,"Sure. But, it will be a long hike, 30 miles in three days. Have you been hiking before?",neutral
3992,6,"Yeah, I go a lot too. I saw a bear and a mountain lion on my last hike.",neutral
3992,7,Wow! You must have been pretty far away from the city.,neutral
3992,8,"Yeah, my friend and I hiked in a very wild part of the national forest.",neutral
3992,9,"Well, bring him along too. We ’ ll have a great time this weekend.",neutral
3992,10,"Thanks, I ’ ll ask him.",neutral
4004,0,"How about going to dance this evening, Jane? You will find that the night life of this city is very interesting!",joy
4004,1,"Good idea. There is a good nightclub nearby, isn't it?",joy
4004,2,"Yes, the dance hall is nice with various styles of music.",joy
4004,3,"( In the club ) Look at those people in the dance floor, they are so crazy.",joy
4004,4,That's rock and roll with fast tempo.,joy
4004,5,I like the slow dance. I am good at rumba and waltz.,joy
4004,6,Take it easy. The time for slow dance is the middle part of the party.,joy
4004,7,Let's find a quiet seat and sit down for beverage.,joy
4004,8,"OK, follow me.",joy
4004,9,"Listen, it is waltz. I like the elegant step of the old styles.",joy
4004,10,May I?,joy
4004,11,Sure.,joy
4004,12,( When they are dancing ) You dance gracefully!,joy
4015,0,That new Sony camcorder you've got is just beautiful.,joy
4015,1,Yeah.It is the very latest in digital video cameras.,joy
4015,2,I can see digital video products are quickly going mainstream with their plunging price.,joy
4015,3,Getting cheaper is not the only reason for their popularity.They come with a lot of inviting functions.,joy
4015,4,Such as?,joy
4015,5,"They offer clearer and sharper images. Many of them also have up to 20x optical zoom lenses, a photo mode and fast-action mode.",joy
4015,6,They are very compact and are designed to be used with one hand.,joy
4015,7,"Right! Anyway, the basic difference between a digital camcorder and its traditional counterpart is that it speaks digital.",joy
4015,8,What does this mean?,joy
4015,9,"This means digital camcorders can be connected with the digital equipments you have at home, like your digital TV or your computer.",joy
4015,10,I can transfer my home video clips from my camcorder to my computer for editing.,joy
4015,11,"Sure! And without any conversion process or loss of quality! You quickly find, cut, and record video segments and create slide shows. Some camcorders even offer editing software for adding titles and special effects.",joy
4015,12,What special effects?,joy
4015,13,Like creating a sepia tone look and some special effects such as fades and dissolves.,joy
4015,14,That's great!,joy
4015,15,"With the development of the broad band Internet, you can easily upload your video files to websites or e-mail them to relatives or business partners.",joy
4015,16,So everybody's getting video mail.,joy
4019,0,May I help you?,neutral
4019,1,I would like to return this book.,neutral
4019,2,May I do anything else for you?,neutral
4019,3,I would also like to check out this magazine.,neutral
4019,4,I can ’ t let you do that.,neutral
4019,5,Why is that?,neutral
4019,6,Our policy doesn ’ t allow anyone to check out the magazines.,neutral
4019,7,What things am I allowed to check out?,neutral
4019,8,You are only allowed to check out books or videos.,neutral
4019,9,I really need to check out this magazine.,neutral
4019,10,"I ’ m sorry, but that ’ s our policy.",neutral
4019,11,That ’ s stupid.,disgust
4035,0,"Look at this, A Brief Introduction of Hollywood.",neutral
4035,1,Hackneyed theme!,surprise
4035,2,What? How much do you know Hollywood?,neutral
4035,3,Nearly everything.,joy
4035,4,You are full of boasts. I can examine you by question and answer. What is Hollywood? Where is it? What is the function of it?,neutral
4035,5,"Too easy questions. Listen carefully. Hollywood is the movie capital of the world.It is located in southern California. Many films have been made there, and the kinds have changed often.",joy
4035,6,Not bad. What kind of film did it produce from the ready to mid 1930's,joy
4035,7,Gangster movies. Movie-goers at that time could get a look at the people involved in crime and their violent activities by watching it.,joy
4035,8,Mm. What came after that?,joy
4035,9,"After all that violence, people needed to laugh, so from the mid-to-late l940's, many detective movies about policemen who solved crimes were made. Then came musicals.",joy
4035,10,Pretty good. Please continue.,joy
4035,11,"Right. By the mid - 50's, this light-hearted genre was competing with films about more serious subjects. There was one kind that could be found throughout all of these years, and that was the, mm, the...",neutral
4035,12,"The western films about America's cowboys, Indians and early settlers.",joy
4035,13,Come on.,joy
4035,14,"Since the early 1960's, there are horror movies about people who encounter frightening, unnatural situations, and serious films such as documentarist about events that actually happened, and science fiction movies about possible friture and future worlds. Some people have also enjoyed watching psycho-dramas about the everyday problems that people have.",joy
4035,15,Any more?,neutral
4035,16,"Of course, no list of film would be complete without animated movies. These are especially popular among children.",joy
4048,0,"Hi, Kenji.",neutral
4048,1,"Hi, Debbie. Have a seat. How's it going?",neutral
4048,2,I'm OK. How are you doing?,neutral
4048,3,Pretty good. Listen... have you heard about the new Thai restaurant over on University Avenue?,neutral
4048,4,Do you mean The Bangkok?,neutral
4048,5,That's the one. A bunch of us are going there for dinner tomorrow night.How about coming with us?,joy
4048,6,"Sure, I'd love to.",joy
4048,7,Great. I'll call and make reservations.,joy
4048,8,Any time after 6 o'clock is good for me.Oh! I'm late! I have a class.,joy
4048,9,All right. I'll call you tonight and tell you the time.,joy
4048,10,Great. Talk to you then.,joy
4055,0,How do I buy my textbooks?,neutral
4055,1,Do you have your book list for your class?,neutral
4055,2,"Yes, I have my list.",neutral
4055,3,"Fine. Once you have it, you can go to the bookstore. Do you know where that is?",neutral
4055,4,"Yes, I know where the bookstore is.",neutral
4055,5,"OK, so once you pass the gym, it's the first door on your left. Do you know you can also sell your used textbooks there?",neutral
4055,6,"No, I didn't know I could do that.",neutral
4055,7,You just take them with you and trade them with the used textbook man just outside the door. Do you think you will be going there today?,neutral
4055,8,"Yes, I am going today.",neutral
4055,9,"Well, if you decide to go, I could meet you over there at 1",neutral
4055,10,"Yes, thank you. That would be great.",joy
4055,11,"Well, then, I'll talk to you later. Have a good day!",joy
4073,0,Do you have girlfriend?,neutral
4073,1,"Yes, why?",neutral
4073,2,"Well, I came to know a girl three weeks ago. We have so much in common.",joy
4073,3,So?,neutral
4073,4,So I think I may fall in love with her.,joy
4073,5,That sounds great. But how do you know that's a crush or a real love?,joy
4073,6,Then what's the difference between having a crush and falling in real love?,joy
4073,7,"That's a big question. Well, if you're in love, maybe you will take every opportunity to talk to her or telephone her for no reason at all.",joy
4073,8,That's what I do.,joy
4073,9,And you think about her all the time?,joy
4073,10,Yes.,joy
4073,11,"And maybe you suddenly have new interests. I mean you suddenly begin to do things you used to avoid. For instance, you used to sleep in every morning, but because she jogs every morning then you begin to like jogging.",joy
4073,12,"That's it. She likes dogs so much now, and I begin to love dogs.",joy
4073,13,"Oh, congratulations. Sounds like you've found your soul mate.",joy
4073,14,"Thanks, but I know falling in love is one thing while staying in love is another.",joy
4073,15,"Yes, that's right. If you find this person becomes more and more important to you and you can totally trust her, then you can stay in love.",joy
4073,16,"Yeah, falling in love is so good.",joy
4087,0,We still have one more day to go before we return home. What will we see tomorrow?,neutral
4087,1,No idea. We've enjoyed both the natural scenery and the city sights. What else is there to see?,neutral
4087,2,What about a factory tour?,neutral
4087,3,You mean visit a factory?,neutral
4087,4,Yes. I heard there's a lager motor company nearby which is open to the public every weekend. We can go to see how a car is manufactured and learn more about the automobile industry.,joy
4087,5,Good idea! I've always been interested in that. How much is the entrance fee?,joy
4087,6,"I'm not sure, but as far as I know, most factory tours are free. They are sponsored by the company providing the tour.",joy
4087,7,Really? What do the companies do that for?,surprise
4087,8,I believe most of them think it as good public relations. They can promote their product and make their company better-known.,joy
4087,9,"Oh, ISEE. So factory tours are good for companies as well as visitors.",joy
4087,10,Exactly.,joy
4087,11,Do we need an appointment beforehand?,joy
4087,12,I'll call the tourist information centre to check.,joy
4128,0,Are you enjoying your trip to New Orleans?,joy
4128,1,"Oh, yes. I really like it here.",joy
4128,2,Would you like to do something tonight?,joy
4128,3,Sure. I'd love to.,joy
4128,4,Let's see. Have you been to a jazz club yet?,joy
4128,5,Yes. I've already been to several clubs here.,joy
4128,6,OK. What about an evening riverboat tour?,joy
4128,7,"Uh, actually, I've gone twice this week.",joy
4128,8,"So, what do you want to do?",joy
4128,9,"Well, I haven't been to the theater in a long time.",joy
4128,10,"Oh, OK. I hear there's a terrific show at the Sanger Theater.",joy
4128,11,Great! Let's make a reservation.,joy
4130,0,I want to try something different today.,joy
4130,1,What do you mean?,joy
4130,2,I want a different hair style.,joy
4130,3,What style do you want?,joy
4130,4,Can you make my hair short?,joy
4130,5,Exactly how short do you want it?,joy
4130,6,Make it a few inches long.,joy
4130,7,Are you sure you want me to cut it that short?,joy
4130,8,I've been thinking about this for a while now.,joy
4130,9,Okay. I'll do it if you're positive that this is what you want.,joy
4130,10,I honestly want my hair that short.,joy
4130,11,"All right, then let's begin.",joy
4134,0,What are you doing?,neutral
4134,1,Look at me. I look so old! I look as if I were thirty.,disgust
4134,2,Come on! Stop being so vain. You look great! You are beautiful!,neutral
4134,3,"Yes, I am, but I think it ’ s time for some plastic surgery I ’ m tired of these wrinkles and sagging skin. See?",neutral
4134,4,"I don ’ t see any wrinkles or sagging skin! You are stop beings ridiculous. Besides, I think that people who get Boto, have facelifts, or tummy tucks look weird.It doesn ’ t look natural.",neutral
4134,5,"Whatever, I think I ’ m gonna get liposuction and a nose job and some breast implants as well.",neutral
4134,6,I think you need to get brain surgery. I honestly don ’ t think you need cosmetic surgery.You look amazing.,neutral
4134,7,I thought you were my friend and would support me on this! I just want to feel better about myself and feel more attractive.,neutral
4134,8,"You don ’ t need plastic surgery to do that. You are fine the way you are and you have guys drooling all over you! Plus, plastic surgery hurts!",neutral
4134,9,Really?,joy
4134,10,Yeah! When I got my nose job I was black and blue for a week!,joy
4162,0,"Graham, why are you always on the phone with Jane?",neutral
4162,1,Because we are partners in our science lab. Why are you so jealous?,neutral
4162,2,The other night when you came home there was lipstick on your right cheek. How do you explain that?,neutral
4162,3,My aunt Mary just flew in from Cleveland and she laid one right on my right cheek.,neutral
4162,4,Are you sure?,neutral
4162,5,"Of course I am. I only love you, Amy.",neutral
4162,6,"Okay, I'm sorry. I believe you.",neutral
4162,7,Why do you always accuse me like that?,neutral
4162,8,Because you are the most handsome boy at the university and I love you so much! I guess I just go crazy sometimes. That's all.,joy
4162,9,"Oh, Amy. I am the luckiest guy in the world.",joy
4162,10,Why?,neutral
4162,11,Because I am loved by the most beautiful girl in the world!,joy
4162,12,Oh. Graham. I love you so much and I really believe in our love.,joy
4177,0,"Hi Mary, how's it going?",neutral
4177,1,"well, last night I had a big argument with Ann.",sadness
4177,2,terrible. It must be something serious. You two are such close friends.,neutral
4177,3,"now that I look back at it, it wawsn't that big a deal. I shouldn't have lost my temper.",sadness
4177,4,really? What happened?,neutral
4177,5,"it's just we've been planning to go the beach for a while, and we decided we could both make it this weekend. Then out of nowhere she called me up, said her boyfriend had made plans and that she nee",neutral
4177,6,that's pretty harsh.,neutral
4177,7,"I know, but I was so upset. I mean, come on! Does she have to do everything her boyfriend says?",sadness
4177,8,you know she probably feels just as bad.,neutral
4177,9,"well, I think I was being a little selfish myself. I know they don't get to see each other very often.",sadness
4177,10,"well, in that case I guess maybe you can be more understanding. You shouldn't let a trivial thing like this stand in the way of your friendship. After all you can go to the beach anytime you want.",neutral
4177,11,"yeah, I'll call her later to patch things up.",joy
4182,0,"Nice weather, honey!",joy
4182,1,The days are getting longer!,joy
4182,2,May and Daniel often like this kind of weather.,joy
4182,3,"Yeah, they can enjoy themselves in the day time and it is not so hot.",joy
4182,4,"Honey, how about taking them to the beach this weekend?",joy
4182,5,That's great!,joy
4182,6,"Since last time we've climbed the mountain, we haven't gone out for a long time.",joy
4182,7,And this kind of weather is rare for the season either.,joy
4182,8,"Yes, I remember last year this time, the weather is so hot.",joy
4182,9,So we must seize this chance to go the beach.,joy
4182,10,Daniel loves the beach very much!,joy
4182,11,He will enjoy himself this weekend.,joy
4184,0,What are you doing tonight?,neutral
4184,1,I have to run to the grocery store.,neutral
4184,2,Don't you hate fighting the crowds on the weekends?,neutral
4184,3,"Yes, but I am out of food and milk.",neutral
4184,4,What store do you shop at?,neutral
4184,5,"The small one, just down the street. I like their generic brand.",neutral
4184,6,I have been using the store across town for years.,neutral
4184,7,I hear they have very nice stuff.,neutral
4184,8,"They do, but they're a little expensive on certain items.",neutral
4184,9,"Well, you should try my store. The prices are good.",joy
4184,10,I will sometime. Thanks for the advice.,joy
4201,0,Hey Joanne. What are you up to?,neutral
4201,1,I'm just watching some television.,neutral
4201,2,I'm so bored. I don't know what I'm going to do today and it is only ten in the morning.,neutral
4201,3,Me too. Do you think we are boring people?,neutral
4201,4,I don't think we are boring. It's just that we don't have any hobbies.,neutral
4201,5,That's right. What do you think we should do as a hobby?,neutral
4201,6,"That all depends on what you like to do. For example, I like to doodle on the notepad, so I'm thinking about doing some real drawings.",joy
4201,7,I like to play the piano for fun.,joy
4201,8,Yeah. That can be a good hobby.,joy
4201,9,Hobbies are great. I'm going to make a list of all the things I like to do.,joy
4201,10,That's a great idea. I'm going to do the same.,joy
4206,0,Can you tell me where I can park?,neutral
4206,1,Are you driving a motorcycle or an automobile?,neutral
4206,2,I drive an automobile.,neutral
4206,3,Fine. You can either park in the student lot or on the street. Do you know what a handicapped space is?,neutral
4206,4,"Yes, I have seen those spots.",neutral
4206,5,"Well, when you see the blue spots with the handicapped logo, do not park there unless you have a special permit. Are you going to be parking in the daytime or the evening?",neutral
4206,6,I park in the evenings.,neutral
4206,7,Then you also need to be aware of the time limits on the street signs. Have you seen those signs?,neutral
4206,8,"Yes, I have seen those signs.",neutral
4206,9,The signs always tell you how long you can park there and on what days. Do you know how to read the curb colors?,neutral
4206,10,"Yes, I know what the curb colors mean.",neutral
4206,11,"Well, just as long as you realize that red means no parking and white means loading and unloading, I think you know what you need to know.",neutral
4214,0,Car trouble center. How may I help you?,neutral
4214,1,My car won ’ t start! Stupid old car!,anger
4214,2,"Hold on, before you kick your car let ’ s go through some possible problems.",neutral
4214,3,Fine.,neutral
4214,4,"OK, first of all, can you turn the key in the ignition?",neutral
4214,5,Yeah! I am here with my friend and he thinks it may be the spark plug or the starter motor.,neutral
4214,6,"Those are possible problems, but tell me, when you turn the key, do you hear the starter motor crank?",neutral
4214,7,"Yeah, it sounds like it usually does when I start the car, but nothing else happens. The engine won ’ t start. Should I maybe press the accelerator?",neutral
4214,8,No. If you step on the accelerator pedal you can flood the carburetor and your car will never start.,neutral
4214,9,So what do you think it is?,neutral
4214,10,"I know this may seem like a silly question, but does your car have gasoline?",neutral
4214,11,Umm. yeah! Right! I got the car started! Thanks for your help! I told you to fill the tank!,joy
4229,0,"hi, I'm Lucas, I just moved in next door.",neutral
4229,1,"oh, hi Lucas, come on in. I'm Barbara. Nice to meet you.",neutral
4229,2,nice to meet you too.,neutral
4229,3,would you like something to drink? I've got tea and some grape juice.,neutral
4229,4,thanks. Some tea would be nice. Chinese tea is great. I really like your tea set. Where did you get it?,neutral
4229,5,"oh, there is a supermarket not far from here. But there is also a tea house around the corner, where you can get tea and a tea set as well.",neutral
4229,6,"oh yeah, I saw the tea house the other day. I think I might go and have a look sometime. It's a nice neighborhood here.",neutral
4229,7,"you are right about that. It's quiet and very convenient. You can get to the bus and the subway stations within ten minutes'walk. There's a grocery store, a book store, a gym, and many restaurants",neutral
4229,8,there's a gym nearby? That's exciting! I really want to start to go to gym as soon as possible. I've been lazy this summer holiday and have put on some weight.,joy
4229,9,"well, if you want we can go together sometime. Actually I was thinking of going this afternoon, if you like, you can join me and I can show you the neighborhood along the way.",neutral
4229,10,that would be wonderful. Thanks!,joy
4248,0,Have you seen that house?,joy
4248,1,"Yes, it looks interesting.",joy
4248,2,You're right. I love it very much.,joy
4248,3,It must be old.,neutral
4248,4,At least more than 100 years old.,neutral
4248,5,Let's enter it!,neutral
4248,6,I can't open the door.,neutral
4248,7,It must be locked.,neutral
4248,8,Let me ask the old woman in that reception office.,neutral
4248,9,She can't answer you.,neutral
4248,10,She must be deaf.,neutral
4248,11,It must be a haunted house. Are you frightened?,neutral
4248,12,Frightened? You must be joking.,surprise
4259,0,Did you ever take History 231?,neutral
4259,1,Yeah. Last semester.,neutral
4259,2,Who was the professor?,neutral
4259,3,It was Professor Johnson.,neutral
4259,4,I have him this semester. What do you think about him?,neutral
4259,5,"He's a terrible instructor and demands a lot, but fortunately, he's an easy grader.",neutral
4259,6,What did you end up getting?,neutral
4259,7,"I got an A -. Sounds good, but none of my test scores were that high, so I don't know how I got a decent grade.",neutral
4259,8,That's probably because he grades on a curve.,neutral
4259,9,Are you enjoying the class so far?,neutral
4259,10,"I hate it and I was about to withdrawal. But after hearing your experience, I think I will tough it out.",neutral
4259,11,Yes. Definitely stay in the class. You will get a better grade than your test scores. He does that deliberately to make all the students study a lot.,neutral
4259,12,Thanks for letting me know. I feel relieved now.,joy
4262,0,"It's weekend again, I'm glad I can arrange for my personal matters.",joy
4262,1,What do you mean by that?,neutral
4262,2,"Oh, that means I can do whatever I like without few interruptions.",joy
4262,3,You've been always active and versatile. It seems that you are interested in everything.,neutral
4262,4,"Oh, really? I just have lots of hobbies in my spare time ; such as going to the concert, painting, handwriting, reading novels and reading fashion magazines. What about yours?",neutral
4262,5,I have fewer hobbies than yours. That's why I find campus life a bit dull and uninteresting.,neutral
4262,6,"Oh, you can't think like that. We young people should try our best to learn new things and accept new ideas. You like taking photos and going to photography shows, why not practise the technique and catch something unforgeable?",joy
4262,7,That's a good suggestion. It's fine today. Maybe I can take photos on the scenery of the lake at sunset. It must be fantastic.,joy
4262,8,"I quite agree with you. With our hobbies, our life can be more colorful and exciting.",joy
4262,9,And I can concentrate on my study after the relaxation over the weekend.,joy
4262,10,"Yes, it's a good habit to have a life-long hobby. Those who practise calligraphy and Qigong always live longer.",joy
4263,0,"Hey, Jane... are you familiar with our company's insurance policies?",neutral
4263,1,Umm... I think so. What's up?,neutral
4263,2,I've never really paid attention to the fine print of our insurance policies... but it looks like I'm going to need to make a claim.,neutral
4263,3,Really? Are you OK?,surprise
4263,4,I have a slipped disc in my lower back and the doctor says surgery is probably the best option. Does our worker insurance cover this kind of thing?,neutral
4263,5,If the injury is workplace related I'm sure it's completely covered.,neutral
4263,6,"Hummum... I think I'll have to talk to the doctor again about that.Anyway... now that I'm going to have to make some claims, I think I'd better try and understand how the system works. Would you mind breaking it down for me?",neutral
4263,7,"Sure. Basically we have two insurance policies for employees... workman's compensation and medical insurance. The company pays the premiums for workman's compensation, and for a significant part of the medical coverage, but you pay part of that premium, too.",neutral
4263,8,"That's the charge for insurance I see on my pay slip each month, right?",neutral
4263,9,"Yep. Every country in the world has a different system, but here we buy insurance from a private provider.",neutral
4263,10,"So workman's compensation is if I slip and break my arm while working in the office or on the job, right?",neutral
4263,11,That's right. The company pays for all your medical bills and there is also some financial compensation if you have to take days off to see doctors or spend time recuperating.,neutral
4265,0,How are you?,neutral
4265,1,I ’ m great. Thanks.,neutral
4265,2,Did you need something?,neutral
4265,3,I need your help.,neutral
4265,4,How may I help you?,neutral
4265,5,I need to find this newspaper article.,neutral
4265,6,Have you checked the periodicals section yet?,neutral
4265,7,I forgot about that section.,neutral
4265,8,"If you ’ d like, I can show you were to find it.",neutral
4265,9,Could you do that?,neutral
4265,10,Follow me.,neutral
4265,11,Thank you for all your help.,joy
4309,0,"Hey, buddy. Are the fish biting today?",neutral
4309,1,They sure are. They are practically jumping in the boat.,neutral
4309,2,"Is that so? Well, what kind of bait are you using?",neutral
4309,3,We're catching most of our fish with lures.,neutral
4309,4,Lures? We're using live bait over here.,neutral
4309,5,What kind of live bait are you using? Worms or minnows?,neutral
4309,6,We're using worms.,neutral
4309,7,Are you having any luck with the worms?,neutral
4309,8,"No, we haven't even gotten a nibble today.",neutral
4309,9,That's too bad. Why don't you try using lures instead?,neutral
4309,10,"I would, but I don't have any in my tackle box.",neutral
4309,11,"That's too bad. Well, where are you fishing?",neutral
4309,12,I'm just fishing from the shore. How about you?,neutral
4309,13,We went out in our boat. I have a favorite fishing hole out there.,neutral
4309,14,Sweet.Can you tell me where it is?,neutral
4309,15,"Oh no, I can't tell you. It's a secret. Say, why don't you go over by the lily pads and try fishing there?",neutral
4309,16,Do you think that's a good spot?,neutral
4309,17,"Sure, I used to catch my legal limit of bass there all the time.",joy
4309,18,Thanks. I think I'll go check that out now.,joy
4309,19,Good luck. I hope you each some fish.,joy
4323,0,Can you help me do an internet search?,neutral
4323,1,Sure. What do you want to find?,neutral
4323,2,I want to find information on World War Two.,neutral
4323,3,"Well, can you be more specific? There are a lot of websites about that.",neutral
4323,4,"Yes, I want to know about the Normandy Landing.",neutral
4323,5,"Ok. Well, go to www.google.com, and type in Normandy Landing.",neutral
4323,6,"Oh, wow! There are lot of sites.",neutral
4323,7,"Here, try this one. It's a good site about Normandy Landing.",neutral
4323,8,Thanks.,joy
4323,9,"For detailed information, however, you should read a history book.",neutral
4323,10,"Thanks. If I am interested, I'll go to the library.",joy
4381,0,"I don't know what I'm going to do. I need to find a job. If I don't, I won't be able to stay here next semester.",sadness
4381,1,Have you tried university part-time jobs?,neutral
4381,2,What do you mean?,neutral
4381,3,"I mean in the library, or in some information center.Often the university hires foreign students for part-time positions.",neutral
4381,4,"Yes, I know. I tried that.They don't have anything now. So what can I do?",neutral
4381,5,"Well, since you're a foreign student, it's hard.That's because it's actually illegal for you to work in America.",neutral
4381,6,I know that. You don't have to tell me that. That's my problem. I know I have the right to work for the university. That's legal.But they don't have a job for me. And it's illegal for me to get a job elsewhere.,sadness
4381,7,"Anyway, there must be some solution.You know there are many people working illegally in New York.",neutral
4381,8,But I need a pretty decent job. I need to make enough to pay my rent at least.,neutral
4381,9,I have an idea.,neutral
4381,10,What?,neutral
4381,11,"Since you're Chinese, maybe you can find part-time work in Chinatown.",neutral
4381,12,I already had that idea.,sadness
4381,13,"Well, why don't you go and look down there?",neutral
4381,14,But I don't know what I would do.,neutral
4381,15,"It may be part-time work as a waitress or something.It would be illegal, but sometimes waitresses make a good salary.",neutral
4381,16,Maybe. I don't know.,neutral
4381,17,I will ask my friends for you.Maybe someone knows a company that needs part-time people.That's another thing you should do. Ask all your friends to ask around for you.You might find something.,neutral
4381,18,I have to find something.Otherwise I have to go back to Taiwan. I'll be broke in two months.,sadness
4389,0,"When you are in a restaurant you want the waiter to bring the bill, what do you do to attract his attention?",neutral
4389,1,I just make eye contact with him and nod my head. Then I tell him when he comes over to the table. Why do you ask?,neutral
4389,2,I went out with my girlfriend to a nice restaurant last night and I noticed that many people shouted for the bill.,neutral
4389,3,That seems a little impolite in such a restaurant.,neutral
4389,4,"That ’ s what I thought. I just thought I ’ d ask you and see what you thought of it. Anyway, what did you do yesterday evening?",neutral
4389,5,"Well, it was a warm evening, so I stretched my legs. I walked along the canal for a couple of miles. Actually, several other people had the same idea. I saw Bill.",neutral
4389,6,Did you? How is he these days?,neutral
4389,7,He seemed ok. We didn ’ t stop and chat because we were on opposite banks of the canal. We just waved at each other.,neutral
4389,8,I need to move some furniture. Could you help me to lift it?,neutral
4389,9,Of course. What do you want to move first?,joy
4389,10,Let ’ s move the sofa. Can you get a grip on the bottom at that end? I ’ ll lift this end. I want to move it sideways in that direction.,joy
4428,0,"Don't talk too much, Tom. We are on duty today, we should hurry up.",neutral
4428,1,OK.,neutral
4428,2,"Tom, your task is to clean the blackboard.",neutral
4428,3,How about yourself?,neutral
4428,4,I'm going to sweep the floor first.,neutral
4428,5,"Daniel, I am not tall enough to reach the of the blackboard.",neutral
4428,6,"Stand on the chair, Pig Tom. Use your brain.",neutral
4428,7,"OK, I've finished cleaning the blackboard.",neutral
4428,8,How about the podium?,neutral
4428,9,"Oh, I forgot about it. I'll get it.",neutral
4428,10,"Be quick, please. Our teacher and classmates will come soon.",neutral
4428,11,I will be done before they come.,neutral
4430,0,"Jim, I heard you took a trip to San Diego. Is that right?",joy
4430,1,"Yeah, I just got back this morning.",joy
4430,2,That sounds really nice. What did you do there?,joy
4430,3,"Well, we were only there for three days, so we didn't do too much. We went shopping and went out to dinner a few times. And at night we walked around the city with some friends.",joy
4430,4,Did you take any pictures?,joy
4430,5,"Yes, I have them with me. Do you want to look at them?",joy
4430,6,"Sure, I love looking at photos.",joy
4430,7,"This one is of my wife and me on the beach, and this one is our daughter Emily standing next to my wife.",joy
4430,8,Your daughter looks like her mother.,joy
4430,9,"I know, they look very similar.",joy
4430,10,Where was this picture taken?,joy
4430,11,That was taken at the train station before we left.,joy
4430,12,Did you have time to go to the zoo?,joy
4430,13,"No, not this time. We went there last time.",joy
4430,14,It looks like you all had a nice time.,joy
4430,15,"Yeah, it was a lot of fun.",joy
4433,0,"Excuse me, Sir, May I have the time, please?",neutral
4433,1,Beg your pardon?,neutral
4433,2,Er... I'd like to know what time it is now.,neutral
4433,3,"Oh, Let me see... It's three forty-five. Er... wait, My watch is five minutes fast. So it should be three forty",neutral
4433,4,"Thank you. By the way, what day is today?",neutral
4433,5,Today is Friday. Are you new in Beijing?,neutral
4433,6,"Yes, I've just come from the States, yesterday in fact. I'm still a bit confused about the time.",neutral
4433,7,"Welcome to Beijing. This is my business card. I'm an engineer. If you need any help in Beijing, just give me a call.",neutral
4433,8,"Oh, that's very nice of you. I don't want to sound pushy, but I still l have one more question.",joy
4433,9,Go ahead.,neutral
4433,10,What's the date today?,neutral
4433,11,"It's October the 1st, our National Day. I'd like to talk some more, but I've got to get going now. It was nice talking to you, though.",neutral
4433,12,"Yeah, it was nice to meet you. Hope I run into you again sometime.",joy
4470,0,"Lucy, you ’ re back. How was your first day of school?",neutral
4470,1,It was great. I had a really good time.,joy
4470,2,What classes did you have?,neutral
4470,3,"Well, I had English from 9 o'clock to 11 o'clock, art from 12 o'clock to 2 o'clock, and math from 2 o'clock to 4 o'clock.",neutral
4470,4,What do you think about the teachers?,neutral
4470,5,"To be honest, I liked all of them, except for the math teacher. Though he must be quite young, he seem like an old person. He ’ s so boring!",neutral
4470,6,That ’ s too bad. How was your English teacher?,neutral
4470,7,"She was great. In today ’ s class, she gave us a lecture on how to be a good student. She told us not to arm for exams, and to pay more attention on communicating than memorizing.",neutral
4470,8,Where is she from?,neutral
4470,9,She said that she ’ s from a small town in the middle of America.,neutral
4470,10,Were you able to understand everything that she said?,neutral
4470,11,"Not everything, but nearly. She speaks very clearly and doesn ’ t use very complex words so that it is easy for us to understand her.",neutral
4470,12,She sounds like a good teacher. Do you think you ’ ll pass her class?,neutral
4470,13,Yes... with flying colors!,joy
4470,14,What does that mean?,neutral
4470,15,"It ’ s a new phrase that she taught us today. It means that I will not only pass the class, but I will do extremely well!",joy
4470,16,"If you like the class this much already, I ’ m sure you will.",neutral
4470,17,I hope so.,neutral
4470,18,did she give you any homework?,neutral
4470,19,"not today. She said she wanted us to relax tonight instead of doing homework,",joy
4470,20,no wonder you like the class so much.,joy
4474,0,The police need our help finding a robber.,neutral
4474,1,How do you know?,neutral
4474,2,The TV news is reporting a bank robbery.,neutral
4474,3,Do they know what the robber looks like?,neutral
4474,4,"Yes, he's 6 feet tall, 200 pounds, black hair, and about 30 years old.",neutral
4474,5,What race is he?,neutral
4474,6,They didn't say.,neutral
4474,7,The TV news doesn't tell us the race anymore.,neutral
4474,8,Of course not. That would be racist.,neutral
4474,9,But how can we identify someone if we don't know their race?,neutral
4474,10,Don't ask me.,neutral
4474,11,"Then they also shouldn't tell us if the robber is male or female, because that is sexist.",neutral
4480,0,Why didn't you tell me you had a girlfriend?,anger
4480,1,"Sorry, I thought you knew.",neutral
4480,2,But you should have told me you were in love with her.,anger
4480,3,Didn't I?,neutral
4480,4,You know you didn't.,anger
4480,5,"Well, I'm telling you now.",neutral
4480,6,"Yes, but you might have told me before.",anger
4480,7,I didn't think you'd be interested.,neutral
4480,8,You can't be serious. How dare you not tell me you were going to marry her?,anger
4480,9,"Sorry, I didn't think it mattered.",neutral
4480,10,"Oh, you men! You're all the same.",anger
4495,0,"I don ’ t understand why you always look so happy, so energetic. It seems like you ’ Ve got good news everyday.",neutral
4495,1,Really? Do I look happy all the time?,surprise
4495,2,All I know is you look quite differently from other teachers.,neutral
4495,3,"Oh, do you know why? Actually, it ’ s easy. Because I always exercise. My exercise, I think, is very hard. I often feel very good after conquering these difficulties. I feel alive!",neutral
4495,4,"Oh, I know. I saw you doing pull-ups one time on the campus and some students trying to imitate you.",neutral
4495,5,"Yeah, they are doing it for fun. Seldom would people like my exercise. It ’ s difficult and boring.",neutral
4495,6,It ’ s true. Many students do the exercise when they have to. We have P. E. once a week.,neutral
4495,7,But I think Chinese students need to exercise more. Besides exercise will help them learn new things better. Don ’ t students want to have a good memory?,neutral
4495,8,Of course. I didn ’ t know that. I only know exercise makes bodies stronger. I should take some exercise then. Do you have any suggestions?,neutral
4495,9,"Well, do what you like to do. It can be anything. Jogging, doing aerobics, going bicycling, and playing ping-pong. Absolutely anything. Doing three or more workouts a week is good for you. But remember to do some stretches first.",neutral
4495,10,"Oh, I know. Thank you.",joy
4499,0,Do you have a boyfriend?,neutral
4499,1,Yes. Why?,neutral
4499,2,"Well, I came to know a girl 3 weeks ago and we have so much in common.",neutral
4499,3,So?,neutral
4499,4,So I think I may fall in love with her.,joy
4499,5,"You are attracted to her. That sounds great, but how do you know that it is a crush or it's real love?",neutral
4499,6,Then what's the difference between having a crush and falling in love?,neutral
4499,7,"That's a big question. Well, if you are in love, maybe you ’ ll take every opportunity to talk to her or telephone her for no reason at all.",neutral
4499,8,That's what I did.,neutral
4499,9,And you think about her all the time?,neutral
4499,10,Yes.,neutral
4499,11,"And maybe you suddenly have new interests. I mean you suddenly begin to do things you used to avoid, ie.You used to sleep in every morning, but because she jogs every morning, then you begin to like jogging.",neutral
4499,12,"That's it. She likes dogs so much now, and I begin to love dogs.",joy
4499,13,"Oh, congratulations! Sounds like you ’ Ve found your soul mate.",joy
4499,14,"Thanks. But I know falling in love is one thing, while staying in love is another.",neutral
4499,15,"Yeah, that's right. If you find this person is more and more important to you and you can totally trust her, then you can stay in love.",joy
4499,16,Yeah. Falling in love is so good!,joy
4499,17,While staying in love is even better.,joy
4520,0,What's your favourite steps?,neutral
4520,1,It's hard to say. But I do love waltz very much.,neutral
4520,2,How about rumba?,neutral
4520,3,"To tell the truth, I don't like it.",neutral
4520,4,"Really? You must like tango, right?",surprise
4520,5,"Oh, it's really beautiful, but I just can't dance it well.",joy
4520,6,Don't be so modest. I'm sure you can dance it very well. Let's dance it now.,joy
4520,7,OK. I'll have a try.,joy
4520,8,"Oh, you dance it so well.",joy
4520,9,Thank you for your compliment.,joy
4520,10,I think I'm your lucky fellow.,joy
4524,0,I'll always remember my college days.,joy
4524,1,oh yeah?,neutral
4524,2,"It was one of the best times in my life. It was tough, but I made it. I became a college graduate.",joy
4524,3,how did you feel when you graduated?,neutral
4524,4,"it was a round day for me. My family attend the graduation ceremony. I was so nervous. I couldn't find my cap and gown, but all worked out in the end.",joy
4524,5,what did you do after graduation?,neutral
4524,6,"I was planning to attend gradate school, but then I was offered a good job doing marketing, so I changed my mind.",neutral
4524,7,sounds like you're happy with your decision.,neutral
4524,8,I sure am. So what about you? How did you feel when you graduated?,neutral
4524,9,"it was also a proud day for me, but I also felt like a kind of loss that day.",sadness
4524,10,how could it be?,surprise
4524,11,"while seeing others going to work or continue their study, I didn't know what I would do.",neutral
4524,12,you didn't have an offer?,neutral
4524,13,"I had one, but I didn't like the job very much. I wanted to attend graduate school, but I was afraid it would be too tough.",sadness
4524,14,"I think you lack in the power of decision. Once you make your decision, don't be overtaken by misgivings and fear. Just go full steam ahead!",neutral
4546,0,Do you use an anti-virus program to protect your computer?,neutral
4546,1,"Yes, I do. I also use an anti-spyware program and a firewall. There are so many nasties on the internet and so many people who are trying to use the internet to hurt other users. You have to be very careful and keep you computer clean.",neutral
4546,2,How often do you run your anti-virus program?,neutral
4546,3,I usually run it every few days. It finds a virus about half the time.,neutral
4546,4,Which anti-virus program would you recommend?,neutral
4546,5,How you tried this one? It ’ s very good and you can download it for free on the internet. You can also download updates for free.,neutral
4546,6,That sounds very good. Which website should I visit to download it?,neutral
4546,7,Just a minute... go to this one. I ’ ll send you an email with the line in it. It only takes a few minutes to download. Then you have to go through the set up procedures. But they are not complicated.,neutral
4546,8,What do you use your computer for?,neutral
4546,9,"I use it for several things-surfing the net, word processing and creating presentations. I don ’ t play many games on my computer, but I do a lot of work with photographs. Using c computer program, you can edit and resize photographs. You can also make them brighter or darker and cut pieces from different photographs to create new ones.",neutral
4546,10,"Computers are great, aren ’ t they? I should download some program and learn how to use them.",neutral
4553,0,How should we commemorate the centenary of the founding of the university? We have been given quite a large budget to pay for some events.,neutral
4553,1,We should certainly hold a big party for the professors and students. We could have a firework display.,neutral
4553,2,Do you think that we should invite alumni and former professors?,neutral
4553,3,"If we do, too many people might attend. Perhaps we should invited all of them, but make a small charge to attend.",neutral
4553,4,"Good idea. We should also hold a series of presentations. We could have presentations on the history of the university, the courses we offer, and our links with other universities.",joy
4553,5,Good idea! I think we could also have presentations by former students on how their experience here helped them in their lives.,joy
4553,6,We could have another on the successes of graduates from here.,joy
4553,7,"I think that we could also produce some merchandise for the centenary-you know, T-shirts, mugs, plates, pens, and things like that.",joy
4553,8,"That ’ s an excellent idea. Hopefully, we would be able to make a profit! A few professors and students are writing a book on the history of the university.",joy
4553,9,I ’ m looking forward to reading that. We could have book signings by famous professors an alumni.,joy
4553,10,A group of students from the art and music faculty are producing a short film.,joy
4553,11,"I ’ m sure that will be very popular.. OK, let ’ s think about how we can put these ideas into practice.",joy
4558,0,"Hoo, I'm getting tired, Jeanine, been a long day.",joy
4558,1,"I'm not quitting yet. You know my favourite slogan, don't you?",joy
4558,2,"Yeah, I know. Shop till you drop.",joy
4558,3,Right!,joy
4558,4,I'm getting a little short on cash. Let's just window shop a little.,joy
4558,5,Ok.,joy
4558,6,"Hey, Jeanine, get a load of that. It's beautiful.",joy
4558,7,"Ahahah, and I thought you were tired.",joy
4558,8,You know.. I have a weakness for long dresses.,joy
4558,9,"It sure looks special, looks expensive too.",joy
4558,10,"Sure does. Hey, can I sponge a little cash of you?",joy
4558,11,"Don't worry, Mary, I've got you covered.",joy
4558,12,"Thanks, Jeanine, you are a real pal. Let's go in.",joy
4564,0,"Hello, is this People's Theater?",neutral
4564,1,"Yes, it is. May I help you?",neutral
4564,2,"Yes, are advance tickets for'Nut croakers'still available?",neutral
4564,3,"What date, sir?",neutral
4564,4,October 16th.,neutral
4564,5,"Let me see. Yes, we still have some tickets left. Which performance?",neutral
4564,6,"7:30 p. m. performance, please.",neutral
4564,7,"OK, we have tickets at 100 yuan and 50 yuan.",neutral
4564,8,"I'd like to reserve two seats at 100 yuan, please.",neutral
4564,9,"All right. May I have you name, please?",neutral
4564,10,Du Kun.,neutral
4564,11,When would you like to collect the tickets?,neutral
4564,12,Tomorrow.,neutral
4564,13,We can hold them until one day before the show.,joy
4564,14,"How do we cancel, just in case?",neutral
4564,15,"Just telephone us, and let us know in advance. We don't charge for cancellation.",neutral
4564,16,"All right, thank you very much. Good bye.",joy
4564,17,You are welcome. Goodbye.,joy
4576,0,How are you doing?,neutral
4576,1,I'm doing great.,neutral
4576,2,What movies have you seen lately?,neutral
4576,3,I saw Forrest Gump the other day.,neutral
4576,4,What type of movie is that?,neutral
4576,5,The movie type is drama.,neutral
4576,6,I can't believe you are watching movies. The weather is great. You should be outside.,neutral
4576,7,I hate the hot weather. I'd rather stay indoors with the air conditioner.,neutral
4576,8,What else do you like to do besides watching movies?,neutral
4576,9,"I like to play computer games, read books, go shopping, and play pool.",neutral
4576,10,Out of those what is your favorite?,neutral
4576,11,My favorite is to play computer games.,neutral
4576,12,What is your favorite computer game?,neutral
4576,13,"My favorite is Diablo. It used to be Star Craft, but it is getting a little old.",neutral
4576,14,"If you like to play so much, when do you ever exercise?",neutral
4576,15,"Although I hate to exercise, I go jogging at least twice a week.",neutral
4576,16,"That's pretty good. By the way, what are you doing next Saturday?",joy
4576,17,I am going to go to the bookstore.,neutral
4576,18,"I am having a party Saturday night at my house. If you have time, you should come.",joy
4576,19,That sounds like fun.,joy
4576,20,Great. I'll see you on Saturday.,joy
4576,21,Ok. See you later.,joy
4589,0,Do you want to go out for dinner tonight?,joy
4589,1,Sure. Have you got anywhere in mind?,joy
4589,2,"I'm starving, so maybe we could go somewhere with large portions.",joy
4589,3,That Italian restaurant in the city centre always has large portions. Do you want to go there?,joy
4589,4,"I'm not really in the mood for Italian, actually. I was thinking of something a bit spicy.",joy
4589,5,"If you want spicy food, then I'd recommend going to a Thai, Indian or Chinese restaurant. How about that Chinese buffet on Cowley Road?",joy
4589,6,"I really like that restaurant ; you get a lot for your money there. But, they've westernized their food, so it's not actually that spicy.",joy
4589,7,You're right. Most of their dishes have sweet sauces. We could try that Indian restaurant just down the road from us.,joy
4589,8,"The Taj? They're a bit expensive, but they do serve large portions of very hot food.",joy
4589,9,The Taj it is then.,joy
4589,10,Shall we bring our own bottle of wine to save some money?,joy
4589,11,They'll still charge us a corkage fee.,joy
4589,12,That's right. It'll probably work out to be about the same then anyway.,joy
4589,13,Don't worry about money. I'll treat you tonight.,joy
4589,14,Are you sure? We could go Dutch.,surprise
4589,15,"No, I'll pay. It's my turn anyway. You paid last time.",joy
4589,16,I won't argue with that! Let's go!,joy
4602,0,Is there a city where it's always warm?,neutral
4602,1,"Yes, there are many cities where it's almost always warm.San Diego, for example.",neutral
4602,2,Are there any other cities where it's always hot?,neutral
4602,3,Many.Most of the cities in the southern part of the United States are hot all year.,neutral
4602,4,But why do so many people live there?,neutral
4602,5,"Most people grow accustomed to the climate, but there are many others who complain about it all the time.",neutral
4602,6,Are there any cities where it rains a lot?,neutral
4602,7,"Several.Two good examples are Seattle, in the state of Washington, and Portland, Oregon.",neutral
4602,8,Tell us about some cold cities.,neutral
4602,9,In the north there are many cities which are very cold in the winter.Boston and Chicago are two of them.,neutral
4602,10,Is it always cold in Chicago and Boston?,neutral
4602,11,"Oh, no.On the contrary, there are many beautiful days, especially in the spring and fall.",neutral
4610,0,"Hello everyone, and welcome to our CPR for beginners course.First of all, does anyone know what CPR stands for?",neutral
4610,1,Cardiopulmonary resuscitation!,neutral
4610,2,That ’ s right! We apply CPR in the case of cardiac arrest or pulmonary arrest.,neutral
4610,3,What does that mean?,neutral
4610,4,"Well, basically if your heart stops pumping blood, or your lungs stop pumping air, then we need to get them going again! That ’ s when we have to apply this procedure. Let ’ s begin! I need a volunteer.",neutral
4610,5,Me! Me!,neutral
4610,6,"Alright, come here and lay flat on your back. Let ’ s suppose this young woman has stopped breathing. We must lift the person ’ s chin so that we clear a pathway for air to get into the lungs. Then we place our mouth over the other person ’ s mouth and blow air two or three times, like this.",neutral
4610,7,"Wait, what are you doing? I ’ m a married woman! You can ’ t just try to kiss me like this!",fear
4610,8,Madam I ’ m not trying to kiss you! I am trying to demonstrate how to apply CPR in the case of an emergency.,neutral
4610,9,"Well, OK. But no French kissing!",neutral
4610,10,"As I was saying, we blow air through the mouth in this manner. Once this is done, we must try to get the heart going again. To do this, we place our hands over the person ’ s chest, and press down firmly two or three times.",neutral
4610,11,"Wait, what are you doing! You can ’ t just kiss me then go for second base!",anger
4616,0,Valerie! Hi! Wow how have you been? It ’ s been such a long time!,joy
4616,1,"Darlene! Indeed, it ’ s been a while! How have you been? Wow, you look amazing! I love what you ’ Ve done with your hair!",joy
4616,2,"Really? Thanks! I went to that hair salon that you told me about, but enough about me! Look at you! You haven ’ t aged a day since the last time I saw you! What is your secret!",joy
4616,3,"Ha ha, come on! Well, I ’ Ve been watching what I eat, and working out three times a week. By the way, I heard your son recently graduated!",joy
4616,4,"Yes, my little Paul is finally a doctor. They grow up so fast you know.",joy
4616,5,He is such a handsome guy. He gets his looks from his mother of course!,joy
4616,6,"Thank you! What about your daughter, Pamela? I heard she has passed the bar exam and married recently.",joy
4616,7,Oh yes. She had a beautiful wedding in Cozumel Mexico and we all attended.,joy
4616,8,Such a lovely girl. I hope my Paul is lucky enough to find a girl like that someday!,joy
4616,9,"But of course! Well, it ’ s been great talking to you, but I have to get going.",joy
4616,10,"Same here! We will catch up soon, maybe over coffee!",joy
4616,11,That would be great! Give me a call!,joy
4616,12,See you soon! Bye! Egg... I can ’ t stand that woman or her obnoxious daughter.,joy
4625,0,"Is anything the matter, sir?",neutral
4625,1,"Yes, it's my steak.",disgust
4625,2,"What's wrong with it, sir?",neutral
4625,3,"It's too raw. I wanted mine well done, but this one here is almost medium.",disgust
4625,4,"I am sorry you didn't enjoy it, sir. I will return it to the kitchen and bring you one that is well cooked. How is your steak this time, sir?",neutral
4625,5,"Very good. It's done just right this time, thank you.",joy
4625,6,I am glad you enjoy it. I will tell this to the chef. Would you like some more beer?,joy
4625,7,"Yes, please give me another Calsberg.",joy
4625,8,Can I bring you some dessert?,joy
4625,9,"No, thank you. I've had enough.",joy
4625,10,How about some coffee or tea then?,joy
4625,11,"Yes, I will have a cup of coffee.",joy
4639,0,When is your birthday?,neutral
4639,1,August 1st.,neutral
4639,2,Do you usually have a birthday party?,neutral
4639,3,"Yes, we do.My parents prepare dinner for me.",neutral
4639,4,What would you do at the party?,neutral
4639,5,"We sing "" Happy Birthday "" at the party and have birthday cakes.",neutral
4639,6,"Do you know when people began to sing the song "" Happy Birthday ""?",neutral
4639,7,"Well, I don't know.",neutral
4639,8,"Let me tell you the story.In 1892, Patty Smith Hill and Mildred Hill wrote a song called'Good Morning to you'. But later someone added the words'Happy Birthday'to their tune.",neutral
4639,9,So the'Happy Birthday'song has been popular since then?,neutral
4639,10,"Yes, actually, the song has been sung since its publication in 1932.People all over the world have sung it in many different languages.",neutral
4643,0,You got a letter in the mail.,neutral
4643,1,Give it to me.,neutral
4643,2,What is it?,neutral
4643,3,It ’ s my acceptance letter from UCLA.,neutral
4643,4,What does it say?,neutral
4643,5,I ’ Ve been accepted!,neutral
4643,6,Are you serious?,neutral
4643,7,I ’ m serious.,neutral
4643,8,Good for you!,joy
4643,9,"NYU was my first choice, but UCLA is just fine.",neutral
4643,10,I ’ m so proud of you.,joy
4643,11,"Thanks. I ’ m proud of myself, too.",joy
4658,0,"hello, Jason, there is going to be a screening of Final Destination 3 at our campus cinema tomorrow. I plan to go to see it.",neutral
4658,1,is it a horror movie?,neutral
4658,2,"yeah, I love horror movies. Would you like to go with me tomorrow?",neutral
4658,3,no way. I will be scared out of my wits.,neutral
4658,4,"that's funny, I didn't know a big fellow like you could be so soft and timid on the inside.",neutral
4658,5,"Hey, how could you like to taste my fist?",neutral
4658,6,"alright, all joking aside, what kinds of moves do you like?",neutral
4658,7,"Um, let me see, romance, comedy. documentary, action, science fiction, animated and so on.",neutral
4658,8,"that is to say, you like all genres except for horror movies.",neutral
4658,9,yeah. It seems like we don't speak the same language as far as movies are concerned.,neutral
4658,10,not quite. I also greatly enjoy romance and comedy.,neutral
4658,11,the Notebook is this type of movie.,neutral
4658,12,really? I haven't heard of it.,surprise
4658,13,"well then, this could be a nice opportunity to enjoy it together. I bet you'd love it.",neutral
4658,14,Ok. I can't wait to see it. Let's go!,joy
4659,0,Good evening.Welcome to our program.,joy
4659,1,"Thank you.Good evening, Mr.Dean.",joy
4659,2,"Would you tell us your name, please?",neutral
4659,3,I'm Helen Baker.,neutral
4659,4,"Glad to meet you, Ms.Baker.",joy
4659,5,"Glad to meet you, too.",joy
4659,6,"Where are you from, Ms.Baker?",neutral
4659,7,I'm from New Zealand.,neutral
4659,8,What do you do for a living?,neutral
4659,9,I'm a teacher.,neutral
4659,10,"Thank you for coming, Ms.baker.",joy
4690,0,"Bye, mom!",neutral
4690,1,"Wait, Jimmy, it ’ s cold outside. Put a hat on!",neutral
4690,2,OK. Bye!,neutral
4690,3,"No, wait, you will be too cold without mittens.",neutral
4690,4,Alright. See ya!,neutral
4690,5,"Hold on, with that wind, you ’ re going to catch a cold. Wear this scarf.",neutral
4690,6,"Ok, see you after school...",neutral
4690,7,Oh... and ear muffs! Put these on... here we go.,neutral
4690,8,Mom?,neutral
4690,9,"Yes, honey...",neutral
4690,10,I... I can ’ t breathe.,neutral
4703,0,Hectic. It's always hectic. But how was your windsurfing?,neutral
4703,1,"I tried it for a half-hour.It was interesting, but... well... I couldn't really do it.",neutral
4703,2,See? I told you. It's very hard.,neutral
4703,3,I couldn't even stand on it and hold the sail. I probably fell down fifty times.,neutral
4703,4,Fifty times?,neutral
4703,5,"Yes, it was really stupid.",neutral
4703,6,And how much did it cost to rent it?,neutral
4703,7,It was fifty dollars for a half-hour.,neutral
4703,8,"Well, that's not too bad then.",neutral
4703,9,What do you mean? It's expensive!,surprise
4703,10,"Yes, but you have to calculate a little.You paid fifty dollars and you fell down fifty times.So you only spent one dollar per fall. That's cheap.",neutral
4722,0,"What a nice dress, Jean.You look marvelous!",joy
4722,1,"You, too. Where did you get your new hat?",joy
4722,2,"From the Crown's. Oh, what lovely earrings you have! Are they diamond?",joy
4722,3,Yes. It's a birthday present from my husband!,joy
4722,4,"Well, you are lucky to have such a considerate husband. Mine hasn't brought me a single rose since we married.",joy
4722,5,"He'll come out with surprises. Just wait and see. Look at that woman, with the white chiffon!",joy
4722,6,"She's chic, isn't she?",joy
4722,7,"Yes. I like the dress. It must be the latest fashion. Look, the hem has lowered, and the waist narrowed.",joy
4722,8,"It makes me feel rather shabby. That woman has a good taste in dressing, I would say.",joy
4722,9,Yes. She dressed with an individual flair. I rather envy her.,joy
4722,10,Most women follow fashion like sheep.They don't know any better than imitate.,joy
4722,11,I quite agree with you.See the woman there? I dare say she hasn't got any eyes. How could she match the mauve gown with the green handbag? And all that jewelry!,joy
4722,12,"The gown is quite expensive, believe me.",joy
4722,13,So what? It only makes her look cheap and vulgar.,joy
4722,14,You know those upstarts. They're all show-offs! I think I'd better have a diet ; otherwise I'd look like a ballon soon.,joy
4722,15,"You're quite slim. In fact, if you were one of those starlets, the movie company would say you have a fabulous figure.",joy
4722,16,Thanks. I'm flattered.,joy
4722,17,"Oh, my shoes pinch me. Let's find a seat and sit a while.",joy
4771,0,Come here! I can see the tall camphor trees from here.,joy
4771,1,"Yes, we can also see some yew trees.",neutral
4771,2,This is a great botanical garden in the city.,joy
4771,3,Listen to the sound of nature! It's like music.,joy
4771,4,"Yeah, I agree.It makes you feel really good.",joy
4771,5,What are those. Miss Liu?,neutral
4771,6,Do you mean the red flowers? They are peony flowers?,neutral
4771,7,The red and yellow peony flowers are so beautiful.,neutral
4771,8,"Yes, you like them very much. right?",neutral
4771,9,Sure. I'm going to take more pictures today.,joy
4771,10,I can help you with it,neutral
4771,11,You are so kind. Thanks.,joy
4772,0,"Good evening, Mr. Frank. Bourbon on the rocks?",neutral
4772,1,No. This time I'll try Chinese wine.,neutral
4772,2,"What about Mao Tai, one of the most famous liquors in China? It's good indeed. It never goes to the head.",neutral
4772,3,Do people here drink a lot of liquors?,neutral
4772,4,"Some do, some don't. Many people in the North are fond of liquors. I think it has something to do with the climate.",neutral
4772,5,"Yes, it has. Some Mexicans are crazy. They drink a lot of liquors even on hot days. Have you ever heard of "" Tequila Sauta ""?",neutral
4772,6,"Yes, it's a very well-known kind of spirits in Mexico. People drink it with salt and lemon.",neutral
4772,7,"Right. It's very strong, just like alcohol. ( Frank sips Mao Tai. )",neutral
4772,8,"Yes, besides Mao Tai, we have Wu Liang Ye, Fen Jim and so on.",neutral
4772,9,They say that Showing wine tastes quite good. What's it?,neutral
4772,10,"It's rice wine, a kind of still wine, somewhat like Japanese Sake. Showing is a city in China.",neutral
4772,11,I see.,neutral
4772,12,"By the way, we also have some good red wine and white wine, such as Great Wall White Wine.",neutral
4772,13,"Thank you for telling me so much, I'll try them next time.",joy
4772,14,I'm always at your service.,joy
4788,0,"Hello, John. How are you?",neutral
4788,1,"I'm fine, thanks. And you?",neutral
4788,2,"Very well, thanks. Nice to see you again. I haven't seen you for a long time. What have you been doing lately?",neutral
4788,3,"Oh, nothing much really. And how is everything with you?",neutral
4788,4,"Fine, thanks. I've been busy lately.",neutral
4788,5,What have you been doing?,neutral
4788,6,I've been studying for my exams. My school exams will begin next month.,neutral
4788,7,Really? Good luck for them.,neutral
4788,8,Thanks. And how are your parents?,neutral
4788,9,"They're both very well, thanks.",neutral
4788,10,Where are you going now?,neutral
4788,11,I'm going to do some shopping. Why don't you come with me?,neutral
4788,12,I can't. I have to meet someone.,neutral
4788,13,It's been nice talking to you.,joy
4788,14,Good-bye. See you again sometime.,joy
4789,0,Good morning. I'd like to check out right now.,neutral
4789,1,May I have your room number 。 Sir?,neutral
4789,2,Room 103.,neutral
4789,3,"Just a minute, Sir.Are you Mr Wang from China?",neutral
4789,4,Yes.Wang Bin.,neutral
4789,5,"Mr Wang, did you sign any bill in the last two hours in our hotel?",neutral
4789,6,No.,neutral
4789,7,Have you used any hotel services this morning?,neutral
4789,8,"No, I have not.",neutral
4789,9,Here is your bill.It totals 3250 dollars.,neutral
4789,10,All right. Can I pay with credit cards?,neutral
4789,11,What kind of card?,neutral
4789,12,American Express.,neutral
4789,13,"Yes, we do. Here is your bill and receipt.",neutral
4799,0,"So, tell me about you new house. How is it different to your old one?",neutral
4799,1,"Well, first of all, it ’ s much bigger. It has the same number of rooms, but each room is larger. We also have a larger garden, which our dog loves, of course!",joy
4799,2,"So, it ’ s a three-bedrooms detached house?",neutral
4799,3,"Yes. One bedroom is for my wife and I. there ’ s another for our daughter. My wife wants to use the third one as a guest room, but I ’ d like to make it into a study. Our daughter is also keen on making it a study, so that ’ s probably what will happen.",neutral
4799,4,What ’ s the kitchen like? I know both you and your wife like to cook.,neutral
4799,5,That ’ s one of the main reason we chose that particular house. The kitchen and dining room are together. It ’ s really large.,neutral
4799,6,Are the rooms nice and bright?,neutral
4799,7,"Yes, they are. That ’ s very important to us. We like to live in a home with plenty of natural light. Each room has large windows.",neutral
4799,8,Do you have a balcony?,neutral
4799,9,"No, we don ’ t. We wish we had one. That ’ s the only thing we wanted, but don ’ t have. The area is very nice and the neighbours seem friendly.",neutral
4799,10,"You ’ re right on the edge of the city, aren ’ t you? There can ’ t be much noise or traffic there. Is it easy to get into city centre?",neutral
4799,11,"It ’ s a very quiet neighbourhood. There ’ s some traffic, but not much. It ’ s not very difficult to get to the city centre, but you must remember to turn left and right at the right places or you ’ ll get lost. So when are you going to drop by?",joy
4804,0,Do you have any idea what time it is?,anger
4804,1,My bad. I didn't realize that it was so late.,sadness
4804,2,Do you really think that that excuses your tardiness?,neutral
4804,3,Of course not. I really did lose track of time.,neutral
4804,4,Didn't I tell you to call when you're running late?,neutral
4804,5,"Yeah, you did. I just forgot to call.",neutral
4804,6,"It doesn't matter, you should have called and let me know.",neutral
4804,7,That's true. My bad for not calling.,sadness
4804,8,"If you do this again, don't even bother coming home.",anger
4804,9,You're going to kick me out over this?,surprise
4804,10,"Exactly, maybe that'll teach you to respect my rules.",neutral
4804,11,"Well, if I'm not living here anymore, then I won't have to listen to your rules.",anger
4816,0,"Good evening, can I get you a drink?",neutral
4816,1,"Sure, I would like a Coke.",neutral
4816,2,Would you like to order anything off the appetizer menu?,neutral
4816,3,"Let's see, can I get some fried zucchini, please?",neutral
4816,4,Would you like to order anything else?,neutral
4816,5,"No, that's it, thank you.",joy
4816,6,"No problem, call me when you're ready to place the rest of your order.",neutral
4816,7,I would like to order my food now.,neutral
4816,8,What did you want to order?,neutral
4816,9,Can I get a cheeseburger and some fries?,neutral
4816,10,Can I get you anything else?,neutral
4816,11,"That's all, thank you.",joy
4825,0,"Excuse me, sir. Can I help you?",neutral
4825,1,I'd be glad to have your help. Could you make the air-conditioner cooler?,neutral
4825,2,"I'm sorry. We can not regulate the air-conditioner. As soon as the plane takes off we'll be able to get better ventilation, and the temperature here will drop. Let me get a wet towel for you at the moment.",neutral
4825,3,Good idea.,neutral
4825,4,"Your wet towel, sir.",neutral
4825,5,Thank you. Could I have something cold to drink?,neutral
4825,6,"Yes. We have mineral water, orange juice, coke, which do you prefer?",neutral
4825,7,"Orange juice, please.",neutral
4825,8,Would you like some ice in your drink?,neutral
4825,9,Yes.,neutral
4825,10,How much would you like?,neutral
4825,11,One or two cubes will be OK.,neutral
4825,12,"Here you are, sir.",neutral
4825,13,I'm awfully sorry to have bothered you.,joy
4825,14,It's my pleasure.,joy
4825,15,Please accept this tip.,joy
4826,0,Did you make it to school today?,neutral
4826,1,I always do. Did you go to school today?,neutral
4826,2,"No, I didn't.",neutral
4826,3,"You should have, but have you seen any movies lately?",neutral
4826,4,That was an odd change of subject.,neutral
4826,5,"Maybe it was, but answer the question.",neutral
4826,6,"No, not recently.",neutral
4826,7,I want to go to see a movie this weekend.,neutral
4826,8,What's stopping you then?,neutral
4826,9,I don't want to go alone.,neutral
4826,10,"So, will you be at school tomorrow?",neutral
4826,11,"No, I want to go to the movies instead.",neutral
4828,0,"Well, Peter. I'm sorry you're ill. What's the matter with you?",neutral
4828,1,"I don't know, Doctor. I'm ill. I have a headache and a stomachache.",neutral
4828,2,Show me your torgue.What did you eat yesterday?,neutral
4828,3,"Well, Doctor, I...",neutral
4828,4,Did you eat any cake?,neutral
4828,5,"Yes, I ate some cake.",neutral
4828,6,Did you eat any ice cream?,neutral
4828,7,"Well, yes, I did. I ate some ice cream.",neutral
4828,8,Did you eat any candy?,neutral
4828,9,"Well, yes, I did. I ate some candy.",neutral
4828,10,"Young man, tell me everything you ate yesterday evening.",neutral
4828,11,"weki, Doctor. I went to a birthday party.",neutral
4828,12,I see! How many pieces of cake did you eat?,neutral
4828,13,"Three, Doctor.",neutral
4828,14,"How many plates of ice ream did you eat, young man?",neutral
4828,15,"Gosh, Doctor. I had only three plates of ice cream.John had four.",surprise
4841,0,"Excuse me, is this the office of the Textile Corporation?",neutral
4841,1,"Yes, What can I do for you?",neutral
4841,2,I'm from CTC Trade Company. Here is my card.,neutral
4841,3,Welcome to our corporation. I'm in charge of the export business.,neutral
4841,4,I'm glad to meet you here. You're Ms....,neutral
4841,5,"I'm In Hui. Do sit down, won't you?",neutral
4841,6,"Thank you, Ms. In. I'm here to discuss the possibility of establishing business relations with your corporation.",neutral
4841,7,We'd be very glad to do so. Have you seen the exhibits displayed in the hall?,neutral
4841,8,"Yes, I had a look around yesterday. I wish I could have them all. Can you give me a price list with specifications?",neutral
4841,9,"Yes, of course. If you make an inquiry, we can make you a firm offer.",neutral
4841,10,Thank you very much.,neutral
4851,0,"Hello, I'd like to subscribe to a magazine.",neutral
4851,1,What magazine do you want to subscribe for?,neutral
4851,2,Fitness Consultant.,neutral
4851,3,"OK, Fitness Consultant. How many subscriptions do you want?",neutral
4851,4,"Only one, please.",neutral
4851,5,How long do you want the subscription for?,neutral
4851,6,"For six months, please.",neutral
4851,7,"Your name, please?",neutral
4851,8,"Shirley, that's my wife's name. I subscribe to this magazine for her.",neutral
4851,9,I see. Please put your address here then.,neutral
4851,10,OK. How much is the subscription?,neutral
4851,11,650 Yuan.,neutral
4851,12,650 Yuan! You must be kidding! I can subscribe for evening newspapers for ten years with that much!,surprise
4866,0,"Hi, how are you doing?",neutral
4866,1,I'm fine. How about yourself?,neutral
4866,2,I'm pretty good. Thanks for asking.,neutral
4866,3,No problem. So how have you been?,neutral
4866,4,I've been great. What about you?,neutral
4866,5,I've been good. I'm in school right now.,neutral
4866,6,What school do you go to?,neutral
4866,7,I go to PCC.,neutral
4866,8,Do you like it there?,neutral
4866,9,It's okay. It's a really big campus.,neutral
4866,10,Good luck with school.,joy
4866,11,Thank you very much.,joy
4876,0,"You ’ re home late today, David. How was school?",neutral
4876,1,Not bad. There ’ s a new English teacher.,neutral
4876,2,"Oh, what ’ s she like?",neutral
4876,3,She is beautiful.,neutral
4876,4,Is she old or young?,neutral
4876,5,She is quite young and her hair is blond.,neutral
4876,6,Is she strict?,neutral
4876,7,Not really. Her eyes are blue.,neutral
4876,8,Can she speak Chinese?,neutral
4876,9,Not much. She is very tall and slim.,neutral
4876,10,"David, stop dreaming. It ’ s time to do your homework.",neutral
4889,0,Where are you going?,neutral
4889,1,I have to go to work.,neutral
4889,2,Going to work where?,neutral
4889,3,I ’ m working at the polling place.,neutral
4889,4,I didn ’ t know you were working there this year.,neutral
4889,5,I work at the polling place every year.,neutral
4889,6,How did you get that job?,neutral
4889,7,I signed up for it online.,neutral
4889,8,That ’ s really cool.,neutral
4889,9,It ’ s a very cool job.,joy
4889,10,Do they pay you a lot?,neutral
4889,11,They pay well enough.,joy
4936,0,Can you help me pick out a gift for my daughter?,neutral
4936,1,She might like a laptop computer.,neutral
4936,2,"Yes, that sounds like a good idea.",joy
4936,3,Might I suggest a Mac?,neutral
4936,4,Okay. How much?,neutral
4936,5,"Well, a 15 - inch Pro is $ 2,100.",neutral
4936,6,"Oh, that sounds great. I'll take it.",joy
4936,7,Great. How would you like to pay for it?,joy
4936,8,Here's my VISA.,neutral
4936,9,"Let me ring you up. Okay, sign here, please.",neutral
4936,10,Everything I need is in this box?,neutral
4936,11,It'll take her only a few minutes to get online.,neutral
4936,12,Thank you for your help.,joy
4936,13,So long. Thank you for shopping here.,joy
4942,0,Could I speak to the apartment manager?,neutral
4942,1,I am the apartment manager. How can I help you?,neutral
4942,2,I wanted to know if that apartment on Main Street is still for rent.,neutral
4942,3,I haven't rented it out yet. Would you like to see it?,neutral
4942,4,"Yes, I want to see it.",neutral
4942,5,How about today at 6 p. m.?,neutral
4942,6,That time is okay with me.,neutral
4942,7,Very good. We'll meet at 6. Do you need directions?,joy
4942,8,"No, thank you. I go by there on my way to work.",neutral
4942,9,"If you're interested, you can fill out an application form.",neutral
4942,10,That's a good idea. Do I need to bring anything myself?,joy
4942,11,No. The only thing I need to see is your driver's license.,joy
4949,0,"Get up, it's time for you to get ready.",neutral
4949,1,Let me just get five more minutes of sleep.,neutral
4949,2,"I would, but you need to start getting ready for school.",neutral
4949,3,"I understand, but all I want is five more minutes of sleep.",neutral
4949,4,"If I let you go back to sleep, I know that you won't get up in five minutes.",neutral
4949,5,Trust me. I'm going to wake up.,neutral
4949,6,You have a lot to get done this morning.,neutral
4949,7,"I already know, and I'll take care of all that when I wake up.",neutral
4949,8,I want you to be on time for school today.,neutral
4949,9,I'll make it to school on time. Don't worry.,neutral
4949,10,"Okay, I'll let you sleep for a little while longer.",neutral
4949,11,I really appreciate that.,joy
4958,0,Hi. I can't get going on my computer until I get a broadband hookup.,neutral
4958,1,"Just plug the Ethernet cable into your computer, and you'll be off and running.",neutral
4958,2,"That would be okay if I had an Ethernet port. Unfortunately, my laptop uses wireless only.",neutral
4958,3,"In that case, let me tell you about some alternatives.",neutral
4958,4,Anything to get me up and running.,neutral
4958,5,"For starters, we have a computer lab.",neutral
4958,6,Fantastic! What do I have to pay per hour?,neutral
4958,7,The lab is completely free. But you do have to pay a dime a page for printing.,neutral
4958,8,That's fine. Now tell me about the other alternatives.,neutral
4958,9,Just bring your laptop down here to the lobby. We're set up for wireless right here.,neutral
4958,10,"Great! I like that suggestion, but what if I need to print something there?",neutral
4958,11,"Unfortunately, you'll have to go to the computer lab for your printing needs.",neutral
4964,0,"Hello, do you remember me? I bought some vases from you yesterday.",neutral
4964,1,"eyes, you sent them to New York, right?",neutral
4964,2,That's right. I thought I'd come back to buy a few more souvenirs.,neutral
4964,3,What did you have in mind?,neutral
4964,4,"Well, first, I'd like to buy a few postcards. My sister used to always send a postcard to herself whenever she went anywhere. I want to do that, too.",neutral
4964,5,We have plenty of postcards to choose from here. The same designs can be found on these posters.,neutral
4964,6,Posters are difficult to travel with. I think I'll just buy the postcards. I heard that you might also have some of the masks that are made in Venice.,neutral
4964,7,"Yes, we do. They're on the wall behind you.",neutral
4964,8,How much do they cost?,neutral
4964,9,The prices are clearly marked on the back of each mask. Would you like me to get one down for you to look at?,neutral
4964,10,"Yes, I think I'd like the green mask in the middle.",neutral
4964,11,Here you go.,neutral
4964,12,"I'll take it, I'd also like to buy some chocolate.",neutral
4964,13,Are you looking for some homemade chocolate as a gift?,neutral
4964,14,"Yes, it's my girlfriend's birthday today and she loves chocolate.",neutral
4964,15,We've got plenty to choose from here.,neutral
4964,16,They look delicious. I think she'll be pleased.,joy
4981,0,It's very nice of you to invite me.,joy
4981,1,"I'm very glad you could come, Mr. Liu. Will you take a seat at the head of the table? It's an informal dinner, please don't stand on ceremony... Mr. Liu, would you like to have some chicken?",joy
4981,2,Thank you. This is my first time to come to a Chinese restaurant. Could you tell me the different features of Chinese food?,joy
4981,3,"Generally speaking, Cantonese food is a bit light ; Shanghai food is rather oily ; and Hunan dishes are very spicy, having a strong and hot taste.",neutral
4981,4,"Chinese dishes are exquisitely prepared, delicious, and very palatable. They are very good in colour, flavour, and taste.",neutral
4981,5,"Mr. Liu, would you care for another helping?",neutral
4981,6,"No more, thank you. I'm quite full.",joy
4981,7,Did you enjoy the meal?,neutral
4981,8,It's the most delicious dinner I've had for a long time. It's such a rich dinner.,joy
4981,9,I'm so glad you like it.,joy
4981,10,Thank you very much for your hospitality.,joy
4987,0,I'm so hungry! Can you buy me a burrito?,neutral
4987,1,I don't have any money to buy you a burrito.,neutral
4987,2,Please? I haven't eaten anything all day.,neutral
4987,3,"Look, I only have money to buy myself a burrito.",neutral
4987,4,"I'm so hungry, I could eat a whole cow!",neutral
4987,5,"If you're so hungry, why don't you ask someone else for money?",neutral
4987,6,"I get paid on Friday, I'll pay you back then.",neutral
4987,7,"Well, I guess on Friday, then you can eat.",neutral
4987,8,That's pretty messed up.,neutral
4987,9,Why don't you just go home and eat?,neutral
4987,10,I don't want to go all the way home just to eat.,neutral
4987,11,"Well, I guess you're out of luck.",neutral
4994,0,how was your day?,neutral
4994,1,let ’ s start with you. How was yours?,neutral
4994,2,it was really busy. I had to work straight through my lunch break.,neutral
4994,3,did you get to leave early then?,neutral
4994,4,"my boss told me that I could either go home early or take a long lunch break another day, so I decided to wait and take a long lunch break another time.",neutral
4994,5,it was nice of your boss to give you an option. My boss would never do that.,neutral
4994,6,let ’ s get back to you. How was your day?,neutral
4994,7,it was horrible! It was just one thing after another.,sadness
4994,8,you look pretty upset. Are you ok?,neutral
4994,9,I ’ m fine. But I have bad news.,sadness
4994,10,what ’ s that?,neutral
4994,11,I got sacked today.,sadness
4994,12,you ’ re kidding! How did that happen?,surprise
4994,13,"well, I was late to work today. It was the third time I was late this week.",neutral
4994,14,how late were you?,neutral
4994,15,only about 5 minutes.,neutral
4994,16,you got fired for being a few minutes late?,neutral
4994,17,"my boss is really picky about that. He never arrives late, usually works over-time, and always gets his work done on time.",neutral
4994,18,"oh well. You never really liked your boss anyway, did you?",neutral
4996,0,I have an issue.,neutral
4996,1,What ’ s going on?,neutral
4996,2,There is a leaking pipe in my wall.,neutral
4996,3,Is there any water damage?,neutral
4996,4,There is mildew.,neutral
4996,5,I ’ ll go to your apartment tomorrow to fix the pipe.,neutral
4996,6,Why can ’ t I call someone to fix it today?,neutral
4996,7,I ’ ll just do it myself.,neutral
4996,8,I need it done today.,neutral
4996,9,You ’ re right about that.,neutral
4996,10,Are you okay with me calling a plumber?,neutral
4996,11,That ’ s fine.,neutral
5014,0,Have you had a chance to look over the contract?,neutral
5014,1,Yes. I've read it carefully.,neutral
5014,2,And do you have any questions?,neutral
5014,3,No. But the contract stipulates that I will teach 22 hours a week.Will you have thatmany classes for me right away?,neutral
5014,4,"No, probably not. For the first two weeks you may teach 10 or 15 hours.",neutral
5014,5,"But my salary will be 1100 dollars a month.Will you pay me that much for the first month? Because, I mean, I won't be working so many hours.",neutral
5014,6,"I understand. That's why I didn't write the date on the contract.For the first two weeks, we will pay you according to the hours you teach.When you have 22 hours of classes, then the contract will take effect.Is that alright with you?",neutral
5014,7,"Oh, so I don't sign the contract today. Is that right?",neutral
5014,8,"I don't want you to misunderstand, Miss Briggs.We are very serious about hiring you. We want you to teach for us.We usually do contracts this way because it is more convenient.",neutral
5014,9,I can accept that.,neutral
5014,10,Good. And your benefits will begin immediately.,neutral
5014,11,Even my health insurance?,neutral
5014,12,Yes. We will apply for your health insurance tomorrow.And your free membership in the club starts today if you like.,neutral
5014,13,I have a few questions about the free membership.,neutral
5014,14,What would you like to know?,neutral
5014,15,"Is my membership the same as paying club members? I mean, can I get discounts at club hotels?",neutral
5014,16,Absolutely. The only difference is in the restaurant and bar vouchers.,neutral
5014,17,What are bar vouchers?,neutral
5014,18,Paying club members get around 300 dollars a year in restaurant vouchers.The vouchers can be used in the restaurant or the lounge.But we don't offer vouchers to employees.,neutral
5014,19,"But according to the contract, employees get a discount in the restaurant.",neutral
5014,20,"That's right. So in a way, it is cheaper for you than for the members.You get more benefits than they do.",neutral
5014,21,"So, for now, you want me to keep a copy of the contract.But we won't sign it yet. That right?",neutral
5014,22,Yes. I've prepared the contract just so that you understand everything.So that you understand the terms.,neutral
5014,23,"I understand.And according to the terms on the contract, I am happy to accept this job. I look forward to it.",joy
5014,24,"I'm very pleased. We look forward to having you here, Miss Briggs.",joy
5038,0,What can I do for you?,neutral
5038,1,Can I have a look at your handworks?,neutral
5038,2,"All right. This way, please.",neutral
5038,3,"You have quite a range, haven't you?",neutral
5038,4,"Yes, sir.",neutral
5038,5,"They are all produced in China, aren't they?",neutral
5038,6,"Yes, they are all distinctive Chinese.",neutral
5038,7,Could you please select me one?,neutral
5038,8,How do you like this one? It's very beautiful.,neutral
5038,9,"Oh, I like it very much. How much does it cost?",neutral
5038,10,350 yuan.,neutral
5038,11,OK. I'll take it.,joy
5071,0,Are you looking for an apartment?,neutral
5071,1,"Yes, I am interested in finding a one-bedroom apartment near Washington Square.",neutral
5071,2,I think I have just a right apartment for you.,neutral
5071,3,"Oh, good. Can you describe it?",neutral
5071,4,"Yes. It has one bedroom, a large living space and 4 kitchens.",neutral
5071,5,So is there a refrigerator?,neutral
5071,6,"Yes, it ’ s brand-new.",neutral
5071,7,It sounds great. How much is the rent?,neutral
5071,8,It ’ s $ 8.50 a month.,neutral
5071,9,When can I see it?,neutral
5071,10,We can take a see by there now if you like. The landlord left me a set of keys with me.,neutral
5071,11,"Ok, that would be great.",joy
5075,0,Bruno's.,neutral
5075,1,"Hi, I'm calling from Nika Corporation. We would like to hold a business lunch at the restaurant.",neutral
5075,2,"Oh, certainly. I'm Linda, the Manager. I can help you with that. How many will there be in your party?",neutral
5075,3,There will be about 18 people.,neutral
5075,4,"Okay. For a party that size, we have a separate banquet room in the back.",neutral
5075,5,Is there an extra charge to reserve the room?,neutral
5075,6,"No, as long as you can guarantee at least 15 guests, there is no extra charge.",neutral
5075,7,"That's great. I'd like to go ahead and reserve the room, then, for Friday, December 2, at around noon. This is a retirement party and we'd like to bring a cake for the guest of honor and some bottles of champagne. Will that be acceptable?",neutral
5075,8,"The cake is no problem at all, but we do charge a corkage fee of $ 15 a bottle for any alcohol not purchased from the restaurant.",neutral
5075,9,"Oh, that's fine.",neutral
5075,10,Great. I have the banquet room reserved for a lunch on for Nika Corporation on the 2nd of December. May I have your name and contact information?,neutral
5075,11,"Sure. I'm J McQuillin and my number is 323-555-6840, extension 42.",neutral
5075,12,"Thanks, Mr. McQuillin. I'll give you a call a week in advance to confirm the arrangements.",neutral
5075,13,Sounds good. Thanks for your help.,joy
5075,14,Thank you for choosing Bruno's. We look forward to seeing you on the 2nd.,joy
5086,0,Let's see now. Cut the potatoes into small cubes.,neutral
5086,1,"Yes, but don't cut them yet. Wait until they cool. Where is the big plastic bowl?",neutral
5086,2,On the bottom shelf in the cupboard under the sink.,neutral
5086,3,"What's Donna like, by the way?",neutral
5086,4,Donna? Well. She is about 20. She is very lovely and I think you will like her. What about Paul?,joy
5086,5,"Oh, Paul is very easy-going and friendly.",joy
5086,6,Could you get me the pepper from the cupboard?,neutral
5086,7,"Yes, sure. Which cupboard is it in?",neutral
5086,8,It's in the small one beside the cooker.,neutral
5086,9,There is no pepper here.,neutral
5086,10,"Oh, there Isn't? Oh, no.",surprise
5100,0,May I ask you how much this position pays per year?,neutral
5100,1,This job pays sixty-five thousand dollars per year.,neutral
5100,2,What kind of benefits does this job have?,neutral
5100,3,"This job provides full medical, dental, and disability.",neutral
5100,4,What type of vacation time do we get?,neutral
5100,5,You get 3 weeks paid vacation that you may use as you wish.,neutral
5100,6,Do we have a 401K?,neutral
5100,7,We offer a 401K with some matching funds available depending on length of service.,neutral
5100,8,What type of professional development do you offer?,neutral
5100,9,We provide up-to-date training on state of the art equipment.,neutral
5100,10,Where do I sign up for my benefits package?,neutral
5100,11,Down the hall. I'll show you when the interview is over.,neutral
5108,0,"I don't know about you, but I'm famished. Are you interested in getting a bite to eat?",neutral
5108,1,That sounds great. I'm absolutely starving! What kind of food are you in the mood for?,neutral
5108,2,I'd love something spicy. Maybe we could get some Sichuan Hotpot.,neutral
5108,3,You're a woman after my own heart. I don't know many people who can handle spicy food. Are you sure you are up for hotpot.,neutral
5108,4,"Sure. If I could, I would eat hotpot every day!",neutral
5108,5,"Ok, you're really all eyes when it comes to talking about food, aren't you?",neutral
5108,6,"Well, let's stop dragging our feet and find a Sichuan Hotpot restaurant for dinner!",joy
5108,7,Let me think about it for a minute. Let's see... oh the name of the restaurant is on the tip of my tongue! Give me a second and it'll come to me.,neutral
5108,8,Well...? Have you thought of it yet?,neutral
5108,9,No...,neutral
5108,10,Never mind. There's an authentic tasting hotpot restaurant not far from the China World Trade Towers on Chang An Street. Have you been there?,neutral
5108,11,That's it! That's the one I was thinking of! I told you I'd remember it!,surprise
5108,12,"You really have a bid head, don't you!",joy
5110,0,Can you suggest a few exercise to help me get fit and stretch my muscles a little?,neutral
5110,1,"Sure. If you want to stretch your legs, a good exercise is to lift your knee in front of your body, like this. It ’ s a very simple exercise, but very effective.",neutral
5110,2,I need to excise my arms too. How can I do that?,neutral
5110,3,One good way is to do push-ups. Another way is to use weights. Make sure you grip the weights firmly. You don ’ t want to drop them on your feet!,neutral
5110,4,"When I do push-ups, should I bend my elbows so that my nose touches the ground?",neutral
5110,5,"You don ’ t need to bend your elbows that much. Bend them so that your arms are at a 90 degree angle. The most important think is to remember to keep your body straight. Many people bend their bodies at the waist, which reduces the effectiveness of the exercise.",neutral
5110,6,What ’ s a good exercise for my chest muscles?,neutral
5110,7,One that I recommend is that you lie on your back. You should have a weight in each hand and stretch your arms out either side of your body.,neutral
5110,8,So I need plenty of space for this exercise.,neutral
5110,9,"Yes, you do. Lift the weight up, keeping your arms straight all the time.",neutral
5110,10,Great. Thanks for you advice!,joy
5115,0,"Tristan, could you stay a few extra minutes to discuss your project with me?",neutral
5115,1,"Sure. We're on a pretty tight schedule, but we should be able to finish it just on time.",neutral
5115,2,Are all of your team members on schedule?,neutral
5115,3,A few of the graphic designers are a bit behind in their work because of computer problems.,neutral
5115,4,How have they decided to deal with that?,neutral
5115,5,They've agreed to work over-time until it's finished. They've even decided to come in on the weekend.,neutral
5115,6,That's true dedication. I'm impressed. When is it due?,neutral
5115,7,We agreed that the deadline was next Friday.,neutral
5115,8,"Right. Well, given that your colleagues are working so hard on this project, I suppose we could change that deadline to Monday morning, I won't have time to look over it on the weekend anyway.",neutral
5115,9,That'd be very helpful. An extra weekend is all they really need. Thanks.,neutral
5115,10,That's alright. Make sure everyone knows that we must stick to the new deadline.,neutral
5115,11,I will.,neutral
5115,12,"I know you have a tight schedule, so I won't take up more of your time. Have a good evening.",joy
5115,13,"You, too! See you tomorrow.",joy
5142,0,What are you working on?,neutral
5142,1,I'm figuring out my budget.,neutral
5142,2,What budget?,neutral
5142,3,"I'm making a shopping budget, so that I don't spend too much money.",neutral
5142,4,How much money can you spend?,neutral
5142,5,I can only spend $ 300 a month.,neutral
5142,6,Why only $ 300?,neutral
5142,7,I need to save the rest.,neutral
5142,8,For what?,neutral
5142,9,I need to pay my bills.,neutral
5142,10,Your budget is a good idea.,joy
5142,11,"I know. It's going to save me a lot of money, I hope.",joy
5152,0,You ’ re free to leave.,neutral
5152,1,I ’ m so excited.,joy
5152,2,What are you planning on doing now?,neutral
5152,3,I ’ m going back to college.,neutral
5152,4,What are you going to major in?,neutral
5152,5,I haven ’ t thought about it yet.,neutral
5152,6,I don ’ t want to see you back here.,neutral
5152,7,You won ’ t see me here again.,neutral
5152,8,I don ’ t think this place is for you.,neutral
5152,9,I know.,neutral
5152,10,I wish you luck.,neutral
5152,11,Thanks. I know things are going to be better.,joy
5156,0,I believe that you called me?,neutral
5156,1,"Oh, hi. Thanks for getting back to me quickly.",joy
5156,2,Why did you call me?,neutral
5156,3,I was calling about your son.,neutral
5156,4,Did he do something wrong?,neutral
5156,5,Your son was acting up in class.,neutral
5156,6,What do you mean?,surprise
5156,7,He was talking and causing a disturbance during class.,neutral
5156,8,That's really not like him.,neutral
5156,9,"If you could just talk to him, I would greatly appreciate it.",neutral
5156,10,"I apologize, and I'll make sure he doesn't do that again.",sadness
5156,11,"Don't worry about it, but thank you very much.",joy
5162,0,Hello.,neutral
5162,1,"Hello, Claire. This is Mick.",neutral
5162,2,Mick! Nice to hear from you again. How are you?,neutral
5162,3,"Fine, thanks. And you?",joy
5162,4,"Oh, not so bad. I've been very busy, but I'm going away on holiday soon.",neutral
5162,5,Good. Listen. I'm phoning because I want to invite you to a party. At our Newhouse. And..,joy
5162,6,New house? Really?,neutral
5162,7,Yes. We've moved. That's why we're giving the party. Can you come?,neutral
5162,8,"Well, that depends. When is it?",neutral
5162,9,This Saturday evening.,neutral
5162,10,Well... I'm going away on Sunday morning. Very early. Will the party go Convery late?,neutral
5162,11,Until two in the morning. But you don't have to stay that long.Well? What about it?,neutral
5162,12,All right. I'll come. But I'd like to bring a present Something for your new house.What would you like?,neutral
5162,13,"Nothing. I mean, don't bring anything. It isn't necessary.",neutral
5162,14,But I'd still like...,neutral
5162,15,Just bring yourself! I'm looking forward to seeingyou again. It's been a long time!,joy
5162,16,"Yes, it has. I'm looking forward to seeing you. too. and your new house. Uh... when does the party start?",joy
5162,17,Come any time after eight. All right?.,neutral
5162,18,Yes. Oh. by the W..,neutral
5162,19,Bye! See you on Saturday evening.,joy
5162,20,"Wait a moment, Mick. You haven't... Mick? Are you still there? You haven'tgiven me your new address. Hello? Mick? Hello?",neutral
5166,0,I would like to buy some beef.,neutral
5166,1,What kind do you want?,neutral
5166,2,I need to get ground beef.,neutral
5166,3,How many pounds would you like me to get you?,neutral
5166,4,I need about four pounds.,neutral
5166,5,Exactly what type of ground beef do you want?,neutral
5166,6,Extra lean.,neutral
5166,7,I'll get that for you right now.,neutral
5166,8,I appreciate that.,joy
5166,9,"Don't mention it, I'll just wrap this up for you.",neutral
5166,10,Thanks for your help.,joy
5170,0,"I think we have had a very pleasant conversation, haven't we?",neutral
5170,1,"Yes, I think so too.",neutral
5170,2,Do you have any other questions?,neutral
5170,3,Let me think... I want to know if the company can provide free accommodation for a new employee.,neutral
5170,4,I'm sorry we can't now.,neutral
5170,5,I really hope that your company could provide living places ; otherwise I have to rent a house to live.,neutral
5170,6,Maybe the company will build dormitory for the employees in the future.,neutral
5170,7,That would work too.,neutral
5170,8,Anything else?,neutral
5170,9,Some companies will pay part of the phone bills for the employees. Will this company do so?,neutral
5170,10,I'm sorry we won't do so for a new employee. We only provide this benefit to employees who have made significant contributions to the company.,neutral
5170,11,I understand. Will the company provide training?,neutral
5170,12,"Yes, we will, and the staff will have a chance to travel every year.",neutral
5170,13,That's great. Thank you very much.,joy
5184,0,You must be Mr.Sellers. I'm Steven. I am here to see the apartment you advertised.,neutral
5184,1,"Oh, nice to see you. The apartment is on the tenth floor. The previous tenant just moved out yesterday.",joy
5184,2,Could I have a look at it first?,neutral
5184,3,"Sure. Let me show you the way. Here we are. Apartment 1008. ( They enter. ) This is the living room dining room combination. Here's the kitchen. It's small, but fully equipped. The refrigerator is new, and the stove and the microwave oven are less than a year old.",neutral
5184,4,It's nice. So this is the bathroom. And that must be the bedroom.,neutral
5184,5,Yes. And there's a walk-in closet.,neutral
5184,6,Is there air conditioning?,neutral
5184,7,"Yes, there's central air conditioning and heating. The thermostat is in the living room 。",neutral
5184,8,What's the house rent? When is the rent due? And how much security deposit do you require?,neutral
5184,9,It's 600 yuan per month.The rent is due no later than the tenth of the month. We ask that you leave a month's rent as a deposit. It will be returned to you at the end of your lease.,neutral
5184,10,"I like the apartment, Mr.Sellers. You can show me the lease.",joy
5193,0,"You heard who won the election, right?",neutral
5193,1,Who was elected?,neutral
5193,2,McCain won the election.,neutral
5193,3,That can ’ t be true!,surprise
5193,4,"I ’ m upset, too.",neutral
5193,5,I can ’ t believe people voted for him.,neutral
5193,6,People must want him as our President.,neutral
5193,7,That doesn ’ t make any sense.,neutral
5193,8,I have more bad news.,neutral
5193,9,How could the news get any worse?,neutral
5193,10,"I was only kidding, because Obama won the election.",neutral
5193,11,That ’ s great news!,joy
5194,0,When could we meet to discuss the project?,neutral
5194,1,I will be available on Monday or Tuesday. Choose which day is best for you.,neutral
5194,2,I prefer Monday.,neutral
5194,3,Good. Can you come in the morning or would afternoon be best?,neutral
5194,4,Either one is OK.,neutral
5194,5,"Great! When I check with the others, I will send you an exact time. When you come, be prepared to do your presentation.",neutral
5194,6,I will be prepared to do my presentation.,neutral
5194,7,Who would you like to see there? Just the sub-committee or should we ask the whole committee?,neutral
5194,8,Everyone needs to be there.,neutral
5194,9,That will probably be best. Do you need help with directions?,neutral
5194,10,I think I know where it is. Maybe you could send me directions just to make sure.,neutral
5194,11,OK. We will e-mail you all the information you need tomorrow. Have a good day!,joy
5230,0,"Mom, I'm starving.",neutral
5230,1,Here are some biscuits. Why are you back so early today?,neutral
5230,2,"My teacher had a sudden stomachache, so the class was cut shot. You?",neutral
5230,3,Me what?,neutral
5230,4,You are cooking at least two hours earlier than the usual.,neutral
5230,5,It's not for us.,neutral
5230,6,"Then it's for Dad, isn't it? It's so unfair!",neutral
5230,7,Don't be a smarty-pants. It's for Grandma Wang.,neutral
5230,8,What was that again?,neutral
5230,9,It's for Grandma Wang. She is sick and her only daughter went abroad weeks ago. So she needs our help.,neutral
5230,10,"I'm sorry, I didn't know that. But I wanna help.",sadness
5230,11,"Umm, let me think for a moment. We can meet her together after I finish cooking.",neutral
5230,12,I'll get knee to knee with her.,neutral
5230,13,Good boy. I can only imagine how happy she will be to see you.,joy
5251,0,"Hello everyone, and welcome to our CPR for beginners course. First of all, does anyone know what CPR stands for?",neutral
5251,1,Cardiopulmonary resuscitation!,joy
5251,2,That ’ s right! We apply CPR in the case of cardiac arrest or pulmonary arrest.,neutral
5251,3,What does that mean?,neutral
5251,4,"Well, basically if your heart stops pumping blood, or your lungs stop pumping air, then we need to get them going again! That ’ s when we have to apply this procedure. Let ’ s begin! I need a volunteer.",neutral
5251,5,Me! Me!,joy
5251,6,"Alright, come here and lay flat on your back. Let ’ s suppose this young woman has stopped breathing. We must lift the person ’ s chin so that we clear a pathway for air to get into the lungs. Then we place our mouth over the other person ’ s mouth and blow air two or three times, like this.",neutral
5251,7,"Wait, what are you doing? I ’ m a married woman! You can ’ t just try to kiss me like this!",surprise
5251,8,Madam I ’ m not trying to kiss you! I am trying to demonstrate how to apply CPR in the case of an emergency.,neutral
5251,9,"Well, OK. But no French kissing!",neutral
5251,10,"As I was saying, we blow air through the mouth in this manner. Once this is done, we must try to get the heart going again. To do this, we place our hands over the person ’ s chest, and press down firmly two or three times.",neutral
5251,11,"Wait, what are you doing! You can ’ t just kiss me then go for second base!",surprise
5254,0,Excuse me. I need to refill this prescription.,neutral
5254,1,It says on the bottle here that you can have two refills.,neutral
5254,2,"Yes, I need to refill it today.",neutral
5254,3,"Alright. I'm sorry, Miss. According to our file, this prescription has already been refilled twice.",neutral
5254,4,I was worried about that. I couldn't remember if I had it refilled twice yet or not.,neutral
5254,5,"Well, it looks like you have.You will need to see your doctor to get a new prescription.",neutral
5254,6,"Listen. This is an emergency. I tried to call my doctor, but he is out of town. So I can't see him in time. I need this medicine. It is for skin condition. I've run out.Can you just refill it once more?",neutral
5254,7,"I'm sorry, Miss. We can't do it. We must follow the prescription.And this prescription has run out.",neutral
5254,8,But I need it. Please. Refill it for me just this once. I can go to the doctor around ten days from now. Then I'll have another prescription.,neutral
5254,9,"Miss, I understand your problem.But it is against the law for us to sell certain medicines without a prescription.It's the law. I can't do anything about it.We never sell medicine unless we have a proper prescription. Never.",neutral
5254,10,But I have a prescription. I just need more of it.,neutral
5254,11,"A prescription must be valid. It cannot be an expired prescription. I'm sorry, Miss. It's the law.You will have to find another doctor who will prescribe this for you.",neutral
5254,12,"Oh, it will be so expensive! I have a special medical plan, and I can only see one doctor.It will cost me a lot of money to see another doctor.",neutral
5254,13,"Miss, I just can't help you on this. I'm a pharmacist, not a doctor. And there are other customers I need to help now. I know it is frustrating when this happens.But there is nothing I can do about it. I'm sorry.",neutral
5254,14,"This is ridiculous! In Taiwan, it is much easier to get medicine when I need it.",anger
5254,15,Maybe that's true. I don't know.But I'm sure in Taiwan you have prescriptions too.,neutral
5256,0,Can I help you?,neutral
5256,1,I'd like to buy some Chinese-style cakes. Could you recommend me some?,neutral
5256,2,Certainly. What about moon cake? It's typical Chinese food.,neutral
5256,3,Moon cakes? What is that?,neutral
5256,4,The moon cake is round and looks like the full moon. That's why it's called the moon cake and the moon cake symbolizes family reunion and harmony.,neutral
5256,5,Sounds very interesting. I'll buy some to family people.,joy
5256,6,"All the moon cakes are generally classified into two styles, Cantonese style and Suzhou style.",neutral
5256,7,What's the difference between these two styles?,neutral
5256,8,The skin of Cantonese style cakes is soft and puffy with heavy stuffing while the skin of Suzhou style cakes is puffy filled with fragrant nuts.,neutral
5256,9,Get me some of each.,neutral
5256,10,"OK, here you are.",joy
5258,0,"That's unfair, Mom.",sadness
5258,1,What's up? Honey!,neutral
5258,2,"Dad is bigger than you, but how come I'm smaller than May.",neutral
5258,3,"Honey, it doesn't matter. The key to play volleyball is to cooperate with each other.",neutral
5258,4,What should I do?,neutral
5258,5,You go figure it out yourself.,neutral
5258,6,"Got it, Mom.",neutral
5258,7,"OK, Ben and May, here we go. Be careful, Danny, the ball is coming. That is the green one.",neutral
5258,8,"Mom, don't worry about me, I can do it.",neutral
5258,9,"Danny, back to your position. Move!",neutral
5258,10,"OK. Bingo! We win. Give me five, Mom.",joy
5267,0,"I would like to talk to you, if you have time.",neutral
5267,1,What ’ s going on?,neutral
5267,2,I want to discuss some things about my lease.,neutral
5267,3,What aren ’ t you too sure about?,neutral
5267,4,Can you tell me when my lease is up?,neutral
5267,5,Your lease is for three years.,neutral
5267,6,"If I ever decide to leave before the three years, will there be a problem?",neutral
5267,7,"If you do, I will keep your deductible.",neutral
5267,8,Why is that?,neutral
5267,9,"If you break the contract, then you will not receive your deductible.",neutral
5267,10,"Oh, I see.",neutral
5267,11,All right. I ’ m glad I could clarify things for you.,joy
5270,0,Good morning. How are you?,neutral
5270,1,"I'm very worried, doctor",neutral
5270,2,Oh? What are you worried about?,neutral
5270,3,I'm afraid that I'm very ill.,neutral
5270,4,I'm sorry to hear that. Why do you think so?,neutral
5270,5,"Because I feel tired all the time, even when I wake up in the morning. I find very difficult to do any work. I have no appetite. My wife cooks me delicious meals but I can only eat a little.",neutral
5270,6,How do you sleep?,neutral
5270,7,"Very badly, doctor.",neutral
5270,8,"Do you find it difficult to get to sleep, or do you wake up early?",neutral
5270,9,"Both, doctor. I never get to sleep until two o'clock and I always wake up at five.",neutral
5270,10,Are you worried about anything?,neutral
5270,11,"Well, yes, I am. I'm worried about my work. I've just taken a new job. I earn a lot of money but it's difficult work. I'm always afraid of making a mistake.",neutral
5270,12,I see. please take off your shirt and lie down on the couch.,neutral
5270,13,"Yes, doctor. ( The doctor examines the patient )",neutral
5270,14,"Well, there's nothing very much wrong with you, I'm glad to say.You're working too hard and worrying too much.Do you take much exercise?",neutral
5270,15,"No, doctor. I never have enough time for exercise. I start work very early in the morning and finish late in the evening. Then I can't get to sleep. Can you give me some medicine to help me to sleep?",neutral
5270,16,"I can, but I'm not going to. You don't need medicine. You need advice. Don't work so hard. Too much work is bad for you. Don't worry about your work.It's silly to worry. Take regular exercise.",neutral
5270,17,"But I may lose my job, doctor! It's hard to get a job like mine.",neutral
5270,18,"Then get an easier one, even if you earn less money. Which would you rather have, health or wealth?",neutral
5270,19,"You're right, doctor. It's more important to be healthy than wealthy. I'll change my job. I'm grateful for your advice.",neutral
5270,20,Come and see me again in a month's time. I think you'll be a different man!,joy
5293,0,"Hey, Taxi. Over here!",neutral
5293,1,Did you call for a car service,neutral
5293,2,"Yes, are you engaged",neutral
5293,3,Not at the moment. Where would you like me to take you,neutral
5293,4,"I am going to the airport, and I have to catch the 930 flight to New York.",neutral
5293,5,"Well, it's a long way and there is roadwork near Broadway. I am not sure I can snake it in half an hour.",neutral
5293,6,But I can't miss the flight. It's an important meeting and it ’ s waiting for me.,neutral
5293,7,"All right, I will try my best. If there aren ’ t any holdups, I think we can get there in time.",neutral
5293,8,That's great. How much is it to the airport,joy
5293,9,"About $ 25, tips not included.",neutral
5293,10,Fine. Will you please help me with the luggage,neutral
5293,11,"Oh, yes, sure. Let me put it in the boot.",neutral
5293,12,Thanks very much.,joy
5293,13,"Not at all. Bang the door, please.",joy
5293,14,"Ok, let's hurry.",neutral
5293,15,You are in luck. The traffic is not heavy today.,joy
5295,0,Do you have any idea why I pulled you over today?,neutral
5295,1,I'm not sure.,neutral
5295,2,One of your brake lights is out.,neutral
5295,3,Really? I'm sorry. I did not know that.,surprise
5295,4,I'm going to give you a ticket.,neutral
5295,5,Why can't you just let me off with a warning?,neutral
5295,6,It's just a ticket.,neutral
5295,7,How much is the fine?,neutral
5295,8,The judge will let you know.,neutral
5295,9,I have to be at court?,surprise
5295,10,Of course.,neutral
5295,11,All right. Just give me the ticket.,sadness
5327,0,What can I do for you?,neutral
5327,1,I wish to buy a diamond ring.,neutral
5327,2,How many carats diamond do you want?,neutral
5327,3,Two carats.,neutral
5327,4,Is this one suit for you?,neutral
5327,5,"No, it seems too old-fashioned.",neutral
5327,6,What about this?,neutral
5327,7,"Let me try it on, it's too small for me, haven't you got any larger ones?",neutral
5327,8,"Yes, try this one please.",neutral
5327,9,"This fits me well, how much is it?",neutral
5327,10,"3,500 yuan.",neutral
5327,11,It's reasonable. Here you are.,joy
5345,0,what are your strong points?,neutral
5345,1,"well, I ’ m very good with people. I ’ m honorable. I work hard. I work well under pressure. And I ’ m patient.",neutral
5345,2,what kind of people do you like to work with?,neutral
5345,3,I like a person who works hard. I don ’ t like lazy people.,neutral
5345,4,what ’ s your greatest strength?,neutral
5345,5,"well, this is a challenging question. I suppose I would say that I ’ m a quick learner.",neutral
5345,6,"so, you ’ re smart.",neutral
5345,7,I think so. I think that I am good at what I do.,neutral
5345,8,what do you consider your weakness?,neutral
5345,9,I ’ m not good at speaking in public. I feel uncomfortable when I speak in public.,neutral
5345,10,that ’ s not a problem. It ’ s unnecessary for this position.,neutral
5348,0,I really want to get something to eat.,neutral
5348,1,What are you going to get?,neutral
5348,2,I don't know what I want to eat.,neutral
5348,3,"Well, do you want burgers, Chinese food, or Mexican food?",neutral
5348,4,Chinese food sounds good.,neutral
5348,5,Where are you going to get it from?,neutral
5348,6,I haven't the slightest idea.,neutral
5348,7,I usually get my Chinese food from Panda Express.,neutral
5348,8,You like Panda Express?,neutral
5348,9,The food there is actually pretty good.,neutral
5348,10,Maybe I'll go there then.,joy
5348,11,You should. I know you'll like it.,joy
5365,0,Why don't we get you some shirts?,neutral
5365,1,I want to leave. We've already been here two hours.,neutral
5365,2,But we should get you some shirts while we're here. You need summer shirts.,neutral
5365,3,I would rather buy them somewhere else.,neutral
5365,4,Why? They have everything here.,neutral
5365,5,I don't like shopping in malls. I like shopping on the street. There is more variety.,neutral
5365,6,Let's just look and see what they have.,neutral
5365,7,Alright.,neutral
5365,8,What about these shirts? Do you see anything you like?,neutral
5365,9,The styles here are too boring for me. I told you. I like street shopping.,neutral
5365,10,"Oh, come on! Don't be so sour. These are beautiful shirts. I know if we don't buy some today, you will never go shopping by yourself.",anger
5365,11,Sure I would.,neutral
5365,12,Here. Look at this shirt. Try it on.,neutral
5365,13,Do they have it in LARGE.,neutral
5365,14,I don't know. Let me look on the rack. Here is one. LARGE. Try it on.,neutral
5365,15,Where is the fitting room? I don't see it.,neutral
5365,16,The fitting rooms are over there.,neutral
5365,17,"Okay, I will try it on.",neutral
5365,18,It looks good on you.,joy
5365,19,I look like a nerd.,neutral
5365,20,"No, it looks great.Why are you always like this when you're shopping? You know it looks good.",neutral
5365,21,"Well, I don't think it's the best style for me.",neutral
5365,22,I think we'll buy this one. And I want you to try on this one too.,neutral
5365,23,Alright. Alright.,neutral
5365,24,"You should be happy I want you to look good.If I let you shop for yourself, you would never buy anything.",neutral
5365,25,"Yes, maybe. But I like street shopping. There is more variety. I'm sorry. I just don't like malls.",sadness
5401,0,"John, you have done a good job. Our new series computer is appreciated by the guests. They intend to sign contracts with our company. You really did a good job.",joy
5401,1,Thank you. I can't imagine the design of the new computer is so popular among computer users.,neutral
5401,2,"Hah, as the sale department director of our team, you are the best.",joy
5401,3,I am flattered. But I am not sure whether the manager is satisfied with it. She asked me to her office.,neutral
5401,4,Why not? You've done so well for the company. She should give you a prize.,neutral
5401,5,I feel nervous when I face her. She looks so serious when we have a conversation all the time.,neutral
5401,6,Come on! What are you nervous about?,neutral
5401,7,It is said that the sales for the new computer did not meet the expectation.,neutral
5401,8,But the sale number is close to the predicted amount.,neutral
5401,9,I'm still nervous. I don't know what to say to the manager. I always feel ill at ease in that kind of place.,neutral
5401,10,Take it easy. Be confident. I'm sure you can do it.,neutral
5421,0,we'd like to rent a flat near the university.,neutral
5421,1,are you looking for somewhere for two people?,neutral
5421,2,"yes, we are. obviously, we'd like something as cheap as possible. we've heard that there are places for 80 to 100 pounds a month.",neutral
5421,3,"yes, there are several place available in that price range near the university. do you have any other requirements?",neutral
5421,4,"net really, no. we'd preferably like to live in a quiet street.",neutral
5421,5,how many rooms do you need in the flat?,neutral
5421,6,we'll need two bedrooms. the kitchen and dining room can be separate or combined.,neutral
5421,7,"ok. i've got a list of place that fit your requirements. let's just go through them. the first on the list costs 80 pounds a month, but it's on a noisy street and it's a little far from t",neutral
5421,8,how far away is it from the campus?,neutral
5421,9,"it's about two miles away. that might be a little far to walk. here's one that's about half a mile from the campus. the cost is 100 pounds a month and it's on a small street, just off a",neutral
5421,10,that sounds ideal. can we go to have a look at it? we'd like to see it before making a final decision.,joy
5421,11,of course. i'm not very busy at the moment. if you can wait for about 15 or 20 minutes. i can take you there.,neutral
5421,12,thank you. that would be great.,joy
5432,0,"Excuse me, is this the right counter for express mail?",neutral
5432,1,"Yes, it is. What can I do for you?",neutral
5432,2,I want to send some important documents to Canada for my postgraduate admission.,neutral
5432,3,"Are they urgent, please?",neutral
5432,4,"Yes, the deadline for applying is 1st Feb, so I hope they will arrive in 3 days.",neutral
5432,5,"Well, DHL is famous for its speed and reliability. It is the fastest international postal service available. The document will arrive in two or three days.",neutral
5432,6,Really? But can you guarantee the safety?,neutral
5432,7,"Yes, I promise. Your document won't be broken or lost. All the items are handled by special staff and carried by a courier. It is reliable.",neutral
5432,8,OK. I will send them now.,neutral
5432,9,Please write the address and remittee on the express order and make sure there is no mistake on them.,neutral
5432,10,All right. Here you are.,neutral
5432,11,This is your receipt which you have to keep until the remittee receives the express. You can also check your post on our web. The post number is on the top of the receipt.,neutral
5432,12,Thank you. I have got quite clear idea of it.,joy
5443,0,What can I do for you?,neutral
5443,1,I need to make a deposit.,neutral
5443,2,Are you depositing cash or a check?,neutral
5443,3,I ’ m depositing a check.,neutral
5443,4,Please sign the back of the check.,neutral
5443,5,There you go.,neutral
5443,6,Do you want cash back?,neutral
5443,7,"Yes, please.",neutral
5443,8,How much cash would you like?,neutral
5443,9,I want $ 150.,neutral
5443,10,Here ’ s your $ 150.,neutral
5443,11,"Thank you, and have a nice day.",joy
5453,0,"Hello, Jason. Are you free this Saturday evening?",neutral
5453,1,Yes. I have no plans.,neutral
5453,2,Would you like to Come to our barbecue?,neutral
5453,3,"Yes, that sounds wonderful.",neutral
5453,4,OK. See you then.,neutral
5453,5,"But wait, wait, will there be food that is not meat? You know. I'm a vegetarian",neutral
5453,6,Hey! I didn't know that! When did you become a vegetarian?,surprise
5453,7,"The other day, I decided that I needed to loose more weight so I am going to try to be a vegetarian. And you know what? I don't miss the taste of meat.",neutral
5453,8,Relly? That's amazing.,surprise
5453,9,"Yes, it really is. After having vegetarian diet. I have much more energy, I need less sleep, I feel calmer. I can maintain an ideal body weight without worrying about how much I eat and I can think more clearly.",neutral
5453,10,Are you kidding? I really don't think that you think less clearly on non-vegetarian diet.,surprise
5453,11,"Yes, maybe. But I feel better since becoming a vegetarian. Maybe you could also have a try.",neutral
5453,12,"Maybe I'll also have a try some day, but I'm afraid that it would be difficult for me to refuse meat.",neutral
5453,13,Maybe you would change your mind after having a vegetarian diet.,neutral
5453,14,"We'll see. Anyway, I'll prepare some vegetarian food for the barbecue. See you then!",joy
5462,0,What do you feel like eating this morning?,neutral
5462,1,I usually just have a bowl of cereal.,neutral
5462,2,The most important meal of the day is breakfast.,neutral
5462,3,"Yeah, but I don't usually have time to eat a big breakfast.",neutral
5462,4,You can always make an easy breakfast.,neutral
5462,5,What do you make?,neutral
5462,6,"All I make is oatmeal, toast, and some orange juice.",neutral
5462,7,That sounds pretty good.,joy
5462,8,"I like it, and it's a fast meal.",neutral
5462,9,That is a very quick meal to make.,joy
5462,10,I can make it for you if you like.,neutral
5462,11,Oatmeal and toast sounds good to me.,joy
5482,0,"Daddy, I love this Happy Farmhouse. It's really fun.",joy
5482,1,"Great. But no talking, now. Don't forget that you are on a ladder. Take care!",neutral
5482,2,"But you are holding it for me. Nothing to worry about. I trust you. Oops, what's that?",neutral
5482,3,Don't touch it with your stick. It's a bumble bees'hive. Get down the ladder. Be quick.,neutral
5482,4,What would happen if they started attacking you?,neutral
5482,5,"You can get killed. No kidding. Remember, never stir up a hive.",neutral
5482,6,I see. Why do people come all the way here to pick apples by themselves and take them home? Isn't it easier for them to buy the apples in the supermarket?,neutral
5482,7,"It's for fun. And also, the apples here are Green Food.",neutral
5482,8,"Come on, daddy. You can see that people only pick the red ones.",neutral
5482,9,"Silly boy. Green Food means the plants grown without using any chemicals, fertilizers, and pesticides.",neutral
5482,10,"Oh, then what would happen if there were pests?",neutral
5482,11,I heard they used ultraviolet lamp to kill pests.,neutral
5482,12,"Cool! Well, let's go over there to join mom. I want to tell her all about the special pests-killing method.",joy
5491,0,"I'm so hungry. Shall we go eat now, Rick?",neutral
5491,1,Sure. Where do you want to go? Are you in the mood for anything in particular?,neutral
5491,2,How about some dumplings? I just can't get enough of them.,neutral
5491,3,"Dumplings again?! Oh, Amy, let's try something new!",surprise
5491,4,"Well, what do you have in mind?",neutral
5491,5,How about the Mongolian hot pot?,neutral
5491,6,"Oh, it's too spicy for me. Don't you remember last time when I tasted the lamb? It Was so spicy my eyes teared up!",neutral
5491,7,Maybe we can try'Yuanyang pot'this time. You can choose the non-spicy soup base.,neutral
5491,8,Sounds great. Do they serve noodles? I am in the mood for some tasty noodles as well.,joy
5491,9,Yes. The sliced noodles they offer are among the most authentic Shanti cuisines.,neutral
5491,10,Great. Let's go!,joy
5491,11,Wait a minute. Let me throw on a sweater.,neutral
5509,0,Good morning. What can I do for you?,neutral
5509,1,Good morning. Would you like to tell me something about the computer? I've never seen this brand before. What is your superior brand?,neutral
5509,2,This is our new brand. I can make sure our computer board is one of the best boards.,neutral
5509,3,Can you tell me the specialty of your computer board?,neutral
5509,4,"With pleasure. It's easy to have a memory expansion on board capacity and fulfill your needs for a computer. Besides, there is more space for extra cards to expand later on.",neutral
5509,5,What's the memory capacity of the computer?,neutral
5509,6,The hard drive has 260 G and the RAM is 4 G.,neutral
5509,7,Can you give me a wholesale list?,neutral
5509,8,Yes. The price differs depending on how many you want.,neutral
5509,9,Is the price negotiable?,neutral
5509,10,"Yes. It depends. If you have a large order, we will give you a discount.",neutral
5512,0,"Chris, where are you going?",neutral
5512,1,I'm going to the store.,neutral
5512,2,Really? I need to go to the store too.,neutral
5512,3,Would you like to come with me?,neutral
5512,4,"Yeah, let's go together.",neutral
5512,5,Would you like to go now or later?,neutral
5512,6,Now.,neutral
5512,7,What?,neutral
5512,8,Now would be better.,neutral
5512,9,"OK, let's go.",neutral
5512,10,Should we walk?,neutral
5512,11,"No, it's too far. Let's drive.",neutral
5516,0,"When the interview finally comes to an end, the interviewee will probably breathe a sigh of relief.",neutral
5516,1,"Still, you should not let down your guard. Some details should be paid attention to.",neutral
5516,2,At this moment you can thank the interviewer again for the opportunity of the interview.,neutral
5516,3,You can also ask the interviewer about your performance today.,neutral
5516,4,Don't forget to ask when you can receive a reply.,neutral
5516,5,And it's best to ask about the second interview if necessary.,neutral
5516,6,You should state politely that you will wait for the results patiently.,neutral
5516,7,You can ask questions about the position you are applying for.,neutral
5516,8,"In this case, you should remember to give thanks for the reply you get.",neutral
5516,9,Of course.,neutral
5516,10,Just say goodbye to the interviewer before you leave.,neutral
5516,11,"Besides, remember to make acknowledgments through an E-mail or a call.",neutral
5523,0,"Good morning, welcome to Bank of the USA. How may I help you today?",neutral
5523,1,"Hi, I need to transfer some money to another account. It ’ s urgent.",neutral
5523,2,"Okay, have you made a wire transfer at our bank before?",neutral
5523,3,No. I ’ Ve never made a transfer before.,neutral
5523,4,"It ’ s alright, I will take you through the procedure. Are you transferring funds to a company or an individual account?",neutral
5523,5,A company account. I need to pay a bill.,neutral
5523,6,"Okay, I ’ ll need the name of the company and their bank routing number as well as their bank ’ s address and phone number.",neutral
5523,7,I have all the information in this folder.,neutral
5523,8,"Well. You ’ Ve come prepared.You have all the necessary materials so we can go ahead and make the transfer right now. It ’ s a simple transaction, and we can process it today.",neutral
5523,9,"Oh, that ’ s such a relief. I didn ’ t want the payment to be overdue. Thank you so much.",joy
5523,10,It ’ s my pleasure.,joy
5533,0,How are you doing?,neutral
5533,1,Great. Thanks.,joy
5533,2,May I help you with something?,neutral
5533,3,I would like to transfer some money.,neutral
5533,4,Where would you like to transfer money from?,neutral
5533,5,Take it from my savings account.,neutral
5533,6,Where would you like the money transferred?,neutral
5533,7,I want it transferred into my checking account.,neutral
5533,8,How much would you like to transfer?,neutral
5533,9,I would like to transfer $ 200.,neutral
5533,10,Will that be all today?,neutral
5533,11,That ’ s it for today. Thank you.,joy
5554,0,I'm looking for a pan I can use in my kitchen.,neutral
5554,1,What size pan were you thinking of?,neutral
5554,2,I've already got a small pan. I need a big one.,neutral
5554,3,"Well, this one might work for you.",neutral
5554,4,"Oh, no, that's way too heavy a pan for me.",neutral
5554,5,"Here, lift this aluminum pan. It's the same size.",neutral
5554,6,"Yes, it's very lightweight. But I don't want this aluminum handle.",neutral
5554,7,Here's a similar aluminum pan. But it has a heat-resistant handle.,neutral
5554,8,"Oh, this feels very nice. It's perfect. I'll take it.",joy
5554,9,I knew we'd find the right pan sooner or later. How would you like to pay?,neutral
5554,10,"Cash. But first, I need a lid for this pan.",neutral
5554,11,"Oh, no problem. Here's the lid that comes with the pan.",joy
5566,0,What are you doing?,neutral
5566,1,I ’ m just looking for a nice pillow on Ebay.,neutral
5566,2,You are shopping for a pillow online? That ’ s absurd!,surprise
5566,3,"Why? I don ’ t have to leave the house or browse a dozen stores to find what I ’ m looking for. This way, I just search for it online quick and easy.",surprise
5566,4,"I see, but how do you pay for it? How do you know you aren ’ t going to be ripped off by the seller?",neutral
5566,5,"Well, the website handles a point system where if the seller does something wrong, people comment negatively and then you know that he or she may not be trustworthy.",neutral
5566,6,"Wow, that sounds pretty safe. So how do you pay? Do you need a credit card?",joy
5566,7,You can use a credit card or your debit card. They also let you use the Paypal system which is really safe and fast. I have never had any problems with someone hacking my information or anything.,neutral
5566,8,Do you think I can find a sweater for my dog online?,neutral
5566,9,"You can find anything! Are you sure you want to start shopping online though? Once you step into this world, there is no turning back!",joy
5566,10,Let ’ s do it!,joy
5579,0,I would like to get a bus pass.,neutral
5579,1,Do you know what kind of pass you want?,neutral
5579,2,Can you tell me my options?,neutral
5579,3,"There are passes for a day, month, and week, and there are student passes.",neutral
5579,4,I would like the student pass.,neutral
5579,5,Let me see your student ID.,neutral
5579,6,Here you go.,neutral
5579,7,Thank you very much.,joy
5579,8,How much will it be for the pass?,neutral
5579,9,"The monthly sticker is $ 24, but the actual pass is free.",neutral
5579,10,That'll be fine.,joy
5579,11,We appreciate your business.,joy
5605,0,Let's begin by having you tell me about yourself and your background.,neutral
5605,1,"I have been working as a paralegal for the last 10 months through an agency that specializes in the legal field. My experience has been supporting attorneys in the field of labor law, where I have been able to apply my paralegal education. I was commended on my ability to take information and break it down into usable facts. I really love research and analyzing facts. My major in college was English, and as a result, my writing skills are my major strength. I am looking for a position where my research and writing skills can be used.",neutral
5605,2,What do you think are the key qualities needed to succeed in the paralegal profession?,neutral
5605,3,"Flexibility would certainly rank high in this type of job. In my last position, I supported four lawyers, and it was not unusual for them all to give me high-priority items to do in the same day or week. There were days when I had to stop and prioritize my work just to get a handle on everything. I would discuss the urgency of their work with each of them so I didn't drop the ball. At the same time, I made sure each of them felt like his or her project was important on my agenda. I think communication is probably the next key quality. It really worked well when I talked with each of them, explained my situation, and got their input.",neutral
5605,4,Can you give me an example of a time when you had to work above and beyond your job description?,neutral
5605,5,"There was a very important project that had to be researched and completed by the end of the week. Even though I worked extra hours every night for almost two weeks, my boss and I stayed until 2 a. m. for two nights before the final wrap up. It was very rewarding to have put so much effort into a project and see the really great results. My boss gave me a bonus for my extra effort.",neutral
5605,6,Tell me about a time when you had to research a case and encountered some obstacles you had to overcome.,neutral
5605,7,"I remember a case that was filled with obstacles. The first thing I did was research through documents and past cases that had similar circumstances. I assembled the facts and then tried to put them together and analyze the next step. I was able to get some input from another lawyer I happened to see at lunch. Through some hard work and fact digging, I was able to find a way to overcome most of the obstacles. I took my findings to my boss and made some recommendations, which she and I discussed and eventually resolved.My boss was impressed with the work I had done.",neutral
5605,8,What are your strengths and weaknesses?,neutral
5605,9,"My strengths are my caring about getting the job done. I am very results-driven and have been able to meet all my deadlines in past jobs. As far as weaknesses, I really enjoy my work, and sometimes I put in too much time. But I am aware of my tendency to overwork and have learned to pace myself more.",neutral
5605,10,Tell me about a time when you had a confrontation with a coworker or boss.,neutral
5605,11,"I did have an issue with someone who was getting on my nerves. I asked her if I could talk with her one day, and we had a good discussion. It turned out she was not aware of the impact of her actions and that she really needed an explanation of the procedure. I took the time to explain the procedures, and there haven't been any problems since that day.",neutral
5605,12,When do you find a job satisfying?,neutral
5605,13,"My biggest satisfaction is when I experience growth in a job. When I first started as a paralegal, I had a lot to learn. But through hard work, advice from some good mentors and continuing education, I have come a long way. I've learned to be flexible when possible and to deal with difficult people in a positive manner.",neutral
5605,14,How would your coworkers describe you?,neutral
5605,15,"First, they'll say I have a lot of energy and enthusiasm. I really enjoy working with people. Secondly, they'll say I had great customer service skills. I put the customer first. And thirdly, they'll say that I know the law. I put a lot of effort into my education as a paralegal and take it seriously.",neutral
5605,16,Do you have any questions?,neutral
5605,17,"Yes, I do. On a scale of one to 10, what would you say morale was in this company?",neutral
5607,0,I see by your resume that you have just graduated from college. I assume you haven't had any working experience. Is that right?,neutral
5607,1,That's right. I've only had some part-time jobs working in department stores.,neutral
5607,2,"Well, experience is not important in this job. We are looking for a man we can train to be a teller. By the way, do you like to work with figures?",neutral
5607,3,"Yes, I liked math in school.",neutral
5607,4,We are more interested in finding someone who is alert and quick at figures. Do you like meeting the public?,neutral
5607,5,"Yes, I enjoy working with people.",neutral
5607,6,We have very pleasant working conditions and I think we have a fine staff to work with. You would be assigned an experienced employee to help you. He would be responsible for training you. Have you studied English conversation?,neutral
5607,7,"Yes, I had an American tutor for two years. I had two lessons under her every week. Would I be using English every day is this job?",neutral
5607,8,"Yes, many of our customers are Americans, so you would be speaking English with most of them. Do you know anything about various kinds of savings and checking accounts?",neutral
5607,9,"No, I'm afraid I don't. I'd be glad to learn.",neutral
5607,10,That's good answer. I appreciate your being frank.,joy
5629,0,Hello Mary. I haven ’ t seen you for ages. Are you still seeing Paul?,neutral
5629,1,No. We broke up last month. I ’ m taking a break from dating for a while.,neutral
5629,2,Did you break up amicably? Sometimes couples row a lot before splitting up.,neutral
5629,3,We just decided to stop seeing each other. It was all very amicable. Are you still going out with mike?,neutral
5629,4,"Yes, I am. We ’ re thinking about getting engaged. We ’ Ve been dating for over a year now.",joy
5629,5,Good for you! Have you seen Kelly recently? Is she still dating nick?,joy
5629,6,"I havn't seen her for a while.She stopped seeing nick because he was cheating on her.He was seeing a girl form his office.One day, she saw them holding hands and ended the relationship immediately.",neutral
5629,7,She was right to do that. I heard the Neil and Tina getting married soon.,neutral
5629,8,Really? They ’ Ve been together for a long time. When are they getting married?,surprise
5629,9,I think it ’ s 26th September. I ’ ll check and make sure that Tina remembers to invite you to the hen night.,neutral
5629,10,"Thanks. Hey, look at that guy over there. I think he fancies you.",joy
5629,11,"He certainly looks interested, doesn ’ t he? Shall we invite him over to our table?",joy
5639,0,"Hoo, I'm getting tired, Jeanine, been a long day.",neutral
5639,1,"I'm not quitting yet. You know my favourite slogan, don't you?",neutral
5639,2,"Yeah, I know. Shop till you drop.",neutral
5639,3,Right!,joy
5639,4,I'm getting a little short on cash. Let's just window shop a little.,neutral
5639,5,Ok.,neutral
5639,6,"Hey, Jeanine, get a load of that. It's beautiful.",joy
5639,7,"Ahahah, and I thought you were tired.",joy
5639,8,You know.. I have a weakness for long dresses.,neutral
5639,9,"It sure looks special, looks expensive too.",neutral
5639,10,"Sure does. Hey, can I sponge a little cash of you?",neutral
5639,11,"Don't worry, Marian, I've got you covered.",neutral
5639,12,"Thanks, Jeanine, you are a real pal. Let's go in.",joy
5640,0,"Hey, what are you doing here?",neutral
5640,1,I'm just shopping.,neutral
5640,2,What are you shopping for?,neutral
5640,3,Some new clothes. How about you?,neutral
5640,4,Same here.,neutral
5640,5,Have you found anything nice yet?,neutral
5640,6,I found a few pairs of pants.,neutral
5640,7,Where'd you get those?,neutral
5640,8,I found them at Pennies.,neutral
5640,9,Those are really cute.,joy
5640,10,Do you want me to show you where I found them?,neutral
5640,11,I would like that. Thank you.,joy
5668,0,Do you think we should travel by bus or by train?,neutral
5668,1,"It ’ s a difficult choice. The train is a litter faster, but much more expensive.",neutral
5668,2,"We could face delays if we travel by bus, thanks to traffic jams.",neutral
5668,3,Buses are more cramped and you can ’ t walk around.,neutral
5668,4,"That ’ s true, but I feel that I see more when I travel by bus.",neutral
5668,5,Really? I think you see more traveling by train.,neutral
5668,6,"So, which form of transport do you prefer to use?",neutral
5668,7,"I prefer going by train, ever though it costs more.",neutral
5668,8,Ok them. We ’ ll go by train. I ’ m sure we ’ ll have a good journey. Shall we go to the station and buy the tickets?,neutral
5668,9,The train aren ’ t usually full. We can get them on the day we travel. We should buy return ticket because they are much cheaper than getting two singles.,neutral
5668,10,We should take a packed lunch on the journey. The food they sell on the trains is always expensive.,neutral
5685,0,Can you help me pick out a gift for my niece?,neutral
5685,1,Most normal little girls go wild over Barbie dolls.,neutral
5685,2,That sounds good. Let me see one.,joy
5685,3,Here's the latest model — Digital Barbie.,neutral
5685,4,"Oh, she's nice. How much is she?",neutral
5685,5,"Why, she's only $ 29.95.",neutral
5685,6,"Well, that's reasonable. I'll take it.",neutral
5685,7,Excellent. Would you like anything else?,joy
5685,8,"No, thank you.",joy
5685,9,The total will be $ 32.42. Will that be cash?,neutral
5685,10,"Oh, cash will be fine.",neutral
5685,11,Here's your change. Thank you for shopping with us.,joy
5686,0,"Come in, please.",neutral
5686,1,"Good afternoon, Mrs Smith.",neutral
5686,2,"Good afternoon. Have a seat, please. You are Mr. Sun?",neutral
5686,3,"Thank you. Yes, I am Dunlin.",neutral
5686,4,I have read your resume. I know you have worked for 3 years. Why did you choose to major in mechanical engineering?,neutral
5686,5,Many factors led me to major in mechanical engineering. The most important factor is I like tinkering with machines.,neutral
5686,6,What are you primarily interested in about mechanical engineering?,neutral
5686,7,"I like designing products, and one of my designs received an award. Moreover, I am familiar with CAD. But I can do any mechanic well if I am employed.",neutral
5686,8,Why did you decide to apply for this position?,neutral
5686,9,"Your company has a very good reputation, and I am very interested in the field your company is in.",neutral
5686,10,What do you think determines an employee's progress in a company such as ours?,neutral
5686,11,Interpersonal and technical skills.,neutral
5686,12,We have several applicants for this position. Why do you think you are the person we should choose?,neutral
5686,13,"I have the abilities, qualities and experience that you requested in your job advert, for example I have three years experience in designing products and I got leadership experience while serving the college student union as president.",neutral
5686,14,That sounds very good. How do you see your career development?,neutral
5686,15,After a few years of gaining experience in the company and furthering my professional qualifications I'd like to put my experience and skills to use in management. I want to become a supervisor in your R & D department.,neutral
5686,16,Have you anything to ask about the job?,neutral
5686,17,Yes. Do you offer any opportunities for further study?,neutral
5686,18,"Yes. If you undertake additional courses, provided these are approved, and you complete them successfully, you can claim back part, quite a large part, 75 % of the costs you incurred. Not just the fees, - traveling and other expenses too.",neutral
5686,19,That's fine.,neutral
5686,20,Anything else?,neutral
5686,21,No.,neutral
5686,22,"Well, thank you very much, Mr. Sun. I'll let you know the result of the interview as soon as possible. Goodbye.",joy
5686,23,"Thank you, Mrs. Smith. I do hope the answer will be favorable. Goodbye.",joy
5697,0,"Hello. I need to disconnect my phone, please.",neutral
5697,1,"All right. Where do you live, sir?",neutral
5697,2,At 345 Lincoln Avenue. Oklahoma City.,neutral
5697,3,"Very well. Why do you want to disconnect your phone, sir?",neutral
5697,4,I ’ m moving to a new home.,neutral
5697,5,O. K. May I have your name please?,neutral
5697,6,John Smith.,neutral
5697,7,Thank you. Mr. Smith. What ’ s your telephone number?,neutral
5697,8,555-7658,neutral
5697,9,Thank you. Where should I send your final phone bill?,joy
5697,10,"623 West Side Drive. New York, New York.",neutral
5697,11,"Thank you, Mr. Smith. Your phone will be disconnected after this phone call. Have a nice day.",joy
5697,12,"Thank you, you too.",joy
5723,0,Have you bought War Craft 2 yet?,neutral
5723,1,Yeah! I bought it the day it was released.,joy
5723,2,How do you like it?,neutral
5723,3,It's a great game. There are a lot of new characters.,neutral
5723,4,Did it cost very much,neutral
5723,5,It cost about thirty. Most games cost about that much.,neutral
5723,6,Mechwarrior is such a good game. The graphics are awesome!,joy
5723,7,"Oh, I know what you mean. I'm addicted to that game.",joy
5723,8,My roommate always wants to play it. But I told her to buy her own game.,neutral
5723,9,"Yeah, my roommate likes to watch me play. He says it's like watching a movie.",neutral
5723,10,I've never seen such good graphics.,joy
5723,11,And I've never heard such good sound in a game.,joy
5746,0,I need order in the court!,neutral
5746,1,I am ready to make my plea.,neutral
5746,2,What do you plead?,neutral
5746,3,I plead not guilty.,neutral
5746,4,All the evidence indicates that you are guilty.,neutral
5746,5,"I realize that, but I am not guilty.",neutral
5746,6,Is that right?,neutral
5746,7,I had nothing to do with the crime that was committed.,neutral
5746,8,Who is the guilty party?,neutral
5746,9,I ’ ll tell you if you let me go.,neutral
5746,10,I ’ d be glad to make a deal with you.,neutral
5746,11,I am willing to tell you that information.,neutral
5747,0,this bloody computer!,anger
5747,1,what seems to be the problem?,neutral
5747,2,my computer just crashed again for the third time today!,anger
5747,3,what were you doing when it crashed?,neutral
5747,4,i was just opening up an attachment in an email about winning the lottery.,neutral
5747,5,I think that might have been a virus.,neutral
5747,6,"oh, no! I thought it seemed a bit strange.",anger
5747,7,"what kind of computer do you have, a Mac or a PC?",neutral
5747,8,it's a PC. doesn't everyone have a PC in this office?,neutral
5747,9,"no, some people have Macs now, too.",neutral
5747,10,what's the difference?,neutral
5747,11,"PCs often crash from virus, but it's nearly impossible to get a virus from a Mac.",neutral
5747,12,I didn't know that.,neutral
5747,13,has your computer turned back on yet?,neutral
5747,14,yes.,neutral
5747,15,did you end up losing any of your work?,neutral
5747,16,"fortunately, I saved my work right before it crashed, so it should be OK.",neutral
5747,17,you should probably call the IT department and have them check your computer for virus.,neutral
5747,18,that's a good idea. I'll call them now. Thanks for your help!,joy
5758,0,Something wrong?,neutral
5758,1,Yes. My car is having problems.,neutral
5758,2,What's wrong?,neutral
5758,3,It won't start.,neutral
5758,4,Do you want me to take a look?,neutral
5758,5,"No, thank you. I think I can handle it.",neutral
5758,6,"Well, if you change your mind, let me know.",neutral
5758,7,I will. Thanks. That's sweet of you.,joy
5758,8,No problem.,joy
5758,9,I might need some tools though. Do you know where I can get some?,neutral
5758,10,Sure. I have all kinds of tools. Just ask. I ’ ll be happy to get them for you.,joy
5758,11,Thanks. That would be very helpful.,joy
5758,12,"Anything for you. Seriously, I don ’ t mind helping.",joy
5758,13,"OK. If you really insist, I could always use the company.",joy
5760,0,What is your case against the police?,neutral
5760,1,They arrested me for nothing.,anger
5760,2,What do you mean?,neutral
5760,3,They weren ’ t supposed to arrest me.,anger
5760,4,Didn ’ t they let you go?,neutral
5760,5,They didn ’ t let me go until the next morning.,anger
5760,6,So they kept you at the station?,neutral
5760,7,They sure did.,anger
5760,8,Did they tell you why they arrested you?,neutral
5760,9,I matched the description of a robbery suspect.,neutral
5760,10,I understand.,neutral
5760,11,I want to take them to court.,anger
5791,0,Could I speak to you for a minute?,neutral
5791,1,What do you want to speak to me about?,neutral
5791,2,I want to talk about this year ’ s election.,neutral
5791,3,"Oh, you do?",surprise
5791,4,I am volunteering for the campaign.,neutral
5791,5,What made you decide to volunteer?,neutral
5791,6,I want to be a part of history.,neutral
5791,7,Good for you.,neutral
5791,8,Do you plan on voting?,neutral
5791,9,I will be voting.,neutral
5791,10,You should try and make it early to your polling place.,neutral
5791,11,Thanks for letting me know.,joy
5800,0,"A table for two, please.",neutral
5800,1,All right. How about this one by the window?,neutral
5800,2,Thank you. It's fine.,neutral
5800,3,"May I take your order now, sir?",neutral
5800,4,What do you recommend? We'd like some of your local specialities.,neutral
5800,5,Our restaurant is famous for its seafood.,neutral
5800,6,One cream of fish soup and two portions of prawns.,neutral
5800,7,"Shrimp salad is our speciality, took",neutral
5800,8,"No, I think it's enough.",neutral
5800,9,What would you like to drink?,neutral
5800,10,A juice and a coke.,neutral
5802,0,What a busy week!,neutral
5802,1,Really! I've never seen so much work.,neutral
5802,2,Right.How are you going to spend your weekend?,neutral
5802,3,I don't know. I have no idea.,neutral
5802,4,Would you like to play some tennis with me before going home?,neutral
5802,5,"I'm not good at sports, I have never played tennis, and I know I would be terrible.",neutral
5802,6,"You should try it.It's a great game. Come on, let me help you. I'm a good player, and a good teacher, too.What do you say?",neutral
5802,7,"OK, but don't say I didn't warn you.",neutral
5802,8,"That was a pretty good shot, Mary.",joy
5802,9,Thanks.This is fun!,joy
5802,10,Let me help you with your serve.,neutral
5802,11,No one has ever tried to show me how to play a sport before.Maybe I should learn to do something.,neutral
5802,12,"Of course, you can.All you need is a little help and a lot of practice.",neutral
5802,13,Do you really think I can be a good player?,neutral
5802,14,"Well, maybe not a Michael Zhang, but better than the average. Person would you like to play again Wednesday?",joy
5802,15,Yes. This has been fun.,joy
5830,0,"Do you know Yahoo Greetings, Edgar?",neutral
5830,1,Sure. It's a popular e-card website.,neutral
5830,2,Can you tell me how to send one on it?,neutral
5830,3,Okay. Did you get the Yahoo ID?,neutral
5830,4,ID? What's that?,neutral
5830,5,"I mean, you must register first before you send a card.",neutral
5830,6,Oh. I see. But I have done it.,neutral
5830,7,"Ok. Choose the card which you like best, and fill in the following blanks with both your and your friend's names and e-mail addresses.",neutral
5830,8,Is that all?,neutral
5830,9,Don't forget to send.,neutral
5830,10,Oh. I see. Thanks.,joy
5845,0,What did you do at the office today?,neutral
5845,1,I had a really busy day. I had to work a little overtime. In the morning an important client called to place a large order. I had to check some things with my colleagues before confirming the order.,neutral
5845,2,What kind of things did you need to check?,neutral
5845,3,"The most important thing was to check that we had the goods in stock. If the goods are in stock, we can deliver them immediately. I also had to check the price. This customer is very important, so they get special prices.",neutral
5845,4,I see. Did anything else happen?,neutral
5845,5,"I received a lot of emails from potential clients that I had to answer. Each time, I had to check files to see what we had agreed at earlier meetings. Each client has different conditions and requirements.",neutral
5845,6,It must be difficult to remember the details for each individual client.,neutral
5845,7,"Yes. That ’ s why we have everything on computer files. We don ’ t use much paper at our office. After lunch, I had to deal with a complaint from a client.",neutral
5845,8,I hate dealing with complaints. Was it a legitimate complaint?,neutral
5845,9,"Yes, it was. I managed to sort out the problem, but I was tied up with the matter for over an hour.",disgust
5845,10,You certainly had a busy day.,neutral
5845,11,"That ’ s not all! I also had to finish writing a sales report for my boss. In the end, I finished everything. I wonder what will be waiting for me tomorrow morning.",disgust
5862,0,"Grandpa, this restaurant looks really old! How long ago was it built?",neutral
5862,1,"I'm not sure when it started. But I know it's older than me. As a young boy, I used to eat here a lot.",neutral
5862,2,"Oh, it's interesting. Dad told me you brought him here when he was young, too. Now, it's my turn.",joy
5862,3,"Yeah. We are the VIP customers here. So, what do you want to eat today?",neutral
5862,4,I'd like to eat a hamburger and a bottle of coca-cola.,neutral
5862,5,"Hey, kid, that's wrong. It's a Chinese restaurant. Let's eat something traditional.",neutral
5862,6,"Then there is nothing particular I'd like to eat. Grandpa, what's your favorite here?",neutral
5862,7,"The Chinese rice pudding. Your father loves it, too. You wanna try?",neutral
5862,8,Sure. Is it sweet?,neutral
5862,9,"Yes, of course. But I think they can make you a salty one, too.",neutral
5862,10,"Great, I want it spicy.",joy
5862,11,Come on. Don's go too far.,neutral
5862,12,I want it to be special. And you know that I always like hot food.,neutral
5862,13,OK then. We shall ask them to put some red chilli on it.,neutral
5869,0,have you bought a present for jim ’ s birthday yet?,neutral
5869,1,"no, I haven ’ t. I can ’ t think of anything to get him.",neutral
5869,2,I ’ m having the same problem. I want to get something really special. Jim always seem to know exactly what to get people as gifts.,neutral
5869,3,I know. He bought me that beautiful sweater for my birthday. It was exactly what I wanted. And it fit me perfectly!,joy
5869,4,he bought me an iron.,neutral
5869,5,that doesn ’ t sound like a great present.,neutral
5869,6,"maybe not, but my iron was getting old. In fact, it stopped working the week after jim bought me the new one. It ’ s as if he knew that my old iron would soon stop working!",neutral
5869,7,"let ’ s think. He loves football, doesn ’ t he? I saw signed photographs of famous footballers in a shop near hear. Let ’ s go and have a look. You know which team he supports, don ’ t you?",neutral
5869,8,"yes, I do. Let ’ s go. We should be able to find something suitable. We should get him something old... something historic.",joy
5869,9,"it ’ ll be an expensive present, but we can share the cost.",neutral
5869,10,"I ’ ll be happy to get him something special, even if it coasts a little extra.",joy
5869,11,yes. He always get us special gift. We should repay his kindness.,joy
5870,0,I want to buy some meat.,neutral
5870,1,What kind would you like?,neutral
5870,2,I want one pound of ground beef.,neutral
5870,3,That's going to be about $ 2.48.,neutral
5870,4,That will be fine.,neutral
5870,5,What else can I get for you?,neutral
5870,6,Let me also have three pounds of chicken breasts.,neutral
5870,7,That's going to be $ 4.05 a pound.,neutral
5870,8,Can you tell me the total cost of the chicken breasts?,neutral
5870,9,That will be $ 12.15.,neutral
5870,10,That's all I'm going to get today.,joy
5870,11,That's fine. Let me get your meat.,joy
5881,0,I'm looking for a gift for my daughter.,neutral
5881,1,How about a laptop?,neutral
5881,2,"Yes, she needs something to help her at school.",neutral
5881,3,How about a Mac?,neutral
5881,4,That sounds good. How much is one?,neutral
5881,5,"Our newest 15 - inch Pro is only $ 2,100.",neutral
5881,6,"Only $ 2,100? Okay, let me have one.",surprise
5881,7,"That's great. Will that be cash, check, or credit card?",joy
5881,8,Let me dig my VISA out of my purse.,neutral
5881,9,"Okay, if you'll just sign here, please.",neutral
5881,10,Do I need to buy anything else?,neutral
5881,11,All she has to do is open the box and follow the instructions.,neutral
5881,12,Thank you so much.,joy
5881,13,"Thank you. If you have any problems, just call.",joy
5892,0,Have you ever gotten a parking ticket?,neutral
5892,1,I've gotten a few.,neutral
5892,2,How many is a few?,neutral
5892,3,I've gotten about six.,neutral
5892,4,Have you paid all your tickets off?,neutral
5892,5,"Yes, I've paid all of them off.",neutral
5892,6,How much is the fine?,neutral
5892,7,It's like $ 130 each ticket.,neutral
5892,8,That's not cheap at all.,neutral
5892,9,I got a parking ticket the other day.,neutral
5892,10,"Pay it off, and they'll clear your record.",neutral
5892,11,I'm going to do that as soon as possible.,neutral
5902,0,How may I help you?,neutral
5902,1,I ’ m having a problem.,neutral
5902,2,What is it?,neutral
5902,3,"I apparently owe some fees, but I never got the bank statement.",neutral
5902,4,I do apologize for that.,neutral
5902,5,"My fees went up, but I didn ’ t even know I had fees to pay.",neutral
5902,6,I see your problem.,neutral
5902,7,What are you going to do about it?,neutral
5902,8,I will cancel the fees you owe.,neutral
5902,9,I don ’ t have to pay any fees?,neutral
5902,10,You ’ ll only have to pay the initial fee.,neutral
5902,11,That ’ s fine. I appreciate your help.,joy
5904,0,Do I have to deposit my handbag at the checkroom?,neutral
5904,1,"No, you do not have to. The handbag can be taken with you. There is the cart at the entrance.",neutral
5904,2,Thank you. I'd tike to buy some milk powder for my baby. Is there anything that you can recommend for me?,neutral
5904,3,"Well, how old is your baby?",neutral
5904,4,No more than three.,neutral
5904,5,"The milk powder on the second level of the shelf is for the kids from 2 ages to 4 ages. I advice that you should buy the Wyeth brand, the source of milk is imported from New Zealand.",neutral
5904,6,How about its quality?,neutral
5904,7,You can be assured of it. There are various nutritions which are beneficial for the growth of babies'bone and cerebrum.,neutral
5904,8,"OK, what is this?",neutral
5904,9,It is feeding-bottle as the free gift.,neutral
5904,10,It is thoughtful. I will take it.,joy
5917,0,are you ready for the meeting?,neutral
5917,1,"yes, come on in. how's your new job going?",neutral
5917,2,"it's challenging, but I'm enjoying it quite a bit.",joy
5917,3,that's great. I knew you'd do a good job as a manager.,neutral
5917,4,thanks a lot.,neutral
5917,5,how's your assistant manager getting on?,neutral
5917,6,"well, that's part of the problem. His probation period is up tomorrow and I don't think he's ready to pass.",neutral
5917,7,what seems to be the problem?,neutral
5917,8,"well, he was supposed to be able to learn his job in 30 days, but he just doesn't seem to know what he's doing.",neutral
5917,9,"if you gave him another 30 days, do you think he could figure it out by then?",neutral
5917,10,"to be honest, he has no authority. He's a hard-worker, but no one listens to him.",neutral
5917,11,I see. Not everyone is cut out to work in management.,neutral
5917,12,I know. It'd be great if we could transfer him to a department where he doesn't have to work with people.,neutral
5917,13,there's an opening in the creative design department. It involves working with computers.,neutral
5917,14,that's perfect. I'll let him know tomorrow. Thanks!,joy
5954,0,"Here we are, Ryan! This is where we're going to celebrate!",joy
5954,1,lt's a TV palace! I'm glad I brought my platinum card.,joy
5954,2,You won't need it. Tom is going to treat everybody!,joy
5954,3,"Where is Tom? It was his idea to have the bachelor party at a ETV, wasn't it?",joy
5954,4,"If it were up to Tom, we'd have the wedding in the ETV? He loves to sing.",neutral
5954,5,Then I bet he's really good!,joy
5954,6,"Well, uh, I'll let you decided that for you yourself. He'll be here a little later. Here's our room.",joy
5954,7,This is where we sing? These booths are so comfortable I think could fall asleep!,joy
5954,8,Let's order something to eat. What are you in the mood for?,neutral
5954,9,It's up to you.,neutral
5954,10,"OK. How about some spring rolls and squid balls, some pork skins, and some beer!",joy
5961,0,May I help you?,neutral
5961,1,"Yes, I would like to return these slacks.",neutral
5961,2,Alright. Do you have your receipt?,neutral
5961,3,Yes. Here it is. I bought them last week.,neutral
5961,4,And why are you returning them?,neutral
5961,5,I bought them to go with a blouse of mine. But they don't really match.,neutral
5961,6,"I see. Oh, wait. Ma'am, I'm sorry. These slacks were on sale.",sadness
5961,7,"Yes, they were thirty percent off.",neutral
5961,8,"I'm sorry, but we don't allow returns on sale items.",sadness
5961,9,I know many stores have that policy. But I have returned sale items here before.,neutral
5961,10,"I'm sorry, but we usually don't do it. It is our policy.",sadness
5961,11,I just bought these slacks a week ago. And I am a regular customer here. Can you make an exception this time?,neutral
5961,12,"Well. Let me talk to the manager for a moment. Madam, the manager says can do it this time.",neutral
5961,13,Good. I'm a regular customer here. I am glad you can make an exception for me.,joy
5961,14,Please show me your receipt again.,neutral
5961,15,Here it is.,neutral
5961,16,"I will have to give you store credit, Madam. If you can find something else you like in the store, you can use the credit.",neutral
5961,17,Store credit is okay with me. I'm sure I will find something I like. I shop here a lot.,neutral
5961,18,"We appreciate your business, Madam.",joy
5963,0,Good morning!,neutral
5963,1,Can I speak to Miss Cooper please?,neutral
5963,2,"Would you hold on a second, please? Miss Cooper's extension is engaged.",neutral
5963,3,"Engaged.Oh, dear! Could you tell her it's a long-distance call?",surprise
5963,4,"I'm sorry, sir. I can't interrupt her. I'm sure she won't be very long.",neutral
5963,5,How long do you think she'll be?,neutral
5963,6,I really can't say how long she'll be.,neutral
5963,7,"Can I leave a message, please?",neutral
5963,8,"Yes, certainly.",neutral
5963,9,Can you tell her I'm waiting to speak to her?,neutral
5963,10,"Yes, sir. I'll ring her on an inside line if you like.",neutral
5963,11,Thank you very much.,neutral
6003,0,"So how far is the museum, dad?",neutral
6003,1,It is about 10 minutes walk.,neutral
6003,2,Finish your hot chocolate and we will go.,neutral
6003,3,Are we going to come back here for lunch?,neutral
6003,4,"No, we will have lunch at the museum cafeteria.",neutral
6003,5,I have finished. We can go now.,neutral
6003,6,Let's go then. On the way we have to turn right and right again at the next junction.,neutral
6003,7,"Let's stop at the newsagent, I would like to buy a newspaper. We can also buy postcards for your friends.",neutral
6003,8,Can you see a Post Office somewhere around here?,neutral
6003,9,"Yes it is down there, at the end of the road, next to the supermarket.",neutral
6003,10,Oh good we are almost there. The museum is round the corner from the Post Office.,neutral
6029,0,"Good evening, sir, and welcome to Chez Attitude.",neutral
6029,1,We have a dinner reservation for four at 7:00 under the name of Foster.,neutral
6029,2,"Yes, Mr. Foster, if you would please be seated over in the waiting area, our hostess will be with you in a moment.",neutral
6029,3,Thank you. Would it be OK if we have a cocktail while we are waiting?,neutral
6029,4,"Of course, I will tell her.",neutral
6029,5,I would really prefer an outside table. Would that be possible?,neutral
6029,6,"Sure, if you would like one of those tables, I could seat you right away.",neutral
6029,7,"Sure, that would be great! Thank you!",joy
6029,8,"Here are your menus and the wine menu, and would you like to order your drinks now?",neutral
6029,9,"Yes, I would like a vodka gimlet, please.",neutral
6029,10,"Sure, no problem, sir.",joy
6029,11,Thank you very much.,joy
6041,0,"Hello, I'm returning your phone call.",neutral
6041,1,I'm glad that you could get back to me so fast.,joy
6041,2,"No problem, but what were you calling about?",neutral
6041,3,I needed to talk to you about your son.,neutral
6041,4,Is he messing up in school?,neutral
6041,5,He was acting up in class one day last week.,neutral
6041,6,What was he doing?,surprise
6041,7,He wouldn't stop talking throughout the class.,neutral
6041,8,I don't know what's gotten into him.,neutral
6041,9,"If you could, would you please talk to him?",neutral
6041,10,"I will get right on that, and I am very sorry.",sadness
6041,11,I really appreciate your help.,joy
6044,0,Hi. I'm looking for some good deals on produce.,neutral
6044,1,You might want to try the mangoes.,neutral
6044,2,Can you describe a mango to me?,neutral
6044,3,It's a fruit a little smaller than a grapefruit. It has a big seed in it.,neutral
6044,4,Do I eat the seed?,neutral
6044,5,"Maybe some animals eat the seed, but humans don't. You'd have to soak it for 10 years.",neutral
6044,6,What's the price of these mangoes?,neutral
6044,7,Today you get a 50 - percent discount. They're only $ 1 each.,neutral
6044,8,Tell me what they taste like.,neutral
6044,9,Their flesh is soft and juicy. It has a citrus taste. It's sweet.,joy
6044,10,"Do I need to buy them ripe, or will they ripen at home?",neutral
6044,11,"Just press into it gently with your thumb. If it feels soft, it's ready to eat.",neutral
6044,12,Where do mangoes come from?,neutral
6044,13,"These are from Guatemala, but we're going to start getting mangoes from India.",neutral
6047,0,Are you still coming to my place for dinner tomorrow night?,neutral
6047,1,Of course. Is the dinner still on?,neutral
6047,2,"Yes, I was just wondering how you and your roommate were planning on coming to my place.",neutral
6047,3,We were planning on walking both ways since the weather is still nice.,neutral
6047,4,"That's what I thought you would do. Listen, I live in a bit of a rough neighborhood. It's just down the street from all the bars. You probably don't want to be walking around after dark.",neutral
6047,5,It can't be that bad.,neutral
6047,6,"I wish it wasn't, but there is actually a lot of crime and prostitution around here.",neutral
6047,7,"Really? I never would have guessed. The criminals must only come out in the evenings, because I've never noticed anything strange when I've been at your house in the daytime.",surprise
6047,8,"Do me a favor, and take a taxi. It'd make me feel a lot better.",neutral
6047,9,"Ok, we will. How do you get around in the evenings?",neutral
6047,10,"When I first moved in, I walked everywhere. But within a week, I had my purse stolen — just a block away from the police station! Now, I always take public transportation.",neutral
6047,11,Has anything else happened to you?,neutral
6047,12,"Nothing else has happened to me, but I have seen quite a few fights on the streets after the bars close.",neutral
6047,13,"Well, we'll be careful. Thanks for letting me know.",joy
6052,0,"Hello, Shogun Restaurant.",neutral
6052,1,"Hi, I would like to make a dinner reservation.",neutral
6052,2,"Of course, what evening will you be joining us on?",neutral
6052,3,We will need the reservation for Tuesday night.,neutral
6052,4,What time would you like the reservation for?,neutral
6052,5,We would prefer 7,neutral
6052,6,For how many people,neutral
6052,7,There will be 4 of us.,neutral
6052,8,"Fine, I can seat you at 7",neutral
6052,9,Thank you. The last name is Foster.,neutral
6052,10,See you at 7,joy
6052,11,Thank you so much. I appreciate your help.,joy
6064,0,Can you believe that Obama is our new President?,surprise
6064,1,I ’ m so happy about that.,neutral
6064,2,Did you vote for him?,neutral
6064,3,I sure did. How about you?,neutral
6064,4,I voted for him.,neutral
6064,5,I have complete confidence in our new President.,neutral
6064,6,Is that right?,neutral
6064,7,I know he will help change America.,neutral
6064,8,"I hope so, because America needs a change.",neutral
6064,9,"I feel like things are already changing, because he was elected.",neutral
6064,10,I agree with you completely.,neutral
6064,11,I ’ m not worried about our country now that it ’ s in his hands.,joy
6099,0,"Jack, you should have known in general the situation of our company now.",neutral
6099,1,"Yes, and I am very satisfied with it.",joy
6099,2,Do you have any other questions?,neutral
6099,3,Would you please tell me about fringe benefits of the company?,neutral
6099,4,"OK, we will pay insurances for employees after the probationary period.",neutral
6099,5,What do they include?,neutral
6099,6,"Include endowment insurance, medical insurance, unemployment insurance, work-related injury insurance and maternity insurance.",neutral
6099,7,That sounds great.,neutral
6099,8,Employees will also have housing payment reserve funds.,neutral
6099,9,"The fringe benefits in your company are excellent, and it's generous of you to offer five insurances and one fund",joy
6099,10,Do you have other questions?,neutral
6099,11,I want to know if the staff can get a vacation every year.,neutral
6099,12,"The permanent staff can have a paid month-long vacation every year. Besides, they also get chances of free traveling.",neutral
6099,13,That's quite good. Thank you for telling me about those.,joy
6103,0,I may go grocery shopping later.,neutral
6103,1,We need to get food?,neutral
6103,2,I don't think we have any food.,neutral
6103,3,What are you going to buy?,neutral
6103,4,What food are we out of?,neutral
6103,5,Go and look in the kitchen.,neutral
6103,6,Could you look for me?,neutral
6103,7,You should just get the basics.,neutral
6103,8,What would that be?,neutral
6103,9,"Get some eggs, milk, and bread.",neutral
6103,10,Would you please make a list for me?,neutral
6103,11,"Okay, I'll write it down for you.",neutral
6109,0,Do you need help with something?,neutral
6109,1,I need help finding a new refrigerator.,neutral
6109,2,Do you see anything that you like?,neutral
6109,3,That Kenmore looks nice.,joy
6109,4,That is a wonderful choice.,joy
6109,5,What makes is so great?,neutral
6109,6,"It's very inexpensive, and it has all the appliances.",neutral
6109,7,What appliances are you talking about?,neutral
6109,8,"The fridge and freezer is very spacious, and it also has an ice maker and water dispenser.",neutral
6109,9,May I take a look inside?,neutral
6109,10,Take a look inside.,neutral
6109,11,It's very nice. I'd like to purchase this refrigerator.,joy
6111,0,Are you going somewhere?,neutral
6111,1,I ’ m on my way to work.,neutral
6111,2,Where do you work?,neutral
6111,3,I work at the polling place.,neutral
6111,4,You didn ’ t tell me you were working there this year.,neutral
6111,5,I do this every year.,neutral
6111,6,How ’ d you get that job?,neutral
6111,7,I applied online.,neutral
6111,8,That ’ s interesting.,neutral
6111,9,I enjoy working there every year.,neutral
6111,10,How much do they pay?,neutral
6111,11,They pay just enough.,joy
6151,0,"Mary, I will have an interview tomorrow. I am so excited!",joy
6151,1,"Congratulations! By the way, have you had all the things ready for the interview?",joy
6151,2,I only typed several copies of my resume.,neutral
6151,3,That's not enough. You have many other things to prepare.,neutral
6151,4,What are they?,neutral
6151,5,"Besides the resume, you also need the original and copies of your graduation certificate and your ID card.",neutral
6151,6,I see,neutral
6151,7,Also several copies of your one-inch color photos.,neutral
6151,8,"Yes, I have those.",neutral
6151,9,You also need to prepare formal clothes for the interview ; a suit should be the best.,neutral
6151,10,I will get it soon.,neutral
6151,11,Have a briefcase ready with all your interview materials in it for easy carrying.,neutral
6151,12,"Ok, I will remember.",neutral
6151,13,All these should be enough. Good luck!,joy
6155,0,I am really interested in buying this television.,neutral
6155,1,That's great!,neutral
6155,2,How much are you selling it for?,neutral
6155,3,This TV is $ 2500.,neutral
6155,4,You can't be serious.,surprise
6155,5,That's how much this t. v costs.,neutral
6155,6,That's too expensive for me.,neutral
6155,7,This television is of very high quality.,neutral
6155,8,You can't go down on the price?,neutral
6155,9,By how much?,neutral
6155,10,I'll buy it for $ 2000.,neutral
6155,11,"I'm sorry, but the price is final.",sadness
6156,0,What are you doing?,neutral
6156,1,Look at me. I look so old! I look as if I were thirty.,sadness
6156,2,Come on! Stop being so vain. You look great! You are beautiful!,neutral
6156,3,"Yes, I am, but I think it ’ s time for some plastic surgery I ’ m tired of these wrinkles and sagging skin. See?",neutral
6156,4,"I don ’ t see any wrinkles or sagging skin! You are 25, stop being ridiculous. Besides, I think that people who get Boto, have facelifts, or tummy tucks look weird. It doesn ’ t look natural.",neutral
6156,5,"Whatever, I think I ’ m gonna get liposuction and a nose job and some breast implants as well.",neutral
6156,6,I think you need to get brain surgery. I honestly don ’ t think you need cosmetic surgery. You look amazing.,neutral
6156,7,I thought you were my friend and would support me on this! I just want to feel better about myself and feel more attractive.,neutral
6156,8,"You don ’ t need plastic surgery to do that. You are fine the way you are and you have guys drooling all over you! Plus, plastic surgery hurts!",neutral
6156,9,Really?,neutral
6156,10,Yeah! When I got my nose job I was black and blue for a week!,neutral
6160,0,I really need to go shopping.,neutral
6160,1,What do you need to buy?,neutral
6160,2,I need to look for a new bedroom set.,neutral
6160,3,Where are you going to go look for one?,neutral
6160,4,I have absolutely no idea.,neutral
6160,5,You don't know where you want to look for one?,neutral
6160,6,"No, I'm not sure where they sell nice bedroom sets.",neutral
6160,7,Do you want to know where I got mine from?,neutral
6160,8,"Yes, because I love yours.",neutral
6160,9,I purchased mine from IKEA.,neutral
6160,10,Is IKEA affordable?,neutral
6160,11,"Not at all, but you get what you pay for.",neutral
6162,0,So how's everything going for Christmas?,neutral
6162,1,"I've got all the presents I need, and my family is working together to get all the food ready. That's easy, but I have another problem to deal with.",neutral
6162,2,"What's that? Don't tell me you've still got Christmas cards to write, it usually takes my wife a month to write all of ours.",neutral
6162,3,"No, I did that a long time ago. It's about telling my son the truth about Santa Claus.",neutral
6162,4,"He still doesn't know that Santa isn't real? How old is he, eight?",surprise
6162,5,Yes. He's never said anything so I never told him. But now that he's getting older...,neutral
6162,6,You think it's better that he should be told?,neutral
6162,7,"Yes, he's too old to believe in that type of things. And I'd rather tell him before the kids at school do.",neutral
6162,8,That happened to my oldest girl. She became really upset when her classmates told her Santa wasn't real.,neutral
6162,9,"I can understand. I was lucky with my oldest, she figured it out by herself and didn't tell my son.",neutral
6162,10,"Well, when you tell him, be gentle. It's hard for kids to find out something like that.",neutral
6170,0,I have a taste for something sweet.,neutral
6170,1,What are you thinking?,neutral
6170,2,I want some kind of dessert.,neutral
6170,3,"Well, what kind of dessert do you want?",neutral
6170,4,I was thinking about ordering some kind of pie.,neutral
6170,5,Do you know what kind you want?,neutral
6170,6,I honestly don't know.,neutral
6170,7,Did you want to know my favorite kind of pie?,neutral
6170,8,What's your favorite kind?,neutral
6170,9,My absolutely favorite kind of pie is apple.,joy
6170,10,That sounds really good to me right now.,joy
6170,11,I'm happy to help.,joy
6171,0,"Hi, Cole. What can I do for you?",neutral
6171,1,"if you have a few minutes, I'd like to talk to you about my future at this company.",neutral
6171,2,"sure, have a seat.",neutral
6171,3,thanks.,neutral
6171,4,let me just grab your file. How long have you worked for us now?,neutral
6171,5,I've worked here as a sales representative for about a year now.,neutral
6171,6,one year already? It's amazing how time flies like that. Are you enjoying your job?,neutral
6171,7,"yes, but I'd like to have a chance at job advancement.",neutral
6171,8,I see. What job did you have in mind.,neutral
6171,9,"well, I've noticed that is a position available as a sales manager.",neutral
6171,10,do you understand what duties that job would entail?,neutral
6171,11,"yes. I would be directly responsible for all of the sales representatives in my department. I assume there'd be more meetings, paperwork, and other responsibilities, too.",neutral
6171,12,that's right. Do you have any experience in management?,neutral
6171,13,"yes. In fact if you look at my resume, you can see that I was a manager before I started this job.",neutral
6171,14,"well, I think you'd be the perfect candidate for the position. According to company policy, you'll still have to go through the formal application procedures though, so fill this application form in",joy
6171,15,ok. Thanks for your support.,joy
6189,0,"Sir, your hair is done. Anything else I can do for you?",neutral
6189,1,I'd like to have a shave.,neutral
6189,2,"All right, sir. Would you lie back so that I can shave you?",neutral
6189,3,Sure. But my beard is rough.,neutral
6189,4,"Don't worry, sir. I've never cut a customer. Shall I trim your moustache?",neutral
6189,5,"Yes, please.",neutral
6189,6,"Now, I've finished. How do you like it?",neutral
6189,7,Wonderful. How much is the cost altogether?,neutral
6189,8,20 dollars.,neutral
6189,9,"Here you are. Thank you, bye-bye!",joy
6189,10,Bye-bye. Welcome to come next time!,joy
6193,0,What would you like for dessert?,neutral
6193,1,What do you have?,neutral
6193,2,"I have apple pie, ice cream, chocolate cake and fruit cocktail.",neutral
6193,3,Can I have apple pie with ice cream?,neutral
6193,4,"Of course. I made the apple pie this morning, so it ’ s lovely and fresh.",joy
6193,5,I love your home-made apple pie.It ’ s delicious.Can I have another glass of lemonade as well?,joy
6193,6,"Sure.Can you get it yourself, it ’ s in the refrigerator.",neutral
6193,7,Ok.Would you like a drink too?,neutral
6193,8,"Yes, I ’ ll have an ice tea.You see it next to the lemonade.",neutral
6193,9,Are you having any dessert?,neutral
6193,10,"I ’ ll have apple pie too, but without ice cream. I have to watch my weight.",neutral
6208,0,"Welcome to China, Mr. White.",neutral
6208,1,"How do you do, Ms. Chi?",neutral
6208,2,"Welcome to this corporation, Mr. White. Won ’ t you please sit down?",neutral
6208,3,Thank you.,neutral
6208,4,Our representative in your country faxed a letter that you showed an interest in some of our products on display at the Oct. Exhibition there. Now we'd like to know if you have any specific requirements in mind.,neutral
6208,5,"Yes, we have. I ’ Ve brought with me a list of the quantity of your products we ’ d like to import for the second half of this year. Here is a copy of it.",neutral
6208,6,"Good. Well, Mr. White, most of the items listed are available this year. I hope we can come to an agreement and sign the contracts soon to enable timely delivery.",neutral
6208,7,"I hope so, too. Now I'd like some of your sales literature and a price list for all of your export articles.",neutral
6208,8,"Here are our catalog and price list. The catalog lists all the commodities we export, and the price list gives indicative prices for all our export articles.",neutral
6208,9,"Thank you, Ms Chi. What are your normal export terms?",neutral
6208,10,We normally export CFR.,neutral
6208,11,"What commission do you usually pay for your exports? As you know, we import on commission basis.",neutral
6208,12,That can be discussed.,neutral
6208,13,"All right. When can we meet again for more specific details, Ms Chi?",neutral
6208,14,What about tomorrow morning at 9? I'll come over to your hotel.,neutral
6208,15,"I'll be expecting you, then.",neutral
6209,0,"Wow, it has a balcony.",neutral
6209,1,Yeah. Complete with nice of you.,neutral
6209,2,How many windows are there in the apartment?,neutral
6209,3,"Mm, let me see. I think there are 2 in the bedroom, and 1 each in the living room and kitchen.",neutral
6209,4,It ’ s just what I want. I think I am ready to sign.,neutral
6209,5,I call the landlord right now.,neutral
6209,6,"Before you send the lease, do you have any questions?",neutral
6209,7,"Yes, does the renting include utilities?",neutral
6209,8,"It includes everything except cable TV, and telephone.",neutral
6209,9,How much is the cable?,neutral
6209,10,It usually comes out about $ 40 a month.,neutral
6209,11,"Also, are they allowing the apartment?",neutral
6209,12,"No, I am afraid the apartment isn ’ t permitted.",neutral
6209,13,I see. Do you love pets?,neutral
6209,14,"Sorry, that ’ s out of question. I don ’ t have a problem with it. But, unfortunately, the building doesn ’ t allow it. It ’ s a building regulation.",neutral
6210,0,"Good afternoon, sales department.May I help you?",neutral
6210,1,"Could I speak to Mr Wood, please?",neutral
6210,2,"I'll see a piece available, who should I say is calling, please?",neutral
6210,3,John eng,neutral
6210,4,"Hold the line, please.Mr Wood is in the meeting with managing director at the moment I afraid.Can I help you?",neutral
6210,5,"Well, I want to discuss with them the new control we said last week.",neutral
6210,6,"I don't think the meet will go on much longer, should I ask him to call you when he is free.",neutral
6210,7,"Yes, that will be easiest.",neutral
6210,8,"Could I have your name again, please?",neutral
6210,9,"Yes, It's John eng.",neutral
6210,10,And the number?,neutral
6210,11,01088256798,neutral
6210,12,"Ok, you will be hearing from Mr Wood later in the afternoon then, Mr John.",neutral
6210,13,thank you for help.good bye.,neutral
6210,14,"You are welcome, goodbye.",neutral
6221,0,Do you like the apartment so far?,neutral
6221,1,I see a problem.,neutral
6221,2,What ’ s the problem?,neutral
6221,3,I noticed that the faucet in the kitchen is leaking.,neutral
6221,4,That ’ s no big deal.,neutral
6221,5,It ’ s going to be a problem when my water bill comes.,neutral
6221,6,What do you want me to do about it?,neutral
6221,7,I would like you to fix the problem.,neutral
6221,8,I won ’ t be able to do that right now.,neutral
6221,9,"Well, I won ’ t be able to rent the apartment until the problem is fixed.",neutral
6221,10,"Fine, I ’ ll have it fixed for you.",neutral
6221,11,I ’ m happy that we ’ Ve come to an agreement.,joy
6232,0,Can I help you?,neutral
6232,1,"Yes, I need to buy a computer for this semester. I was told it is cheaper to buy computers here.",neutral
6232,2,"Well, you heard right.You can get an excellent deal on a new computer here.We have great discounts for students.",joy
6232,3,I don't know much about computers.But I know I want a desktop computer with a lot of memory. And I need a printer.,neutral
6232,4,"Well, first let's consider your computer.Here, for example, is a system I highly recommend--the Power Macintosh G3.It comes with 64 megabytes of total memory.",neutral
6232,5,Is that a lot? Sixty-four?,neutral
6232,6,"Yes, it is. It should be enough for any student needs you might have.What department are you in?",neutral
6232,7,History.,neutral
6232,8,"Well, so you will mostly be using word processing, for writing papers. I recommend the Corel Word Perfect program for word processing.We can talk about software later. Let's talk about your",neutral
6232,9,Thirty percent?,neutral
6232,10,Yes.,neutral
6232,11,Wow. That's really good.And you think this is really a good system for a graduate student?,joy
6232,12,Yes. It's an excellent system.,joy
6232,13,"Hmm. Hey, wait. This has an Apple on it. Is this an Apple computer?",neutral
6232,14,"Yes, it's a Macintosh. It's Apple. Macintosh and Apple are the same thing.",neutral
6232,15,I don't want Macintosh. I want PC.,neutral
6232,16,"I'm sorry, but our university computer center only sells Macintosh equipment.",sadness
6232,17,What? Are you serious?,surprise
6232,18,Yes.,neutral
6232,19,But nobody uses Macintosh!,surprise
6232,20,"That's not true.Most of the students and professors in the university here use Macintosh.They find it is better for writing and word-processing, and that is what students mostly do. Ma",neutral
6232,21,"Yes, I'm from Taiwan.",neutral
6232,22,"Well, I know that in most Asian countries Apple is not very popular.But here in America, especially in universities and publishing companies, Apple is very commonly used.",neutral
6232,23,But I need a computer that can handle writing in Chinese.,neutral
6232,24,There are several Chinese writing programs you can use with Macintosh.Chinese is no problem for Apple.,neutral
6232,25,Hmm. I think I should ask some of my friends for advice before I make a decision. I'm sorry.,sadness
6232,26,"No, don't be sorry. It's reasonable to ask your friends.But believe me, most of the students here in the university--Asian students included--most of them use Apple.",neutral
6232,27,"Well, thanks for your advice. I will probably come back later.",joy
6232,28,"You're very welcome. Here is my card, if you need any help.",joy
6241,0,"Good morning, everyone. We will get to destination in only one hour.",neutral
6241,1,"Oh, yes.",neutral
6241,2,I hope that you had good journey.,neutral
6241,3,Yes. Thank you.,neutral
6241,4,Make sure that your customs forms are with you.,neutral
6241,5,And?,neutral
6241,6,"Before disembarkation, please get ready.",neutral
6241,7,All right.,neutral
6241,8,"By the way, don't forget your luggage on the ship.",neutral
6241,9,Thank you for your reminding.,joy
6241,10,You will see the beautiful city.,neutral
6241,11,I can't wait to see it.,joy
6265,0,What case do you have against the police?,neutral
6265,1,I want to take them to court for arresting me.,anger
6265,2,I don ’ t understand.,neutral
6265,3,There was no reason for them to arrest me.,anger
6265,4,"They let you go, didn ’ t they?",neutral
6265,5,They released me the next morning.,anger
6265,6,They detained you at the station?,neutral
6265,7,That ’ s exactly what they did.,anger
6265,8,Why did they arrest you?,neutral
6265,9,They said I matched the description of a robber.,neutral
6265,10,I get it now.,neutral
6265,11,I ’ m definitely taking them to court.,anger
6274,0,How is your house hunting going?,neutral
6274,1,Not very well. I haven ’ t found anything within my price range yet.,neutral
6274,2,How much are you looking to spend?,neutral
6274,3,I can only afford about 300 pounds a month.,neutral
6274,4,Looks like you ’ re not going to get more than a bedroom in a shared flat with that.,neutral
6274,5,Really? That ’ s a lot of money to pay for one room.,surprise
6274,6,"Well, if you want to live in London, you have to pay the price!",neutral
6274,7,Do you know of anyone who needs a roommate?,neutral
6274,8,I can ask around at work. Do you have a preference for makers or non-smokers?,neutral
6274,9,"I ’ d prefer non-smoking roommates, but I guess I ’ ll have to take what I can get!",neutral
6274,10,How long do you want to sign a contract for?,neutral
6274,11,I can sign a contract up to a year. I don ’ t know where I ’ ll be after that.,neutral
6274,12,Do you need a furnished or unfurnished apartment?,neutral
6274,13,"I don ’ t have any furniture, so it ’ d be great if it were furnished.",neutral
6274,14,"You know that you ’ ll have to pay utilities on top of the rent, right?",neutral
6274,15,"No, I thought that would be included in the rent.",neutral
6274,16,"It ’ s not usually included, so you ’ ll have to factor in about 100 pounds more each month for utilities.",neutral
6274,17,I don't think I can afford that.,neutral
6274,18,Don ’ t worry. Sometimes people will give you a discount if you promise to do the cleaning or take care of the children.,neutral
6274,19,That ’ s a good idea. I ’ ll look into finding something like that.,joy
6296,0,I'm looking for a pan I can use in my kitchen.,neutral
6296,1,What size pan were you thinking of?,neutral
6296,2,I've already got a small pan. I need a big one.,neutral
6296,3,"Well, this one might work for you.",neutral
6296,4,"Oh, no, that's way too heavy a pan for me.",neutral
6296,5,"Here, lift this aluminum pan. It's the same size.",neutral
6296,6,"Yes, it's very lightweight. But I don't want this aluminum handle.",neutral
6296,7,Here's a similar aluminum pan. But it has a heat-resistant handle.,neutral
6296,8,"Oh, this feels very nice. It's perfect. I'll take it.",joy
6296,9,I knew we'd find the right pan sooner or later. How would you like to pay?,neutral
6296,10,"Cash. But first, I need a lid for this pan.",neutral
6296,11,"Oh, no problem. Here's the lid that comes with the pan.",neutral
6303,0,Did you see who the suspect was?,neutral
6303,1,I got a perfect look at the suspect.,neutral
6303,2,Would you be able to pick him out of a line-up?,neutral
6303,3,That'll be easy.,neutral
6303,4,Please take a careful look at these five men.,neutral
6303,5,Okay.,neutral
6303,6,Is the suspect in this line?,neutral
6303,7,I see him.,neutral
6303,8,Which number is he?,neutral
6303,9,The suspect is number four.,neutral
6303,10,Your cooperation is very much appreciated.,joy
6303,11,I'm happy to be of assistance.,joy
6305,0,"Mom, can we get cable TV or a satellite dish?",neutral
6305,1,"It costs money, dear. What ’ s wrong with the regular television stations?",neutral
6305,2,The shows are dull and they ’ re too many advertisements.,neutral
6305,3,"Well, you already watch too much TV instead of doing your homework, anyway.",neutral
6305,4,There ’ re educational stations too. I could learn while I watched TV.,neutral
6305,5,"Well, that ’ s true, but you ’ d probably only watch cartoons and action movies.",neutral
6305,6,No I wouldn ’ t... can ’ t we get cable? Everybody has cable.,neutral
6305,7,"Well, if everybody jumped off a bridge, would you jump too?",neutral
6305,8,Mom!!! Please. All my friends have had it for years.,anger
6305,9,Get new friends.,neutral
6305,10,Why are you always so mean?,neutral
6305,11,Because you ’ d end up spoiled rotten if I wasn ’ t.,neutral
6305,12,I could help pay for it.,neutral
6305,13,"Let ’ s see how your grades are this semester, and maybe I ’ ll talk to your father about it.",neutral
6305,14,"O. K. Thanks, Mom!",joy
6315,0,I can't decide whether to go to university or to get a job.,neutral
6315,1,"Well, if I were you, I'd go on studying.",neutral
6315,2,But I don't even know what to study.,neutral
6315,3,"If I had chance again, I'd major in English. You're good at language.",neutral
6315,4,That's what my parents want me to do.,neutral
6315,5,You should take their advice. They know what's best for you.,neutral
6315,6,"But my friends will have jobs and lots of fun, while I spend all my time doing reading and writing.",neutral
6315,7,"But if you go to university, you'll still have time for fun.",neutral
6315,8,"Hum, what you say make sense. But you know, I still have to ask my parents for pocket money, and I hate to do so at this age.",neutral
6315,9,"And if you try to find a part-time job, you'll have some money too.",neutral
6315,10,You're right. Thank you for the advice.,joy
6322,0,May I come in?,neutral
6322,1,"Come in, please.",neutral
6322,2,"I'm sorry to trouble you, but I'd like to ask when I will get a raise.",neutral
6322,3,In 3 months or so.,neutral
6322,4,You said the same thing three months ago.,neutral
6322,5,"Did I? Well, anyway, you will get your raise when the economy starts picking up.",surprise
6322,6,You mean that I won't get a raise until the recession ends?,neutral
6322,7,Yes.,neutral
6322,8,I got the message. I'm quiting.,anger
6322,9,"Nah, don't be so fast. We like your work here, but this company is on hard times.and I can't be handing out raises for anyone.",neutral
6322,10,"I've been here for 3 years, and I haven't had a raise in all that time.If you like my work, it should be reflected in my pay, and I feel it isn't.",anger
6322,11,"I hear what you're saying, and I wish there were something I could do.",neutral
6322,12,"Very well, consider me gone.",anger
6324,0,How are you doing?,neutral
6324,1,Everything ’ s fine with me.,neutral
6324,2,What can I do for you today?,neutral
6324,3,Is it possible for me to view the apartment today?,neutral
6324,4,"Unfortunately, you will not be able to view it today.",sadness
6324,5,Why can ’ t I view it today?,neutral
6324,6,You ’ ll need to make an appointment to view the apartment.,neutral
6324,7,I understand. May I make an appointment then?,neutral
6324,8,How does this Friday sound?,neutral
6324,9,Friday at 6 pm. would be perfect.,joy
6324,10,That will be fine.,joy
6324,11,Thanks for your help.,joy
6342,0,I'm really happy that you came to visit me.,neutral
6342,1,I really missed you a lot.,neutral
6342,2,I've been missing you like crazy.,neutral
6342,3,I don't understand why you haven't come to visit me.,neutral
6342,4,"Lately, I've been quite busy.",neutral
6342,5,Tell me what you've been up to.,neutral
6342,6,I've really been working a lot lately.,neutral
6342,7,I've been pretty busy myself.,neutral
6342,8,So what have you been up to?,neutral
6342,9,I've just been working a lot.,neutral
6342,10,"Whatever the reason may be, I'm glad you visited me.",joy
6342,11,I'm glad I did too.,joy
6343,0,How ’ s it going?,neutral
6343,1,"I ’ m fine, thank you.",joy
6343,2,Did you need help with something?,neutral
6343,3,"If I could, I would like to view the apartment sometime today.",neutral
6343,4,That won ’ t be possible today.,neutral
6343,5,Why is that?,neutral
6343,6,You can only view the apartment with an appointment.,neutral
6343,7,I would like to make one right now if I can.,neutral
6343,8,Are you available this Friday?,neutral
6343,9,Can we do it at 6 o ’ clock?,neutral
6343,10,Your appointment for Friday at 6 pm has been confirmed.,neutral
6343,11,All right. I ’ ll see you on Friday.,joy
6372,0,"What are you doing, karen?",neutral
6372,1,"I ’ m making a shopping-list, Tom.",neutral
6372,2,What do we need?,neutral
6372,3,"We need a lot of things this week. I must go to the grocer's. We haven't got much tea or coffee, and we haven't got any sugar or jam.",neutral
6372,4,What about vegetables?,neutral
6372,5,"I must go to the greengrocer's. We haven ; t got many tomatoes, but we've got a lot of potatoes. I must go to the butcher's, too. We need some meat. We haven't got any meat at all.",neutral
6372,6,Have we got any beer and wine?,neutral
6372,7,"No, we haven't. And I'm not going to get any!",neutral
6372,8,I hope that you've got some money.,neutral
6372,9,I haven't got much.,neutral
6372,10,"Well, I haven't got much either!",neutral
6380,0,How may I help you?,neutral
6380,1,I would like to return an item.,neutral
6380,2,What are you returning?,neutral
6380,3,I want to return this cellphone.,neutral
6380,4,Is there a problem?,neutral
6380,5,It's broken.,neutral
6380,6,What exactly is wrong with it?,neutral
6380,7,The phone turns off by itself.,neutral
6380,8,"That's fine, but do you have your receipt with you?",neutral
6380,9,"Yes, here it is.",neutral
6380,10,I'll refund your money right now.,neutral
6380,11,Thank you so much.,joy
6392,0,How can I help you?,neutral
6392,1,I'd like to buy some perfume for my girlfriend.,neutral
6392,2,Do you know what kind of scent she usually wears?,neutral
6392,3,She usually doesn't wear anything but a few drops of Chanel No. 5. But I'd like to buy her a new Fragrance.,neutral
6392,4,"OK, here are some of our most popular perfumes.",neutral
6392,5,Which one would you recommend?,neutral
6392,6,"Personally, I quite like the new perfume from Clinique. It's a subtle flowery scent. What do you think?",neutral
6392,7,"That smells great. I'll take one bottle, please.",joy
6392,8,Would you like to buy any other cosmetics for your girlfriend? We have a full range of products from cosmetics to skin cleansers and moisturizers.,neutral
6392,9,"It's OK. She normally just wears a little foundation and some loose powder, and I don't know what shade to buy.",neutral
6392,10,How about some lipstick? Every woman needs a nice tube of lipstick.,neutral
6392,11,She doesn't usually wear lipstick. She thinks it makes her nose look too big.,neutral
6392,12,How about some mascara? That will make her eyes look bigger.,neutral
6392,13,"No, thank you. She has big enough eyes as it is.",neutral
6392,14,I know what she would like-some whitening cream.,neutral
6392,15,"No thanks. Western women usually try to make their skin darker, not lighter.",neutral
6392,16,Will that be all then?,neutral
6392,17,"That will be all. You've been very helpful, thanks.",joy
6395,0,May I help you?,neutral
6395,1,"Yes, I would like to return these slacks.",neutral
6395,2,Alright. Do you have your receipt?,neutral
6395,3,Yes. Here it is. I bought them last week.,neutral
6395,4,And why are you returning them?,neutral
6395,5,I bought them to go with a blouse of mine. But they don't really match.,neutral
6395,6,"I see. Oh, wait. Ma'am, I'm sorry. These slacks were on sale.",sadness
6395,7,"Yes, they were thirty percent off.",neutral
6395,8,"I'm sorry, but we don't allow returns on sale items.",sadness
6395,9,I know many stores have that policy. But I have returned sale items here before.,neutral
6395,10,"I'm sorry, but we usually don't do it. It is our policy.",sadness
6395,11,I just bought these slacks a week ago. And I am a regular customer here.Can you make an exception this time?,neutral
6395,12,"Well. Let me talk to the manager for a moment.Ma'am, the manager says I can do it this time.",neutral
6395,13,Good. I'm a regular customer here. I am glad you can make an exception for me.,joy
6395,14,Please show me your receipt again.,neutral
6395,15,Here it is.,neutral
6395,16,"I will have to give you store credit, Ma'am. If you find something else you like in the store, you can use the credit.",neutral
6395,17,Store credit is okay with me. I'm sure I will find something I like. I shop here a lot.,joy
6395,18,"We appreciate your business, Ma'am.",joy
6409,0,Excuse me...,neutral
6409,1,"Yes, sir. How may I be of service?",neutral
6409,2,I would like to return this item... Are refunds allowed?,neutral
6409,3,"Certainly. The customer is always right, we are here to serve you. Is there a reason that you would like to return it? Did you have problems with our product or services?",neutral
6409,4,"No, no... It was just the wrong size.",neutral
6409,5,Would you be interested in an exchange as opposed to a refund? I think I can help you to find the appropriate size.,neutral
6409,6,No. I would rather just return it.,neutral
6409,7,"Sure, no problem. Do you happen to have the receipt?",neutral
6409,8,"Yeah, right here.",neutral
6409,9,"Ok, just a moment, please. Here you are, I need you to sign here, please. And here is your refund. Is there anything else I can help you with?",neutral
6409,10,"No, thank you.",joy
6409,11,You're welcome. Have a nice day!,joy
6412,0,"Out of every movie that you've seen, which one is your favorite?",neutral
6412,1,I'm going to have to say that Superbad is the best movie ever.,neutral
6412,2,"You think so, how come?",neutral
6412,3,"Well, Superbad is super funny.",neutral
6412,4,"You're not lying, I found that movie absolutely hilarious.",neutral
6412,5,I didn't know that you saw Superbad before.,neutral
6412,6,I made sure to be in line to see it the first day it came out.,neutral
6412,7,I couldn't keep from laughing throughout the whole movie.,neutral
6412,8,I was laughing hysterically the whole time ; my stomach muscles hurt afterwards.,neutral
6412,9,That's exactly how I felt.,neutral
6412,10,"I got the movie when it came out on DVD, do you want to come over?",joy
6412,11,I would love to.,joy
6414,0,"Welcome to our restaurant, Chez Attitude!",neutral
6414,1,Our reservation is under the name of Foster at 7:00 for four people.,neutral
6414,2,"Yes, Mr. Foster, our hostess will be with you in just a moment.",neutral
6414,3,We would like to begin with a cocktail while we are waiting. Would you tell the hostess to please come and let us know when our table is ready?,neutral
6414,4,I will let her know where you are.,neutral
6414,5,"The patio tables look really nice. Could we be seated there, please?",neutral
6414,6,I could seat you right away at an outside table if you would like.,neutral
6414,7,Thanks! We'll sit out there then. We will just order our drinks out there.,neutral
6414,8,"Well, can I start you off with some cocktails while you are looking over the menu?",neutral
6414,9,"Yes, why don't you bring us a bottle of the house Chablis with four glasses to start with?",neutral
6414,10,I'll get on that right away!,neutral
6414,11,We appreciate your help.,joy
6433,0,Would you like to ask any questions?,neutral
6433,1,I need to know about the fees.,neutral
6433,2,What kind of fees?,neutral
6433,3,I ’ m asking about overdraft fees.,neutral
6433,4,You have to pay a small fee every time you overdraft.,neutral
6433,5,What ’ s the fee?,neutral
6433,6,The fee is $ 25 every time you overdraft.,neutral
6433,7,How is that a small fee?,neutral
6433,8,That fee should keep you from overdrafting.,neutral
6433,9,I ’ ll say.,neutral
6433,10,Do you have any more questions?,neutral
6433,11,I don ’ t need to know anything else. Thank you.,neutral
6452,0,Could I meet with you to discuss the project?,neutral
6452,1,Good idea. We could meet on Monday or Tuesday. Which day would you prefer?,neutral
6452,2,Tuesday would be good for me.,neutral
6452,3,OK. Do you think we should meet in the morning or in the afternoon?,neutral
6452,4,I think the afternoon would be best.,neutral
6452,5,That will work out. I will e-mail the exact time tomorrow. I need you to bring your plans with you.,neutral
6452,6,"Yes, I will bring my plans with me to the meeting.",neutral
6452,7,Should we invite the whole committee or should we just have the sub-committee there?,neutral
6452,8,I feel that the whole committee needs to be there.,neutral
6452,9,"Yes, I agree. We'll make sure that they get notified. Can you find the meeting place?",neutral
6452,10,"Yes, I know how to get there on my own.",neutral
6452,11,Great! We will send you all the details later. Looking forward to meeting with you!,joy
6470,0,What are you calling about today?,neutral
6470,1,I scheduled a delivery for tomorrow.,neutral
6470,2,Is there a problem?,neutral
6470,3,I would like to reschedule.,neutral
6470,4,That shouldn't be a problem.,neutral
6470,5,Can I have it delivered the day after tomorrow?,neutral
6470,6,"So, you want it delivered the day after tomorrow?",neutral
6470,7,"Yes, will that be possible?",neutral
6470,8,What time would you like us to deliver it?,neutral
6470,9,Is 2:30 Okay?,neutral
6470,10,Your delivery has been confirmed.,neutral
6470,11,"Thank you, and I'm sorry for the change of plans.",joy
6487,0,How can I get my driver's license?,neutral
6487,1,Have you taken your driving test yet?,neutral
6487,2,I have yet to take my driving test.,neutral
6487,3,"Okay, first I'm going to need you to fill out the paperwork.",neutral
6487,4,When can I take my test?,neutral
6487,5,You'll have to make an appointment for that.,neutral
6487,6,I would like to make one right now.,neutral
6487,7,How does Friday sound?,neutral
6487,8,That would be great.,neutral
6487,9,What time would you like to take the test?,neutral
6487,10,"If I could do it in the morning, then that would be good.",neutral
6487,11,Eleven o'clock on Friday morning. See you then.,joy
6491,0,"Mom, Happy mother's Day! Here's my card.",joy
6491,1,What a surprise! Thanks.It's beautiful.,joy
6491,2,"Thank you for your love and care over the years, I appreciate it, mom.",joy
6491,3,This is the best card I ever received.,joy
6491,4,"Mom, what can I do for you today?",neutral
6491,5,"Nothing, son. I'm already very happy.",joy
6491,6,How about dinner tonight? My treat.,joy
6491,7,Actually. I prefer we eat at home.We'll have more time to catch up that way.,joy
6491,8,"I'm sorry I haven't dropped in that much these past few years.Business kept me too busy, I apologize.",neutral
6491,9,"Oh, don't mention it. I'm proud of you!",joy
6491,10,"Thank you, mom. I love you so much!",joy
6500,0,We are through.,anger
6500,1,Why?,surprise
6500,2,"Why? Isn't it obvious? First you impose way too much on me, and I'm tired away. Second, you stood me up on the Valentine's Day.",anger
6500,3,"I'm very sorry for that, but I sent you several messages to explain, my mom was seriously ill, and I had to look afer her.",sadness
6500,4,"But I ended up with finding out lady that night, that you were with other girl at cafe near your home.",anger
6500,5,That girl was my cousin.,sadness
6500,6,You've got so many cousins. I called you later that night. But you didn't have the guts to answer the phone.,anger
6500,7,I didn't take my cellphone with me at that time.,sadness
6500,8,I don't buy a story.,anger
6500,9,"I know you don't hear me right know, please calm down. Anyway, I don't wanna part. I'll drop by tomorrow.",sadness
6500,10,"No, don't, I don't want to see you anymore. Don't ever call me again.",anger
6503,0,"Is your turn, Sir. I ‘ m sorry that you have to wait. Saturday is busy day for us.",sadness
6503,1,"I suppose so. Hair cut, please.",neutral
6503,2,How so you want to your hair cut? Any particular way?,neutral
6503,3,I ’ d just like to trim. Don ’ t cut too short.,neutral
6503,4,"Yes, sir. How about the sideburns?",neutral
6503,5,I think they need a little trimming.,neutral
6503,6,Can I use the clippers?,neutral
6503,7,"No, don ’ t use them, please.",neutral
6503,8,"All right, Sir.",neutral
6503,9,"Would you trim off a bit there, about the ear.",neutral
6503,10,Don ’ t you think it needs about a little taken off and talk to.,neutral
6503,11,"oh, yes. That would be better.",neutral
6503,12,About like this?,neutral
6503,13,"No, not that much. And yes, that ’ fine.",neutral
6503,14,"Shave also, Sir.",neutral
6503,15,Yes.,neutral
6503,16,How do you want to your mustache trimmed?,neutral
6520,0,How are things with you?,neutral
6520,1,I ’ m fine. Thank you.,neutral
6520,2,How may I help you?,neutral
6520,3,I need to make a deposit.,neutral
6520,4,Will you be depositing cash or a check?,neutral
6520,5,I will be depositing cash.,neutral
6520,6,How much would you like to deposit?,neutral
6520,7,It ’ s going to be $ 300.,neutral
6520,8,What account would you like to deposit that into?,neutral
6520,9,"Could you deposit that into my checking account, please?",neutral
6520,10,Can I do anything else for you today?,neutral
6520,11,That ’ ll be all. Thank you very much.,neutral
6530,0,I think I may try to eat a little better.,neutral
6530,1,"I changed my diet recently, and I eat a lot healthier now.",neutral
6530,2,What do you eat?,neutral
6530,3,"My diet consists mainly of fruits, veggies, and chicken.",neutral
6530,4,That's it?,neutral
6530,5,Just about.,neutral
6530,6,How is that the only thing that you'll eat?,neutral
6530,7,You know that fruits and vegetables are very healthy foods?,neutral
6530,8,"So, what about the chicken?",neutral
6530,9,I bake chicken because it's a healthy way to eat it.,neutral
6530,10,That sounds delicious and nutritious.,joy
6530,11,You should try it. You won't be disappointed.,neutral
6539,0,How may I help you?,neutral
6539,1,I would like you to be my lawyer.,neutral
6539,2,What can I do for you?,neutral
6539,3,I ’ m going on trial.,neutral
6539,4,What is your trial about?,neutral
6539,5,It ’ s a felony charge.,neutral
6539,6,I ’ d be glad to help.,neutral
6539,7,How much do you charge?,neutral
6539,8,My rate is $ 150 an hour.,neutral
6539,9,That ’ s highway robbery.,neutral
6539,10,I don ’ t know what to tell you.,neutral
6539,11,Okay. You ’ re hired.,neutral
6559,0,What can I do for you today?,neutral
6559,1,I have an issue.,neutral
6559,2,What is your problem?,neutral
6559,3,There were charges on my debit card that I never made.,neutral
6559,4,Do you have a statement for your debit card?,neutral
6559,5,I do.,neutral
6559,6,Which charges are you talking about?,neutral
6559,7,It ’ s the last four charges.,neutral
6559,8,We ’ re going to have to do an investigation.,neutral
6559,9,Is that going to take long?,neutral
6559,10,"I ’ m not sure, but in the meantime we will freeze these charges.",neutral
6559,11,That ’ s wonderful. Thank you.,joy
6560,0,"Hello, Mr. Brown. How are you today?",neutral
6560,1,"I ’ m very well, thank you.",neutral
6560,2,that ’ s good to hear. Shall we get started? I see from your application form that you ’ Ve worked as a maintenance man for over 7 years.,neutral
6560,3,"yes, that ’ s true.",neutral
6560,4,what kind of work did you do?,neutral
6560,5,"I fixed many kinds of machine tools such as milling machines, grinders, welders, etc. I also repaired other things such as vacuums, toilets, locks, etc. I also did some electrical work. I took some courses about electrical systems.",neutral
6560,6,That ’ s good. What kind of electrical work did you do?,neutral
6560,7,I took care of commercial and residential coolers and heaters. I fixed many kinds of power failure problems. Some co-workers and I even rewired part of a building.,neutral
6560,8,"well, your work experience sounds good for the job we have open. Now tell me about the best job you ’ Ve ever had, please.",neutral
6560,9,the best job? What do you mean?,neutral
6560,10,like the job you feel the most proud of.,neutral
6560,11,I think my favorite job so far was when I worked for Linaria. It was hard work but the people on my job crew were great to work with. We really worked as a team. I enjoy working with those people.,neutral
6560,12,"Tell me something about a time when you did something well, something you feel proud of.",neutral
6560,13,I fixed a big problem with a machine and saved a lot of money for the factory. I got bonus for it.,neutral
6560,14,that ’ s great. No wonder you feel proud of that. Now let me ask you another question.,neutral
6560,15,"Go ahead, please.",neutral
6560,16,"in all the jobs you ’ Ve had, what was it you disliked the most?",neutral
6560,17,"wow, this question is hard to answer. I don ’ t think I ’ Ve ever had a job that I really disliked. But I dislike work that is monotonous, always the same from day to day. I like to move around and do different things.",neutral
6560,18,all right. Do you have any questions?,neutral
6560,19,no. I can ’ t think of any right now.,neutral
6560,20,you ’ ll hear from us by the end of this week.,neutral
6560,21,thank you very much. I ’ m looking forward to hearing from you about this job.,joy
6611,0,There is something wrong with my credit card.,neutral
6611,1,What's the problem?,neutral
6611,2,There is a charge on here that I never made.,neutral
6611,3,What charge was made?,neutral
6611,4,It was a charge for a $ 350 purse that I never bought.,neutral
6611,5,You didn't make this purchase?,neutral
6611,6,I think I would remember if I made a purchase that large.,neutral
6611,7,Sorry. When was this purse purchased?,neutral
6611,8,It was purchased on the 12th of November at 3,neutral
6611,9,We'll do an investigation and get to the bottom of this.,neutral
6611,10,"In the meantime, do I have to pay for this charge?",neutral
6611,11,No. We'll take care of everything.,neutral
6612,0,how's your job search going?,neutral
6612,1,I don't know. I only started looking for a job a few days ago.,neutral
6612,2,I see. Have you found anything that you're interested in?,neutral
6612,3,I've only found a few openings in my field.,neutral
6612,4,what kind of job are you looking for?,neutral
6612,5,I'm trying to find a job in sound engineering.,neutral
6612,6,"there's not a very high demand for that kind of job, is there?",neutral
6612,7,"unfortunately not. If I can't find anything in the field, then I could also work in the tourism field.",neutral
6612,8,"that's a good idea. You have plenty of experience in the tourism industry, don't you?",neutral
6612,9,yes.,neutral
6612,10,"by the way, I saw a job in the paper this morning that you might be interested in.",neutral
6612,11,really? what is it?,surprise
6612,12,it's a job at a recruitment agency.,neutral
6612,13,that's interesting. Do you think they'd hire me?,neutral
6612,14,"well, you have plenty of experience job hunting. I think you'd be the perfect person for the job!",neutral
6612,15,that's true. I might as well call them up and see if I can get an interview. Do you have the details?,neutral
6612,16,"sure, it's the ad circled with a red pen in the middle of the classifieds. Good luck!",joy
6615,0,"So, are we all ready to go?",neutral
6615,1,"Yup, I think so. The car ’ s packed.we have munchies and music, and the map ’ s in the car.",neutral
6615,2,Did you get the camera?,neutral
6615,3,Got it! Did you fill up the tank?,neutral
6615,4,"Yup, it ’ s all set.",neutral
6615,5,You ’ re sure we ’ re not forgetting anything?,neutral
6615,6,I ’ m sure... we ’ Ve got all our bases covered.,neutral
6615,7,Well.let ’ s get going then! I love road trips!,neutral
6615,8,Um... do you think we can make a pit stop?,neutral
6615,9,But we ’ Ve only been on the road for ten minutes.,neutral
6615,10,"I know, but I forgot to go to the bathroom before we left.",neutral
6616,0,"Mary, my friend recommend me for a job to work in a company, and I feel it's great.",neutral
6616,1,Really? Are you familiar with that company?,neutral
6616,2,He has introduced the company details to me.,neutral
6616,3,What does the company mainly do?,neutral
6616,4,The company deals in selling electronics.,neutral
6616,5,When was the company founded?,neutral
6616,6,"It was founded in 2002, has been in business for 10 years.",neutral
6616,7,How many employees are there in total in the company?,neutral
6616,8,More than 2000 now.,neutral
6616,9,What education background do the employees usually have?,neutral
6616,10,The company deals in selling electronics.,neutral
6616,11,When was the company founded?,neutral
6616,12,"It was founded in 2002, has been in business for 10 years.",neutral
6616,13,How many employees are there in total in the company?,neutral
6616,14,More than 2000 now.,neutral
6616,15,What education background do the employees usually have?,neutral
6616,16,More than half of the employees have bachelors'degree.,neutral
6616,17,Are there many promotion chances in the company?,neutral
6616,18,Three times every year.,neutral
6616,19,That's great. You can go take a look.,joy
6634,0,"Good morning, sir. May I help you?",neutral
6634,1,Good morning. I need a new identification card.,neutral
6634,2,Why?,neutral
6634,3,My ID card is lost.,neutral
6634,4,"OK, did you bring your household register or residence booklet?",neutral
6634,5,I only have my household register.,neutral
6634,6,"It doesn't matter, they are the same thing.",neutral
6634,7,"Here you are, sir. What do I do next?",neutral
6634,8,"OK, I will register you in our database system. What's your name, please?",neutral
6634,9,Benjamin.,neutral
6634,10,Please get a mug shot in the next room.,neutral
6634,11,I've brought with me some of old ones.,neutral
6634,12,But we need them taken with digital cameras.,neutral
6634,13,"OK, what's next then?",neutral
6634,14,That's all. Come here a week later and get your ID card.,neutral
6643,0,Good afternoon! Where to?,neutral
6643,1,Tian'anmen Square.,neutral
6643,2,You are going to Tian'anmen Square. No problem.,neutral
6643,3,How long will it take? We are in a great hurry.,neutral
6643,4,"Around 20 minutes, but it all depends on the traffic.",neutral
6643,5,Hope there is no traffic jam.,neutral
6643,6,"By this time, it's better. The rush hour is over.",neutral
6643,7,Could you drop us off on that corner?,neutral
6643,8,Sure thing. Here we are.,neutral
6643,9,How much do we owe you?,neutral
6643,10,Eight yuan twenty cents.,neutral
6643,11,"Here is ten yuan. Keep the change, please.",neutral
6643,12,Thank you. Have a nice day.,joy
6643,13,Thanks and you too.,joy
6676,0,Shouldn't you already be in bed?,neutral
6676,1,I can't sleep. I'm really not all that tired.,neutral
6676,2,"You need to get some rest, as you have to get up early in the morning.",neutral
6676,3,It's impossible for me to get to sleep right now.,neutral
6676,4,"Just close your eyes, and try not to think.",neutral
6676,5,That really does not work for me.,neutral
6676,6,"It doesn't matter, you need to get some sleep.",neutral
6676,7,"How about I tire myself out, and then fall asleep when I'm tired?",neutral
6676,8,Then you're not going to go to sleep.,neutral
6676,9,"Don't worry, I'll make sure and get to sleep in a little while.",neutral
6676,10,"I want you in bed, right now, so sweet dreams.",joy
6676,11,Fine. Sleep well yourself.,joy
6684,0,Where are you employed?,neutral
6684,1,I have been employed as a secretary at a trading company.,neutral
6684,2,What do you think of your present job?,neutral
6684,3,I find it interesting.,neutral
6684,4,How do you get to office?,neutral
6684,5,I go to the office by bus every day.,neutral
6684,6,What does your work consist of exactly?,neutral
6684,7,My main responsibility is trouble-shooting between top management and the general employees.,neutral
6684,8,Would you mind working overtime at night?,neutral
6684,9,"No, often my boss requires overtime work.",neutral
6684,10,How much money are you making a month?,neutral
6684,11,"5,000 yuan a month.",neutral
6684,12,Why do you plan to change your job?,neutral
6684,13,"I would like to have a job that is more lively than my present one. Besides, I would like to practise my English in my work. As my present employer deals with China trade towards China only, there isn ’ t much chance to speak English.",neutral
6718,0,Can you help me pick out a gift for my niece?,neutral
6718,1,Most normal little girls go wild over Barbie dolls.,neutral
6718,2,That sounds good. Let me see one.,joy
6718,3,Here's the latest model — Digital Barbie.,neutral
6718,4,"Oh, she's nice. How much is she?",neutral
6718,5,"Why, she's only $ 29.95.",neutral
6718,6,"Well, that's reasonable. I'll take it.",joy
6718,7,Excellent. Would you like anything else?,joy
6718,8,"No, thank you.",neutral
6718,9,The total will be $ 32.42. Will that be cash?,neutral
6718,10,"Oh, cash will be fine.",neutral
6718,11,Here's your change. Thank you for shopping with us.,joy
6720,0,"Good morning, madam. Can I help you?",neutral
6720,1,I want to buy some cleansing milk. What would you recommend?,neutral
6720,2,Your complexion is on the oily side. I suggest you use cleansing gel.,neutral
6720,3,Anything that can keep my skin clean will do.,neutral
6720,4,How do you prefer this one? It cleans thoroughly without striping your natural protective oil. The gentle formula keeps skin soft and healthy.,neutral
6720,5,"Hm... the smell is too strong, I can't stand it. I'm very sensitive to fragrance.",neutral
6720,6,"We've also got a fragrance-free one, specially designed for sensitive skin. I'm sure you'll like it.",neutral
6720,7,I'll try that. Do you have facial cream to go with that?,neutral
6720,8,"Yes, sure. This line of products is fragrance-free. We have a facial mask, moisturizing lotion, eye cream and tonic.",neutral
6720,9,"I'll buy the moisturizing lotion and cleansing gel first. If they suit me, I'll come back for the others later.",neutral
6720,10,"Thank you very much, madam. Here are some samples of our products. Do try them out.",joy
6722,0,"Excuse me, could you please take a picture for us?",neutral
6722,1,Sure. Where would you like to stand?,neutral
6722,2,"Over here with the waterfall in the background, please.",neutral
6722,3,OK.,neutral
6722,4,Then just press the black button all the way down.,neutral
6722,5,Are you ready? Here we go. Say Cheese!,neutral
6722,6,It could be the battery. Let me Check it.,neutral
6722,7,Is it the battery?,neutral
6722,8,"Yes, the battery is dead.",neutral
6722,9,Do you have an extra battery?,neutral
6722,10,"No, I've only got one. OK, thank you all the same.",neutral
6722,11,"If you don't mind, you can use my camera and leave your address with me so I can send you the photos later.",neutral
6722,12,That's so kind of you. Thank you very much!,joy
6722,13,You're welcome. Now smile...,joy
6731,0,"Hello sir, how may I help you?",neutral
6731,1,"I would like to buy some flowers, please. Something really nice.",neutral
6731,2,"I see, may I ask what the occasion is?",neutral
6731,3,"It ’ s not really an occasion, it ’ s more like I ’ m sorry.",sadness
6731,4,Very well.This arrangement here is very popular among regretful husbands and boyfriends. It has a dozen long stem red roses with a couple of sunflowers and a single orchid that stands out. It includes a small teddy bear to achieve the effect of immediate forgiveness.,neutral
6731,5,I think I ’ m gonna need more than just a dozen red roses and a bear. What else do you recommend?,neutral
6731,6,"Mmm, well this is our “ I ’ m sorry I cheated on you ” package. Two dozen red roses lined with tulips, carnations and lilies. The fragrance and beauty of this flower arrangement is sure to make her forgive you.",neutral
6731,7,I don ’ t think that ’ s gonna cut it. I need something bigger and better!,neutral
6731,8,"I ’ m sorry sir but, what exactly did you do?",neutral
6731,9,"Well, I may have accidentally insinuated that she is getting chubbier.",neutral
6731,10,"Get out of my store, you jerk!",anger
6733,0,"Excuse me, I ’ d like to buy a guitar.Could you recommend one?",neutral
6733,1,Sure.Do you want an acoustic one or an electric one?,neutral
6733,2,An acoustic one.,neutral
6733,3,Are you looking to get a steel-string or a classical?,neutral
6733,4,What ’ s the difference?,neutral
6733,5,"Well, a classical guitar has nylon strings and its neck is bigger than a steel-string guitar ’ s.It ’ s best suited for finger picking. A steel-string is best for playing chords.",neutral
6733,6,I ’ m mainly interested in learning to play rhythm guitar.,neutral
6733,7,"In that case, I ’ d suggest a steel-string guitar.The best one we have is the Ovation.",neutral
6733,8,"This one ’ s a little too expensive for me. I ’ d prefer something cheaper for now.When I ’ Ve learned to play, I might get a better one.",neutral
6733,9,"In that case, how about this one? It ’ s inexpensive but it ’ s still well made and easy to play.",neutral
6733,10,"Hmm.All right, I ’ ll take it, and this book on how to play the guitar as well.",neutral
6733,11,You should also get a couple of guitar picks.,neutral
6733,12,"Oh, right.Thanks for your help.",joy
6733,13,Don ’ t mention it.,joy
6736,0,Are we here yet?,neutral
6736,1,Not quite yet.,neutral
6736,2,How far away is it?,neutral
6736,3,It's still very far away.,neutral
6736,4,How many miles to go?,neutral
6736,5,We're getting close.,neutral
6736,6,Will we be there soon?,neutral
6736,7,Here we are.,neutral
6736,8,Where's the hotel?,neutral
6736,9,It is in front of you.,neutral
6736,10,I see that. That was a nice ride.,joy
6736,11,I'm glad to hear it.,joy
6755,0,"Hello, Sir. Are you still there?",neutral
6755,1,"Yes, I'm here. What details do you need from me?",neutral
6755,2,Did you check with reception at your hotel?,neutral
6755,3,"Yes, I did. But nobody has handed it in as yet.",neutral
6755,4,"OK, that's fine, Sir. We just need to ask you some questions for security purposes.",neutral
6755,5,"Please, go right ahead.",neutral
6755,6,"Could I have your name, please? And do you know your card number?",neutral
6755,7,"I'm Mike Kowalski and my card number is 5211678 44, but there are some other numbers at the beginning. I'm not sure what they are.",neutral
6755,8,"That should be fine, Mr Kowalski. And your PIN number?",neutral
6755,9,"It's 671029, my birthday. Silly to choose such a simple one, I suppose!",neutral
6755,10,That's completely natural. Most of our customers do the same thing. Could you just hold for a moment please? Thank you.,neutral
6757,0,What a nice day!,joy
6757,1,Yes. How about going out and enjoying the sunshine on the grass?,joy
6757,2,"Great, let's go!",neutral
6757,3,"Hey, darling, I think I might have a little heatstroke from being in the sun all day. I was so relaxed. It felt as if I were in another world.",joy
6757,4,"Exactly. You know, the sunshine and wind remind me of our honeymoon. You remember? The island, the sound of the waves, the salty sea air and the sunshine...",joy
6757,5,"Yes, it was wonderful but it's already been a year. How time flies!",neutral
6757,6,"Why not go again to celebrate our one-year anniversary? We can go to the same beach, stay in the same hotel and enjoy a dinner in the same restaurant.",joy
6757,7,Are you kidding? Can you afford it? Do you think we can get a room on such short voice?,neutral
6757,8,"Never mind that, I'll take care of it. Are you available next week?",neutral
6757,9,"Yeah, I think so.",neutral
6757,10,Ok. I'll make the arrangements. It will be great.,joy
6757,11,Wonderful! I'll start packing our suitcases.,joy
6793,0,what do we need to get from the supermarket?,neutral
6793,1,"we need lots of things. I ’ ll make a list. We need a bag of sugar, a loaf of bread and a crate of beer.",neutral
6793,2,a crate of beer? Why do we need that?,neutral
6793,3,just joking. I would like to get a few bottles of beer though. We also need a liter of cooking oil.,neutral
6793,4,we can buy a three-liter bottle. It works out cheaper per liter. We should buy a packet of butter and a few pints of milk too.,neutral
6793,5,I ’ d like to get a jar of strawberry jam and a bottle of tomato ketchup. Do we need any meat?,neutral
6793,6,I think we should get half a kilo of minced beef and a few pork chops.,neutral
6793,7,"ok. Let ’ s not forget fruit and vegetables. We need a bunch of bananas, a kilo of tomatoes and a bag of potatoes.",neutral
6793,8,we should also get a tube of toothpaste and a bar of soap. Let ’ s get a tub of ice cream too. We can treat ourselves.,neutral
6793,9,ok. We should get a few tins of tuna. Anything else?,neutral
6793,10,I ’ d like a few cans of coke. We also need a dozen eggs and half a dozen sausages.,neutral
6793,11,let ’ s get a chunk of cheese too. Is that everything.,neutral
6793,12,"I think so. I ’ Ve got the shopping list, so let ’ s go.",joy
6803,0,Could I ask some questions regarding to the social benefits?,neutral
6803,1,"Go ahead, please.",neutral
6803,2,How long is my paid vacation every year?,neutral
6803,3,You'll have 10 days paid vacation every year.,neutral
6803,4,What about the insurance and housing policies?,neutral
6803,5,"We will provide you with life insurance, health insurance, accident insurance, housing benefits, heating allowance and transportation allowance.",neutral
6803,6,How often is the bonus?,neutral
6803,7,You ’ ll be paid a bonus at the end of every year.,neutral
6803,8,Do I have training opportunities?,neutral
6803,9,We provide our employees with training opportunities at home and abroad.,neutral
6803,10,"Well, I don ’ t have any other questions so far. I would like to think for a couple of days before I give you my final answer.",neutral
6803,11,Sure. I will ask Lucy to call you in two days.,neutral
6803,12,"Ok, thank you for your time and patience.",joy
6803,13,You ’ re welcome.,joy
6825,0,This is the route I thought we could take on our hike on Saturday afternoon.,neutral
6825,1,How long is it altogether?,neutral
6825,2,It ’ s about six or seven miles. That ’ s about ten kilometers.,neutral
6825,3,"That sounds OK. So, we start here at the car park and walk along the path to the waterfall.",neutral
6825,4,Right. Then we turn left and walk up this small hill. The view from the top of the hill is worth the climb. We can eat a snack there.,neutral
6825,5,Then we will follow this path down the hill to the old church.,neutral
6825,6,"We can spend a few minutes looking around the church. Then, we turn right and walk along this path.",neutral
6825,7,This path leads to the cave. Can we look inside the cave?,neutral
6825,8,"Yes, we can, but it isn ’ t very interesting.",neutral
6825,9,Then we turn south and come back to the car park along this path.,neutral
6825,10,That ’ s right.,neutral
6825,11,How long do you think it will take us to complete the walk?,neutral
6825,12,"I think it will take about four hours, including breaks.",neutral
6825,13,"That ’ s fine. Are there signposts along the way, in case we get lost?",neutral
6825,14,"Yes, there are. They tell use which way to go and how far we have to walk.",neutral
6827,0,What does it cost to ride this bus?,neutral
6827,1,The fare is $ 1.25.,neutral
6827,2,Have you been driving buses a long time?,neutral
6827,3,I haven't been driving for long — only for a few months.,neutral
6827,4,Do you like to drive the bus?,neutral
6827,5,Not in the least bit.,neutral
6827,6,I would have never dreamed of ever becoming a bus driver.,neutral
6827,7,I never dreamed of doing this either. The only thing I like about it is the money.,neutral
6827,8,It was really fun chatting with you.,joy
6827,9,It was really nice talking to you too.,joy
6827,10,Have a good one.,joy
6827,11,I'll have a good day once this day is over.,joy
6846,0,"Liz, do you have a minute?",neutral
6846,1,"Yes, of course. What is it?",neutral
6846,2,I need you to help me set up for my presentation Thursday morning.,neutral
6846,3,"Okay, what should I do?",neutral
6846,4,"Well, it isn't at this office. It's over at the Dayton Street office.Have you been there before?",neutral
6846,5,"Yes, of course. I have to go there every Tuesday.",neutral
6846,6,Good. So you will have no trouble finding it.,neutral
6846,7,What's the presentation about?,neutral
6846,8,"I will talk about developing sales through our website.All the branch heads will be there, and most of the staff.",neutral
6846,9,Will you need anything special for the presentation?,neutral
6846,10,"Well, I need the display monitor.But Tom can set that up for me on Wednesday. I will need you to help with everything else.",neutral
6846,11,I suppose you need the whiteboard set up.,neutral
6866,0,"Good morning, Madam. This is room service, may I help you?",neutral
6866,1,Good morning. I'd like to reserve some rooms for a tourist party.,neutral
6866,2,All right. What kind of room would you like?,neutral
6866,3,"You see, we are tourists whose requests are different, so please tell me more about it, will you?",neutral
6866,4,"It's my pleasure. We have single rooms, double rooms, suites and luxury suites, ect. Well, here is an introduction to our hotel.",neutral
6866,5,"That's great. I'd like to book four single rooms, five double rooms and three suites.",neutral
6866,6,"All right, madam. For which dates do you want to book the rooms?",neutral
6866,7,From tomorrow till January 8th. That's five days in all.,neutral
6866,8,I see. Now please fill out the form.,neutral
6866,9,Here you are. Is everything OK?,neutral
6866,10,"Just a minute, madam. You should pay a deposit of 500 yuan beforehand.",neutral
6866,11,OK. Here you are.,neutral
6866,12,Thank you. Please keep this receipt.,neutral
6866,13,"Thank you. By the way, is there any preferential rate for the party?",neutral
6866,14,"Yes, there is a 15 percent discount.",neutral
6866,15,That's wonderful. Thank you.,joy
6866,16,You're welcome. I hope all of you will have a good time here.,joy
6867,0,"Good afternoon, sir, is there anything I can help you with today?",neutral
6867,1,umm... yeah! I ’ m looking for a nice gift to give my girlfriend. Our fifth anniversary ’ s next Friday.,neutral
6867,2,"Well, I would be happy to assist you in choosing the perfect gift for her. Is there anything particular that you have in mind?",joy
6867,3,"No, not really... I ’ m completely at a loss.",neutral
6867,4,"Well, you can give her a set of pearl earrings, or this beautiful heart-shaped pendant. What is her favorite gemstone?",neutral
6867,5,That purple one. I ’ m sorry... I ’ Ve never bought jewellery for anyone and I ’ m kind of nervous.,neutral
6867,6,"Don ’ t worry, we specialize in providing our customers a relaxed, pressure-free shopping environment. That stone is an amethyst. We have a range of beautiful amethyst pieces. Take a look at this bracelet. It ’ s 18K rose-gold, studded with amethyst and blue topaz. It ’ s a great statement piece.",neutral
6867,7,"Oh... wow. That ’ s really pretty.Jess would love that. But... I was thinking of something a little more delicate, perhaps a necklace?",neutral
6867,8,"We have this beautiful platinum pendant, or you could also get her a locket. You could also get her a timepiece — it ’ s both glamorous yet functional.If you tell me a little more about your girlfriend, maybe I can help you find something for her.",neutral
6867,9,"Jess? Well, she ’ s very smart, and has a great sense of humor. She ’ s very feminine...",neutral
6867,10,Perhaps you could give her a ring?,neutral
6867,11,Well... actually... I was thinking about asking Jess to marry me... I ’ Ve just been so nervous.,neutral
6867,12,"Well sir, I believe your fifth anniversary is a great time to propose!",joy
6867,13,"Okay, I ’ Ve decided. I ’ m going to pop the question!",joy
6867,14,Fabulous! We should look at engagement rings then! Now that ’ s a whole other section.,joy
6872,0,What are you working on?,neutral
6872,1,I'm figuring out my budget.,neutral
6872,2,What budget?,neutral
6872,3,"I'm making a shopping budget, so that I don't spend too much money.",neutral
6872,4,How much money can you spend?,neutral
6872,5,I can only spend $ 300 a month.,neutral
6872,6,Why only $ 300?,neutral
6872,7,I need to save the rest.,neutral
6872,8,For what?,neutral
6872,9,I need to pay my bills.,neutral
6872,10,Your budget is a good idea.,joy
6872,11,"I know. It's going to save me a lot of money, I hope.",joy
6894,0,"IBA, Maria speaking. How can I help?",neutral
6894,1,"Hello, I called earlier regarding interest rates on loans. Sorry, I just have a couple more questions.",neutral
6894,2,I'm here to help. Tell me your questions and I'll do my best to answer them.,neutral
6894,3,What if I require a loan for a short period of time?,neutral
6894,4,What repayment period were you thinking of?,neutral
6894,5,"Say, 6 months? Or less in fact. I want to repay the loan ASAP ; I don't like debt hanging over my head.",neutral
6894,6,"A wise decision. If you decide to take out a short-term loan with us, say for 6 months or less, the interest rate shall be for that of a 6 - month loan.",neutral
6894,7,What if I repay it early. Any perks?,neutral
6894,8,"Well, we could adjust the interest rate based on the original rate and the amount of days you actually borrowed the money for.",neutral
6894,9,"So, the quicker I pay it back, the more I can save in interest? That's excellent. Thanks so much for your information. I'll come in shortly to take the relevant steps for the loan.",joy
6894,10,It's our pleasure. We are always happy to have another satisfied customer. Thanks for calling. Goodbye.,joy
6895,0,Can I reserve a hotel room?,neutral
6895,1,"I assure you, that's not a problem. What is your full name, please?",neutral
6895,2,My name's John Sandals.,neutral
6895,3,"It's a pleasure to assist you. Please tell me when you'll be needing the room, sir.",neutral
6895,4,"If my plans don't change, I'll need a room April 14 till April 17.",neutral
6895,5,"Sir, our room prices are slightly higher than you may have thought. Will that be okay?",neutral
6895,6,"Tell me how much it will be, and I can tell you if it's okay.",neutral
6895,7,"Only $ 308 per night, before taxes, of course.",neutral
6895,8,$ 308 a night? That's a fair price.,neutral
6895,9,"Now, as for the room, sir, do you prefer smoking or nonsmoking?",neutral
6895,10,"Nonsmoking, please.",neutral
6895,11,"Nonsmoking. Now, sir, does a single queen-size bed meet your approval?",neutral
6895,12,I have absolutely no problem with that.,neutral
6895,13,"Queen, nonsmoking. Okay, sir, your room is reserved. Now if you'll just give me your phone number.",neutral
6895,14,Not a problem. The number is 626-555-1739.,neutral
6895,15,Thank you for making a reservation with us. We look forward to seeing you in April!,joy
6900,0,Do you want to practice your driving right now?,neutral
6900,1,No problem. We can do it right now.,joy
6900,2,Are you buckled up?,neutral
6900,3,All right. Now what do I do?,neutral
6900,4,Start the car.,neutral
6900,5,Which way do you want me to go?,neutral
6900,6,Take a left.,neutral
6900,7,How far do you want me to go?,neutral
6900,8,I'll tell you when to stop.,neutral
6900,9,Just make sure to tell me beforehand.,neutral
6900,10,"We're back now, so why don't you try parking?",neutral
6900,11,"Well, that was fun. Let's do it again soon.",joy
6903,0,Hi there! I am looking for a new car. I have this old Ford Pinto that I would like to trade in.,neutral
6903,1,I see. You are in luck this month because all of our models are on sale! it is a perfect time to buy a new car since it ’ s the end of the year.,joy
6903,2,Perfect! I like this one.,joy
6903,3,"That is the Ford Focus. A very light but powerful vehicle. It comes with dual side airbags, power steering and power windows, tinted windows and your choice of either automatic or manual transmission.",neutral
6903,4,Sounds like a good car! How many miles to the gallon?,joy
6903,5,It is a very fuel efficient vehicle giving you about 34 miles in the city and 40 on the highway.,neutral
6903,6,That is really convenient. Especially now that fuel prices are so high! What ’ s under the hood?,joy
6903,7,"A very powerful 2.5- liter turbocharged engine, Trust me, this car is fast!",joy
6903,8,Now for the most difficult question. What is the price tag for this lovely vehicle?,neutral
6903,9,Very affordable sir. You can take it out of this lot today with 0 % down payment and no interest for the first year! You can test drive it now and we can sign the papers when we get back.,neutral
6903,10,Great! Let ’ s do it!,joy
6935,0,Do you want some dessert?,neutral
6935,1,No thanks. We just need our check. Have you seen the waitress?,neutral
6935,2,"Oh, here comes our waitress with our check.",neutral
6935,3,"The service here has been really great, don't you think?",neutral
6935,4,"Yes, the service was quite good.",neutral
6935,5,"So, let's look at the check. The total is $ 36.00.",neutral
6935,6,How much do you think we should leave for a tip?,neutral
6935,7,"Usually people leave 15 %, but this was exceptional service. I am thinking that maybe 20 % would be appropriate.",neutral
6935,8,I agree that 20 % would be just about right.,neutral
6935,9,"OK, so that will bring her tip to $ 7.20. Add it to the $ 36.00 and the total is $ 43.20.",neutral
6935,10,"Yes, what a nice dinner that was!",neutral
6935,11,We'll have to make sure to come back here again real soon.,neutral
6951,0,Can I help you?,neutral
6951,1,"Yes, I need to buy a computer for this semester. I was told it is cheaper to buy computers here.",neutral
6951,2,"Well, you heard right. You can get an excellent deal on a new computer here. We have great discounts for students.",neutral
6951,3,I don't know much about computers. But I know I want a desktop computer with a lot of memory. And I need a printer.,neutral
6951,4,"Well, first let's consider your computer. Here, for example, is a system I highly recommend-the Power Macintosh G3. it comes with 64 megabytes of total memory.",neutral
6951,5,Is that a lot? Sixty-four?,neutral
6951,6,"Yes, it is. It should be enough for any student needs you might have. What department are you in?",neutral
6951,7,History.,neutral
6951,8,"Well, so you will mostly be using word processing, for writing papers. I recommend the Corel Word Perfect program for word processing. We can talk about software later. Let's talk about your hardware first. We have a special deal on right now. I should tell you about it, as it only goes until next Tuesday. If you buy one of these fifteen-inch color monitors with a Power Macintosh G3, you can actually get 30 percent off the usual sale price.",neutral
6951,9,Thirty percent?,neutral
6951,10,Yes.,neutral
6951,11,Wow. That's really good. And you think this is really a good system for a graduate student?,neutral
6951,12,Yes. It's an excellent system.,neutral
6951,13,"Hmm. Hey, wait. This has an Apple on it. Is this an Apple computer?",neutral
6951,14,"Yes, it's a Macintosh. It's Apple. Mcintosh and Apple are the same thing.",neutral
6951,15,I don't want Macintosh. I want PC.,neutral
6951,16,"I'm sorry, but our university computer center only sells Macintosh equipment.",sadness
6951,17,What? Are you serious?,surprise
6951,18,Yes.,neutral
6951,19,But nobody uses Macintosh!,anger
6951,20,"That's not true. Most of the students and professors in the university here use Macintosh. They find it is better for writing and word-processing, and that is what students mostly do. May I ask where you're from?",neutral
6951,21,"Yes, I'm from Taiwan.",neutral
6951,22,"Well, I know that in most Asian countries Apple is not very popular. But here in America, especially in universities and publishing companies, Apple is very commonly used.",neutral
6951,23,But I need a computer that can handle writing in Chinese.,neutral
6951,24,There are several Chinese writing programs you can use with Macintosh. Chinese is no problem for Apple.,neutral
6951,25,Hmm. I think I should ask some of my friends for advice before I make a decision. I'm sorry.,sadness
6951,26,"No, don't be sorry. It's reasonable to ask your friends. But believe me, most of the students here in the university-Asian students included-most of them use Apple.",neutral
6951,27,"Well, thanks for your advice. I will probably come back later.",joy
6951,28,"You're very welcome. Here is my card, if you need any help.",joy
6973,0,"Good morning, Madam! Can I help you?",neutral
6973,1,"Well, I'd like to buy a watch.",neutral
6973,2,"Oh, look at these two watches, aren't they lovely?",neutral
6973,3,Yeah. But I think I'd prefer...,neutral
6973,4,How about this one? It's graceful in style.,neutral
6973,5,"Mm, yes, but I think I like that one better. It's made of gold, isn't it?",neutral
6973,6,Sure.,neutral
6973,7,How much is it?,neutral
6973,8,"500 dollars, Madam.",neutral
6973,9,I wonder if it keeps good time.,neutral
6973,10,"Surely. As this is the latest model, and you can also set the alarm.",neutral
6973,11,How do I set it?,neutral
6973,12,Just do like this.Very simple.,neutral
6973,13,All right. this suits my taste best. I'II take It.,joy
6991,0,"Are you ready to order now, sir?",neutral
6991,1,"Yes, please.",neutral
6991,2,"What would you like to have for your appetizer, sir?",neutral
6991,3,"I would like vegetable soup, please",neutral
6991,4,And what would you like to have for the main course,neutral
6991,5,Shrimp salad. And what kind of pie do you have?,neutral
6991,6,"Apple, banana and strawberry pie.",neutral
6991,7,"Then a piece of apple pie, please.",neutral
6991,8,And what would you like for dessert?,neutral
6991,9,"Icecream, please.",neutral
6991,10,What flavor would you like?,neutral
6991,11,orange,neutral
6991,12,Thank you. I'll bring your order right away.,joy
6996,0,"Hello, sir. Can I help you?",neutral
6996,1,Yes. I ’ m looking for a winter jacket.,neutral
6996,2,What size are you looking for?,neutral
6996,3,A medium is fine for me.,neutral
6996,4,How about this one?,neutral
6996,5,I don ’ t like the color.,neutral
6996,6,What color do you like?,neutral
6996,7,Blue.,neutral
6996,8,How about that one?,neutral
6996,9,Yes. It ’ s nice. Can I try it on?,neutral
6996,10,Sure. There is a changing room behind you.,joy
6996,11,Thank you. I ’ ll be right back.,joy
7002,0,Can you help me with my timesheet?,neutral
7002,1,Sure! I can help you. Do you know where the timesheets are kept?,neutral
7002,2,"No, I don't know where to find one.",neutral
7002,3,"Well, once you get one off the shelf over there, you first put your name on it. OK?",neutral
7002,4,"Yes, I can do that.",neutral
7002,5,Now you have to fill in the hours in the blanks and total the hours for the week. Do you know how to use military time?,neutral
7002,6,"No, I don't know what that is.",neutral
7002,7,"OK, so we just start counting hours at midnight and record it. Show all minutes as a dot and then write how many minutes. OK?",neutral
7002,8,"Yes, I understand how to do this.",neutral
7002,9,"After you total your hours, make sure you sign it and turn it in to your supervisor.",neutral
7002,10,That was easy!,joy
7002,11,Good luck and let me know if you need any help later on.,joy
7010,0,"Are you being served, Sir?",neutral
7010,1,"No, not yet. I just want to hair cut.",neutral
7010,2,"Would you sit here, please? How would you like it cut?",neutral
7010,3,I want it short.,neutral
7010,4,"What, your short already, sir.",surprise
7010,5,I mean very short. shorter than it ’ s now.,neutral
7010,6,Should I just trim it?,neutral
7010,7,"No. you can cut quite a bit off, I like it to be very short all over. You see what I mean.",neutral
7010,8,"Oh, I see. You like Chinese style, don ’ t you?",neutral
7010,9,Yes. And Chinese style.,neutral
7010,10,"Would you like to have some shampoo, sir?",neutral
7010,11,"No, thank you.",joy
7010,12,How about oil or spray?,neutral
7010,13,"No, Nothing will be kind.",neutral
7010,14,"There, how ’ s that?",neutral
7010,15,That ’ s very good.,joy
7014,0,I think we should do the floors before we work on the curtains and walls.,neutral
7014,1,"Why? it doesn't make sense. If we do the floors first, and then paint the walls, we will get paint all over our new floor.",surprise
7014,2,"Hmm Maybe you're right. But I can't stand all this green carpet here. And besides, I know how to paint. I will just cover everything with drop cloth. I won't get anything on the floor.",neutral
7014,3,Are you sure?,neutral
7014,4,"Yes, I'm sure I've done a lot of house painting in my life. And my mother was very picky. If I got even a tiny drop of paint on her furniture, she would get furious. So I learned to be very careful.",neutral
7014,5,Alright. Then maybe we can do the floor first. These wood floors under this carpet are beautiful. And me too — — I can't wait to get all this old carpet out of here. But how can we get it out? Do we have to hire someone?,neutral
7014,6,Absolutely not. We can remove the carpet ourselves. Carpet is held down with carpet nails. You just need to pull it hard and it will come up.,neutral
7014,7,"Great. Then, after we remove the carpet, we need to redo all the wood floors. Right?",joy
7014,8,Yes. But we should hire someone for that. That will probably be expensive. And it has to be done right.,neutral
7014,9,"And then, after the floors are done, we can start to move our furniture in.",neutral
7014,10,"Sure. If we can get an appointment with someone to do the floors, we should probably be able to have the furniture in here after a week or so. I can get all the carpet out this weekend.",joy
7035,0,Hi. Can I help you with anything?,neutral
7035,1,Yeah. Can I look at this ring?,neutral
7035,2,Sure. Let me get it out for you. What is your size?,neutral
7035,3,I believe I am a six.,neutral
7035,4,Here you go.,neutral
7035,5,Would you have any necklace that would go well with this?,neutral
7035,6,"Actually, we have a few to choose from. They are over here.",neutral
7035,7,There's no price tag on this necklace.,neutral
7035,8,Oh. I'm sorry. I'll check the price for you. It is $ 199.,neutral
7035,9,This necklace is a little short. Do you have one that is longer?,neutral
7035,10,Yes. Why don't you try this one on.,neutral
7035,11,This one is much better. Can I try on the ring with this necklace?,neutral
7035,12,Sure. Here you go.,joy
7035,13,Let me think about it.,neutral
7035,14,Sure. Take your time.,joy
7035,15,Thank you for all the help.,joy
7035,16,No problem at all.,joy
7038,0,"Hey daddy! You look great today. I like your tie! By the way, I was wondering can I &",joy
7038,1,NO!,neutral
7038,2,I haven't even told you what it is yet!,neutral
7038,3,"Okay, okay, what do you want?",neutral
7038,4,Do you think I could borrow the car? I ’ m going to concert tonight.,neutral
7038,5,Um.. I don ’ t think so. I need the car tonight to pick up your mother.,neutral
7038,6,"Egg! I told you about it last week! Smelly Toes is playing, and Eric asked if I would go with him!",anger
7038,7,Who's this Eric guy?,neutral
7038,8,"Duh! He's like the hottest and most popular guy at school! Come on, dad! Please!",neutral
7038,9,No can do... sorry.,neutral
7038,10,Fine then! Would you mind giving me 100 bucks?,neutral
7038,11,No way!,neutral
7038,12,That ’ s so unfair!,anger
7044,0,"Listen, Karen, I need your help. I don't know anyone here yet.",neutral
7044,1,I'm glad to help you. What's wrong?,joy
7044,2,My mother-in-law just went into the hospital in L.A.Hank and I will be flying there tonight.,sadness
7044,3,I'm sorry to hear it. What's wrong with her?,sadness
7044,4,"Doctors aren't sure yet.But the real problem is Suzy. She has a bad cold, and we don't want to take her with us. But we don't know who can stay with her.",neutral
7044,5,You need a babysitter.,neutral
7044,6,"Yes, I'd ask Jill, the girl I've had before, but I need someone overnight.Maybe even for two nights.",neutral
7044,7,I could have Suzy stay at my place.,neutral
7044,8,"I don't want to do that to you, Karen.",neutral
7044,9,Why not?,neutral
7044,10,Your own kids would get Suzy's cold. I think it would be better to have a good babysitter here. But I don't know who to ask. I need someone more mature than Jill. It might even be for two or three days.,neutral
7044,11,"I know who we can ask. There is a girl I know, Sara Ralston.She is 17, and she will usually take this kind of job. I know her from my church, and I trust her completely.",neutral
7044,12,"I'd like to talk with her.This is short notice, I know. But Hank and I are leaving tonight.",neutral
7044,13,I'll get you her number. I hope she can do it. She is very responsible.,neutral
7044,14,I'm glad you know someone. I knew you would be the best person to ask about this. I don't want to insult Jill or her mother. I think Jill maybe could do it.But I'd rather have someone a little older.,joy
7044,15,I'll go home and get Sara's number. I'll call her first myself.,neutral
7044,16,Great. Then call me and let me know if she's free.,joy
7049,0,"Excuse me, doc. I am not feeling well. Can you help me?",neutral
7049,1,"Yes, but not here. Have you got registered yet?",neutral
7049,2,"No, I haven't. Where do I go for that?",neutral
7049,3,The registration office. Did you bring your records with you?,neutral
7049,4,Yes.,neutral
7049,5,Is anybody here with you? Parents or siblings?,neutral
7049,6,"No, I'm here all by myself.",neutral
7049,7,"You are a brave kid. Go ahead to the registration office first, then to the doctors.",neutral
7049,8,But I don't know where the registration office is.,neutral
7049,9,It's in the hall on the first floor.,neutral
7049,10,Do I have to come back here after getting registered?,neutral
7049,11,"No, kid. This is the gynecology department.",neutral
7049,12,Gynecology?,neutral
7049,13,"Yeah, It's only for girls.",neutral
7050,0,I really appreciate your driving me around.,joy
7050,1,"It's no problem. I have time today, and I think it's important that you find a good place.",joy
7050,2,It would be hard for just me to do it. I don't know the city at all.,neutral
7050,3,So what do you see in there?,neutral
7050,4,This one sounds good.Efficiency with view of the lake.Utilities and parking included. Newly remodeled kitchen. $ 470.,neutral
7050,5,Can you afford that much?,neutral
7050,6,"No, I guess not. But that's what I want, isn't it? An efficiency.",neutral
7050,7,"Yes, an efficiency is a small apartment.Usually one large room and a small bathroom.There is often a small kitchen too. So it's good for one person.",neutral
7050,8,How about this one? Downtown efficiency. Furnished... What does furnished mean?,neutral
7050,9,That means the apartment has furniture in it.,neutral
7050,10,That's good.,joy
7050,11,"Sometimes it's good, sometimes it's bad. You have to like the furniture.",neutral
7050,12,Furnished. Parking included. $ 400.,neutral
7050,13,It's still pretty expensive.,neutral
7050,14,"Yes, but it's downtown. I would like to take look at this one.",neutral
7050,15,Alright. What's the phone number?,neutral
7050,16,256-7797.,neutral
7050,17,Got it. What else do you see?,neutral
7050,18,This one. Two male grad students seeking roommate.Must be quiet. Comfortable downtown apartment.Does this mean I have to share a room with them?,neutral
7050,19,"No. It probably means they have a large apartment.Probably a living room, kitchen and three bedrooms.They need someone for the empty bedroom.",neutral
7050,20,That sounds alright.,joy
7050,21,"Yes, it might be an advantage for you. You are a foreigner, after all.If they're alright roommates, you could learn a lot from them.",neutral
7050,22,"Here's the number, 256-4367.",neutral
7050,23,Got it.Let's call these two and see if we can make appointments to see the apartments.,neutral
7050,24,Sounds good to me. I really appreciate your help on this.,joy
7050,25,"Don't mention it, Larry. What are friends for anyway?",joy
7058,0,"so, have you seen all three The Lord of the Rings movies?",neutral
7058,1,"yes, but I didn't really like the third one at all.",neutral
7058,2,"that's the Return of the King, right?",neutral
7058,3,"yeah. Even though the customs were brilliant, I didn't think it was as good as the first two. What did you think?",neutral
7058,4,"I thought the special effects were amazing, but I got a bit confused. The plot was too complicated for me.",neutral
7058,5,did you read the books before you watched the movies?,neutral
7058,6,no. did you?,neutral
7058,7,"yes, I've read them many times. I think it's much easier to follow for people who were already familiar with all the characters.",neutral
7058,8,"yes, trying to keep track of all the characters was quite confusing for me.",neutral
7058,9,I also think that it was much better in the theatre than at home.,neutral
7058,10,most movies are. Another problem for me was the film was dubbed in German with English subtitles.,neutral
7058,11,that happens a lot in non-English speaking countries.,neutral
7058,12,I heard that The Return of the King was nominated for 11 Oscars.,neutral
7058,13,"actually, they not only had 11 nominations, but they won 11 Oscars, too!",surprise
7059,0,How may I help you?,neutral
7059,1,A double cheeseburger sounds good.,neutral
7059,2,Everything on it?,neutral
7059,3,"Yes, please.",neutral
7059,4,Would you like fries with that?,neutral
7059,5,I would love large curly fries.,neutral
7059,6,Would you like anything to drink?,neutral
7059,7,"Yes, let me have a medium Pepsi.",neutral
7059,8,Will that be all?,neutral
7059,9,"Yeah, that's it. Thank you.",neutral
7059,10,Your total comes to $ 5.48.,neutral
7059,11,Here you go. Thank you very much.,joy
7062,0,Hi! What are you watching?,neutral
7062,1,It ’ s a programme about islam. It ’ s very interesting.,neutral
7062,2,Wow! So many people! Where are they and what are they doing?,surprise
7062,3,They are muslims on a pilgrimage to mecca. Muslims call this pilgrimage haj.,neutral
7062,4,Why do they go there?,neutral
7062,5,Muslims believe that every man who is able should go on a haj at least once in his life. Mecca is the spiritual centre of the muslim faith.,neutral
7062,6,"When muslims pray, they face towards mecca.",neutral
7062,7,"That ’ s right. Unfortunately, so many people go on the haj each year that there are often stamped and people get killed.",neutral
7062,8,"I heard about that. The pilgrims must walk around a large, sacred black stone.",neutral
7062,9,"That ’ s right. That ’ s when accidents often happen. The Saudi government tries to limit the number of pilgrims, to reduce the chances of accidents.",neutral
7062,10,Pilgrimages are common in many faiths.,neutral
7062,11,"Yes. In England, Christian pilgrims might go to Canterbury and many Christians go to the Vatican on pilgrimages.",neutral
7062,12,Isn ’ t there a place in france where people go to get healed?,neutral
7062,13,I think that place is Lourdes. There are many stories of people being healed after visiting there.,neutral
7062,14,Do you think that there is something magical about that place?,neutral
7062,15,Personally. I think that people believe they will be healed and that faith causes a change in their mind that cures them. I don ’ t think place is magical in any way.,neutral
7069,0,"Welcome to our Colonial Tramcar Restaurant, ma'am. Where would you like to sit?",neutral
7069,1,I'd like to sit in the rear.,neutral
7069,2,"All right. Come with me, please. Here is your seat, ma'am. Would you like to order now?",neutral
7069,3,Yes,neutral
7069,4,What would you like for a drink?,neutral
7069,5,"Wine, please.",neutral
7069,6,What kind?,neutral
7069,7,Something real Australian.,neutral
7069,8,Would Chablis be all right?,neutral
7069,9,Yes. That would be fine.,neutral
7069,10,What would you have for a la cane?,neutral
7069,11,I'll have Chicken and Ginger Burger with Chilli Dressing.,neutral
7071,0,What kind of jobs have you had?,neutral
7071,1,I have been a Production Manager.,neutral
7071,2,How many years have you worked as a Production Manager?,neutral
7071,3,3 years.,neutral
7071,4,Would you like to tell me something about your outstanding achievements?,neutral
7071,5,"I had introduced an advanced product line, which increased the output and lessened the cost.",neutral
7071,6,Wonderful. Then how many employers have you worked for?,neutral
7071,7,"Frankly speaking, three. If your company employs me, it will be my fourth.",neutral
7071,8,Then have you received any award at your present company?,neutral
7071,9,Yes. I was awarded the title of Advanced Worker last year.,neutral
7071,10,How would you evaluate the company you are with?,neutral
7071,11,"Although I could not say that everything is perfect there, I still very much appreciate what the company has given me, especial many chances.",neutral
7071,12,How would your colleagues evaluate you?,neutral
7071,13,They would say I am a responsible friend and a capable colleague.,neutral
7071,14,Can you get recommendations from your present employers?,neutral
7071,15,"Yes, I have brought them with me. Here they are.",neutral
7071,16,Do you have any questions?,neutral
7071,17,I think that you have covered all the important points already.But if I have any questions later I will contact you.,neutral
7082,0,Excuse me. I ’ m a stranger here and lost my way.,neutral
7082,1,Can I help you?,neutral
7082,2,Sure. Can I get to the central department stall this way?,neutral
7082,3,"uh... Yes. Turn right, then take the second turning on your left.",neutral
7082,4,Is it far?,neutral
7082,5,It ’ s about fifteen minutes ’ walk. That ’ s all.,neutral
7082,6,And do you know where the national bank is?,neutral
7082,7,Yes. It ’ s on this street. Keep walking for two blocks and it ’ s on the corner on the right.,neutral
7082,8,Thanks very much.,joy
7082,9,You are welcome. Good luck.,joy
7082,10,Thank you. I won ’ t miss it.,joy
7087,0,Good evening. Welcome to Mansion Hotel.,neutral
7087,1,I have a reservation. My name is Rodgers.,neutral
7087,2,"Last name, Rodgers?",neutral
7087,3,Yes.,neutral
7087,4,"Very well. Welcome, Mr. Rodgers. Would you please fill out the registration card? How are you doing today?",neutral
7087,5,"0h, good. I have a long day and it's good to get here.",neutral
7087,6,"Mr. Rodgers, how would you handle your account?",neutral
7087,7,"My credit card, please.",neutral
7087,8,"I will check to see if there any messages for you? Well, here is one message for you.",neutral
7087,9,"Thank you. I have an 8 o'clock appointment tomorrow morning, I would like a wake-up call.",neutral
7087,10,"Certainly, I can take care of that for you. What time would you like the wake-up call?",neutral
7087,11,7 a. m.,neutral
7087,12,"Mr. Rodgers, this is George. He will take care of your luggage and show you to your room. If there is anything I can do for you, please let me know.",neutral
7087,13,"OK, I'll do that.",joy
7087,14,Have a pleasant stay.,joy
7090,0,Is there anything I can do for you?,neutral
7090,1,I'm trying to choose a gift.,neutral
7090,2,Did you have anything particular in mind?,neutral
7090,3,"No, but I'd like to get something typical in this region.",neutral
7090,4,"Well, we have some handmade products. Let me show you some.",neutral
7090,5,They're quite nice. But I'm afraid they're quite a bit expensive.,neutral
7090,6,About how much were you planning to spend?,neutral
7090,7,No more than one hundred yuan.,neutral
7090,8,"Oh, in that case. This one is OK.",neutral
7090,9,"Oh! It's perfect. I think I'll take it. Would you wrap it, please?",joy
7090,10,"OK. Wait for a moment, please.",joy
7101,0,"Ann, let's go, or we will be late.",neutral
7101,1,What time is it?,neutral
7101,2,It is already 10:25.,neutral
7101,3,"Well, we still have about 15 minutes.",neutral
7101,4,What time did you say the train is leaving?,neutral
7101,5,12:05. And it takes only 20 minutes to get to the station by bus.,neutral
7101,6,"Yes, but what will happen if the bus is late?",neutral
7101,7,"Relax, those buses run every 10 minutes, so we have plenty of time.",neutral
7101,8,( still on the bus. ) What time is it?,neutral
7101,9,It is a quarter to twelve.,neutral
7101,10,"Oh dear, we will miss our train.",sadness
7157,0,Where is your dressing room?,neutral
7157,1,Right over there.,neutral
7157,2,( Person A comes out of the dressing room ) How did you like the sweater?,neutral
7157,3,I loved it. I'll take it.,joy
7157,4,Great. I can ring you up over here. It comes to $ 87.04.,joy
7157,5,Here you go?,neutral
7157,6,Do you have a credit card with us?,neutral
7157,7,No I don't.,neutral
7157,8,"If you open up a card, you can save 10 % on all your purchases today.",neutral
7157,9,Not today. Thanks though.,neutral
7157,10,"No problem. We always have this offer, so when ever you decide to, just let us know.",neutral
7157,11,Sure.,neutral
7157,12,Is there anything else I can help you with?,neutral
7157,13,"Yeah. I was looking at some of your pants, but they are all a bit too long. Do you have alteration services here?",neutral
7157,14,"Yes. It cost $ 7, and it takes one day.",neutral
7157,15,Great. Thanks for your help.,joy
7157,16,"Thank you, and have a great day.",joy
7161,0,Did you call me?,neutral
7161,1,Thank you for returning my call.,joy
7161,2,What was your call about?,neutral
7161,3,I wanted to have a talk with you about your son.,neutral
7161,4,What did he do?,neutral
7161,5,He was messing around last week in class.,neutral
7161,6,Exactly what did he do?,surprise
7161,7,"Even though I asked him not to, he kept speaking out in class.",neutral
7161,8,I don't know what his problem is.,neutral
7161,9,"I need you to talk to him, if you don't mind.",neutral
7161,10,"That won't happen again, I'm sorry.",sadness
7161,11,Thank you. Hopefully I won't have to call about him again.,joy
7172,0,Did you vote?,neutral
7172,1,Of course!,neutral
7172,2,Who was your vote for President?,neutral
7172,3,My vote was for Barack Obama.,neutral
7172,4,I didn ’ t expect him to win.,surprise
7172,5,I had no doubt in my mind that he would win.,neutral
7172,6,What made you think that?,neutral
7172,7,Nobody could compete with him.,neutral
7172,8,I thought his race would have kept him from winning.,neutral
7172,9,Times are changing.,neutral
7172,10,That ’ s true.,neutral
7172,11,I support our new President 100 %.,neutral
7177,0,So how did your end-of-the-year review go?,neutral
7177,1,"Oh, it was okay. I had my meeting with Mitch this morning and his bottom line is that he thinks I need to show more initiative. He thinks that I need to start being more creative.",neutral
7177,2,Did he actually say that?,neutral
7177,3,"Well, not in so many words. But I know that productivity is a big issue for him. Oh, he said the usual things like “ Keep up the good work ” and “ Thanks for your hard work, ” but he also said that he's thinking about bringing some employees into my department. That, to me, means he's not satisfied with what I've been doing.",sadness
7177,4,Are you sure you're not reading too much into what he said?,neutral
7177,5,"No, I Don't. Either I shape up or my job is on the line.",sadness
7177,6,"Well, I think you may be overreacting. Mitch likes to give everybody constructive criticism and I think that's what he was doing.",neutral
7177,7,Do you really think so?,neutral
7177,8,"Yes, I do. If you ask around, other people will tell you the same thing.",neutral
7177,9,"Maybe you're right. Thanks, Don. I feel better.",neutral
7177,10,I'm glad to hear it.,joy
7189,0,You look really nice today.,joy
7189,1,Thank you. I just got this outfit the other day.,joy
7189,2,"Really, where did you get it?",neutral
7189,3,I got it from Macy's.,neutral
7189,4,It's really nice.,neutral
7189,5,"Thanks again. You look nice today, too.",joy
7189,6,Thank you. I just got these shoes today.,joy
7189,7,Really? What kind of shoes are they?,neutral
7189,8,These are called All Star Chuck Taylors.,neutral
7189,9,I really like those. How much did they cost?,neutral
7189,10,They were about forty dollars.,neutral
7189,11,I think I'm going to go buy myself a pair.,neutral
7191,0,I was really glad to hear about your promotion. Congratulations!,joy
7191,1,"Thanks, Jane. I was really surprised. I mean there were a lot of qualified people out there.",surprise
7191,2,"Sure, but the work you did was really exceptional! You definitely deserved it!",joy
7191,3,Thanks a lot.,joy
7191,4,You are always responsible and careful.,joy
7191,5,"Jane, I appreciate it very much. I expect to see you get nominated pretty soon, too. You've been doing some great work!",joy
7191,6,"Thank you. I'll try my best. By the way, when do you take over the new position?",neutral
7191,7,Next month.,neutral
7191,8,So what are you responsible for?,neutral
7191,9,I'm going to manage the whole accounts department.,neutral
7191,10,So you must get higher pay than before.,neutral
7191,11,"Yes, the company will also give me a prize of 1,000 Yuan.",neutral
7191,12,"1,000 Yuan? That's great! So...",neutral
7191,13,"OK, I know what you mean. It's my treat.",neutral
7191,14,Really? Can I order anything I want?,joy
7191,15,Of course. Let's go.,joy
7211,0,Has someone already helped you?,neutral
7211,1,"No, not yet. I'd like to buy a teapot.",neutral
7211,2,Which do you like best?,neutral
7211,3,That colored one is very beautiful. It may suit my furniture. How much do you ask for it?,joy
7211,4,360 yuan.,neutral
7211,5,"Show it to me, Please. Can you get me another? It's scratched a little bit here.",neutral
7211,6,"Sorry, sir. This is the last one we have in stock.",neutral
7211,7,I do like it. Can you come down a bit?,joy
7211,8,I can give you a 10 % discount.,neutral
7211,9,That's still too much. Can you lower the price further?,neutral
7211,10,I'm afraid that's the best we can do.,sadness
7211,11,"If so, I'd better try another store.",sadness
7214,0,Welcome. May I help you?,neutral
7214,1,"Use, I want a eye-shadow.",neutral
7214,2,We have different colours of eye-shadow. May I know what colour you usually wear?,neutral
7214,3,"Purple. But today, I'm thinking of buying one in a bright colour.",neutral
7214,4,"Yes, I see. How do you like this one?",neutral
7214,5,May I have a try?,neutral
7214,6,Certainly.,joy
7214,7,It's still too dark. Any brighter colours?,neutral
7214,8,"Not from this brand, I'm afraid.",sadness
7214,9,What about other brands?,neutral
7214,10,How about this one?,neutral
7214,11,"Oh, that's the very thing I need.",joy
7219,0,The government is going to organize a folk-custom activity at the end of the month. And our community is supposed to put on a performance.,neutral
7219,1,What kind of performance? A lion dance?,neutral
7219,2,Stuff like that but I think the lion dance is a bit too difficult and dangerous.,neutral
7219,3,"Sure, you'll be dancing with lions. What do you expect? Then what about Range Dance which we did before.",neutral
7219,4,Good idea. Shall we get everyone in the community?,joy
7219,5,Maybe not. I think we should just focus on the retired people.,neutral
7219,6,I know that they already have a Range Dance team and then what we need is just to do some rehearsals.,neutral
7219,7,What about the costumes?,neutral
7219,8,We can raise money in the community. You know each family 10 yuan maybe.,neutral
7219,9,Try something new. We can find a supporting agency.,neutral
7219,10,Great idea. There is a travel agency nearby who would love to be our sponsor. It's a perfect chance for them to promote ethnic tourism.,joy
7222,0,How many people are there in your family?,neutral
7222,1,"My immediate family is quite small. It's just my older step-brother, my mom, my step-dad and me. How about you?",neutral
7222,2,"I have a large family. I have three older sisters, my twin sister, a younger brother, and my parents.",neutral
7222,3,I didn't know you were a twin! Are you identical or fraternal?,surprise
7222,4,"We're identical. I mean, we look exactly the same, but we complete opposites when it comes to everything else!",neutral
7222,5,"Interesting. It must be great having a twin sister. Are you best friends, too?",neutral
7222,6,"We used to be really close, but that all changed once she moved to Shanghai. How about your family? You didn't mention to your biological father.",neutral
7222,7,"I don't know much about him. He died when I was just a baby. Even though I don't have a blood relationship with my step-father and step-brother, I consider them to be my real family.",neutral
7222,8,What about your step-brother's mother? Does he keep in touch with her?,neutral
7222,9,"No, she also died when my step-brother was little. My mother and my step-father met each other shortly after my father died and became good friends. They ended up getting married a few years later.",neutral
7222,10,Sounds like it was ment to be.,neutral
7232,0,Good morning! Can I help you?,neutral
7232,1,"Yes, let me see some of your hats, please.",neutral
7232,2,"OK, come this way, please. How does this one fit you?",neutral
7232,3,It's a little bit tight.,neutral
7232,4,Let me stretch it for you. How is that now?,neutral
7232,5,"Yes, it fits all right now. I'll take it. Please put it in a bag and I'll take along.",neutral
7232,6,OK. Here you are.,neutral
7232,7,How much is it?,neutral
7232,8,Thirty-five yuan.,neutral
7232,9,Here is the money.,neutral
7232,10,"Thanks. Nothing else, today?",joy
7232,11,"Nothing else, thank you.",joy
7235,0,We'd like to rent a flat near the university.,neutral
7235,1,Are you looking for somewhere for two people?,neutral
7235,2,"Yes, we are. Obviously, we'd like something as cheap as possible. We've heard that there are places for 80 to 100 pounds a month.",neutral
7235,3,"Yes, there are several place available in that price range near the university. Do you have any other requirements?",neutral
7235,4,"Not really, no. We'd preferably like to live in a quiet street.",neutral
7235,5,How many rooms do you need in the flat?,neutral
7235,6,We'll need two bedrooms. The kitchen and dining room can be separate or combined.,neutral
7235,7,"Ok. I've got a list of place that fit your requirements. Let's just go through them. The first on the list costs 80 pounds a month, but it's on a noisy street and it's a little far from the university.",neutral
7235,8,How far away is it from the campus?,neutral
7235,9,"It's about two miles away. that might be a little far to walk. Here's one that's about half a mile from the campus. The cost is 100 pounds a month and it's on a small street, just off a main street.",neutral
7235,10,That sounds ideal. Can we go to have a look at it? we'd like to see it before making a final decision.,joy
7235,11,Of course. I'm not very busy at the moment. If you can wait for about 15 or 20 minutes. I can take you there.,joy
7235,12,Thank you. That would be great.,joy
7243,0,"Daddy, I am so glad you come out with us.",joy
7243,1,"Honey, I am sorry that I am too busy most of the time.",neutral
7243,2,It doesn't matter. But I really haven't gone for a picnic for a long time.,neutral
7243,3,What did you do last weekend?,neutral
7243,4,It was boring. Just did my homework and practiced the piano.,neutral
7243,5,Did you play football with other children?,neutral
7243,6,"Ahh, I was not available last Sunday. I was too busy almost as much as you.",neutral
7243,7,"Cool, we can take the football, shuttlecock and badminton racket to the park.",joy
7243,8,Hooray! I can play football with daddy. Mom and sister can play badminton.,joy
7243,9,"After that, we will have a picnic.",neutral
7243,10,"That's great. We can also take the dragon kite with us. After the picnic, we can fly it.",joy
7243,11,"Okay, it sounds good.",joy
7247,0,I'd like to help pitch in with dinner.,neutral
7247,1,Really? You are joking?,surprise
7247,2,"No, I'd like to do something special for you on your birthday.",neutral
7247,3,"I'd like that. Alright, put on this apron first.",neutral
7247,4,"OK.Now how can I help, hon?",neutral
7247,5,"Hmm, let me see. Boil some water, and then whisk two eggs.",neutral
7247,6,"Easy, I can do that with my eyes closed.Done.",neutral
7247,7,"Not bad. OK, now take some meat and potatoes from the fridge.",neutral
7247,8,How many potatoes do you need?,neutral
7247,9,Three. And bring four bell peppers.,neutral
7247,10,"Gotcha, OK. Here they are.",neutral
7247,11,"Now wash them, then dice the potatoes and bell peppers, then slice the meat.",neutral
7247,12,Where is the peeler?,neutral
7247,13,"It's in the cabinet. Adam, The gas cooker doesn't work.",neutral
7247,14,What? Oh shit! I cut my finger.,neutral
7247,15,Let me take a look at that. I can't stop the bleeding.We need to go to the hospital.,neutral
7247,16,I guess cooking is not as easy as I thought.,neutral
7249,0,"Hi, how are you. Is Alice there?",neutral
7249,1,Speaking. What's up?,neutral
7249,2,Why haven't you answered the phone?,neutral
7249,3,"My bad, I had chores to do.",neutral
7249,4,That's all right.,neutral
7249,5,What was the reason for your call?,neutral
7249,6,I want to do something tomorrow with you.,neutral
7249,7,Sounds good. What did you have in mind?,neutral
7249,8,I was thinking about seeing a movie.,neutral
7249,9,"Okay, let's go see a movie.",neutral
7249,10,Until then.,neutral
7249,11,Talk to you later.,neutral
7259,0,Welcome. Can I help you with anything?,neutral
7259,1,Hi. I'm shopping for my boyfriend's birthday. Do you have any suggestions?,neutral
7259,2,Let's see. How about a nice shirt and tie? You can't go wrong there.,neutral
7259,3,Well. He doesn't wear ties that often.,neutral
7259,4,We have some nice pants. You can also get him a belt with it.,neutral
7259,5,That sounds good. Which one do you recommend?,joy
7259,6,These slacks are very popular. He can wear them to dress up a little or on a normal casual day.,neutral
7259,7,I like them. Do you have matching belts?,neutral
7259,8,Yes. Right over here.,neutral
7259,9,How much are they?,neutral
7259,10,"The pants are on sale for $ 40, and the belt is $ 25.",neutral
7259,11,What is your return policy just in case he doesn't like them?,neutral
7259,12,Just save the receipt and we will gladly return or exchange them for you.,neutral
7259,13,That sounds great. I'll take them.,joy
7269,0,My Goodness! What a busy line so early in the morning! Hello.,surprise
7269,1,Ruth? Basil.,neutral
7269,2,"Hi, Basil.",neutral
7269,3,Want a ride to the office?,neutral
7269,4,"Yes, by all means. I was just about to leave.",neutral
7269,5,Hold on. Just 5 minutes.,neutral
7269,6,I'll wait on the sidewalk. It's very kind of you.,joy
7269,7,It's my pleasure. See you.,joy
7269,8,"Hi, Basil.",neutral
7269,9,"Hi, Ruth. Hop in.",neutral
7269,10,Do you mind if I take some notes while we drive?,neutral
7269,11,Of course I don't mind. For your report?,neutral
7269,12,"Yes, I finally have an inspiration.",neutral
7269,13,"Good for you. No problem, I'll listen to the car radio",joy
7277,0,"Well, that's why you'r here.My source for big TV sets overcharged me on the last shipment, so I need someone new. I wanted to meet you to see if we can work together. I think",neutral
7277,1,I agree.,neutral
7277,2,"Fine, but before you agree, don't you need to know what you're agreeing to?",neutral
7277,3,"I guess you're right.But like you said, you called me here to check me out. I've been doing the same.",neutral
7277,4,"Ha, ha, ha! That's fair.How did I do?",neutral
7277,5,"Quite good, actually. I'm pretty sure you're demanding, but fair and honest. I feel we can work together.",neutral
7277,6,"Good, well, here's what I need from you. Are you ready?",neutral
7277,7,Shoot!,neutral
7277,8,"Well, I know you work for someone else, but as your client, please, we have to get this straight between us. I'm your client, not your company.As your client, I expect you to be square with me at all times. Can you do that?",neutral
7277,9,I don't see a problem.,neutral
7277,10,Good! Do you have any questions?,neutral
7379,0,Would you like to see our new shirts?,neutral
7379,1,"Sorry, but I ’ m not really interested in those things.",neutral
7379,2,"But they ’ re very nice, you know.",neutral
7379,3,Really.,neutral
7379,4,And not expensive either.,neutral
7379,5,"Oh, I don ’ t care about that.",neutral
7379,6,Everybody is buying them.,neutral
7379,7,Are they?,neutral
7379,8,"Yes, they ’ re very fashionable, you see.",neutral
7379,9,I ’ m afraid I ’ m not interested in fashion.,neutral
7379,10,I see.,neutral
7379,11,But thank you very much all the same.,joy
7379,12,"Sorry, I couldn ’ t help you.",sadness
7397,0,I think I may rent out this apartment that I found.,neutral
7397,1,"Oh, really? Where ’ d you find it?",surprise
7397,2,"I was looking through the ads today, and I found it in there.",neutral
7397,3,In the ads? Are you serious?,neutral
7397,4,"Yeah, and it ’ s affordable too.",neutral
7397,5,I ’ d like to hear about this apartment.,neutral
7397,6,"First of all, it ’ s absolutely gorgeous.",joy
7397,7,What is the rent each month?,neutral
7397,8,It ’ s only $ 725 a month.,neutral
7397,9,That ’ s amazing. The rent is very cheap.,joy
7397,10,I know it is.,joy
7397,11,It ’ s a good thing that you read that ad today.,joy
7406,0,What can I do?,neutral
7406,1,The system crashed when I was surfing on the internet.,neutral
7406,2,Did you go to any illegal website?,neutral
7406,3,"No, But does that matter?",neutral
7406,4,"Yes, your computer can be easily infected by virus if you do that.",neutral
7406,5,I see. I'd better never try.,neutral
7406,6,That's wise.,neutral
7406,7,Do you know what's wrong with my PC?,neutral
7406,8,"One minute. Oh, yes, it was infected by a virus, and you had no antivirus software.",neutral
7406,9,Is anti-virus software necessary for a PC?,neutral
7406,10,Of course. You'd better learn something about it.,neutral
7406,11,I'm afraid yes. But what about the data I stored in the computer?,neutral
7406,12,"Don't worry, it should have been protected automatically. And I take an anti-virus software with me. Do you want me to install it now?",neutral
7406,13,"Yes, please. I'll really appreciate that.",joy
7408,0,"Excuse me, could you tell me which line I ’ m supposed to stand in to buy bubble wrap and to post a package?",neutral
7408,1,"You can buy the bubble wrap here, but you ’ ll have to stand in line over here to post your package.",neutral
7408,2,That ’ s a really long line. How long do you think it ’ ll take to get through all those people?,neutral
7408,3,"It takes about 3 minutes per person, so it ’ ll probably be about an hour ’ s wait.",neutral
7408,4,Can I buy stamps here?,neutral
7408,5,Sure. How many would you like?,neutral
7408,6,I need 30 for my Christmas cards.,neutral
7408,7,Are you sending them abroad?,neutral
7408,8,Twenty of them are going abroad to China and America.,neutral
7408,9,"Do you have any going anywhere in the EU? If you do, those are less expensive.",neutral
7408,10,No.,neutral
7408,11,"Ok, here you go. That will be 18 pounds and seventy two pence.",neutral
7408,12,And the bubble wrap?,neutral
7408,13,That ’ s another quid.,neutral
7408,14,Thanks a lot. You ’ Ve been very helpful.,joy
7409,0,"Good morning, Madam. Can I help you?",neutral
7409,1,"Yes, I ’ Ve come to inquire about a 6,000- dollar remittance from California. Has it arrived?",neutral
7409,2,"May I have your name, please?",neutral
7409,3,My name is Jenny Clinton.,neutral
7409,4,"I see. Wait for a moment please. I am sorry, Mrs. Clinton, but the remittance doesn't appear to have arrived yet.",neutral
7409,5,Really? It should have arrived. It was sent a week ago.,neutral
7409,6,"If the money was sent by cable, it would have taken about one or two days. But if it was sent by airmail, it would take at least one week.",neutral
7409,7,"Well, then I'll come again the day after tomorrow.",neutral
7409,8,Or would you like us to phone you when the money arrives?,neutral
7409,9,That would be very kind of you.,neutral
7409,10,"Could you please tell me your phone number, so we'll give you a ring as soon as the remittance has arrived?",neutral
7409,11,The phone number is 328 6765 extension 105.,neutral
7409,12,Thank you. We'll inform you in time. Goodbye.,neutral
7428,0,I have redecorated my bedroom. I decide to repaint the walls and change the pictures. I also bought a new pair of curtains. What do you think of it?,neutral
7428,1,I think is looks great. I really like the light colors you have chosen. The pictures are nice too. Did you bought any new furniture?,joy
7428,2,I bought a new mattress and some fresh bedclothes. I also bought a new dressing table and a new bedside table.,neutral
7428,3,new furniture makes a room seem so fresh. I see that you also bought a new lamp for your bedside table.,joy
7428,4,do you think that I should get a new wardrobe?,neutral
7428,5,that wardrobe looks quite big. Is it full of clothes?,neutral
7428,6,yes. I have so many clothes stuffed into it. Perhaps I should get rid of some of them. There are clothes in there that I never wear anymore.,neutral
7428,7,I like to get rid of clothes that I don ’ t wear rather than keeping them in a wardrobe. They take up too much space. There are several charity shops that you can give old clothes to. They will be,neutral
7428,8,"that ’ s a good idea. After I get rid of the old clothes I no longer wear, I can see what new clothes I need to buy.",joy
7428,9,I need to buy some new clothes for the summer too. Perhaps we can go together one day.,neutral
7428,10,ok. I ’ ll let you know when I ’ Ve sorted out my clothes.,neutral
7434,0,"Hi, Andy. I am going to Isabel ’ s. Are you coming?",neutral
7434,1,No. The things are too expensive there for me. I can't afford it.,neutral
7434,2,"That is no problem at all. Isabel ’ s is having a clearance sale, and today is the last day. You don't want to miss such a good chance, do you?",neutral
7434,3,Really? That's wonderful. Can you wait a second? I need to change.,surprise
7434,4,"All right, but hurry up. It takes you hours to change.",neutral
7434,5,I will. Do you think we can get something really nice and cheap? I mean this is the last day.,neutral
7434,6,I think so. They don't sell shoddy cloth for one thing.,neutral
7434,7,Should we ask Cindy to come along? She saw the evening gown made of silk last month that she wanted to buy very much. She didn't buy it of course. It would cost her three months ’ salary.,neutral
7434,8,She already bought that evening gown.,neutral
7434,9,When?,neutral
7434,10,"Yesterday. She wore that gown last night, and showed it off to everybody at Mr. Mile ’ s party.",neutral
7434,11,Oh? Isn't that like her.,surprise
7434,12,"Hurry up, will you? We ’ ll have to go to the gas station first.",neutral
7434,13,"All right, all right. I am ready to go. Let's go!",neutral
7444,0,Come on in. Let me show you around. Here ’ s the living room.,neutral
7444,1,Great. The view from this window is wonderful.,joy
7444,2,This is the kitchen.,neutral
7444,3,It looks new.,joy
7444,4,Yes. We just renovated a few month ago.,neutral
7444,5,I like it.,joy
7444,6,Here ’ s the master bedroom.,neutral
7444,7,"Wow, it ’ s nice. What did you say about the rent?",neutral
7444,8,$ 900 a month.,neutral
7444,9,Does that include utilities?,neutral
7444,10,"Yes. It includes electricity, water, gas and cable, but the telephone is extra.",neutral
7444,11,When will it be available?,neutral
7444,12,The end of this month.,neutral
7444,13,I like it a lot but I need to talk with my wife. Can you hold it for me for two days?,joy
7444,14,Sure.,neutral
7444,15,Thank you very much. I will let you know as soon as possible.,joy
7455,0,I want to make dinner tonight.,neutral
7455,1,What are you thinking of making?,neutral
7455,2,I don't have any idea what to cook.,neutral
7455,3,How about making a teriyaki bowl?,neutral
7455,4,Can you tell me how to make it?,neutral
7455,5,All it consists of is teriyaki beef and white rice.,neutral
7455,6,"Okay, but what do I have to do to prepare it?",neutral
7455,7,All you have to do is cook some white rice.,neutral
7455,8,What do I do after that?,neutral
7455,9,Then cut up the beef and marinate it in teriyaki sauce.,neutral
7455,10,What else do I have to do?,neutral
7455,11,All that's left is to cook it.,neutral
7460,0,Can I help you find something?,neutral
7460,1,I would like to buy a new fridge.,neutral
7460,2,Is there one in particular that you like?,neutral
7460,3,I was looking at this Kenmore refrigerator.,neutral
7460,4,"Ah yes, that is a great refrigerator.",joy
7460,5,What's so great about it?,neutral
7460,6,It's both affordable and it comes with all the appliances.,neutral
7460,7,What appliances?,neutral
7460,8,"It comes with an ice maker, water dispenser, and there is a lot of room inside.",neutral
7460,9,May I see the inside for myself?,neutral
7460,10,Be my guest.,neutral
7460,11,Wow! You're right! This refrigerator is great. I'll take it.,joy
7463,0,"What are you doing, Victor?",neutral
7463,1,I ’ m making a list of food and drinks.,neutral
7463,2,What for?,neutral
7463,3,"What for? For the party, of course.",surprise
7463,4,Party? What party?,neutral
7463,5,We ’ re having a Valentine ’ s Day Party.,neutral
7463,6,"Oh, I forget. Who ’ s invited?",neutral
7463,7,We ’ Ve invited all our sophomore friends from school.,neutral
7463,8,Can I help you get ready?,neutral
7463,9,"That ’ ll be a big help. Well, here ’ s a list of some of the food you could buy.",neutral
7463,10,"Ok, just leave it to me. I ’ ll take care of it.",neutral
7463,11,Thanks. See you at five. Don ’ t forget to bring your valentine.,joy
7464,0,What did you do at the office today?,neutral
7464,1,I had a really busy day. I had to work a little overtime. In the morning an important client called to place a large order. I had to check some things with my colleagues before confirming the order.,neutral
7464,2,What kind of things did you need to check?,neutral
7464,3,"The most important thing was to check that we had the goods in stock. If the goods are in stock, we can deliver them immediately. I also had to check the price. This customer is very important, so the",neutral
7464,4,I see. Did anything else happen?,neutral
7464,5,"I received a lot of emails from potential clients that I had to answer. Each time, I had to check files to see what we had agreed at earlier meetings. Each client has different conditions and required",neutral
7464,6,It must be difficult to remember the details for each individual client.,neutral
7464,7,"Yes. That ’ s why we have everything on computer files. We don ’ t use much paper at our office. After lunch, I had to deal with a complaint form a client.",neutral
7464,8,I hate dealing with complaints. Was it a legitimate complaint?,neutral
7464,9,"Yes, it was. I managed to sort out the problem, but I was tied up with the matter for over an hour.",sadness
7464,10,You certainly had a busy day.,neutral
7464,11,"That ’ s not all! I also had to finish writing a sales report for my boss. In the end, I finished everything. I wonder what will be waiting for me tomorrow morning.",sadness
7475,0,Did you see the news today?,neutral
7475,1,I haven't had a chance to see it.,neutral
7475,2,"You know about the blackout last night, right?",neutral
7475,3,The lights were out everywhere.,neutral
7475,4,A bunch of people went looting last night.,neutral
7475,5,They what?,neutral
7475,6,They took full advantage of the lights being out.,neutral
7475,7,That's crazy.,surprise
7475,8,The news reported that four stores were broken into.,neutral
7475,9,Were the looters found?,neutral
7475,10,The police don't know who did it.,neutral
7475,11,I hope this doesn't happen again.,neutral
7482,0,Good morning. sir. How may I serve you today?,neutral
7482,1,I'd like a cup of mocha.,neutral
7482,2,Sure. Large or medium?,neutral
7482,3,"Medium, please.",neutral
7482,4,Anything else to go?,neutral
7482,5,Yeah. give me a chocolate bar also.,neutral
7482,6,You've got it.,neutral
7482,7,Please have them wrapped. I'll take them away.,neutral
7482,8,Sure. It's seven eighty-nine.,neutral
7482,9,Here's eight dollars. Keep the change.,neutral
7482,10,"Thank you, sir. Have a nice day.",joy
7494,0,My throat is really dry.,neutral
7494,1,Do you want to go get something to drink?,neutral
7494,2,"Yes, I'm parched.",neutral
7494,3,What did you want to drink?,neutral
7494,4,I was thinking about getting a soda.,neutral
7494,5,Do you know that soda doesn't quench your thirst?,neutral
7494,6,Why not?,surprise
7494,7,Soda is really bad for you.,neutral
7494,8,I don't know what else to drink.,neutral
7494,9,You're supposed to drink water when you're dehydrated.,neutral
7494,10,I would like some water.,neutral
7494,11,That's what will keep you from being thirsty.,neutral
7495,0,I have a feeling you will get this job.,neutral
7495,1,Thanks. But I'm not so sure. Interviews stress me out.,neutral
7495,2,"Just remember to be professional and polite. Oh, and don ’ t forget to smile.",neutral
7495,3,"I ’ ll do my best, but sometimes I have trouble being myself in stressful situations.",neutral
7495,4,Have you updated your resume recently?,neutral
7495,5,Yes... ah! I forgot to include my e-mail address.,neutral
7495,6,"You ’ d better double-and-triple check it. You don ’ t want to have any embarrassing typos on your resume. Otherwise, you might shoot yourself in the foot.",neutral
7495,7,"I ’ ll be sure and do that. I also need to pick out the right suit, shirt, and tie for this interview.",neutral
7495,8,"Definitely. Oh, do you have a reference letter?",neutral
7495,9,Sort of. I prepared a list of all the people who can vouch for my experience and good work ethic.,neutral
7495,10,"I ’ m included on your list of references, right? My praise of you could really make a difference.",neutral
7495,11,"Sorry, you ’ re not on it. I don ’ t think using my brother as a reference would be very convincing!",neutral
7497,0,Hello. Do you have anything for a little girl?,neutral
7497,1,"Well, we have some new Barbie dolls.",neutral
7497,2,That's a great idea. Show me the Barbie dolls.,joy
7497,3,"Here's one — the new, beautiful Digital Barbie. This doll is hot!",joy
7497,4,How lovely! How much is she?,joy
7497,5,It's only $ 29.95.,neutral
7497,6,No problem. Let me have one.,joy
7497,7,That's great. Anything else?,joy
7497,8,"No, thank you. That's all I need at the moment.",neutral
7497,9,The grand total is $ 32.42. How would you like to pay?,neutral
7497,10,I'll give you cash.,neutral
7497,11,Thank you so much for shopping here. Here's your change and receipt.,joy
7542,0,How can I help you?,neutral
7542,1,I want to open another account.,neutral
7542,2,What kind would you like to open?,neutral
7542,3,I would like to open a savings account.,neutral
7542,4,Do you already have an account with us?,neutral
7542,5,I have another savings account open already.,neutral
7542,6,Do you want to transfer money from that account?,neutral
7542,7,I would like to do that.,neutral
7542,8,How much?,neutral
7542,9,I only want to transfer $ 100.,neutral
7542,10,It ’ ll only take me a minute to complete your transaction.,neutral
7542,11,Great. Thank you very much.,joy
7545,0,Hello. My name ’ s Linda Brown. What can I do for you today?,neutral
7545,1,Hi. I ’ m Tom Peterson. I ’ m looking for a one-bedroom apartment.,neutral
7545,2,"Certainly. First, I would like to ask you some questions to identify your needs before I show you what we have.",neutral
7545,3,That ’ s fine.,neutral
7545,4,What price range are you interested in?,neutral
7545,5,"Well, between $ 350-400 a month.",neutral
7545,6,Okay. Do you have a special location in mind?,neutral
7545,7,"I ’ d like to live somewhere near the university, or at least on a bus line.",neutral
7545,8,When would you like to move in?,neutral
7545,9,As soon as possible.,neutral
7545,10,How about the end of this month?,neutral
7545,11,Fine.,neutral
7545,12,"Are there any special features that you would like to have, such as, a dishwasher, a balcony, a swimming pool, central air conditionining, etc.?",neutral
7545,13,I would like to have a dishwasher and central air conditioning.,neutral
7545,14,Okay. Here are the photos of the apartments that fit your preferences.,neutral
7545,15,Thank you. This one looks nice. Is it near the university?,joy
7545,16,Yes. It ’ s only 5 minutes walk from the campus.,neutral
7545,17,That ’ s good. I ’ d like to see it.,joy
7561,0,What can I do for you?,neutral
7561,1,I would like to buy two exquisite watches for me and my girlfriend.,neutral
7561,2,We have many pairs for couples. Look at this counter.,neutral
7561,3,"This pair is Rolex, right?",neutral
7561,4,"You have a very good taste, this pair is the latest product.",joy
7561,5,What function does this watch have?,neutral
7561,6,"Both of them are luminous with a time reminder function. They don't need battery, because they can absorb energy from the sun.",neutral
7561,7,Sounds good.,joy
7561,8,"In addition, they are waterproof and shockproof.",neutral
7561,9,How long is the guarantee?,neutral
7561,10,We guarantee the quality of the product for 12 months. We also provide a worldwide warranty.,neutral
7561,11,How much does the pair cost?,neutral
7561,12,"2,200 $.",neutral
7561,13,It is a bit expensive. But it is worth buying one's favorite. I will take them.,joy
7575,0,This is the house I want to rent.,neutral
7575,1,Could you tell me the advantages of it?,neutral
7575,2,"No problem. First, it's comfortable and cozy. Second, it has a lovely view of the city. Third, it has all kinds of electric appliances that we need, such as refrigerator, electric stove, heating apparatus, washing machine and dishwasher. Forth is the most important, the electricity is free of charge. Finally, it's located in the center of the city and the transportation is convenient.",neutral
7575,3,"There is something in what you said, but what is the rent?",neutral
7575,4,200 dollars per week.,neutral
7575,5,"In my opinion, the rent is far more expensive than that in other areas.",neutral
7575,6,"It certainly is. But to tell you the truth, the room is so large that I can share it with someone else, and that will decrease the total amount of the rent.",neutral
7575,7,"Your intention is good, but I still can't agree with you. If no one would like to share it with you, you have to pay it all by yourself.",neutral
7575,8,Don't you think I can save some bus fares since it ’ s easy to go anywhere from here and it ’ s near the place where I work?,neutral
7575,9,I agree with you in this way. But how often do you go to work or shopping per week?,neutral
7575,10,Twice a week for work and once for shopping.,neutral
7575,11,"In my opinion, you have to go to the university every day, and the fare would cost you most of your living expenses if you live here far away from the university.",neutral
7575,12,"That's true. Ok, I will think about it.",joy
7577,0,"Tell me, Mr. Han. What do you suggest if we establish long term business relations?",neutral
7577,1,"Surely it's a sound idea, Mr. Joey. But I have a few questions for you first.",neutral
7577,2,I am all ears.,neutral
7577,3,"First, can I know something about your financial situations?",neutral
7577,4,"Sure. As for our financial situation, you can inquire about them in the national bank. They handle all our financial documents.",neutral
7577,5,Thank you. And how is your business in the clothing business circle?,neutral
7577,6,A very good question. It's very honorable for me to tell you that our business relations cover all over the world and they all have very good business reputation.,neutral
7577,7,Then what do you deal with?,neutral
7577,8,"We deal with kid's clothing, women's clothing, and men's clothing. You name it we deal with it.",neutral
7577,9,That's nice. They provided us with convenient choice.,neutral
7577,10,"As for the regular customers, we have some favorable terms for them.",neutral
7577,11,I'd like to hear that.,neutral
7577,12,"For the substantial regular customers, we offer 5 % commissions.",neutral
7577,13,"That sounds attractive, all right, how about that we sign a one year contract?",joy
7577,14,Fabulous. I will get the contract ready shortly.,joy
7579,0,"Hi, I ’ m the superintendent of this building. What can I do for you?",neutral
7579,1,"Hi, I ’ m Paul. Could you show me the apartment on the first floor?",neutral
7579,2,Sure. Let ’ s go.,neutral
7579,3,I like this one. How much is the rent?,neutral
7579,4,$ 850 a month.,neutral
7579,5,Does the rent include utilities?,neutral
7579,6,No. Utilities are extra.,neutral
7579,7,Where ’ s the laundry room?,neutral
7579,8,It ’ s on the other side of this floor.,neutral
7579,9,What ’ s your rule about pets?,neutral
7579,10,We allow one or two pets but you have to pay a $ 300 deposit.,neutral
7579,11,How come?,neutral
7579,12,"If your pet ruins the apartment walls or carpet we ’ ll keep your pet deposit. If not, we ’ ll return your deposit when you move out. But be careful, we don ’ t allow pet snakes in the apartment.",neutral
7579,13,who takes care of bug control?,neutral
7579,14,We do. We will spray the apartments before you move in.,neutral
7579,15,Thank you very much for taking your time. I ’ m still deciding. I will call you tomorrow.,joy
7583,0,"Verry sorry to have kept you waiting so long. What do you want, Madam?",neutral
7583,1,I want haircut and perm.,neutral
7583,2,How long would you like your haircut today?,neutral
7583,3,Just cut a little off.,neutral
7583,4,"You wanna tight, medium or naturally curly perm?",neutral
7583,5,I'd like to have medium.,neutral
7583,6,How about you hair style?,neutral
7583,7,Can you tell me my choices?,neutral
7583,8,"Well, with perm we can do very kinds patterns such as bob, chocolate hairstyle or bang.Which do you prefer?",neutral
7583,9,I want the chocolate one. I want to have it the big waves.,neutral
7583,10,It looks wonderful.,neutral
7583,11,Turn the chair I can see myself in the mirror.,neutral
7583,12,What do you think of it?,neutral
7583,13,"Beautifully done, many thanks.",joy
7585,0,I want to check out today. My plane leaves at 3 p. m.,neutral
7585,1,"Which room are you staying in now, sir?",neutral
7585,2,I am in Room 205. My name is Bill Smith. When shall I check out?,neutral
7585,3,"Usually if you are leaving today, you'd better check out before 12 noon, and leave the room. If you check out after 12 noon, we will count one day more.",neutral
7585,4,"Oh, I didn't know that.",neutral
7585,5,Since your plane leaves at 3 p. m. it will be too early for you to leave the hotel at 12 0'clock. We can arrange you to stay in the room until 1 p. m. ; but first you should still check out before 12 noon.,neutral
7585,6,That's very considerate of you. May I have my bill?,neutral
7585,7,"Yes, sir. Here it is.",neutral
7585,8,How much is it?,neutral
7585,9,Your bill comes to 60 dollars. How would you like it to be paid? With cash or credit card?,neutral
7585,10,I'd like it to be charged to my credit card.,neutral
7585,11,"Would you please give to me, and will imprint it?",neutral
7595,0,"Hello, China Travel Agency. Can I help you?",neutral
7595,1,Yes. I'd like to travel to London. So I want you to make a reservation for me on May 1st.,neutral
7595,2,"Just a moment, please. I'm sorry but the flights are fully booked on that day. The next available flight is on May 2nd. They have two flights, one is at 9:30 a. m. and another at 2:00 p. m. Both flights have seats available.",neutral
7595,3,That's great! I'd like to take the first available flight. I'll need an economy ticket,neutral
7595,4,One way trip or round trip?,neutral
7595,5,"One way trip. What's the fare, please?",neutral
7595,6,"Economy fare for one way trip is 2,300 yuan.",neutral
7595,7,I see. Is my ticket confirmed then?,neutral
7595,8,"Yes, I have confirmed your ticket.",neutral
7595,9,"Here is 2,300 yuan.",neutral
7595,10,Thank you. Here is the ticket and receipt. Have a good time.,joy
7603,0,how are you doing?,neutral
7603,1,I'm ok. I wish I could say the same for my friend.,neutral
7603,2,what happened to him?,neutral
7603,3,he was arrested by the police for drinking and driving.,neutral
7603,4,was it his first offence?,neutral
7603,5,unfortunately not. He was charged with a DUI when he was in university.,neutral
7603,6,what happened to him then?,neutral
7603,7,not much ; it was a minor offence back then. He got away with a fine of $ 500.,neutral
7603,8,did they take his license away?,neutral
7603,9,"no, they were really easy on him. The problem is that that was a long time ago. They are much tougher on crime now.",neutral
7603,10,what do you think will happen to him?,neutral
7603,11,"well, he'll definitely lose his license, pay a fine, and maybe even spend some time in jail.",neutral
7603,12,that doesn't sound too promising. Does he have a defence lawyer?,neutral
7603,13,"not yet. If we can't find a lawyer for him, then the state will appoint him with one.",neutral
7603,14,my sister is a lawyer. I can ask her if she can help him.,neutral
7603,15,that'd be great! I know he'd appreciate your help.,joy
7604,0,Did you get a good look at the suspect?,neutral
7604,1,I got a great look at him.,neutral
7604,2,Do you think you could pick him out of a line-up?,neutral
7604,3,I can do that.,neutral
7604,4,Could you please look at the five men in this line-up?,neutral
7604,5,All right.,neutral
7604,6,Do you recognize the suspect?,neutral
7604,7,He's there.,neutral
7604,8,What number?,neutral
7604,9,He's number four.,neutral
7604,10,Thank you very much for your cooperation.,joy
7604,11,I'm glad to help.,joy
7606,0,Did you hear the news?,neutral
7606,1,What happened?,neutral
7606,2,Our cousin went into labor and had her baby last week.,neutral
7606,3,She did? Why didn't anyone tell me?,surprise
7606,4,I would've thought that somebody would have told you.,neutral
7606,5,"No, I had no idea.",neutral
7606,6,"Well, she did, her baby was 8 pounds 6 ounces.",neutral
7606,7,"Oh my God, that's great!",joy
7606,8,Are you going to go and visit her and the baby?,neutral
7606,9,I think that I might.,neutral
7606,10,Good! I just thought I'd let you know.,joy
7606,11,Thanks for telling me.,joy
7634,0,Did you get your bus pass?,neutral
7634,1,I haven't gone to get it yet.,neutral
7634,2,Why haven't you got it?,neutral
7634,3,I don't know where to go to get one.,neutral
7634,4,I know where to get them from.,neutral
7634,5,Where do I get it?,neutral
7634,6,They sell them at the business office on campus.,neutral
7634,7,I had no idea.,neutral
7634,8,I'm sure you didn't.,neutral
7634,9,Thank you.,joy
7634,10,Don't mention it.,joy
7634,11,I'll buy it later on today.,neutral
7639,0,I found an apartment to rent.,neutral
7639,1,Where did you find this apartment?,neutral
7639,2,I found it in today ’ s apartment ads.,neutral
7639,3,Really? I can ’ t believe you actually found an apartment in the ads.,surprise
7639,4,"I actually found it in the ads, and it ’ s not too expensive either.",neutral
7639,5,I want to hear more about this apartment.,neutral
7639,6,All you really need to know is that the apartment looks great.,neutral
7639,7,How much will you have to pay for rent?,neutral
7639,8,Every month I ’ d only have to pay $ 725.,neutral
7639,9,"For where we live, that is really inexpensive.",neutral
7639,10,"It is, isn ’ t it?",neutral
7639,11,I ’ m glad to hear that you finally found an apartment.,joy
7665,0,"Good morning, Mr Croft.",neutral
7665,1,"Good morning, nurse. I want to see the dentist, please.",neutral
7665,2,Do you have an appointment?,neutral
7665,3,"No, I don't.",neutral
7665,4,Is it urgent?,neutral
7665,5,"Yes, it is. It's very urgent. I feel awful. I have a terrible toothache.",neutral
7665,6,"Can you come at 10 am on Monday, April 24th?",neutral
7665,7,"I must see the dentist now, nurse.",neutral
7665,8,The dentist is very busy at the moment. Can you come at 2 PM?,neutral
7665,9,That's very late. Can the dentist see me now?,neutral
7665,10,"I'm afraid that he can't, Mr Croft. Can't you wait till this afternoon?",neutral
7665,11,"I can wait, but my toothache can't!",anger
7671,0,I saw your ad in The New York Times. I am seriously considering one of the apartments listed in it.,neutral
7671,1,We are happy to help you. May I know which one it is?,neutral
7671,2,The two-bedroom apartment on 38th east street.,neutral
7671,3,"Oh, it is conveniently located, isn't it?",neutral
7671,4,That's why I think it may suit my needs.,neutral
7671,5,I believe it will. It comes furnished. You can move in immediately after the lease is signed.,neutral
7671,6,The ad says the rent would be 840 dollars per month. Is it true?,neutral
7671,7,Yes. But not including the utilities.,neutral
7671,8,Will it possible for me to rent the apartment on a month-by-month basis?,neutral
7671,9,"I believe that can be arranged. But there should be a refundable security deposit, you know.",neutral
7671,10,"Oh, that's no problem.",joy
7695,0,I ’ d like to be fitted for a suit please.,neutral
7695,1,Certainly. Have you decided which material you would like the suit to be made from? We have a selection of materials over here.,neutral
7695,2,"Well, I thought that I would choose either this one or that one. I really want a dark blue suit. Which do you recommend.",neutral
7695,3,"This material is a little more expensive, but is of much higher quality.",neutral
7695,4,"Yes. I can feel the difference in material. There ’ s not much difference in price. Ok, I ’ ll take the more expensive one.",joy
7695,5,Fine. I ’ ll measure you for the suit... shoulder... waist... inside leg... forearm... upper arm... thank you. I ’ ll prepare the suit for you tomorrow. Could you come again the day after tomorrow just to check that the su,neutral
7695,6,That ’ s fine. I would also like a few shirts and a jacket. I don ’ t need them specially made. Those shirts over there look very nice. Are they made of cotton?,neutral
7695,7,"Yes, they are. How many would you like and of which color?",neutral
7695,8,"I ’ ll take three light blue ones, please.",neutral
7695,9,Are you looking for a casual jacket or something formal?,neutral
7695,10,"Just a casual one - a sport jacket. This one looks nice. I ’ ll just try it on... yes, that ’ s fine. I ’ ll take it. Here ’ s my credit card.",neutral
7695,11,"Thank you very much, sir. I ’ ll put the shirts and jacket into a bag for you.",joy
7695,12,Thank you very much. I ’ ll see you the day after tomorrow.,joy
7705,0,"Welcome, what would you like to order?",neutral
7705,1,I would like to get a double cheeseburger.,neutral
7705,2,Would you like everything on it?,neutral
7705,3,"I would like everything on it, thank you.",neutral
7705,4,Do you want any fries?,neutral
7705,5,Let me get some large curly fries.,neutral
7705,6,Can I get you anything to drink?,neutral
7705,7,"Sure, how about a medium Pepsi?",neutral
7705,8,Is that everything?,neutral
7705,9,That'll be all. Thanks.,neutral
7705,10,"You're welcome, and your total is $ 5.48.",neutral
7705,11,Thank you. Here you go.,joy
7727,0,"Excuse me, is this the way to the Great Wall?",neutral
7727,1,"Oh, it is really far from here. You ’ re going in the wrong direction actually.",neutral
7727,2,I must have taken a wrong turn.,neutral
7727,3,"It doesn ’ t matter. Go back the way you came. After about five kilometers, you ’ ll see a hotel on the side of the road. It ’ s a big one. You can ’ t miss it.",neutral
7727,4,And then?,neutral
7727,5,"Take the next right. Drive about one click further, and you ’ ll see the entrance of the highway to the Great Wall.",neutral
7727,6,Thanks a lot.,joy
7727,7,You ’ re welcome.,joy
7727,8,"By the way, how long does it take?",neutral
7727,9,"Without traffic, it takes about an hour.",neutral
7727,10,I heard the Great Wall closes early in the afternoon. Do you think I can make it before closing?,neutral
7727,11,"Yes, I think so. It doesn ’ t close until 5 o ’ clock. You still have plenty of time.",neutral
7727,12,Great! Thank you!,joy
7727,13,"My pleasure, and have a good time!",joy
7735,0,Do you know why I pulled you over?,neutral
7735,1,I have no idea.,neutral
7735,2,Your left brake light is out.,neutral
7735,3,I was not aware of that.,neutral
7735,4,I'm going to have to write you a ticket.,neutral
7735,5,You can't give me a break?,neutral
7735,6,I'm just doing my job.,neutral
7735,7,How much is the ticket for?,neutral
7735,8,You will get that information in court.,neutral
7735,9,I have to go to court?,surprise
7735,10,That's right.,neutral
7735,11,Fine. Give me the ticket.,surprise
7740,0,What made you decide on this type of occupation?,neutral
7740,1,"Oh, to tell you the truth, I love the sky. When I was a child, I imagined flying into the blue sky some day. Now, I think the day has come. My dream will come true. And I like travelling very much and I enjoy working with people.",neutral
7740,2,Can you make yourself understood in English without too much difficulty?,neutral
7740,3,"Yes, I think I am quite fluent in English. I got the certificate of the Secondary English Training last month.",neutral
7740,4,Do you know what the responsibilities are for a stewardess?,neutral
7740,5,The main responsibility of the stewardess is to make the passengers relaxed and happy during the flight. And good service is also important.,neutral
7740,6,Are you in good health?,neutral
7740,7,I just had a complete physical examination and I am in top condition.,neutral
7740,8,Have you had any nursing experience?,neutral
7740,9,"Yes, I have two years of nursing experience, and now I am working as a nurse in a hospital.",neutral
7740,10,How tall are you? What about your eyesight?,neutral
7740,11,My height is one meter and sixty-eight centimeters. I've never had any vision problems.,neutral
7740,12,What would you say are your strengths and weaknesses?,neutral
7740,13,"One of my strengths is my friendliness and open-minded attitude and also I think I have a warm personality. But sometimes, I find it is hard to tell others when I don't like what they are doing.",neutral
7740,14,"If a passenger can't understand what you say, what should you do?",neutral
7740,15,I'll try to speak in another language or I'll try my best to use gestures and draw pictures.,neutral
7751,0,It's a beautiful day! Let's play on those rides in the park.,joy
7751,1,Sounds like a good idea. I love to play on the jungle gym.,joy
7751,2,Me too. I love to play on the swing as well. Swing is my favorite.,joy
7751,3,That's great. Then we won't fight over taking the same ride.,joy
7751,4,Look at the flowers over there. What are they?,neutral
7751,5,"They are morning glories. They are cute, aren't they?",neutral
7751,6,They are. We can find many different kinds of flowers and insects in the park.,neutral
7751,7,I think so. Last time I saw dandelions and ladybugs near the pond.,neutral
7751,8,"If you come to the park in the morning, you can find squirrels running on the lawn.",neutral
7751,9,It's really healthy to do some exercise there. The air is fresher and it's romantic to watch the sunset with your lover.,joy
7751,10,"Well, off we go. I am sure we can have a great time.",joy
7786,0,"We cannot avoid being asked questions in the interview. Sometimes, my mind goes blank.",neutral
7786,1,It is so terrible to be caught unaware.,neutral
7786,2,"Admittedly, you can get prepared in advance for the interview, but you cannot cover everything concerned.",neutral
7786,3,Sure. So you should know how to deal with the probable questions and then make flexible reply.,neutral
7786,4,"Firstly, your answer should go straight to the point, and be clear and brief.",neutral
7786,5,"State your opinion or argument first, and then go on with details.",neutral
7786,6,Never should you give an answer completely beside the point.,neutral
7786,7,"If you indeed don't know how to answer, admit it frankly.",neutral
7786,8,Pretending to know when you do not know may expose yourself to ridicule.,neutral
7786,9,Confirm the question if you don't catch it clearly.,neutral
7786,10,Try to avoid the possible duplicate answer if you can.,neutral
7786,11,It can help you leave a deep impression on the interviewer.,neutral
7788,0,"Can I help you, sir?",neutral
7788,1,"Yes. Fill it up, please.",neutral
7788,2,OK. What kind of gas do you want?,neutral
7788,3,I don't really know. I have just bought this new car. And it's the first time I've gotten gas for it.,neutral
7788,4,"We have regular, super, and premium gasoline. This is a new car, so I'd recommend premium.",neutral
7788,5,"Premium, please. Thanks. Please fill it up.",neutral
7788,6,"All right, sir. You will park at refueling 4.",neutral
7788,7,"OK, thanks.",joy
7788,8,Your car's ready.,neutral
7788,9,Good. How much does it come to?,joy
7788,10,"Ten gallons of premium. That's $ 18.56, please.",neutral
7788,11,OK. Here you are.,neutral
7788,12,"Thank you, sir. Have a nice drive!",joy
7808,0,Do you need help with something?,neutral
7808,1,I need help finding a new refrigerator.,neutral
7808,2,Do you see anything that you like?,neutral
7808,3,That Kenmore looks nice.,neutral
7808,4,That is a wonderful choice.,joy
7808,5,What makes is so great?,neutral
7808,6,"It's very inexpensive, and it has all the appliances.",neutral
7808,7,What appliances are you talking about?,neutral
7808,8,"The fridge and freezer is very spacious, and it also has an ice maker and water dispenser.",neutral
7808,9,May I take a look inside?,neutral
7808,10,Take a look inside.,neutral
7808,11,It's very nice. I'd like to purchase this refrigerator.,joy
7811,0,"Good afternoon, sales department.May I help you?",neutral
7811,1,"Could I speak to Mr Wood, please?",neutral
7811,2,"I'll see a piece available, who should I say is calling, please?",neutral
7811,3,John eng,neutral
7811,4,"Hold the line, please.Mr Wood is in the meeting with managing director at the moment I afraid.Can I help you?",neutral
7811,5,"Well, I want to discuss with them the new control we said last week.",neutral
7811,6,"I don't think the meet will go on much longer, should I ask him to call you when he is free.",neutral
7811,7,"Yes, that will be easiest.",neutral
7811,8,"Could I have your name again, please?",neutral
7811,9,"Yes, It's John eng.",neutral
7811,10,And the number?,neutral
7811,11,01088256798,neutral
7811,12,"Ok, you will be hearing from Mr Wood later in the afternoon then, Mr John.",neutral
7811,13,thank you for help.good bye.,joy
7811,14,"You are welcome, goodbye.",joy
7834,0,Why do you want to eat western food so much today? Anything special to celebrate? Did you get a promotion?,neutral
7834,1,"Honey, you really forgot about it? Think it over. It's a candlelight dinner.",neutral
7834,2,"It's not your birthday, also not mine. Hey, come on. Just tell me.",neutral
7834,3,"It's our wedding anniversary, honey. How can you forget about it?",neutral
7834,4,"My dear, tomorrow is our wedding anniversary. We've been together for 20 years. But you never change. Always so careless! Do you remember the thing that happened on our wedding day?",neutral
7834,5,Of course. I almost missed my own wedding.,neutral
7834,6,Yeah. Do you know that this restaurant used to be the teahouse where we first met?,neutral
7834,7,"Oh, really! It looks so different. Our old place turns into a brand new place.",joy
7834,8,Do you remember our first date? I got a really special gift.,neutral
7834,9,"I can never forget that. I bought you five candies, but I was so anxious that I forgot to give them to you. You didn't get them until we parted. Then they had already melted down for I held them the whole time.",joy
7834,10,"Yeah, it's really unforgettable. Thank you for making me happy all these years.",joy
7834,11,You are the one I should thank. You've done really great job.,joy
7851,0,"Sam, can we stop at this bicycle shop?",neutral
7851,1,Do you want to buy a new bicycle?,neutral
7851,2,"Yes, and they have a sale on now.",neutral
7851,3,What happened to your old one?,neutral
7851,4,"I left it at my parent's house, but I need one here as well. I've been using Jim's old bike but he needs it back.",neutral
7851,5,Let's go then.,neutral
7851,6,Look at this mountain bike. It is only £ 330. Do you like it?,neutral
7851,7,"I prefer something like this one - a touring bike, but it is more expensive.",neutral
7851,8,How much is it?,neutral
7851,9,The price on the tag says £ 565 but maybe you can get a discount.,neutral
7851,10,"OK, let's go and ask.",neutral
7889,0,"Hi, are you being helped?",neutral
7889,1,"No, I'm not. I am interested in some scarves.",neutral
7889,2,All our scarves are in this section. What do you think of this one here? It's made of silk.,neutral
7889,3,"Hm, It looks nice, but I ’ d like to have something warm for the winter.",joy
7889,4,Maybe you would like a heavy wool scarves. How about this one?,neutral
7889,5,I think that's what I want. How much is it?,joy
7889,6,It's 75 dollars plus tax.,neutral
7889,7,It's a little expensive. Do you think it's possible to get a discount?,neutral
7889,8,"Since you like it so much, how about a 10 % discount? That's the best I can offer.",neutral
7889,9,That's good. Could you wrap it for me?,joy
7889,10,Sure. Is there anything else I can get for you?,neutral
7889,11,"No, that should be it. Thank you!",joy
7905,0,"Good afternoon, sir. Gan I help you?",neutral
7905,1,"Good afternoon, I want to pick up a new shaver since the old one has retired.",neutral
7905,2,Which brand are you interested in?,neutral
7905,3,"I'm still not sure. The type with top quality, I guess. Well, which one do you recommend?",neutral
7905,4,Do you prefer imported ones or domestic ones?,neutral
7905,5,"It doesn't matter much. If it has high quality and reasonable price, it will be OK.",neutral
7905,6,How about Flymo? It's selling well.,neutral
7905,7,Do you have a warranty on it?,neutral
7905,8,Of course. The warranty period is one year.,neutral
7905,9,"If there's something wrong with it in a week, can I come back to change it?",neutral
7905,10,"Sure. But you must show us the receipt. If something comes up, we'll change it for you.",neutral
7905,11,OK. I'll take one.,joy
7919,0,What does a housing go for in south mountain district?,neutral
7919,1,It depends on the type of the house you're looking for.,neutral
7919,2,We ’ re looking for a three-bedroom home.,neutral
7919,3,What ’ s your general price range?,neutral
7919,4,"Under 300,000 RIB, we suppose.",neutral
7919,5,"Umm, I think I would be hard to find something in that range in this area. You know the environment in the south mountain district is the nicest.",neutral
7919,6,What about a two-bedroom house?,neutral
7919,7,"A two-bedroom house in this area is generally around 250,000 RIB.",neutral
7919,8,I see.,neutral
7919,9,"I recommend you buy a two-bedroom house. It is very suitable for a couple, and some two-bedroom houses are large enough for a one-child family.",neutral
7919,10,"Okay, I will take it into consideration.",joy
7928,0,What are you going to have for breakfast?,neutral
7928,1,I just have some cereal each morning.,neutral
7928,2,You're supposed to always have a hearty breakfast.,neutral
7928,3,I don't always have time to make breakfast.,neutral
7928,4,It's easy to make a quick breakfast.,neutral
7928,5,What do you have for breakfast?,neutral
7928,6,"When I need to make a quick breakfast, I just make some oatmeal, toast, and OJ.",neutral
7928,7,That's a good idea.,joy
7928,8,It's not time consuming at all.,neutral
7928,9,It doesn't take much time to make?,neutral
7928,10,Would you like me to make something?,neutral
7928,11,Why don't you make me some oatmeal and toast?,neutral
7936,0,"Welcome to ABC electronics. First, let me go over what we do in the department during a typical workday.",neutral
7936,1,"Ok. I understand that we basically work form 8: 30 to 5:30 with an hour-long lunch break from 12 to 1, right?",neutral
7936,2,"That ’ s right, although we do expect you to do a little overtime if there ’ s something important to do. The lunch break is flexible. You can go a little earlier or a little later if you prefer.",neutral
7936,3,That ’ s fine. Is it OK to have a coffee break during the working day?,neutral
7936,4,Of course. The main thing is that all our work must be completed on schedule. We even allow our employee to go home early if they finish their work early.,neutral
7936,5,How often do you have meetings?,neutral
7936,6,You should attend a department meeting every Monday morning. There are other meetings for people working together on certain projects.Department heads also attend an interdepartmental meeting each wee,neutral
7936,7,I ’ Ve met some of my colleagues already. I ’ m sure we ’ ll get on well together.,neutral
7936,8,You are entitled to a company car. Have you seen it yet?,neutral
7936,9,I was told to take a look at it this afternoon and take care of all the paperwork.,neutral
7936,10,"Ok. This is your cubicle. At first, you ’ ll be responsible to me. Later, you ’ ll be working more independently.",neutral
7936,11,"That ’ s fine. I need to learn how you do things here first. Salaries are paid directly in to our bank account, aren ’ t they?",neutral
7936,12,That ’ s right. Make sure you give the accounts department all your bank account details as soon as possible.,neutral
7964,0,"Hello, this is Shogun Restaurant.",neutral
7964,1,"Hello, I need to make a dinner reservation.",neutral
7964,2,Can you tell me what night you will be coming?,neutral
7964,3,We will be coming to your restaurant on Tuesday night.,neutral
7964,4,What time will you be dining with us?,neutral
7964,5,Our first choice would be 7,neutral
7964,6,How many guests will be in your party?,neutral
7964,7,Four of us will be coming.,neutral
7964,8,"Please just give me your name, and at 7",neutral
7964,9,Great! Our last name is Foster.,neutral
7964,10,"Thank you, Mr. Foster, see you this Tuesday at 7",joy
7964,11,I look forward to having dinner at your restaurant. Thank you for your help.,joy
7966,0,When can I get high speed internet installed?,neutral
7966,1,You're going to have to make an appointment.,neutral
7966,2,Can I make one right now?,neutral
7966,3,When would you like the installation to be done?,neutral
7966,4,I'm off this Friday.,neutral
7966,5,The only time we can come on Friday is at 3,neutral
7966,6,I'm going to need it installed earlier than that.,neutral
7966,7,"I'm sorry, but we're booked up on Friday.",sadness
7966,8,Is Saturday any better?,neutral
7966,9,Saturday is perfect. What time would you like?,joy
7966,10,Is 11,neutral
7966,11,That's perfect. See you on Saturday.,joy
7973,0,Who is the next?,neutral
7973,1,I am.,neutral
7973,2,"All right. Over here, sir. How are you today?",neutral
7973,3,"Fine, thanks.",neutral
7973,4,How do you want you hair cut?,neutral
7973,5,Don't make it too short. I just want a trim.,neutral
7973,6,"Yes, sir. I will use the scissors.Do you always part your hair on the left?",neutral
7973,7,"Yes, I do.That looks good. It's not too short.It's just right. How much do I owe you?",joy
7973,8,That will be 3.50 dollars.,neutral
7973,9,"Here is 4 dollars, keep the change.",neutral
7973,10,Thank you very much. Come back to see us.,joy
7974,0,Where do you think we should go on holiday this summer?,neutral
7974,1,"We, I ’ d like to go to Australia. I know it ’ s far to go, but I think it would be something different and special.",neutral
7974,2,I ’ d really like to go to the Caribbean. We can relax on the beached and enjoy the sunshine.,neutral
7974,3,"There are beaches in Australia too, but I would prefer a more active holiday this year. We could visit Ayers rock and the great barrier reef. It would be so exciting.",neutral
7974,4,But would it be relaxing? By summer. I ’ ll be quite tired from doing so much work. The last thing I need is to use more energy racing around Australia. I ’ d need another holiday to recover from the holiday!,neutral
7974,5,"Oh, come on! A tour of Australia would be relaxing because you ’ d be doing something different and not working.",neutral
7974,6,"Do you think so? I ’ m not so sure. Anyway, tell me your plans for an Australian holiday. How long do you think we should spend there?",neutral
7974,7,I think we should go for two weeks. We could spend a week in the bush and a week at the great barrier reef-including a few day on the beach for tired office workers!,neutral
7974,8,That doesn ’ t sound too bad. I ’ d certainly like to go diving. That ’ s one reason I wanted to go to the Caribbean.,neutral
7974,9,"We could hire a car and travel around the interior of Australia for several days. If we hire a car, we can go where we like.",neutral
7974,10,We ’ d have to plan our drive before we leave. Let ’ s get a good guidebook from the bookstore when we go shopping in town tomorrow.,neutral
7974,11,It looks like I might have convinced you to go to Australia!,neutral
7992,0,"To get around your difficulty, Mr. Brown, I'd suggest that you reduce your order by half. You can send in an Addi trional order later.",neutral
7992,1,"Well, I'll consider the possibility. By the way, when do I open the L / C if I want the goods to be delivered in June?",neutral
7992,2,A month before the time you want the goods to be delivered.,neutral
7992,3,Could you possibly effect shipment more promptly?,neutral
7992,4,"Getting the goods ready, making out the documents and booking the shipping space - - all this takes time, you know. You cannot expect us to make delivery in less than a month.",neutral
7992,5,"Very well, Mrs.Wang. I'll not reduce my order. I'll take the full quantity you offer. And I'll arrange for the Letter of Credit to be opened in your favor as soon as I get home.",neutral
7992,6,When will that be?,neutral
7992,7,"Early next week. In the meantime, I should be very pleased if you would get everything ready. I hope that the goods can dispatched promptly after you get my Letter of Credit.",neutral
7992,8,"You can rest assured of that. We'll book you order and inquire for the shipping space now, so that shipment can be effected within two or three weeks of receipt of your L / C.",neutral
7992,9,That'll be fine. I appreciate your cooperation.,joy
7992,10,"Very good. Well, thanks to your cooperation, our discussion has been very pleasant and fruitful. I sincerely hope that the volume of trade between us will be even greater in the future.",joy
7992,11,"By the way, Mrs. Wang, we have a mind to do joint participation with you on Japanese arts and crafts in our market. Would you entertain this proposal?",neutral
7992,12,"Well, this is something new. A few of our friends from Europe have also suggested that we participate in joint enterprise with them dealing in some of our goods. We think there are a lot of details to go into.",neutral
7992,13,"If you feel our proposal is attractive, it is estimated that business to the extent of over twenty million marks can be done in this manner.",neutral
7992,14,"Naturally, I appreciate your efforts in pushing the sale of Japanese arts and crafts. But I'm not in a position to discuss your proposal today. I must first talk to our director, and discuss it with you some other time.",neutral
7992,15,"All right. Anyway, I'll be staying here for another two weeks. But I'm looking forward to having something done in this respect.",neutral
7992,16,"We'll talk about it next time. Now that everything is settled, let's have a cup of tea, and take our minds off business for a change.",joy
7995,0,"Hi, Mary, I have decided to look for a job as a salesman.",neutral
7995,1,Good! Have you got the recruitment information on marketing?,neutral
7995,2,Yes. I have found some through different channels.,neutral
7995,3,Really? That's great! Tell me.,surprise
7995,4,"OK. The first piece of job information I got was from the Internet, and it is about selling medicines.",neutral
7995,5,What do you think of this job?,neutral
7995,6,"I am not familiar with the medicine industry, and I don't think it fits me well.",neutral
7995,7,Then how about the others?,neutral
7995,8,"Another is about electronic commerce, and its products are mainly large machinery equipments.",neutral
7995,9,"I have heard about electronic commerce, and many people say it has good prospects for development.",neutral
7995,10,I also feel it's nice. I want to give it a try.,neutral
7995,11,Come on! I believe you will succeed.,joy
7995,12,Thanks. You can also seek job information on the Internet.,joy
7995,13,Good idea. I will think it over.,joy
7996,0,Do you know how late it is?,anger
7996,1,My fault. I didn't realize what time it was.,neutral
7996,2,I hope you don't think that excuse lets you off the hook.,neutral
7996,3,Not really. I'm telling the truth.,neutral
7996,4,Haven't I asked you to call if you're going to be home late?,anger
7996,5,"This is true, but it must've slipped my mind.",neutral
7996,6,"Regardless, all you had to do was give a call.",neutral
7996,7,I know. I should've called.,neutral
7996,8,"Come home late one more time, and you'll find your stuff outside.",anger
7996,9,You want to throw me out over this?,surprise
7996,10,"That's right, maybe then you'll respect my rules.",neutral
7996,11,"That's fine, because if I leave, then your rules won't matter.",anger
7997,0,"You heard who won the election, didn ’ t you?",neutral
7997,1,Yeah. I am so excited that Obama won.,joy
7997,2,I ’ m so happy that he did.,joy
7997,3,That man just made history.,neutral
7997,4,Did you vote for him?,neutral
7997,5,I sure did! What about you?,neutral
7997,6,Of course I did!,neutral
7997,7,I am still in shock to know that he was elected.,neutral
7997,8,"I am, too!",neutral
7997,9,I pray that he actually makes things better in this country.,neutral
7997,10,I ’ m sure that he will.,neutral
7997,11,"I know he will, too.",neutral
8000,0,May I help you? Miss!,neutral
8000,1,Yes. I'd like to look at lipstick and eye shadow.,neutral
8000,2,What color set do you prefer?,neutral
8000,3,"Well, brown.",neutral
8000,4,We have a beautiful selection of eye shadows this fall. Look at the colors. Aren't they beautiful?,neutral
8000,5,But they're purple. I prefer a brown set.,neutral
8000,6,"If you insist, I can show you the brown sets. I'll have to warn you that they're very ordinary, though.",neutral
8000,7,"Well, I'm not so sure. Most of my make-up is brown.",neutral
8000,8,Why don't you wear purple eye shadow for a change? We also have lipstick to go with it.,neutral
8000,9,Can I try it?,neutral
8000,10,Sure. Are you wearing any make-up?,neutral
8000,11,No.,neutral
8000,12,"Have a seat, please. Now, here is the mirror. How do you like it?",neutral
8000,13,"Not bad. Actually, it makes me look younger. I like it.",joy
8000,14,"Try the lipstick as well. See, how fresh and charming you look.",neutral
8000,15,You're right. I'll take them all.,joy
8003,0,Sorry to bother you. But I ’ m having a small problem I thought you might be able to help me with.,sadness
8003,1,"Sure Paula, shoot!",neutral
8003,2,"Well, it is about Ms. Connors, the landlord of our rented house.",neutral
8003,3,"Yeah, What happened?",neutral
8003,4,The dishwasher broke down. I had the repair done and deducted the cost from the rent check.,neutral
8003,5,And so...,neutral
8003,6,She is threatening to evict us for not paying the full rent.,neutral
8003,7,"Hold on, Paula. It does sound pretty serious. But I ’ m sure you can work this out.",neutral
8003,8,"Well, you are over at the law school. So I wondered if you would mind coming with me when we talk to Ms. Connors. We ’ re supposed to meet with her tomorrow night at eight.",neutral
8003,9,"Sure, I ’ d be glad to help you straighten things out. Why don ’ t I stop by at about seven thirty?",joy
8003,10,"Thanks a million, you are a lifesaver.",joy
8017,0,"Is there anything I could help you with, sir?",neutral
8017,1,"Yes, could you show me to your coat section?",neutral
8017,2,"This way, please.",neutral
8017,3,"Oh, These are exactly what I ’ m looking for.",joy
8017,4,"These are French coats, sir.They are quite fashionable these days.",neutral
8017,5,I'd like to try them on for size.,neutral
8017,6,"How does that fit, sir?",neutral
8017,7,This seems to be my size.,joy
8017,8,It looks good on you.,joy
8017,9,Do you really think so?,neutral
8017,10,I'd get it myself if I could.,neutral
8017,11,"Alright, I'll get it.",joy
8037,0,"Excuse me, sir, this is the express check-out lane for people that have fifteen items or fewer. It looks like you have more than fifteen items there.",neutral
8037,1,"Oh, come on! I have sixteen items! Cut me some slack, will ya?",neutral
8037,2,Fine! Please place your items on the belt and push your shopping cart through. Do you prefer paper or plastic?,neutral
8037,3,Plastic. I also have a couple of coupons.,neutral
8037,4,"No problem, I ’ ll take those. Sir, these coupons expired yesterday.",neutral
8037,5,"Darn! Oh, well. I guess it ’ s just not my day. Thanks anyway.",anger
8037,6,Do you have a club card or will it be cash?,neutral
8037,7,Yeah I got a club card. Here you go.,neutral
8037,8,Will this be debit or credit?,neutral
8037,9,"Debit please. Also, could I get cash back? Fifty dollars would be great.",neutral
8037,10,"Yeah, sure. Your total is seventy-eight dollars and thirty-three cents. Here is your receipt. Have a nice day.",joy
8055,0,I am a reporter from Channel 5 News.,neutral
8055,1,What ’ s up?,neutral
8055,2,Could I ask you some questions?,neutral
8055,3,"Sure, you can.",neutral
8055,4,Did you vote today?,neutral
8055,5,I sure did!,neutral
8055,6,What candidate did you vote for?,neutral
8055,7,I can ’ t disclose that information.,neutral
8055,8,Why is that?,neutral
8055,9,My vote is my own private business.,neutral
8055,10,I understand.,neutral
8055,11,I voted for our next President.,neutral
8065,0,I would love to rent out your apartment.,neutral
8065,1,That ’ s great.,joy
8065,2,How much is the rent?,neutral
8065,3,The rent each month is $ 1050.,neutral
8065,4,That ’ s a lot of money.,neutral
8065,5,Did you have a better price in mind?,neutral
8065,6,What about $ 800?,neutral
8065,7,That ’ s way too low.,neutral
8065,8,I can ’ t pay much more than that.,neutral
8065,9,How about $ 900 a month?,neutral
8065,10,That would be fine.,joy
8065,11,Great. It was a pleasure doing business with you.,joy
8067,0,I'm hungry. Let's go to the snack bar.,neutral
8067,1,"ok, what unusual food do you want to try?",neutral
8067,2,I am going to try Gado Gado.,neutral
8067,3,what's that?,neutral
8067,4,it's a kind of rice ball that is made in Malaysia. What about you?,neutral
8067,5,I don't know. I don't know what most of this food is!,neutral
8067,6,"do you want noodles, vegetables, rice, meat, seafood, beans, or dessert?",neutral
8067,7,I'd like to have some vegetables first.,neutral
8067,8,have you ever tried tempura?,neutral
8067,9,"no, what is it?",surprise
8067,10,"it's deep fried vegetables, which is commonly eaten in Japan.",neutral
8067,11,what do you use to eat it?,neutral
8067,12,"most people eat tempura with chopsticks, but you can use a fork if you don't know how to use chopsticks.",neutral
8067,13,that sounds great. Do you know if there are any vegetable dishes that are spicy?,joy
8067,14,"let me think. You could get an Indian or Thai vegetable curry, or you could get some Kimchi.",neutral
8067,15,I'll try all of those. How do you know so much about International food?,neutral
8067,16,I used to buy lunch every day from the International food stall at school. Every day was an adventure!,joy
8068,0,Would you like to see our new shirts?,neutral
8068,1,"Sorry, but I'm not really that interested in those things.",sadness
8068,2,"Well, they are very nice you know.",neutral
8068,3,Really?,neutral
8068,4,And not expensive either.,neutral
8068,5,"Oh, I don't care about that.",neutral
8068,6,Everybody is buying them.,neutral
8068,7,Are they?,neutral
8068,8,"Yes, they are very fashionable, you see.",neutral
8068,9,I am afraid I am not interested in fashion.,sadness
8068,10,I see.,neutral
8068,11,But thank you very much all the same.,neutral
8068,12,Sorry I couldn't help you.,sadness
8087,0,Do you like reading magazines?,neutral
8087,1,"No, I don't.",neutral
8087,2,Why?,neutral
8087,3,Because I think it's boring,neutral
8087,4,"No, you can learn a lot from them.",neutral
8087,5,Learn a lot? Really?,neutral
8087,6,Absolutely. And it's a good way to kill time during the tour.,neutral
8087,7,Do you have magazines now?,neutral
8087,8,"Yes, I do.",neutral
8087,9,Can you lend me one?,neutral
8087,10,Sure. Here you are.,joy
8098,0,I think I'm going to go to the market today.,neutral
8098,1,Do we need food?,neutral
8098,2,"Yeah, I think so.",neutral
8098,3,What are you going to get?,neutral
8098,4,I'm not sure what we need.,neutral
8098,5,Maybe you should go and look in the refrigerator.,neutral
8098,6,"Could you do it for me, and write out a list of things that we need?",neutral
8098,7,Just get the basics.,neutral
8098,8,Like what?,neutral
8098,9,"You know. Get some eggs, milk, and bread.",neutral
8098,10,"Just go and make a list for me, please.",neutral
8098,11,"Fine, I'll go do that for you.",neutral
8113,0,Are you voting tomorrow?,neutral
8113,1,Of course. What about you?,neutral
8113,2,You know that I am.,neutral
8113,3,Where is your polling place?,neutral
8113,4,It ’ s at the park up the street.,neutral
8113,5,"Oh, is that right?",neutral
8113,6,Where ’ s your polling place?,neutral
8113,7,I have no idea.,neutral
8113,8,How come you don ’ t know where it is?,surprise
8113,9,Nothing came in the mail telling me my polling place.,neutral
8113,10,You should check online.,neutral
8113,11,"Oh, really? Thanks, I ’ m going to do that right now.",joy
8159,0,I would like to get my driver's license today.,neutral
8159,1,You will have to take your driving test. Have you taken it yet?,neutral
8159,2,I haven't taken it yet.,neutral
8159,3,"Could you fill these papers out, please?",neutral
8159,4,Can I take my test right now?,neutral
8159,5,You need an appointment.,neutral
8159,6,"I would like to do that right now, if I could.",neutral
8159,7,Is Friday good for you?,neutral
8159,8,That's perfect.,joy
8159,9,"Okay, so Friday at what time?",neutral
8159,10,The morning would be nice.,neutral
8159,11,All right. Come in on Friday at 11,neutral
8160,0,"Have you moved into your new house yet, Michael?",neutral
8160,1,"We just moved in yesterday, actually.",neutral
8160,2,"So, what do you think about the place? Are you glad that you moved in?",neutral
8160,3,"It's great! Unfortunately, we're going to spend a fortune doing everything up.",joy
8160,4,How old is the house then?,neutral
8160,5,It's about 200 years old. It has a lot of history!,neutral
8160,6,Sounds fascinating. Where is your new house located?,joy
8160,7,It's just off of the ring road.,neutral
8160,8,Do you have a big yard?,neutral
8160,9,"It's bigger than our last one. I've got flowers in the front, and fruits, vegetables and a fish pond in the back.",neutral
8160,10,Is your house well-lit?,neutral
8160,11,"Oh, yes. Our windows let plenty of natural light in. They've also got wonderful views of the park behind our house.",neutral
8160,12,How many rooms does your house have?,neutral
8160,13,"Right now, there are three bedrooms, two barrooms, a kitchen, a sitting room, a dining room, and a living room. We're hoping to add on a green room and a guest bedroom. In fact, when the guest bedroom is ready, you should come and stay with us for a weekend.",neutral
8160,14,I'd be up for that!,joy
8163,0,"Hello, come in, I've been waiting for you.",neutral
8163,1,"Than you, I'm not late, am I?",neutral
8163,2,"No, no, no, not at all.It's just that I've been looking forward to meeting you.",neutral
8163,3,"Well, thank you, but it's not all that hard to do, you know. I've been calling your office and sending you proposals for about two years now, and you've never responded before.",neutral
8163,4,"Ha, ha, ha! Yes, I guess I deserved that. Let me explain, okay?",neutral
8163,5,"Please, I wish you would.",neutral
8163,6,"Well, as you probably know I buy from a selected group of suppliers and don't, as a rule, deal with new people.",neutral
8163,7,"Yes, I know that. It's why Ive been trying to become one of those suppliers. I hear you're a good man to do business with.",neutral
8163,8,"I'm very old-fashioned. I believe in loyalty.Once I start a sales relationship with someone, I stay with him or her, and we so most of our business on the phone. I expect their absolute best price possible and don't haggle.But if I find out they screwed me over, then I find another supplier.",neutral
8163,9,That's pretty much what I heard.,neutral
8163,10,"Well, those are my terms. As long as you honor them, we do business.If you break faith and try to take advantage, I'll find someone else to work with. Can you live with that?",neutral
8163,11,"No problem at all, Mike. Just give me the chance.",neutral
8173,0,Can I help you with something?,neutral
8173,1,I need to cancel one of my accounts.,neutral
8173,2,Is there a problem with it?,neutral
8173,3,I don ’ t need it anymore.,neutral
8173,4,What would you like to do with all the money in this account?,neutral
8173,5,Just transfer it over to my remaining account.,neutral
8173,6,I can do that.,neutral
8173,7,That would be great.,neutral
8173,8,Do you want to take any money out?,neutral
8173,9,Not today.,neutral
8173,10,It ’ s going to take a moment for me to cancel your account.,neutral
8173,11,That ’ s fine. Take your time.,neutral
8183,0,"Excuse me, can I have your passport, your immigration form and your Customs Declaration Form, please?",neutral
8183,1,OK. Here you are.,neutral
8183,2,How long will you be staying at Hotel in China?,neutral
8183,3,About three weeks.,neutral
8183,4,And what's the purpose of your visit?,neutral
8183,5,Sightseeing.,neutral
8183,6,And where will you be staying?,neutral
8183,7,At the Friendship Hotel in Beijing.,neutral
8183,8,"OK. Could you put your hand baggage on the counter, please? Do you have any gifts, or food in here?",neutral
8183,9,"Yes, I have some fresh apples in my suitcase.",neutral
8183,10,"I'm sorry, sir, you can't bring fresh fruit into China. I'm going to have to confiscate these.",neutral
8183,11,"Oh, that's too bad.",sadness
8184,0,"Well, Yuri, tell me about it.",neutral
8184,1,"I'm sorry I can't bring better news, sir. The site is a disaster.",neutral
8184,2,That's what I was afraid of.,neutral
8184,3,"It is not only the earthquake, sir. But the mudslides.Much of the north half of the site has been covered over by mud.",neutral
8184,4,Mud? But Ivan told me there were no mudslides in that district. I thought all the mudslides were down in Chichitango.,surprise
8184,5,"That's what we thought, sir. That's what the news reported.But there was one little mudslide in our district too. Right above our site.",neutral
8184,6,"Oh, that's terrible! What bad luck! I wish we had never come to this country.But, if it isn't the strikes and the revolutionaries, it's the earthquakes.Our operations here are finished!",sadness
8184,7,"I'm sorry, sir.",sadness
8184,8,"It's not your fault, Yuri.But tell me. When will Ivan be able to get out there?",neutral
8184,9,"Well, it took me about nine hours to get back here by car.If Ivan leaves tonight, I think he should be there by tomorrow lunch.",neutral
8184,10,Good. I want an estimate of damages as soon as possible.,neutral
8184,11,But sir...,neutral
8184,12,"Yes, Yuri?",neutral
8184,13,I wouldn't recommend sending Ivan now.Especially not at night. The roads aren't safe.,neutral
8184,14,Has the earthquake damaged the bridges too?,neutral
8184,15,"No, sir. The bridges are fine.But I've heard rumors that the revolutionaries are coming down from the mountains.There has been fighting, sir.",neutral
8184,16,Are you serious? Fighting? But I didn't hear anything on the news.,neutral
8184,17,"You know the government controls the press here, sir. They don't want it reported.",neutral
8184,18,"Oh, this is terrible, Yuri. Terrible! So we can't even assess the damages. How can we do business in this country? Either we're buried under mud, or we're in danger of getting kidnapped.No, I can't believe this mess!",sadness
8184,19,"I'm sorry, sir.",sadness
8184,20,"You don't have to keep saying that, Yuri. It's not your fault.But me--I'm the one who should be sorry.It was me who suggested operations here in the first place! Oh, what can we do?",sadness
8188,0,"Hello sir, how can I help you?",neutral
8188,1,"Yes, I need this prescription please.",neutral
8188,2,"Let ’ s see. Okay, so 50 mg of Prozac, would you prefer this in capsule or tablet?",neutral
8188,3,Capsules are fine.,neutral
8188,4,"Okay, you should take 1 capsule 3 times a day. Be sure not to take it on an empty stomach, and also, don ’ t ever mix it with alcohol!",neutral
8188,5,"Yes, I know. It ’ s not the first time I ’ m taking this! Don ’ t worry, I won ’ t overdose!",neutral
8188,6,"Okay, anything else I can get you?",neutral
8188,7,"Oh, yes, I almost forgot! Can I also get some eye drops and um, some condoms?",neutral
8188,8,Sure. Darn condoms aren ’ t registered in our system.,neutral
8188,9,"Oh, well that ’ s okay, I ’ ll get some later, thanks... Really it ’ s no problem.",neutral
8188,10,Just hang on there a sec. Can I get a price check on ” Fun Times Ribbed Condoms ” please!,neutral
8215,0,"Excuse me? Can you do me a favor, please?",neutral
8215,1,"It's my pleasure, what can I do for you?",joy
8215,2,I'm from England and I'm trying to make a travel plan for today.,neutral
8215,3,What brings you here?,neutral
8215,4,I'm a flight attendant and I'm here on vacation.,neutral
8215,5,Where are you staying?,neutral
8215,6,I live in the Holiday Inn Lido Hotel.,neutral
8215,7,"Oh, it's not very far. And as far as I know it is a fancy place.",neutral
8215,8,"Yes, it is. Do you know where I can get a town map?",neutral
8215,9,"We sell them, right here.",neutral
8215,10,"Great, do you have any for foreigners? I mean English version?",joy
8218,0,"This is our rock - bottom price, Mr. Li. We can't make any further concessions.",neutral
8218,1,"If that's the case, there's not much point in further discussion. We might as well call the whole deal off.",neutral
8218,2,What I mean is that we'll never be able to come down to your price. The gap is too great.,neutral
8218,3,I think it unwise for either of us to insist on his own price. How about meeting each other half way so that business can be concluded?,neutral
8218,4,What is your proposal?,neutral
8218,5,"Your unit price is 100 dollars higher than we can accept. When I suggested we meet each other half way, I meant it literally.",neutral
8218,6,Do you mean to suggest that we have to make a further reduction of 50 dollars in our price? That's impossible.,neutral
8218,7,What would you suggest?,neutral
8218,8,The best we can do will be a reduction of another 30 dollars. That'll definitely be rock bottom.,neutral
8218,9,"That still leaves a gap of 20 dollars to be covered. Let's meet each other half way once more, then the gap will be closed and our business completed.",neutral
8218,10,"You certainly have a way of talking me into it. All right, let's meet half way again.",neutral
8218,11,I'm glad we've come to an agreement on price. We'll go on to the other terms and conditions at our next meeting.,neutral
8218,12,"Yes, there's one other point I wish to clear up.",neutral
8218,13,What is it?,neutral
8218,14,My friends in business circles all seem to be of the opinion that the U. S. import and export corporations have become more flexible in doing business recently.,neutral
8218,15,"Yes, they're right. In fact, we have either restored or adopted international practices in our foreign trade.",neutral
8218,16,"I'm glad to hear that. With a view to expanding and further enhancing the bilateral relations between our two parties, and in particular, exchanging timely views on specific problems in the execution and enforcement of contracts, is it possible for us to have a representative that could stay permanently in Washing - ton D. C.?",neutral
8218,17,"Basically speaking, yes, we welcome the establishment of repry - tentative offices by foreign companies in Washington D. C. Of course, there are more details to be attended to. We cannot settle it in a few words.",neutral
8218,18,"Yes, of course. I'll call my home office tonight and let them know about it. When do we meet again?",neutral
8218,19,How about tomorrow morning at 9?,neutral
8218,20,"Good. I'll come back tomorrow, and we can then discuss it more specifically.",neutral
8248,0,"What can I do for you, sir?",neutral
8248,1,What have you got this morning?,neutral
8248,2,"Fruit juice, cakes and refreshments, and everything.",neutral
8248,3,"I'd like to have a glass of tomato juice, please.",neutral
8248,4,"Any cereal, sir?",neutral
8248,5,"Yes, a dish of cream of wheat.",neutral
8248,6,And eggs?,neutral
8248,7,"Yes, bacon and eggs with buttered toast. I like my bacon very crisp.",neutral
8248,8,How do you want your eggs?,neutral
8248,9,"Fried, please.",neutral
8248,10,"Anything more, sir?",neutral
8248,11,"No, that's enough. T hank you.",joy
8251,0,Hi Sam.,neutral
8251,1,Hi Chris. I am glad to see you. Can you help me with my new computer?,neutral
8251,2,When did you buy your new computer?,neutral
8251,3,I bought it yesterday afternoon and they delivered it this morning at 10:45.,neutral
8251,4,So what's the problem?,neutral
8251,5,I am not sure. I just can't connect to the net.,neutral
8251,6,Can I have a look?,neutral
8251,7,"Of course, come in.",neutral
8251,8,Oh this is the new little EEE notebook from Asks. How much did you pay?,neutral
8251,9,It was only 345 pounds.,neutral
8251,10,Very nice. I am sure we will sort out your Internet in no time.,joy
8251,11,"I am on my way to the doctor now, but I should be back in about 45 minutes. Can I come back at around 3:15?",neutral
8251,12,That will be perfect.,joy
8257,0,"Hello! I'd like to get busy on my computer, but I need some broadband.",neutral
8257,1,There's an Ethernet cable in your room. Just plug it into the back of your laptop.,neutral
8257,2,Uh-oh! I can't use Ethernet. My computer is wireless only.,neutral
8257,3,That's okay. I can tell you about some alternatives we have.,neutral
8257,4,Any alternative that works will be great.,neutral
8257,5,"Well, there's our computer lab on the first floor.",neutral
8257,6,That sounds good. What's the charge?,neutral
8257,7,"The lab and the computers are no charge, but you have to pay for whatever you print.",neutral
8257,8,"That sounds good. Now, how about the other alternatives?",neutral
8257,9,"Of course. Our lobby is set up for wireless, so just bring your computer down here.",neutral
8257,10,"Use my laptop in the lobby? That's great! Now, if I need to print something there?",neutral
8257,11,"They plan to install a printer here. But until then, you'll have to use the lab.",neutral
8258,0,I have to do some shopping.,neutral
8258,1,What are you going to look for?,neutral
8258,2,I'm trying to buy a new bedroom set.,neutral
8258,3,What store are you going to?,neutral
8258,4,I'm not sure.,neutral
8258,5,You don't know?,neutral
8258,6,I have no idea where to find one.,neutral
8258,7,Would you like me to tell you where I got mine.,neutral
8258,8,I would appreciate that.,neutral
8258,9,I went to get mine from IKEA.,neutral
8258,10,Is the furniture at IKEA cheap?,neutral
8258,11,"They're not cheap, but neither is their furniture.",neutral
8263,0,Thank you for purchasing your new mattress with us.,neutral
8263,1,"No, thank you.",neutral
8263,2,Would you like us to deliver the mattress for you?,neutral
8263,3,That would be great.,neutral
8263,4,When do you want it delivered?,neutral
8263,5,I need it delivered tomorrow. Will that be possible?,neutral
8263,6,What time exactly?,neutral
8263,7,I need it delivered at 12.,neutral
8263,8,We can have it to you at that time.,neutral
8263,9,That's not a problem?,neutral
8263,10,We will deliver your mattress tomorrow at 12 o'clock.,neutral
8263,11,That's great! Thank you very much.,joy
8266,0,I'm so tired! I don't know how I'm going to make it through this lecture.,neutral
8266,1,the professor is a bit boring today. You need something to perk yourself up. How about a coffee?,neutral
8266,2,"I don't really like coffee, to be honest. It's too bitter for me.",neutral
8266,3,"well, you need something to wake you up. How about a soda?",neutral
8266,4,most some drinks have too much sugar in them.,neutral
8266,5,"the diet sodas don't have any caffeic in them, which one would you like?",neutral
8266,6,I like diet sprite. Does that have any caffeine in it?,neutral
8266,7,"unfortunately, it doesn't. how about some diet coke?",neutral
8266,8,I don't care for coke. I heard that coke was first used as a medicine and I don't like medicine. What else has caffeine?,neutral
8266,9,maybe you should try a cappuccino or a latte ; they taste much better than plain brewed coffee.,neutral
8266,10,maybe. How about a mochaccino? Are they any good?,neutral
8266,11,you'll love that. It's just a shot of espresso beans mixed with steam milk and some chocolate syrup.,joy
8266,12,"that's perfect! Would you like one, too? My treat.",joy
8266,13,"thanks, but I'll stick with some jasmine tea. I'm trying to watch my diet.",joy
8303,0,"Can I help you, Miss?",neutral
8303,1,Do you have anything which can prevent wrinkles and freckles?,neutral
8303,2,What is your skin type?,neutral
8303,3,My skin is kind of oily.,neutral
8303,4,This nutrition cream is for anti-wrinkling and whitening which is a newcomer brand.,neutral
8303,5,How much is it?,neutral
8303,6,"$ 60.The price is reasonable for its large quantity. What's more, there are some gifts attaching for you.",neutral
8303,7,Sounds good. What are the gifts attaching?,joy
8303,8,You can take one tonic or hand cream.,neutral
8303,9,I will choose the tonic.,neutral
8303,10,"No problem. You can try this kind of gel which can prevent freckle, the effect will be better if you use this powder foundation applied with it.",joy
8303,11,That's the very thing I want.,joy
8322,0,I can't stand the stupid guy any longer. It's unbelievable.,anger
8322,1,"Oh, my dear lady, take it easy. You should forgive a green hand like him.",neutral
8322,2,He does everything so mindlessly that he is going to drive me crazy.,anger
8322,3,I suggest you talk with him and teach him how to deal with the problems.,neutral
8322,4,"I've told him how to do that several times, but he's never listened to me.",anger
8322,5,"Maybe you should communicate with him just like a friend, not a boss.",neutral
8322,6,"Oh, I always have difficulty in getting along with the staff.",sadness
8322,7,Just take them for your good friends and have a talk with them as we do. Make sure you won't lose your temper!,neutral
8322,8,"Oh, so bad. I'm afraid I'll change the image of myself.",neutral
8322,9,"No, it's unnecessary. Just respect the staff and their own opinions.",neutral
8322,10,"But sometimes they offer some useless proposals, it's awfully useless.",neutral
8322,11,"Oh, no one is perfect.",neutral
8322,12,That's right. I should speak to them in a polite way.,neutral
8322,13,We have the equal partnership in team.,neutral
8322,14,Thanks very much and you're very eloquent.,joy
8322,15,Thanks for saying that.,joy
8342,0,"Hello, it's nice to meet you.",neutral
8342,1,I'm glad we're meeting today. Thank you.,joy
8342,2,You're welcome.,joy
8342,3,I would like to talk to you about your daughter.,neutral
8342,4,Is there a problem?,neutral
8342,5,"No, your daughter is great.",joy
8342,6,That's great news.,joy
8342,7,Your daughter is a wonderful student.,joy
8342,8,She isn't messing up in class?,neutral
8342,9,Of course not. Your daughter is smart and very well behaved.,joy
8342,10,"Well, I'm so glad to hear that she's doing well.",joy
8342,11,It is my pleasure to have her in my class.,joy
8360,0,You're here today to argue your ticket?,neutral
8360,1,I am.,neutral
8360,2,Plead your case.,neutral
8360,3,The police officer that pulled me over said I was speeding.,neutral
8360,4,Were you speeding when you got pulled over?,neutral
8360,5,I was not speeding.,neutral
8360,6,How fast were you going?,neutral
8360,7,"In a 40 mph zone, I was only going about 35.",neutral
8360,8,"Well, seeing as the officer that pulled you over isn't here, I'll let you go.",neutral
8360,9,Do I still need to pay the fine?,neutral
8360,10,"No, you don't.",neutral
8360,11,I appreciate your understanding.,joy
8378,0,"Hi, Bill. It's Marsha Black at MPPD Ltd. How are you?",neutral
8378,1,"Hello, Marsha, I haven't heard from you in a long time. I'm great, and you?",neutral
8378,2,Not too bad at all. Do you have a minute?,neutral
8378,3,"Sure, what can I do for you?",neutral
8378,4,"We're getting ready to place our Christmas orders and we need to know about how much it's going to run this year.You know, so we can have the funds put aside.",neutral
8378,5,I'm really busy right now. I got a lot on my plate.So this isn't an actual bid you want but just a ballpark figure?,neutral
8378,6,"Right, a ballpark figure is fine, and slant it a little high if you have to.",neutral
8378,7,"Well, I can give you those figures now over the phone, is that okay? Or do you need them in writing?",neutral
8378,8,It's going to be shown to the Board so I need it in writing.Make all the prices subject to confirmation so you can't be held to them. How soon can I have it?,neutral
8378,9,"Is this another rush, dear? Did you forget and wait until the last minute again?",neutral
8378,10,"Yeah, I'm afraid so. I really need your help here.",neutral
8378,11,"Well, just because it's you. Tomorrow, say around noon.",neutral
8392,0,"Hey daddy! You look great today. I like your tie! By the way, I was wondering can I...",joy
8392,1,NO!,neutral
8392,2,I haven't even told you what it is yet!,anger
8392,3,"Okay, okay, what do you want?",neutral
8392,4,Do you think I could borrow the car? I ’ m going to a concert tonight.,neutral
8392,5,Um.. I don ’ t think so. I need the car tonight to pick up your mother.,neutral
8392,6,"Egg! I told you about it last week! Smelly Toes is playing, and Eric asked if I would go with him!",anger
8392,7,Who's this Eric guy?,neutral
8392,8,"Duh! He's like the hottest and most popular guy at school! Come on, dad! Please!",neutral
8392,9,No can do... sorry.,sadness
8392,10,Fine then! Would you mind giving me 100 bucks?,neutral
8392,11,No way!,neutral
8392,12,That ’ s so unfair!,anger
8398,0,Did you enjoy your meal?,neutral
8398,1,"Yes, we really enjoyed it.",neutral
8398,2,May I interest you in some dessert?,neutral
8398,3,"Yes, that sounds great.",joy
8398,4,"Well, we have chocolate mousse cake, homemade fresh strawberry shortcake, and a spicy rum apple crisp for our specials.",neutral
8398,5,The apple crisp sounds great.,joy
8398,6,"Since there are four of you, would you like to split a second dessert?",neutral
8398,7,"Good suggestion. Could you please bring us a chocolate mousse cake and four dessert forks, please?",joy
8398,8,Would you like coffee or tea with your dessert?,neutral
8398,9,"Let's have four coffees, please.",neutral
8398,10,OK. I will be right back with your desserts and drinks.,neutral
8398,11,Thank you! We have really enjoyed our meal here.,joy
8408,0,"You voted, right?",neutral
8408,1,You know I did.,neutral
8408,2,Who did you vote for?,neutral
8408,3,"I voted for Obama, of course!",neutral
8408,4,Can you believe that he actually won?,surprise
8408,5,I knew he would win.,neutral
8408,6,I didn ’ t think he would.,surprise
8408,7,He was the top candidate.,neutral
8408,8,I figured people wouldn ’ t vote for him because he ’ s African American.,neutral
8408,9,That just goes to show that America is finally turning over a new leaf.,neutral
8408,10,You ’ re absolutely right.,neutral
8408,11,I ’ m excited that Barack Obama is our President.,joy
8412,0,"I need to get on another bus, but I have no more money.",neutral
8412,1,Where'd the rest of your money for the bus go?,neutral
8412,2,I spent it on a bag of chips.,neutral
8412,3,"Well, that was an intelligent thing to do.",neutral
8412,4,You don't have any spare change?,neutral
8412,5,"No, I don't.",neutral
8412,6,How am I going to get home?,neutral
8412,7,You should just ask the bus driver for a transfer.,neutral
8412,8,How much does that cost?,neutral
8412,9,It's free ; just go ask for one.,neutral
8412,10,Thanks for letting me know.,joy
8412,11,"No problem, just go ask.",joy
8417,0,"Hi, I ’ m Cindy, the office clerk. What can I do for you?",neutral
8417,1,"Hi, I ’ m Henry Wilson from number 37.",neutral
8417,2,Hi Henry. How are you? Is everything Okay in your apartment?,neutral
8417,3,Yes. Everything is fine in the apartment. But I know nothing about this area. Could I ask you some questions?,neutral
8417,4,"Yes, please.",neutral
8417,5,Can you tell me the postal code for this building?,neutral
8417,6,"Yes, it ’ s L8V 4B7.",neutral
8417,7,"Thank you. Also, how can I get my mailbox key?",joy
8417,8,I ’ ll tell Peter to bring your key to your apartment right away.,neutral
8417,9,Who ’ s Peter?,neutral
8417,10,He ’ s the superintendent of this building.,neutral
8417,11,Thanks a lot. I ’ Ve got one more question.,joy
8417,12,"No problem. Go ahead, please.",neutral
8417,13,Where can I change the address on my driver ’ s license?,neutral
8417,14,The Department of Motor Vehicles office is at 212 Barton Street North.,neutral
8417,15,Can you give me directions to the office?,neutral
8417,16,We are at 2368 King Street East.,neutral
8417,17,Yes.,neutral
8417,18,"So, it ’ s easy to get to the office from here. From your apartment, just drive along King Street East for about one kilometer and you ’ ll see a three-story blue building on your right. That ’ s the Department of Motor Vehicles building where you can change your driver ’ s license.",neutral
8417,19,What floor is the office on?,neutral
8417,20,It ’ s on the first floor.,neutral
8417,21,Thank you very much.,joy
8417,22,You are very welcome.,joy
8467,0,"Hey, Jim, it ’ s time to wake up and get out of bed.",neutral
8467,1,Do I have to get up now?,neutral
8467,2,"You ’ d better get up, or you ’ ll be late.",neutral
8467,3,What are you talking about? My alarm hasn ’ t even gone off yet.,surprise
8467,4,"Yes, it did. It went off 30 minutes ago. You slept right through it. You ’ re like a dead person while you sleep.",neutral
8467,5,I must have slept right through it.,neutral
8467,6,Rise and shine! Sleepyhead!,neutral
8467,7,Just let me sleep 5 more minutes.,neutral
8467,8,The early bird gets the worm.,neutral
8467,9,I know. I know. But I don ’ t want any worms.,neutral
8467,10,"Ha! Ha! If you don ’ t make an effort now, later on it ’ ll be a lot tougher for you.",joy
8470,0,Are you going to vote this Tuesday?,neutral
8470,1,"Yes, I am, and I am so excited.",joy
8470,2,Have you figured out who you ’ re going to vote for?,neutral
8470,3,I love my candidate.,joy
8470,4,Why is that?,neutral
8470,5,My candidate is probably the most intelligent.,joy
8470,6,Is that right?,neutral
8470,7,I also agree with all his policies.,joy
8470,8,That ’ s great!,joy
8470,9,I know he ’ s going to be the next President.,joy
8470,10,"Hopefully, he will be.",joy
8470,11,I can ’ t wait to vote.,joy
8494,0,Car trouble center. How may I help you?,neutral
8494,1,My car won ’ t start! Stupid old car!,anger
8494,2,"Hold on, before you kick your car let ’ s go through some possible problems.",neutral
8494,3,Fine.,neutral
8494,4,"OK, first of all, can you turn the key in the ignition?",neutral
8494,5,Yeah! I am here with my friend and he thinks it may be the spark plug or the starter motor.,anger
8494,6,"Those are possible problems, but tell me, when you turn the key, do you hear the starter motor crank?",neutral
8494,7,"Yeah, it sounds like it usually does when I start the car, but nothing else happens. The engine won ’ t start. Should I maybe press the accelerator?",neutral
8494,8,No. If you step on the accelerator pedal you can flood the carburetor and your car will never start.,neutral
8494,9,So what do you think it is?,neutral
8494,10,"I know this may seem like a silly question, but does your car have gasoline?",neutral
8494,11,Umm. yeah! Right! I got the car started! Thanks for your help! I told you to fill the tank!,joy
8497,0,"Morning, Tom! What are you doing over there? Learning to dance?",neutral
8497,1,Can't you see? I'm practicing tai chi!,neutral
8497,2,"Oh, my goodness. I'm sorry. But I don't think tai chi is to be practiced like that.",surprise
8497,3,I'm just a beginner. Did my poses make me the butt of jokes?,neutral
8497,4,"Well, they just look a bit funny. but far from making a laughing stock out of you.",neutral
8497,5,"So, is there anything wrong with my strokes?",neutral
8497,6,"To begin with, you should keep your neck erect upward at any time.",neutral
8497,7,Like this?,neutral
8497,8,"Good! And then, the entire body. Never incline your body forward or backward. Take care to regulate the point of balance. Place it at your waist.",joy
8497,9,Did I do it right?,neutral
8497,10,No! You should avoid sticking out your belly. Keep your hip steady. Don't swing.,neutral
8497,11,What should I do with my legs then?,neutral
8497,12,"Oh, yes, things are quite different with the limbs. Keep your knees bent a little. Right, they should be rich in elasticity. Move slowly when you shift your centre of gravity from one leg to another.",neutral
8497,13,"Fantastic! I guess the same is true with the arms, right?",joy
8497,14,Exactly! Move your arms in a relaxed manner. Well. don't stretch yourfingers stiffly. Just keep them in a natural shape.,joy
8548,0,Laura told me today that she has a friend with a car for sale.,neutral
8548,1,"Oh, she did? Then it's a used car of course.",neutral
8548,2,"Yes, it's used, but she said it was in very good shape. It's a small foreign car.",neutral
8548,3,What else did she tell you? Did she tell you how many miles there are on it?,neutral
8548,4,She thinks it has about twenty-five or thirty thousand miles.,neutral
8548,5,That's not bad. What about the price? Did she tell you how much her friend wants for the car?,neutral
8548,6,Three thousand dollars.,neutral
8548,7,Three thousand! That's almost too good to be true. Did she say why her friend wants to sell it?,surprise
8548,8,He lives in the city and you know how expensive it is to keep a car in the city.,neutral
8548,9,"Well, we can see it for ourselves. Did she tell you when we can go and look at it?",neutral
8548,10,"No, but she gave me her friend's telephone number. I can call him and make an appointment.",neutral
8553,0,This position requires a high level of English ability. How is your spoken and written English?,neutral
8553,1,"I have learned English for 10 years, and I have passed College English test level 4 and 6.",neutral
8553,2,What other foreign languages do you speak?,neutral
8553,3,"I have taught myself Japanese in college, and I can carry on simple conversations in Japanese.",neutral
8553,4,Anything else?,neutral
8553,5,"I have a driver's license, and two years of driving experience.",neutral
8553,6,What special skills do you have?,neutral
8553,7,I am very familiar with Windows operating system.,neutral
8553,8,Have you got any special training in programming?,neutral
8553,9,"No, but I have taken elective courses in computer in college.",neutral
8553,10,Do you have a good psychological resilience?,neutral
8553,11,I think I can work well under pressure.,neutral
8575,0,how is your house hunting going?,neutral
8575,1,not very well. I haven ’ t found anything within my price range yet.,neutral
8575,2,how much are you looking to spend?,neutral
8575,3,I can only afford about 300 pounds a month.,neutral
8575,4,looks like you ’ re not going to get more than a bedroom in a shared flat with that.,neutral
8575,5,really? That ’ s a lot of money to pay for one room.,surprise
8575,6,"well, if you want to live in London, you have to pay the price!",neutral
8575,7,do you know of anyone who needs a roommate?,neutral
8575,8,I can ask around at work. Do you have a preference for makers or non-smokers?,neutral
8575,9,"I ’ d prefer non-smoking roommates, but I guess I ’ ll have to take what I can get!",neutral
8575,10,how long do you want to sign a contract for?,neutral
8575,11,I can sign a contract up to a year. I don ’ t know where I ’ ll be after that.,neutral
8575,12,do you need a furnished or unfurnished apartment?,neutral
8575,13,"I don ’ t have any furniture, so it ’ d be great if it were furnished.",neutral
8575,14,"you know that you ’ ll have to pay utilities on top of the rent, right?",neutral
8575,15,"no, I thought that would be included in the rent.",neutral
8575,16,"it ’ s not usually included, so you ’ ll have to factor in about 100 pounds more each month for utilities.",neutral
8575,17,I don't think I can afford that.,neutral
8575,18,don ’ t worry. Sometimes people will give you a discount if you promise to do the clearing or take care of the children.,neutral
8575,19,that's a good idea. I ’ ll look into finding something like that.,joy
8576,0,Did your meal meet with your approval?,neutral
8576,1,Our meal was absolutely perfect!,joy
8576,2,How about a dessert to top off that wonderful meal?,neutral
8576,3,"Dessert sounds perfect, but I would like to split something with my friends.",joy
8576,4,"On this evening's dessert list, we have chocolate mousse cake, homemade fresh strawberry shortcake, and a spicy rum apple crisp.",neutral
8576,5,I think that the apple crisp would be wonderful.,joy
8576,6,"One dessert will serve two, so would you like to split a second one?",neutral
8576,7,"We would also like a piece of chocolate mousse cake. Could you bring us four dessert forks, please?",neutral
8576,8,How about some coffee and tea as well?,neutral
8576,9,We are all tea drinkers. Please bring us four teas.,neutral
8576,10,I will prepare your desserts and have someone bring you your drinks right away.,neutral
8576,11,The hot drinks first would be great. Thanks!,joy
8578,0,"what can I do for you, sir?",neutral
8578,1,What do we get this morning?,neutral
8578,2,"Fruit juice, cake and refreshments and everything.",neutral
8578,3,I ’ d like to a glass of tomato juice please.,neutral
8578,4,"Any serial, sir?",neutral
8578,5,Yes. A dish of cornmeal weight.,neutral
8578,6,And eggs?,neutral
8578,7,Yes. Baked eggs and buttered toast. I like my baker very crazy.,neutral
8578,8,How do you want to your eggs?,neutral
8578,9,"Fried, please.",neutral
8578,10,"Anything more, sir?",neutral
8578,11,"No, that ’ s enough, thank you.",joy
8585,0,"Morgan, can I ask you a question?",neutral
8585,1,"sure, what is it?",neutral
8585,2,I was just wondering if many Chinese people take their leftover food home from a restaurant.,neutral
8585,3,"in most cities in China, doggie bags are quite uncommon.",neutral
8585,4,what happen to all the leftover food?,neutral
8585,5,it usually goes to the dump.,neutral
8585,6,that seems like an awful waste! Why don't people order fewer dishes so that they don't have to throw so much away at the end of the meal?,anger
8585,7,"ordering a lot of food at restaurants is just a tradition in China. You know, in the past, people could not afford to eat out like they can today.",neutral
8585,8,I guess that makes sense. I just think it would make more sense to take the leftovers home.,neutral
8585,9,"well, if you want, you can take the leftovers home.",neutral
8585,10,"no, that's OK. You know what they say when in Rome...",neutral
8585,11,I was impressed that you tried the pig's feet. I heard that many foreigners don't like to eat them.,neutral
8585,12,"many people in my generation don't eat pig's feet, but my parents grew up eating them, so I think they are OK.",neutral
8585,13,did you like them? You could take the last one home with you.,neutral
8585,14,"that's OK. I'll try anything once, but sometimes, once is enough!",joy
8611,0,What did you get for lunch today?,neutral
8611,1,"All I had was a sandwich, chips, and soda.",neutral
8611,2,Where'd you get your food from?,neutral
8611,3,I went to the cafeteria and bought it.,neutral
8611,4,What sandwich did you order?,neutral
8611,5,"I ordered a ham sandwich, but they gave me a bologna sandwich instead.",neutral
8611,6,Was it any good?,neutral
8611,7,"I enjoyed it, even though I had not asked for it.",neutral
8611,8,I ordered a sandwich there before.,neutral
8611,9,Is that right?,neutral
8611,10,"Yeah, and they messed my order up too.",neutral
8611,11,"That may be true, but I'm sure you enjoyed your sandwich.",joy
8613,0,"Good afternoon, sir, is there anything I can help you with today?",neutral
8613,1,umm... yeah! I ’ m looking for a nice gift to give my girlfriend. Our fifth anniversary ’ s next Friday.,neutral
8613,2,"Well, I would be happy to assist you in choosing the perfect gift for her. Is there anything particular that you have in mind?",neutral
8613,3,"No, not really... I ’ m completely at a loss.",neutral
8613,4,"Well, you can give her a set of pearl earrings, or this beautiful heart-shaped pendant. What is her favorite gemstone?",neutral
8613,5,That purple one. I ’ m sorry... I ’ Ve never bought jewellery for anyone and I ’ m kind of nervous.,neutral
8613,6,"Don ’ t worry, we specialize in providing our customers a relaxed, pressure-free shopping environment. That stone is an amethyst. We have a range of beautiful amethyst pieces. Take a look at this bracelet. It ’ s 18K rose-gold, studded with amethyst and blue topaz. It ’ s a great statement piece.",neutral
8613,7,"Oh... wow. That ’ s really pretty.Jess would love that. But... I was thinking of something a little more delicate, perhaps a necklace?",joy
8613,8,"We have this beautiful platinum pendant, or you could also get her a locket. You could also get her a timepiece — it ’ s both glamorous yet functional.If you tell me a little more about your girlfriend, maybe I can help you find something for her.",neutral
8613,9,"Jess? Well, she ’ s very smart, and has a great sense of humor. She ’ s very feminine...",neutral
8613,10,Perhaps you could give her a ring?,neutral
8613,11,Well... actually... I was thinking about asking Jess to marry me... I ’ Ve just been so nervous.,neutral
8613,12,"Well sir, I believe your fifth anniversary is a great time to propose!",joy
8613,13,"Okay, I ’ Ve decided. I ’ m going to pop the question!",joy
8613,14,Fabulous! We should look at engagement rings then! Now that ’ s a whole other section.,joy
8638,0,Did you hear who won the election?,neutral
8638,1,"No, who was it?",neutral
8638,2,McCain is our new President.,neutral
8638,3,You ’ re a liar!,anger
8638,4,"I ’ m not happy about it, either.",neutral
8638,5,Who voted for him?,neutral
8638,6,I guess the people wanted him as our new leader.,neutral
8638,7,That ’ s the dumbest thing that I ’ Ve ever heard.,sadness
8638,8,I have to tell you something else that you probably won ’ t like.,neutral
8638,9,What could be worse than what you just told me?,neutral
8638,10,"I wasn ’ t serious, because Obama got elected.",neutral
8638,11,That ’ s fantastic! You really got me there.,joy
8639,0,I just got a call from Mrs. Fitzgerald. See what your Willie has just done.,neutral
8639,1,My Willie? Why has he suddenly become my Willie?,surprise
8639,2,"Because he takes after you, he's got into trouble again.",neutral
8639,3,"What did he do this time? I remember last time he was painting her fence to repay her for breaking it, and he accidentally painted her cat.",neutral
8639,4,That was last time. This time it's worse.,neutral
8639,5,"Ok, tell me.",neutral
8639,6,"Well, he was playing baseball with some friends...",neutral
8639,7,And the ball went through her window? That's not as bad as last time.,neutral
8639,8,"True, but that's not all. The ball went through the window and hit the vase she has in her front window...",neutral
8639,9,"Ok, that's probably expensive, but not that bad.",neutral
8639,10,"And then, ricocheted off her fish bowl. Mrs. Fitzgerald at the last minute dived and saved her fish.",neutral
8639,11,"At least the fish were saved. If that's the end of the damages, then everything isn't that bad.",neutral
8639,12,"Stop interrupting me. Finally, the ball flew through the air and knocked out Willie's school principal, who was having a cup of coffee with Mrs. Fitzgerald.",neutral
8639,13,"Hmm, that is bad.",sadness
8668,0,Hello!,neutral
8668,1,"Hello, is Doris available?",neutral
8668,2,This is Doris. Who's calling please?,neutral
8668,3,"Hi, Doris, this is Mike calling from Parker's Dentistry. I'm calling to confirm your appointment for tomorrow morning at 9 am with Dr.Parker.",neutral
8668,4,"Oh, I almost forgot. Thank you for calling to remind me. Actually. I do need to change the time of my appointment. I have a scheduling conflict. And I can't make it that early.",neutral
8668,5,"If I put you in at a later spot, would that work out?",neutral
8668,6,It would have to be after lunch. Do you have anything available about 2 o'clock?,neutral
8668,7,"Sorry ma'm, the only opening we have after lunch is one fifteen, but I might be able to work you in after 4. would that be a better time?",neutral
8668,8,"That ’ s alright,. I think I should be able to make it at one fifteen. Can you put me down for that time slot?",neutral
8668,9,No problem. I have you appointment changed from tomorrow morning to tomorrow afternoon at one fifteen.,neutral
8668,10,Wonderful. Thanks very much.,joy
8683,0,that was a great dinner. I didn't know that you knew how yo cook.,surprise
8683,1,I'm glad you liked it. Are you ready for dessert?,joy
8683,2,I don't know. I'm pretty full. What are we having?,neutral
8683,3,I made strawberry shortcake.,neutral
8683,4,"ooh, that's my favorite. Maybe I'll have a small slice.",joy
8683,5,Great. Would you like coffee or tea with that?,joy
8683,6,I'll have a cup of tea.,neutral
8683,7,do you take cream or sugar with your tea?,neutral
8683,8,"actually, could I have some milk with that?",neutral
8683,9,definitely. Would you like skim or whole milk?,neutral
8683,10,"skim, please. That'd be very nice. Thanks... oh no. Janna, I'm so sorry, but I've got to go.",surprise
8683,11,what happened?,surprise
8683,12,I just got a message from my sister saying that she's been in a car accident. I need to go pick her up.,neutral
8683,13,I'll go with you. Where is she?,neutral
8683,14,"she's on the M40, near Reading.",neutral
8683,15,is she alright?,neutral
8683,16,"I don't know, she didn't say. I'm so sorry about this.",neutral
8683,17,"don't worry. Family comes first. Come on, let's go.",neutral
8683,18,"actually, I've only got a two-seater. I'll have to go on my own.",neutral
8683,19,ok. Just call me if you need anything then.,neutral
8683,20,I will. Thanks a lot.,joy
8688,0,Hello. Beijing Restaurant. How can I help you?,neutral
8688,1,"Hi. I want to place an order, please.",neutral
8688,2,For pick - up or delivery?,neutral
8688,3,Pick - up.,neutral
8688,4,What would you like to order?,neutral
8688,5,I have a menu from your restaurant. I ’ ll order using the number of each meal from your menu.,neutral
8688,6,That ’ s fine.,neutral
8688,7,"I ’ d like to order number 17, no. 23 and no. 24.",neutral
8688,8,What size?,neutral
8688,9,"Medium, please.",neutral
8688,10,When will you come to pick up your order?,neutral
8688,11,I ’ ll be there in about an hour.,neutral
8688,12,That will be fine. We ’ ll have your meals ready when you arrive. Thank you for your order.,joy
8690,0,May I help you?,neutral
8690,1,I have a problem.,neutral
8690,2,What ’ s your problem?,neutral
8690,3,"I owe fees, but a bank statement never came in the mail about it.",neutral
8690,4,I apologize for the inconvenience.,neutral
8690,5,"I have no idea about the fee, so my fees went up.",neutral
8690,6,I understand your problem.,neutral
8690,7,Will you be able to solve my problem?,neutral
8690,8,I ’ m going to cancel the fees you owe.,neutral
8690,9,"So, I don ’ t have to pay any of it?",neutral
8690,10,The initial fee still must be paid.,neutral
8690,11,That ’ s fabulous. Thank you very much.,joy
8696,0,I wonder if you could help me find something for my daughter.,neutral
8696,1,Do you think she'd like a laptop?,neutral
8696,2,I think that would be perfect.,joy
8696,3,A Mac is something most people appreciate.,neutral
8696,4,"In fact, she prefers Macs. How much is one?",neutral
8696,5,"Our 15 - inch Pro will cost you only $ 2,100.",neutral
8696,6,She's going to be so happy. Let me have one.,joy
8696,7,You've made a good decision. How would you like to pay?,joy
8696,8,I'll pay for it with my VISA.,neutral
8696,9,"It's all yours after you sign here, please.",neutral
8696,10,Are there any extras that she needs?,neutral
8696,11,"This is good to go. If she wants accessories, just visit us again.",neutral
8696,12,You've been so helpful. Thank you.,joy
8696,13,"Have a nice day, and thank you for shopping here.",joy
8726,0,"Good afternoon, Ma ’ am, My name is Mike and I am selling subscriptions to all sorts of periodicals.",neutral
8726,1,"No, thank you, I am not interested.",neutral
8726,2,"Please ma ’ am, if you could spare five minutes of your time, I am sure we could find something that interests you!",neutral
8726,3,"I wish I could, but I have to walk the dog and finish cooking so if you would excuse me.",neutral
8726,4,"We have a great variety of magazines all about cooking! This one for example, is a bi monthly publication with recipes from all over the world!",neutral
8726,5,"Wow, that would be kind of useful, do you have any other cooking magazines?",neutral
8726,6,"Sure do! This one is a quarterly publication, but each issue has over 200 color pages of recipes and also many home decorating ideas!",neutral
8726,7,"Wow, this is nice! Ok, sign me up for both publications.",joy
8726,8,"You mentioned you have a dog, most pet owners sign up for this weekly newsletter that has information on dog care, pet shops and even pet sitters!",neutral
8726,9,That is exactly what I needed! What else do you have?,neutral
8726,10,"Well, I also have...",neutral
8728,0,it ’ s so great to be here! I ’ m so excited to help you and my daughter with your new home!,joy
8728,1,we ’ re glad that you ’ re here. Would you like a tour of the house?,joy
8728,2,"that ’ d be great, but could I have a cup of tea first?",neutral
8728,3,"sure, I ’ ll just go put the kettle on. Why don ’ t you have a seat on the sofa and I ’ ll go take care of things in the kitchen.",neutral
8728,4,"that would be lovely, thanks.",joy
8728,5,do you take milk or sugar with your tea?,neutral
8728,6,"I ’ ll take a little milk, but no sugar, please. Make sure you let the tea steep a few minutes before you take the tea bag out of the cup.",neutral
8728,7,ok. What do you think about our living room?,neutral
8728,8,"well, I do like the mantelpiece and the coffee table, but I don ’ t really care for curtains. Did you get them at a yard sale? They look ancient.",neutral
8728,9,my parents gave them to us as a house warming gift.,neutral
8728,10,"oh dear. Well, I suppose they will do for now. do you ever dust in here? It seems a bit dusty in here.",neutral
8728,11,"your daughter usually does the dusting, and I do the vacuuming.",neutral
8728,12,"I see. Well, I can help with the chores while I ’ m here. You two could probably use my help.",neutral
8728,13,"that ’ s very nice of you to offer. Here ’ s your tea. Be careful, it ’ s still quite hot.",joy
8737,0,"Oh, the clothes here are so expensive! No wonder there are few people.",neutral
8737,1,"Beauty costs, dear! What do you think of this dress? Do you think it suits me?",neutral
8737,2,"Yeah, it's lovely, but to be frank, it's not the most practical. You don't have many formal events in your calendar, do you?",neutral
8737,3,"Come on, you sound like my Mom.Look at it, it's beautiful!",joy
8737,4,"When you buy clothes, you must think about the material, quality and price.",neutral
8737,5,Maybe you have a point.,neutral
8737,6,Make sure you buy what you need and your clothes can be worn for various occasions.,neutral
8737,7,"All right. How about this black skirt? It can be worn for anything---a party, a job interview and even a funeral!",joy
8737,8,"That's true, but you already have two back coats and one black sweater.",neutral
8737,9,"Oh! Hey, look, that's the same shirt Britney wore in her concert.",joy
8737,10,"Exactly! Oh, my god! I love Britney! I'm going to get it.",joy
8737,11,Why not try it on?,neutral
8737,12,"It's just the right size--a perfect fit! I'll take it. Oh, no, I'm a little short. Did you bring your credit card?",neutral
8737,13,Yes.,neutral
8737,14,I promise I'll pay you back as soon as we get home.,neutral
8744,0,I have a sweet tooth.,neutral
8744,1,What exactly do you want?,neutral
8744,2,I would love to get some dessert.,neutral
8744,3,What did you want to get?,neutral
8744,4,I'd love to get a pie.,neutral
8744,5,What kind do you want to get?,neutral
8744,6,I'm not sure.,neutral
8744,7,I can tell you what kind I like.,neutral
8744,8,What kind do you like?,neutral
8744,9,Apple pie is my favorite.,joy
8744,10,I love apple pie too.,joy
8744,11,"See, I helped you out.",neutral
8745,0,What will I earn per year in this job?,neutral
8745,1,You can expect to earn sixty-five thousand dollars per year.,neutral
8745,2,Are we covered by a good benefits plan?,neutral
8745,3,The job has a menu plan where you are given a fixed amount of money and you choose what you most need in terms of benefits.,neutral
8745,4,Can we take personal days off?,neutral
8745,5,You get 2 weeks paid vacation and an additional 10 days of sick leave.,neutral
8745,6,What do you offer in terms of a retirement plan?,neutral
8745,7,We do not currently offer any retirement plan.,neutral
8745,8,Do you reimburse for education that relates to my job?,neutral
8745,9,We allow several weeks release time each year for our employees to attend job-related seminars and conferences.,neutral
8745,10,Do you have a benefits brochure?,neutral
8745,11,Whoa! Who said you got the job?,surprise
8754,0,I want to go try on these clothes.,neutral
8754,1,What did you find?,neutral
8754,2,"I found some jeans, and a new blouse.",neutral
8754,3,Go and try it on.,neutral
8754,4,What do you think?,neutral
8754,5,I love that shirt on you.,neutral
8754,6,What about the jeans?,neutral
8754,7,They don't really fit you right.,neutral
8754,8,I don't think so either.,neutral
8754,9,That blouse is absolutely wonderful on you.,joy
8754,10,I'll just buy the shirt.,neutral
8754,11,That would be a good idea.,joy
8759,0,are you good at cooking?,neutral
8759,1,"no, but I'm pretty good at eating!",neutral
8759,2,do you prefer chinese food or Western food?,neutral
8759,3,"well, to be honest with you, Chinese food is really different from western food.",neutral
8759,4,are you used to the food here?,neutral
8759,5,I'm not really used to it yet.,neutral
8759,6,what's your favorite Chinese dish?,neutral
8759,7,"like most foreigners, I really like Sweet and Sour Pork and Kung Pao Chicken. I eat them almost every day.",neutral
8759,8,have you tried traditional Chinese dumplings yet?,neutral
8759,9,"I tried once, but they are quite difficult to eat with chopsticks.",neutral
8759,10,"you know, foreigners are not expected to use chopsticks proficiently. If you do, you'll give your Chinese friends quite an impression.",neutral
8759,11,"that's good to know. I'd like to try more Chinese food, but since I can't read any of the menus in the restaurants near my home, it's difficult to try new food.",neutral
8759,12,"if you want, I can introduce you to some typical Chinese dishes.",neutral
8759,13,"that would be great. I really only want to taste real Chinese food, not just the food that foreigners like to eat!",joy
8759,14,"if you haven't tried Beijing duck yet, I'd like to treat you to a meal at a famous duck restaurant near Qianmen. It would be a pity if you left without tasting it!",joy
8761,0,I ’ m from Channel 5 News.,neutral
8761,1,How ’ s it going?,neutral
8761,2,I was wondering if I could ask you a few questions.,neutral
8761,3,Ask away.,neutral
8761,4,"First of all, did you vote today?",neutral
8761,5,I already voted.,neutral
8761,6,Who did you vote for?,neutral
8761,7,I ’ m not going to tell you.,neutral
8761,8,Why not?,neutral
8761,9,My vote is personal.,neutral
8761,10,I apologize for invading your privacy.,neutral
8761,11,What I can tell you is that I voted for our next President of the United States.,neutral
8762,0,What do you think about the apartment so far?,neutral
8762,1,It is beautiful.,joy
8762,2,You don ’ t have any problems with how it looks?,neutral
8762,3,"Actually, there is a problem.",neutral
8762,4,Like what?,neutral
8762,5,There are some stains that were left in the carpet.,neutral
8762,6,Those stains will be cleaned out of the carpet before you move in.,neutral
8762,7,"Oh, is that right?",neutral
8762,8,Yes. Now what other problems do you have?,neutral
8762,9,That was the only problem that I saw.,neutral
8762,10,"Well, I ’ m glad that everything else is to your liking.",joy
8762,11,I honestly love it.,joy
8766,0,My computer isn't working.,neutral
8766,1,Tell me what the problem is.,neutral
8766,2,"I'm trying to turn it on, but it won't work.",neutral
8766,3,Try checking the connections.,neutral
8766,4,Which ones are you referring to?,neutral
8766,5,The cords that you see behind your CPU that plug into an outlet.,neutral
8766,6,Is that why it won't turn on?,neutral
8766,7,"If they're not connected right, that will keep it from turning on.",neutral
8766,8,I did not know that.,neutral
8766,9,You should check the connections.,neutral
8766,10,I'm going to do that.,neutral
8766,11,Tell me if it's still not working.,neutral
8790,0,"You are from Japan, aren't you?",neutral
8790,1,"Oh, yes!",neutral
8790,2,I love Japan a lot.,joy
8790,3,I am glad to hear that.,joy
8790,4,"Let's go to another place where my friend is working, let me pay here.",neutral
8790,5,"Thank you, I ’ ll pay next then.",joy
8790,6,"Oh, I must be going now ; it was nice talking with you.",joy
8790,7,"Check, please.",neutral
8790,8,500 US dollars.,neutral
8790,9,No kidding! We have only 5 bottles of beer.,surprise
8790,10,You had champagne for the girl.,neutral
8791,0,Have you watched today's news?,neutral
8791,1,"No, I haven't. What's going on?",neutral
8791,2,Did you hear about last night's blackout?,neutral
8791,3,Yes. The lights were out all night.,neutral
8791,4,Some people went looting because of the blackout.,neutral
8791,5,What do you mean?,neutral
8791,6,People decided to use the blackout to their advantage.,neutral
8791,7,People went out and looted?,neutral
8791,8,I guess they broke into about four stores.,neutral
8791,9,Did the police find who did it?,neutral
8791,10,There's no evidence of who it was.,neutral
8791,11,I hope we don't have any more blackouts.,neutral
8798,0,See how many people are here!,neutral
8798,1,Yeah! Do all these people work in the company? Everyone and their dog is here!,neutral
8798,2,"Other than the employees, our boss Jack invited some friends of the company.",neutral
8798,3,Can we just sit wherever we want?,neutral
8798,4,Of course not! We have to sit at our assigned seats. I think our table is over there in the back.,neutral
8798,5,"Hmm. We don't exactly have the best seats in the house, do we?",neutral
8798,6,Look who you get to sit next to--Tim from purchasing!,surprise
8798,7,Www! That weirdo?! He really gives me the creeps!,disgust
8798,8,Don't worry. I'm also sitting next to you.,neutral
8798,9,I just hope he doesn't start bragging again!,neutral
8798,10,I can't wait until we get our year-end bonus!,joy
8798,11,"Me, either! Who decides how much money we get?",joy
8804,0,"Alright, tell me what you think about this one.",neutral
8804,1,Don't you think it's a bit bright?,neutral
8804,2,"Yeah, maybe you're right. How about this outfit?",neutral
8804,3,"That dress looks lovely on you, but it's not very practical, is it?",neutral
8804,4,"No, I don't have any plans to go to a formal dance any time soon, but I love the way it looks. I just want to try it on! What do you think about this? It's casual, yet sophisticated.",joy
8804,5,"I like the jeans, but you need something to go with the top. It's too plain on its own.",neutral
8804,6,"How about this scarf, these earrings, and an anklet?",neutral
8804,7,That might be going overboard a bit. How about just that scarf with a bracelet?,neutral
8804,8,That's a good idea. You have a lot of good fashion sense.,joy
8804,9,"Thanks. You'd be OK on your own. There are loads of fashion victims out there, and you are not one of them. Have you tried it on yet?",joy
8804,10,Yep. Here it is. What do you think?,neutral
8804,11,That looks great. Just one more thing-you need some high heels with those jeans. Do you want a pair with a plain pattern or ones with a leopard print on them?,joy
8804,12,"The leopard print sounds fabulous. OK, I'll take it.",joy
8827,0,"Good morning, sir.",neutral
8827,1,Good morning.,neutral
8827,2,"How do you want it, sir?",neutral
8827,3,Just take a little off on the top and shorten the back. But please don't make it too short.,neutral
8827,4,How about your sideburns?,neutral
8827,5,"Just to the bottom of my ears. By the way, I'd like a shave, too.",neutral
8827,6,"All right... Tilt your head to the right, please.",neutral
8827,7,How much is it?,neutral
8827,8,Exactly five dollars.,neutral
8827,9,Here you are. Thank you and goodbye.,joy
8827,10,"You are welcome, sir. Good-bye.",joy
8838,0,"There's a car waiting for you just outside the door. Right this way, please.",neutral
8838,1,OK!,neutral
8838,2,Let me put your cases into the trunk and please get in the back.,neutral
8838,3,Thanks!,neutral
8838,4,How was your flight?,neutral
8838,5,"It's comfortable, but now I'm a little tired.",neutral
8838,6,"We'll reach the Beijing hotel in another ten minutes. When we arrived there, you can go up and have a rest. The hotel has very good service, and it's considered as one of the best hotels here.",neutral
8838,7,Thank you! I lived there when I came to Beijing last time. It's comfortable and beautiful.,joy
8838,8,"If it's convenient for you, Mr. Wu would like to invite you to the banquet in honor of you in the evening.",neutral
8838,9,Thank you! I will. When and where will the dinner be?,joy
8838,10,"At six o'clock in the International Hotel. We'll pick you up this afternoon. Besides, if you care for visiting, we'll arrange some sightseeing for you.",neutral
8838,11,"Oh, that's nice. Thank you for arranging all of this.",joy
8839,0,"We are free this afternoon, aren't we, Mr John?",neutral
8839,1,"Yes, we are visiting the exhibition this afternoon, and look around Beijing city, wouldn't we?",neutral
8839,2,"It's very kind of you, Mr John.the sightseeing trip between our business talk will be sort of our work division.business can be make for pleasure.what kind of exhibition we're going to see?",neutral
8839,3,"It's industrial exhibition, in origin show the results of new industrial products in the city. a lot of products there to meet the needs of home and export",neutral
8839,4,Could you give more detail information about some of the industries you just mentioned?,neutral
8839,5,Yes.take the oil industry for instance.you know there are twenty oil resources in China.you can see many chemical products in the exhibition.such as chemical fabrics as I dress.,neutral
8839,6,What the others?,neutral
8839,7,"There are chemical materials, medicines, rubber, plastics and so on, many products and meet the domestic markets, we are also trying to meet international markets.",neutral
8839,8,How about textile industry?,neutral
8839,9,"Textile is a traditional industry, which has completely catalogue, and solid basis and has developed in the past few years.the export is great, counting more than 25 % of export products",neutral
8839,10,"That's surprising, three days ago when I went to yancheng store, I saw different kinds of textile goods. I've bought some for my wife, some for my friends.they seem very attractive.",neutral
8839,11,"That's good. I think they must like them.in recently years, light industry have be developing in Standley, and place a credible role in our industry sister.these industry including leather, bikes, household electric products, clocks, sporting goods and so on.many of them are very popular at home and abroad.",neutral
8839,12,I'm sure I'll enjoy seeing them.and will have more information of your city industry.what is more? I'd like to visit if it is possible.the famous Goumi street in the city.,joy
8839,13,"No problem, this street is nearly built along the both sides of this street.there is stores, restaurant follow the style of tradition chinese building, the guest come there taste very traditional favorite dishes.",neutral
8839,14,I am sure I'll enjoy some real chinese food then.,joy
8859,0,How about 15 % the first six months and the second six months at 12 % with a guarantee of 3000 units?,neutral
8859,1,That's a lot to sell with very low profit margins.,neutral
8859,2,"It's about the best we can do, Smith. We need to hammer something out today. If I go back empty-handed, I may be coming back to you soon to ask for a job.",neutral
8859,3,"OK. 17 % the first six months, 14 % for the second.",neutral
8859,4,Good. Let's iron out the remaining details. When do you want to take delivery?,neutral
8859,5,We'd like you to execute the first order by the 31 st.,neutral
8859,6,"Let me run through this again, the first shipment for 1500 units to be delivered in 27 days by the 31 st.",neutral
8859,7,Right. We couldn't handle much larger shipments.,neutral
8859,8,"Fine. But I'd prefer the first shipment to be 1000 units, the next 2000. The 31 st is quite soon, I can't guarantee 1500.",neutral
8859,9,"I can agree to that. Well, if there's nothing else, I think we've settled everything.",neutral
8859,10,"Tom, this deal promises big returns for both sides. Let's hope it's the beginning of a long and prosperous relationship.",joy
8864,0,We finally get a chance to meet.,neutral
8864,1,Thank you for meeting me here.,joy
8864,2,It's no problem.,neutral
8864,3,I need to speak with you about your daughter.,neutral
8864,4,Is there something wrong?,neutral
8864,5,I enjoy having your daughter in my class.,joy
8864,6,I'm glad to hear it.,joy
8864,7,She is a great addition to my class.,joy
8864,8,You don't have anything bad to say about her?,neutral
8864,9,"She is always behaving herself, and she's so smart.",joy
8864,10,I am so happy that she's doing okay.,joy
8864,11,I'm more than happy having her in my class.,joy
8866,0,"Good afternoon, madam. How can I help you?",neutral
8866,1,"Well, I am a little bit out of shape. I think I should get some exercise to keep fit. what kind of service do you offer?",neutral
8866,2,"First of all, we'll tailor a work-out plan according to your physical conditions and your personal needs.",neutral
8866,3,How can you get that done?,neutral
8866,4,"Well, we give each of our customers a qualified personal trainer. The trainer will give you a fitness assessment and then come up with the work-out plan.",neutral
8866,5,What else?,neutral
8866,6,"Since everyone is different, your personal trainer will help you find out all the exercise equipments that are suitable for you fitness level. Then you'll be taught all the necessary techniques to use these equipments and achieve your goal.",neutral
8866,7,Sounds pretty good. How much do you charge?,joy
8866,8,"That depends. We offer membership for one month, half a year and one year.",neutral
8866,9,Perhaps one month. I'll just have a try at first.,neutral
8866,10,Wise decision. that is 400 yuan. You'll find it's totally worth it.,neutral
8866,11,"OK, I'll take it.",joy
8869,0,Can I help you find something?,neutral
8869,1,I would like to buy a new fridge.,neutral
8869,2,Is there one in particular that you like?,neutral
8869,3,I was looking at this Kenmore refrigerator.,neutral
8869,4,"Ah yes, that is a great refrigerator.",joy
8869,5,What's so great about it?,neutral
8869,6,It's both affordable and it comes with all the appliances.,neutral
8869,7,What appliances?,neutral
8869,8,"It comes with an ice maker, water dispenser, and there is a lot of room inside.",neutral
8869,9,May I see the inside for myself?,neutral
8869,10,Be my guest.,neutral
8869,11,Wow! You're right! This refrigerator is great. I'll take it.,joy
8878,0,Something's wrong with my computer.,neutral
8878,1,What's the problem?,neutral
8878,2,My computer won't turn on.,neutral
8878,3,Did you see if all the connections are right?,neutral
8878,4,I'm not sure I understand what you mean.,neutral
8878,5,The connections between your CPU and your outlet.,neutral
8878,6,Is that what's stopping my computer from turning on?,neutral
8878,7,"If your plugs aren't connected all the way, the computer won't turn on.",neutral
8878,8,I had no idea.,neutral
8878,9,Why don't you try it and see what happens?,neutral
8878,10,I'll try it right now.,neutral
8878,11,Let me know if that doesn't work.,neutral
8905,0,Have you heard who got elected?,neutral
8905,1,"No, who won?",neutral
8905,2,Our new President is John McCain.,neutral
8905,3,What? You can ’ t be serious!,surprise
8905,4,I was just as shocked when I found out.,neutral
8905,5,Why would anyone vote for McCain?,neutral
8905,6,The people have spoken.,neutral
8905,7,That ’ s horrible.,disgust
8905,8,"If you don ’ t like that, then you ’ re probably going to be mad at what I tell you next.",neutral
8905,9,More bad news?,neutral
8905,10,"I was just joking, and Obama is our new President.",neutral
8905,11,Are you serious this time? That ’ s wonderful news.,joy
8914,0,"Excuse me, sir, this is the express check-out lane for people that have fifteen items or fewer. It looks like you have more than fifteen items there.",neutral
8914,1,"Oh, come on! I have sixteen items! Cut me some slack, will ya?",neutral
8914,2,Fine! Please place your items on the belt and push your shopping cart through. Do you prefer paper or plastic?,neutral
8914,3,Plastic. I also have a couple of coupons.,neutral
8914,4,"No problem, I ’ ll take those. Sir, these coupons expired yesterday.",neutral
8914,5,"Darn! Oh, well. I guess it ’ s just not my day. Thanks anyway.",neutral
8914,6,Do you have a club card or will it be cash?,neutral
8914,7,Yeah I got a club card. Here you go.,neutral
8914,8,Will this be debit or credit?,neutral
8914,9,"Debit please. Also, could I get cash back? Fifty dollars would be great.",neutral
8914,10,"Yeah, sure. Your total is seventy-eight dollars and thirty-three cents. Here is your receipt. Have a nice day.",neutral
8929,0,"Mr. Smith, I'm wondering whether you have found a way of considering my offer?",neutral
8929,1,I certainly have the will but I wonder if I've found the way.,neutral
8929,2,You see. I made what I consider to be a reasonable offerbased upon the rise in production costs and the continued fall in the exchange rate of Australian Dollar to U. S. Dollar.,neutral
8929,3,Let me say something about the falling Australian Dollar. We're both hurt by the rising U. S. Dollar. We will have to pay more Renminbi for U. S. Dollar to buy wool from you.,neutral
8929,4,I understand.,neutral
8929,5,Do you? Then you can see that we have one wish that is to conclude this transaction in a way that will satisfy both sides. What can you do to help?,neutral
8929,6,I think the best way I can do is to reduce our price by 2 % and I should think we could conclude a deal at $ 98.,neutral
8929,7,All right. I accept this reduced offer at $ 98 per metric ton FOB stowed. The other terms and conditions shall remain the same as those in the previous agreement. Now will you draft the agreement or shall I?,neutral
8929,8,Your legal department is very good at these things. We can trust them with the drafting of the agreement.,neutral
8929,9,"Ok. Then well bring it over to you tomorrow morning. You'll sign it first, so it will only need my signature. Is that agreeable to you?",neutral
8929,10,"Very agreeable, Mr. Smith. It will only take me a minute to sign it and send it back to you.",neutral
8929,11,Good. Let's shake hands on this successful transaction.,joy
8930,0,"Hi, I come to pick up my laundry. This is the invoice.",neutral
8930,1,Here you are. We've ironed them for you already. Please check and see if there is any damage.,neutral
8930,2,I'm afraid that a button is missing.,neutral
8930,3,I'm terribly sorry. You know we are so busy today and we forget to sew the button back on. Please wait a moment. It will be ready soon.,sadness
8930,4,"OK, please.",neutral
8930,5,Would you like to have a look? Is it to your satisfaction?,neutral
8930,6,"Well, oh my God, there is another problem, I'm afraid. There is still a stain on the shirt.",surprise
8930,7,"It doesn't seem like that. Sorry, sir, we've tried everything, but we're not able to get it off the shirt. It was from the sugar I think.",sadness
8930,8,"It's been several days now, I am not sure.",neutral
8930,9,"Yes, the sugar was burnt during the dry-cleaning process. And there you go.",neutral
8930,10,"Oh, that's so bad. I know little about that. Is there a remedy for it?",neutral
8930,11,I am awfully sorry. Please tell us about the stains before the dry-cleaning next time.,sadness
8930,12,"OK, I will.",neutral
8930,13,This is a membership card. You can get a 20 percent discount next time.,neutral
8930,14,Thanks a lot.,joy
8930,15,Hope to see you again. We will provide the best service.,joy
8938,0,You won't believe what just happened.,neutral
8938,1,What?,neutral
8938,2,"I went down to change some money, right?",neutral
8938,3,Yes. We need some. How much did you change?,neutral
8938,4,I wanted to change around 5000 dollars. And you know the exchange rate.,neutral
8938,5,"Yes, it's about 35 pesos for every Taiwan dollar, right?",neutral
8938,6,Not today.,neutral
8938,7,What do you mean?,surprise
8938,8,"I went into the bank with my money, and I looked at the exchange board.At first I couldn't believe it. I thought I was reading the board wrong or something.",neutral
8938,9,Why?,surprise
8938,10,Because the board said 60 pesos for every Taiwan dollar.,surprise
8938,11,Sixty? That's too much. How can that be?,neutral
8938,12,I thought it was wrong too. It didn't make sense.,neutral
8938,13,Just two days ago it was 35. How can it be 60?,surprise
8938,14,"So, I went up to the teller and started to exchange the money. And it's true.They really gave me sixty pesos for the dollar.",neutral
8938,15,That's amazing! Really? How could it change so much in two days?,surprise
8943,0,Hello. May I help you?,neutral
8943,1,"Yeah, this dress is really nice! How much is it?",neutral
8943,2,That one is one hundred and fifty dollars.,neutral
8943,3,One hundred and fifty dollars? What about this other one over here?,neutral
8943,4,That ’ s one hundred and forty.,neutral
8943,5,Hmm... that ’ s a bit out of my price range. Can you give me a better deal?,neutral
8943,6,This is an exclusive design by marco! It ’ s a bargain at that price.,neutral
8943,7,"Well, I don ’ t know. I think I ’ ll shop around.",neutral
8943,8,"Okay, okay, how about one hundred dollars?",neutral
8943,9,That ’ s still more than I wanted to spend. What if I take both dresses?,neutral
8943,10,"Okay, I can give you a special discount, just because you seem like a nice person. One hundred and ninety dollars for both.",neutral
8943,11,I don ’ t know... It ’ s still a bit pricey... Thanks anyway.,neutral
8943,12,my final price! One hundred dollars for both! That ’ s two for the price of one. That ’ s my last offer!,neutral
8943,13,Great! You ’ Ve got a deal!,joy
8948,0,"Hi, excuse me, Sir? I ’ m looking for a dress shoe. My usual pair that I ’ Ve had for years have finally been stretched out of shape. They don ’ t provide any support anymore.",neutral
8948,1,"Sure, what kind of shoe are you looking for? We ’ Ve got strappy sandals, sleek high heels, edgy pumps, or if you ’ re looking for something a little more practical, we ’ Ve got Mary Janes, ballerinas.",neutral
8948,2,"Show me some classic high heels, please.",neutral
8948,3,"Ok, right this way. What color did you have in mind?",neutral
8948,4,Black. Classic.,neutral
8948,5,"Of course. We ’ Ve got this style here that is very popular. Because it ’ s an open-toe shoe, you can wear it any time of the year. They look great on everyone.",neutral
8948,6,Umm. too shiny. And I wear pantyhose with my shoes so let ’ s look for a closed-toe shoe.,neutral
8948,7,"OK, these are a very nice pair of leather shoes with a two-inch heel so they are very comfortable.",neutral
8948,8,"I don ’ t like the pointed toes. Let me take a look at what else you have. Too high. That one looks like the back would cut into my heel. I have a high instep so I doubt that one will fit properly. I don ’ t want bows. I find slingbacks very uncomfortable. Those might as well be stilettos. Too modern. Ah, finally, this is what I ’ m looking for.",neutral
8948,9,What size?,neutral
8948,10,Seven-and-a-half.,neutral
8948,11,Here we are. How does it fit?,neutral
8948,12,"Hmmm.Not good. They ’ re too tight.The length is right, but the shoe is too narrow and it ’ s pinching my toes. And there ’ d be no room for my insoles. You know what? I don ’ t think I have the patience for this today. They just don ’ t make shoes like they used to. I ’ ll come back another time.",neutral
8948,13,"Have a nice day, Ma ’ am.",joy
8956,0,Now we have settled the terms of payment. Is it possible to effect shipment during September?,neutral
8956,1,I don't think we can.,neutral
8956,2,Then when is the earliest we can expect shipment?,neutral
8956,3,"By the middle of October, I think.",neutral
8956,4,"That's too late. You see, November is the season for this commodity in our market, and our Customs formalities are rather complicated.",neutral
8956,5,I understand.,neutral
8956,6,"Besides, the flow through the marketing channels and the red tape involved take at least a couple of weeks. Thus, after shipment it will be four to five weeks altogether before the goods can reach our retailers. The goods must therefore be shipped before October ; otherwise we won't be in time for the selling season.",neutral
8956,7,"But our factories are fully committed for the third quarter. In fact, many of our clients are placing orders for delivery in the fourth quarter.",neutral
8956,8,"Mr. Brown, you certainly realize that the time of delivery is a matter of great importance to us. If we place our goods on the market at a time when all other importers have already sold their goods at profitable prices, we shall lose out.",neutral
8956,9,"I see your point. However, we have done more business this year than any of the previous years. I am very sorry to say that we cannot advance the time of delivery.",neutral
8956,10,"That's too bad, but I sincerely hope you will give our request your special consideration.",neutral
8956,11,You may take it from me that the last thing we want to do is to disappoint an old customer like you. But the fact remains that our manufacturers have a heavy backlog on their hands.,neutral
8956,12,"But can't you find some way to get round your producers for an earlier delivery? Make a special effort, please. A timely delivery means a lot to us.",neutral
8956,13,All right. We'll get in touch with our producers and see what they have to say.,neutral
8964,0,"Repair service, how may I help you?",neutral
8964,1,My phone has got lot of static.,neutral
8964,2,How old is your phone?,neutral
8964,3,About five years old.,neutral
8964,4,The wire in your phone might have gotten rusty. Could you bring your phone into our office? We'll clean it for you.,neutral
8964,5,"Sure, where is your office?",neutral
8964,6,We're located at 132 West Street.,neutral
8964,7,When are you available?,neutral
8964,8,From 9A. M. to 5 P. M.,neutral
8964,9,"Alright, I'll bring it in this afternoon.",neutral
8964,10,No problem. See you this afternoon.,joy
8967,0,"Wow, what a cool car! The styling of this car really appeals to me.",joy
8967,1,"Yes, this is a very popular car.",neutral
8967,2,I want to buy it. How much does this car cost?,neutral
8967,3,"The car is beautiful, isn't it? Come on inside and we'll discuss the price.",neutral
8967,4,You can tell me here. I just want to know the price.,neutral
8967,5,"50000 yuan'What a deal! That will, of course, include tax, licence, and registration fee.",neutral
8967,6,"I appreciate your help, but I think I'll look around a bit.",neutral
8967,7,Then what price would be fair to you?,neutral
8967,8,I think that 30000 yuan would be fair for this car.,neutral
8967,9,I can see that you are a smart buyer. Forty thousand is my best price.,neutral
8967,10,Can't you make it cheaper? I still can't afford the car.,neutral
8967,11,38000yuan is my final offer.,neutral
8967,12,Hum... OK. I will take it.,joy
8974,0,Where is that?,neutral
8974,1,"Take me to the airport, please.",neutral
8974,2,( while driving ) Are you in a hurry?,neutral
8974,3,I have to be there before 17 00.,neutral
8974,4,We'll make it except a jam.You know it's rush hour.,neutral
8974,5,There's an extra ten in it for you if you can get me there on time.,neutral
8974,6,I'll do my best.,neutral
8974,7,( After arriving on time ) Here's twenty dollars.,neutral
8974,8,Do you have small bills?,neutral
8974,9,"No. If you can't break it, keep the change. But can you give me a receipt?",neutral
8974,10,Here is your receipt.Thank you.,joy
9058,0,How does the political system work in your country?,neutral
9058,1,We have hundreds of constituencies and the votes in each one elect a member of parliament. Most people call them mp ’ s.,neutral
9058,2,"Each mp belongs to a political party, right?",neutral
9058,3,Almost all of them do. A few are independent. That means that they do not belong to a party. If one party more than half of the mp ’ s. they form a government. That means that they choose a prime minister can cabinet members.,neutral
9058,4,What ’ s a cabinet?,neutral
9058,5,This is a small group of people-perhaps 25 mp ’ s who are usually ministers. They make all the big decision and discuss laws and policy.,neutral
9058,6,Can any mp make a law?,neutral
9058,7,"Any mp can present a law to parliament. The proposed law is debated and voted on. If it is accepted, it becomes law.",neutral
9058,8,I suppose a proposed a law needs the support of the big political parties.,neutral
9058,9,"Yes, it does, because they have most of the mp ’ s. most mp ’ s vote the way their party wants them to.",neutral
9058,10,How do people choose which party or candidate to vote for?,neutral
9058,11,They produce manifesto. These documents which states their policies. Some people just vote for the same party every time there is an election. Votes who often change the party they vote for are called floating voters.,neutral
9063,0,do you have any plans for tomorrow night?,neutral
9063,1,not really. I wasn thinking of maybe going to a movie. Do you want to go with me?,neutral
9063,2,sure. What movies were you thinking about going to?,neutral
9063,3,have you heard of Hot Fuzz?,neutral
9063,4,yes. Isn't the director of that movie the same guy who directed Shaun of the Dead?,neutral
9063,5,that's the one. It's an actioncomedy. What do you think?,neutral
9063,6,"to be honest, I didn't really like Shaun of the Dead. Besides, I like movies with a happy ending best.",neutral
9063,7,what do you have in mind?,neutral
9063,8,"I was thinking of seeing You, Me and Dupree. It's a typical Hollywood blockbuster.",neutral
9063,9,isn't that the chick flick with Kate Hudson and Owen Wilson?,neutral
9063,10,"yeah, I suppose you wouldn't want to see that, huh?",neutral
9063,11,not really. Do you like biographical / drama films?,neutral
9063,12,It depends on who the film is about. Which movie did you have in mind?,neutral
9063,13,Anne Hathaway is in a new movie called Becoming Jane which is based on a true story about Jane Austen.,neutral
9063,14,that sounds fantastic! What time is it playing?,neutral
9063,15,"it's on at 8: 00 pm at the Phoenix Theatres. I have a membership there, so I can book the tickets ahead of time.",neutral
9063,16,great. Shall I meet you there around 7:45 tomorrow night?,joy
9063,17,sounds good. I'll see you then!,joy
9065,0,"Hey, what's good with you?",neutral
9065,1,Not a lot. What about you?,neutral
9065,2,I'm throwing a party on Friday.,neutral
9065,3,That sounds like fun.,neutral
9065,4,Do you think you can come?,neutral
9065,5,I'm sorry. I'm already doing something this Friday.,neutral
9065,6,What are you going to be doing?,neutral
9065,7,My family and I are going to dinner.,neutral
9065,8,I was hoping you would come.,neutral
9065,9,I'll definitely try to make it the next time.,neutral
9065,10,I'd better see you there.,joy
9065,11,All right. I'll see you next time.,joy
9084,0,Hello.,neutral
9084,1,"Hi, Daddy. It ’ s me, Troy.",neutral
9084,2,"Hi, Troy. How ’ s your trip going?",neutral
9084,3,It ’ s nice. I arrived safely.,joy
9084,4,Are you all right?,neutral
9084,5,I ’ m fine. Is everything fine in the family?,neutral
9084,6,Yes. Everything is fine in the family. Don ’ t worry about the family. Just enjoy your trip. How ’ s the weather there?,neutral
9084,7,The weather is gorgeous here.,joy
9084,8,That ’ s good. Take good care of yourself.,joy
9084,9,"I will. Thank you, Dad.",joy
9084,10,"I love you, Troy.",joy
9084,11,"I love you, too, Dad. Bye.",joy
9094,0,I ’ d like to send this parcel to Australia.,neutral
9094,1,"Certainly. Could you put it on the scales, so I can check the weight?",neutral
9094,2,Sure. It ’ s not very heavy.,neutral
9094,3,That ’ s 850 grams. The coasts depends on how you would like to send it.,neutral
9094,4,I see. What are the options? I suppose airmail is faster and more expensive than surface mail.,neutral
9094,5,That ’ s right. Sending it by airmail will cost twelve dollars and sending it by surface mail will cost eight dollars.,neutral
9094,6,How long will it take to get there?,neutral
9094,7,Airmail should take four or five days and surface mail should take about two weeks.,neutral
9094,8,"It that case, I ’ ll send it by airmail. I ’ d like to send it as a registered parcel.",neutral
9094,9,No problem. That ’ s one dollar extra.,joy
9094,10,Thanks very much. There ’ s thirteen dollars.,joy
9094,11,There ’ s you receipt. Goodbye.,joy
9172,0,Hi! I see you are having fun with your new computer and internet connection.,joy
9172,1,There ’ s so much I want to do. I ’ Ve just finished sending lots of emails to friends and family all over the world. I just ran a search for music to download.,neutral
9172,2,I can give you the name of a few useful website to visit.,neutral
9172,3,Thanks. That would be very helpful. I ’ Ve discovered that it can take a long time to find exactly what you want. There ’ s too much information on the net.,joy
9172,4,"When you sent your emails, did you attach any files to them?",neutral
9172,5,"Yes, I did. There ’ s an anti-virus programme with my email account that scans all attachments, so I ’ m sure I haven ’ t sent anything nasty to anyone.",neutral
9172,6,"When you use the internet, be careful not to give out your email address very often. If you do, you might get a lot of spam-unwanted email form companies trying to sell you things.",neutral
9172,7,"That ’ s good advice. I should also be careful about giving out confidential information about myself, such as my password and credit car number.",joy
9172,8,That ’ s right. Another thing to remember when you are surfing is that you can add a web page to your list of favourites. Your computer will remember the page and you can return there quickly next time,neutral
9172,9,How do I do that?,neutral
9172,10,"Take this web page for example. Press the keys control and d together. Click on favourites at the top of the screen. There you are. It has been added to you favourites list. If you click it, you will",neutral
9172,11,That ’ s useful to know. Thanks. I ’ ll just log off and shout down my computer and we can go for a coffee.,joy
9187,0,So where is this mystery restaurant that we are going to?,neutral
9187,1,"It's an Indian restaurant! I know you have never had Indian food, so I thought you might want to try.",joy
9187,2,That sounds great! I am craving some type of beef dish.,joy
9187,3,"Well, Indian cuisine actually doesn't serve beef. You see, cows are a sacred animal, a very important element in the Hindu religion, so beef is not eaten.",neutral
9187,4,"I see, so what are we having? Chicken?",neutral
9187,5,"There are many amazing dishes to choose from. We can have some chicken tikka masala which is an amazing curry. It's a bit spicy, but I think you can handle it.",neutral
9187,6,Sounds good! I have always heard that Indian spices give a rich flavor to food.,joy
9187,7,"Yeah. Also, we can have some Naan bread which is baked in a tandoori oven. Since you don't use any utensils to eat, you can use this bread to scoop up the curry or rice.",neutral
9187,8,What about veggies?,neutral
9187,9,"They have a good variety of vegetable-based dishes like talak panter, vegetable samosas or daal.",joy
9187,10,It all sounds exquisite! I can't wait!,joy
9212,0,What do you think of this dress? Do you think it suits me?,neutral
9212,1,Sure. Why don ’ t you try it on? The fitting room is over there.,neutral
9212,2,It ’ s just the right size-a perfect fit! Have you seen anything you like?,neutral
9212,3,"I ’ m thinking about buying this sweater. I know it ’ s june now, but it will be perfect for autumn and winter.",neutral
9212,4,"It looks too big for you, but I like the color and the material is good quality. Is it on sale?",joy
9212,5,"Yes, it ’ s half price. It ’ s supposed to be too large-that ’ s the fashion.",neutral
9212,6,"I might get one too, but in a different colour. I prefer light blue to while.",neutral
9212,7,"There. It looks great, don ’ t you think? I ’ m going to get these jeans as well. I need a new pair. I need a new pair. I ‘ m also going to buy this scarf ready for winter.",joy
9212,8,"I ’ m getting this beret – doesn ’ t it look cool? I ’ d like to get some jeans too, but I don ’ t have enough cash on me.",neutral
9212,9,Don ’ t worry. I ’ Ve got my credit card. You can pay me back later.,neutral
9212,10,Thanks! Now I don ’ t need to come back to the shop a second time.,joy
9216,0,Is this our bus stop?,neutral
9216,1,I think this is it. Get off.,neutral
9216,2,"Dude, where are we at?",neutral
9216,3,I have no idea.,neutral
9216,4,I thought this was the right stop.,neutral
9216,5,It doesn't look right to me.,neutral
9216,6,Did you make us get off early?,neutral
9216,7,I think we did.,neutral
9216,8,I should not have listened to you.,sadness
9216,9,I really thought this was our stop.,sadness
9216,10,Now we have to walk.,neutral
9216,11,Maybe we should just wait for the next bus.,neutral
9221,0,"Excuse me, have you got any laundry? The laundryman is here to collect it.",neutral
9221,1,"Yes, I have. Here are my blouse, coats and stockings.",neutral
9221,2,Anything else?,neutral
9221,3,"Oh, yes. My husband also has some laundry. This is his suit and here is his pajamas.",neutral
9221,4,Are they to be dry-cleaned?,neutral
9221,5,"Oh, no. Only the suit and coat are to be dry-cleaned. I want to have my blouse tomorrow evening. And I'd like the collar and cuffs starched.",neutral
9221,6,"Yes, but not too stiff, right?",neutral
9221,7,"Exactly. Is it possible to have my overcoat dry-cleaned, too?",neutral
9221,8,There are a few spots on it. I am afraid you will not have it tomorrow. Dry-cleaning usually takes three days.,neutral
9221,9,"Oh, no. I also need this tomorrow evening.",neutral
9221,10,"In that case, I suppose I could ask the dry-cleaner to clean up the spots for the moment, and have it well pressed. You might get it back on time then.",neutral
9221,11,That's a good idea.,neutral
9221,12,"By the way, a cotton came off your shirt you gave me the day before yesterday.",neutral
9221,13,"Yes, I noticed it yet.",neutral
9221,14,The laundry has sewed on a new button for you.,neutral
9221,15,"Oh, thanks a lot.",joy
9221,16,I am afraid the new one is not exactly the same as the others.,neutral
9221,17,"Never mind, it doesn't matter.",joy
9221,18,"If you have any more laundry, please just leave it in the laundry bag behind the bathroom door. The laundryman comes to collect it every morning.",neutral
9224,0,I really feel like eating a salad.,neutral
9224,1,What kind are you going to make?,neutral
9224,2,I'm really not sure.,neutral
9224,3,I really like Caesar salads.,joy
9224,4,Caesar salads are pretty good.,joy
9224,5,What kind of salad do you want to make?,neutral
9224,6,I want a salad with some chicken.,neutral
9224,7,I love chicken salads.,neutral
9224,8,"I like my salads to have croutons, almonds, and shredded cheese.",neutral
9224,9,That sounds really tasty.,joy
9224,10,You should make a salad like that.,neutral
9224,11,I think that I will.,neutral
9239,0,How's your job search going?,neutral
9239,1,I only started looking for a job a few days ago.,neutral
9239,2,have you finished compiling your resume?,neutral
9239,3,"yes, I was precise with every word in my resume?",neutral
9239,4,that's good. Don't forget to design the format. An attractive format is as important as the content.,neutral
9239,5,"absolutely, I've highlighted all my strengths and the resume is clear and easy to read.",neutral
9239,6,good. How about your cover letter?,neutral
9239,7,a cover letter? I've never thought about that. Won't a CV do for my job application?,neutral
9239,8,"no, a CV is not enough. You should also attach it with a cover letter. Don't overlook it. You're faced with fierce competition in the job market. If your cover letter cannot stand out in the pile of",neutral
9239,9,"sounds reasonable.Even if I'm the right one for the job, many people are applying for the same vacancy at the same time, so I should try my best to catch the Human Resources manager's attention.",neutral
9239,10,"yes, you're right. All your preparation efforts are to help you land a job interview.",neutral
9239,11,got it. I'll start right now.,neutral
9244,0,"Shall I make some coffee, Jane?",neutral
9244,1,"That's a good idea, Charlotte.",neutral
9244,2,It's ready. Do you want any milk?,neutral
9244,3,Just a little please.,neutral
9244,4,What about some sugar? Two teaspoonfuls?,neutral
9244,5,"No, less than that. One and a half teaspoonfuls please. That's enough for me. That was very nice.",neutral
9244,6,Would you like some more?,neutral
9244,7,"Yes, please. I'd like a cigarette, too. May I have one?",neutral
9244,8,Of course. I think there are a few in that box.,neutral
9244,9,I'm afraid it's empty.,neutral
9244,10,What a pity!,neutral
9244,11,It doesn't matter.,neutral
9244,12,Have a biscuit instead. Eat more and smoke less!,neutral
9244,13,That's very good advice!,joy
9249,0,"alright, tell me what you think.",neutral
9249,1,don't you think it ’ s a bit bright?,neutral
9249,2,"yeah, maybe you ’ re right. How about this outfit?",neutral
9249,3,"that dress looks lovely on you, but it ’ s not very practical, is it?",neutral
9249,4,"no, I don't have an plans to go to a formal dance any time soon, but I love the way it looks. I just had to try it on! What do you think about this? It ’ s casual, yet sophisticated.",neutral
9249,5,"I like the jeans, but you need something to go with the top. It ’ s too plain on its own.",neutral
9249,6,"how about this scarf, these earrings, and an anklet?",neutral
9249,7,that might be going overboard a bit. How about just that scarf with a bracelet?,neutral
9249,8,that ’ s a good idea. You have a lot of good fashion sense.,joy
9249,9,"thanks. You ’ d be ok on your own. There are loads of fashion victims out there, and you are not one of them. Have you tried it on yet?",joy
9249,10,yep. Here it is. What do you think?,neutral
9249,11,that looks great. Just one more thing---you need some high heels with those jeans. Do you want a pair with a plain pattern or ones with a leopard print on them?,joy
9249,12,the leopard print sounds fabulous. Are they a name brand?,neutral
9249,13,"no, they ’ re a Prada knock-off for 1/10 of the price of the real thing.",neutral
9249,14,that ’ s even better than the real thing.,neutral
9249,15,"if I were you, I ’ d buy that now while it ’ s on sale. If you spend more than $ 100, you get a $ 50 voucher for more clothes.",neutral
9249,16,it ’ s too bad I did all that shopping yesterday!,sadness
9266,0,what are you doing?,neutral
9266,1,"I'm just trying to complete today's crossword puzzle. Whenever I get the time, I like to do the crossword puzzles in the paper.",neutral
9266,2,"you really like brains that make you think, don't you?",neutral
9266,3,I guess you could say that. What kind of games do you like?,neutral
9266,4,I guess the games I like the most are the ones that I'm good at!,neutral
9266,5,doesn't everyone? Which games are those?,neutral
9266,6,"well, I like to play darts. Whenever I go to a bar, I usually play for a few hours.",neutral
9266,7,did you play a lot of games when you were little?,neutral
9266,8,my parents used to love to play checkers and dominoes. We used to have family tournaments every weekend.,neutral
9266,9,do you still like playing those games?,neutral
9266,10,"not at all. I never really did, to be honest. What about you? Did your family used to play games together?",neutral
9266,11,everyone in my family really enjoys playing card games.,neutral
9266,12,some of my friends play cards on the internet. Have you ever tried that?,neutral
9266,13,"no, I prefer to play with people I know.",neutral
9266,14,how about mah-jong?,neutral
9266,15,"it's a popular game with some people, but I've never played it.",neutral
9266,16,I thought everyone in your country were experts at mah-jong!,neutral
9266,17,"I hate to disappoint you, but unlike what most people think, we aren't all exactly the same!",neutral
9278,0,How do you like the apartment?,neutral
9278,1,"I like the apartment, but I see something wrong with it.",neutral
9278,2,What ’ s wrong?,neutral
9278,3,There ’ s a leaking faucet in the sink.,neutral
9278,4,That isn ’ t a problem.,neutral
9278,5,That leak is going to raise my water bill.,neutral
9278,6,What can I do?,neutral
9278,7,You need to fix it.,neutral
9278,8,I can ’ t right now.,neutral
9278,9,I won ’ t rent it if the faucet isn ’ t fixed.,neutral
9278,10,I will fix it for you.,neutral
9278,11,I ’ m glad you finally agree.,joy
9280,0,"Good afternoon, miss, can I help you?",neutral
9280,1,"Yes, I ’ d like to buy this dress, please.",neutral
9280,2,It ’ s certainly a pretty dress. I can ring you up at the register over here.,neutral
9280,3,Great.,joy
9280,4,"Will you be paying by cash, check, or credit card?",neutral
9280,5,I want to use a credit card. Do you take Discover?,neutral
9280,6,"Sorry, no. We only take MasterCard or Visa.",sadness
9280,7,"I ’ ll put it on my Visa card, then.",neutral
9280,8,"Very well, ma ’ am. Oh, there seems to be a problem, it says it ’ s rejected.",neutral
9280,9,There must be something wrong with the system. Try my MasterCard.,neutral
9280,10,"Alright. Thank you. Yes, it seems to be working fine. Your total is $ 199.00, sign here, please.",joy
9280,11,Sure.,joy
9280,12,"Here you go, and here ’ s your receipt. Have a nice day.",joy
9280,13,"Thanks. You have a good one, too.",joy
9286,0,hi. Could you give me a hand with this report?,neutral
9286,1,sure. I ’ d be happy to give you some hints and advice.,neutral
9286,2,"thanks. Would you mind taking a look at the layout? Do you think it ’ s appropriate? I want it to be formal, but not boring to look at.",neutral
9286,3,it looks good to me. I would suggest that you put the client ’ s logo and our logo on each page. The bosses seem to like that.,neutral
9286,4,that ’ s an excellent suggestion. I can easily do it on the computer.,neutral
9286,5,why don ’ t you use a different font the headings? They ’ ll be more distinct.,neutral
9286,6,I ’ ll take that suggestion too. How about the content?,neutral
9286,7,I think you ’ Ve included all the essential things. You might want to make the conclusion a little longer. Restate your reasons clearly.,neutral
9286,8,is it ok to include the pictures?,neutral
9286,9,definitely! I would include one or two on each page if possible. Remember that you should make the report as eye-catching as possible.,neutral
9286,10,thanks for those ideas. I ’ ll get to work on them right away.,neutral
9296,0,"OK, so are you ready to learn how to bake a cake?",neutral
9296,1,"Almost, let me just put my apron on.",neutral
9296,2,"OK, so the first thing we are going to do is pre-heat the oven, that way we have it at the desired temperature once we finish preparing everything. Set it to three hundred and seventy five degrees Fahrenheit.",neutral
9296,3,Got it.,neutral
9296,4,No we are gonna make the batter. Take some butter and sugar and mix it lightly until you have a nice consistency. Then add some vanilla extract and eggs and continue mixing.,neutral
9296,5,Do I have to use a whisk or can I use the electric mixer?,neutral
9296,6,"Go ahead and use the mixer, but put it on medium speed. I'm gonna sift the flour and baking powder separately and then we can mix it with milk and the rest of the ingredients.",neutral
9296,7,"OK, so now we need a baking pan right?",neutral
9296,8,"Yeah, but grease and flour it first so the cake won't stick to it when it bakes.",neutral
9296,9,Done. So how long do we bake it for?,neutral
9296,10,We can leave it in there for about twenty five minutes. Then we let it cool for ten minutes before we remove the cake from the pan.,neutral
9296,11,Wow! This was a lot easier than I thought!,joy
9313,0,Excuse me.,neutral
9313,1,Yes?,neutral
9313,2,"Can you tell me the way to the Peak Tram, please?",neutral
9313,3,Certainly. Go along Queen's Road...,neutral
9313,4,Along Queen's Road...,neutral
9313,5,"Yes, and turn right at the Hilton Hotel.",neutral
9313,6,Right at the Hilton.,neutral
9313,7,"Then go up Garden Road, past the Cathedral.",neutral
9313,8,The Cathedral?,neutral
9313,9,Yes. Then cross the road at the next traffic lights. The Peak Tram is straight ahead. You can't miss it.,neutral
9313,10,That's very kind of you. Thank you. Er... have you got a pencil?,joy
9313,11,Yes. Why?,neutral
9313,12,Can you repeat all that? I think I'd better write it down.,neutral
9329,0,May I take your drink order while you are looking over your menu?,neutral
9329,1,"Yes, do you have a wine list?",neutral
9329,2,The wine list is on the second page of your menu.,neutral
9329,3,Do you have mixed drinks in this restaurant?,neutral
9329,4,"Yes, we have a full bar here.",neutral
9329,5,I am not sure what I want. Do you have any house specials?,neutral
9329,6,"Actually, we are famous for our Cuervo Gold margaritas.",neutral
9329,7,That sounds good! Please bring me one of those.,joy
9329,8,Would you like that drink blended or on the rocks?,neutral
9329,9,I would like it blended.,neutral
9329,10,Would you like it with salt or no salt?,neutral
9329,11,"I would like my margarita with no salt, thank you.",joy
9359,0,"Good evening, sir. Are you ready to order now?",neutral
9359,1,Yes. I'd like to try Chinese food. But I don't know anything about it.,neutral
9359,2,"Chinese food is divided into eight big cuisines, such as Cantonese food, Sichuan food, Fujisan food, etc. Our restaurant is famous for Sichuan style.",neutral
9359,3,Is there any difference between Cantonese food and Sichuan food?,neutral
9359,4,Yes. Cantonese food is lighter while Sichuan food is spicy and hot.,neutral
9359,5,Really? I like hot food. Can you make a few suggestions?,neutral
9359,6,How about the eggplant and minced pork in dry red chili sauce and the'Tofu'beancurd? They are our specialties.,neutral
9359,7,OK. I ’ ll have them. Is there any soup?,neutral
9359,8,Yes. Sour soup of Sichuan style. It's our chef ’ s recommendation.,neutral
9359,9,That ’ s fine. I'll have a try.,neutral
9359,10,"Sir, your dish will take 5 minutes to prepare. While waiting, would you like anything to drink?",neutral
9359,11,"Martini, please.",neutral
9359,12,"OK, sir. We'll try our best to serve you as soon as possible.",neutral
9384,0,Do you do a lot of your shopping online?,neutral
9384,1,"Not really. I like looking on the internet at what ’ s available, but I usually prefer to actually see and touch what I ’ m buying before I pay for it. Sometimes, I ’ ll look at something in a shop, but later buy it online if it ’ s cheaper. You don ’ t like buying things online, do you?",neutral
9384,2,No. I ’ m a little worried about security. You never who ’ s trying to find out your codes and passwords. Aren ’ t you worry about that?,neutral
9384,3,"Not really. I know that it happens, but if you buy from reputable companies with secure websites, you should be ok. Even though I use online shopping facilities, I don ’ t think it ’ s the best way to shop.",neutral
9384,4,I ’ m surprised to hear you say that. I thought you loved anything technological.,surprise
9384,5,"I do. I ’ m a big fan of using new technology, but I don ’ t want to sit in front of a computer screen all day. I think people need to get out and interact with other people.",neutral
9384,6,"So, how about coming to the department store with me? I want to see if there are any new summer clothes on sale yet.",neutral
9384,7,Sure. I ’ d love to join you. Can we stop by the computer store? I just want to see if they have something.,joy
9384,8,Sure. While you ’ re in the computer store. I will visit the book store opposite. I like to browse through their books if they have anything interesting.,neutral
9384,9,Ok. I ’ Ve finished online. Let ’ s go. I ’ ll just get some money and my credit card.,neutral
9384,10,Thanks for reminding me. I had forgotten to get mine.,joy
9407,0,Please pull your table down. It's lunch hour.,neutral
9407,1,All right.,neutral
9407,2,"What would you like, sir?",neutral
9407,3,What would you suggest?,neutral
9407,4,You may choose from the fish and beef.,neutral
9407,5,I'd like the beef.,neutral
9407,6,Here you are. Would you like a cup of tea or coffee?,neutral
9407,7,"No, I'd rather have a glass of juice, please. What kinds do you have?",neutral
9407,8,"We have a selection of orange, apple, grape and lemonade.",neutral
9407,9,"I'll have a glass of lemonade. More ice, please.",neutral
9407,10,All right. Will there be anything else?,neutral
9407,11,Could you give me more paper napkins?,neutral
9407,12,Sure. Here you are.,neutral
9407,13,Thanks.,joy
9407,14,You're welcome. Enjoy your meal. Press the call button if you need any more help.,joy
9411,0,"Good morning. Vane Theater, at your service.",neutral
9411,1,Hello. I'm thinking about watching a Chinese traditional opera with a foreign girl. What's on this weekend?,neutral
9411,2,"Well, there will be charity performance on Saturday night. And also, there will be a solo concert by an opera star on Sunday night.",neutral
9411,3,It's a good thing that I have choices here. Can you tell me about the one on Saturday?,neutral
9411,4,Sure. It's to raise money for the homeless.,neutral
9411,5,What about the performance itself?,neutral
9411,6,"Oh, it's a reserved opera named'The Monkey Creates Havoc in Heaven'.",neutral
9411,7,"Wow, a story about the clever Monkey King. It's a classic and children's favorite.",neutral
9411,8,It surely is. And the cast is really the best.,neutral
9411,9,Wonderful! How much is the ticket?,joy
9411,10,"The price varies according to the seats. 300 for the front, 200 for the middle, and 50 for the back. Which kind would you like?",neutral
9411,11,"Two for the front. One last thing, are there any English subtitles for the show?",neutral
9411,12,"Yes, we have subtitles both in Chinese and English on the big-screen just beside the stage.",neutral
9411,13,Terrific. May I stop by to get that two tickets tomorrow afternoon?,joy
9411,14,"Sure. And our theater is located on Liberty Avenue, just opposite the biggest guitar store. Can I have your name?",neutral
9411,15,B. S-H-I-R-L-E-Y.,neutral
9411,16,Got it. Thanks for calling. Bye.,joy
9416,0,"John, it ’ s time to get up.",neutral
9416,1,It can ’ t be time to get up yet.,neutral
9416,2,It is. Hurry up! You ’ ll be late for school.,anger
9416,3,What ’ s the time?,neutral
9416,4,It ’ s nearly half past seven.,neutral
9416,5,My watch says ten past.,neutral
9416,6,It ’ s slow. Hurry up! The bus goes at twenty to eight.,anger
9416,7,Are you sure half past seven?,neutral
9416,8,Positive. I ’ ll put the radio on.,neutral
9416,9,( And here is the seven o ’ clock news ) It ’ s only seven o ’ clock. Your watch is fast.,neutral
9416,10,"No, it isn ’ t. It ’ s stopped. I forgot to wind it up last night.",neutral
9416,11,I could have stayed in bed for another half hour.,neutral
9417,0,"Are you ready to order now, sir?",neutral
9417,1,"Yes, let me have this roast beef special.",neutral
9417,2,"You have a choice of vegetables, green peas, lima beans or spinach.",neutral
9417,3,I will have the green peas and make sure the beef is well done.,neutral
9417,4,"Yes, sir. What would you want to drink, coffee, tea or milk?",neutral
9417,5,"A cup of coffee, please, with cream and sugar.",neutral
9417,6,"The cream and sugar are on the table, sir.",neutral
9417,7,"Oh, yes.",surprise
9417,8,Would you like to order some dessert?,neutral
9417,9,What comes with the special?,neutral
9417,10,"Ice cream, fresh fruit or chocolate cake.",neutral
9417,11,I think I will have a dish of Vanilla ice cream.,neutral
9417,12,"Yes, sir.",neutral
9417,13,"Waiter, may I have my check, please?",neutral
9417,14,"Here you are, sir. Pay the cashier at the door.",joy
9445,0,Excuse me. I ’ m a stranger here and lost my way.,neutral
9445,1,Can I help you?,neutral
9445,2,Sure. Can I get to the central department stall this way?,neutral
9445,3,"uh... Yes. Turn right, then take the second turning on your left.",neutral
9445,4,Is it far?,neutral
9445,5,It ’ s about fifteen minutes ’ walk. That ’ s all.,neutral
9445,6,And do you know where the national bank is?,neutral
9445,7,Yes. It ’ s on this street. Keep walking for two blocks and it ’ s on the corner on the right.,neutral
9445,8,Thanks very much.,joy
9445,9,You are welcome. Good luck.,joy
9445,10,Thank you. I won ’ t miss it.,joy
9455,0,Have you taken the written test yet?,neutral
9455,1,"No, I haven't.",neutral
9455,2,You should study before you take it.,neutral
9455,3,I have been studying.,neutral
9455,4,Why don't you take the test?,neutral
9455,5,Do you know if it costs any money to take it?,neutral
9455,6,"Since you already paid for your permit, you don't have to pay again.",neutral
9455,7,All right. Do you know if the test covers the whole book?,neutral
9455,8,"No, the test skips a lot of things in the book.",neutral
9455,9,Did you pass it the first time that you took it?,neutral
9455,10,"No, I didn't, because it was pretty hard.",neutral
9455,11,"Well, I hope that I do well.",joy
9486,0,You ’ re all set to leave.,neutral
9486,1,I can ’ t believe it.,surprise
9486,2,What are your plans?,neutral
9486,3,I plan on going back to school.,neutral
9486,4,What will your major be?,neutral
9486,5,"I ’ m not sure yet, but I plan to do good things.",neutral
9486,6,"You don ’ t have plans to end up back here, do you?",neutral
9486,7,I have no plans on being back.,neutral
9486,8,You don ’ t belong here.,neutral
9486,9,That ’ s true.,neutral
9486,10,Good luck with your life.,neutral
9486,11,I ’ m going to be fine.,joy
9503,0,Excuse me. Could you help me?,neutral
9503,1,Certainly. What can I do for you?,joy
9503,2,I'm looking for a leather belt for my husband.,neutral
9503,3,Do you know what size he wears?,neutral
9503,4,Size 36... I think.,neutral
9503,5,And what color would you like?,neutral
9503,6,"Dark brown, if you have it.",neutral
9503,7,"Okay. Let's see... a size 36 dark brown leather belt. Oh, yes. Her e we are. Do you think your husband will like this one?",neutral
9503,8,Yes. I'm sure he will. I'll take it.,joy
9503,9,Will this be cash or charge?,neutral
9503,10,Do you take Master Card?,neutral
9503,11,"No, I'm afraid not. We only accept our own store credit card.",sadness
9503,12,"Oh. In that case, I'll pay cash.",neutral
9507,0,I have a good feeling about this house.,joy
9507,1,"Yes, I liked it the first moment I pulled up to it.",neutral
9507,2,I love the paint job!,joy
9507,3,"If you like the outside, you are going to really love the inside.",joy
9507,4,What a beautiful home!,joy
9507,5,"You ’ ll notice that the window treatments, carpeting, and drapes are all new.",neutral
9507,6,I like the way the blinds give you privacy from the street.,joy
9507,7,Follow me into the kitchen. You will love it.,joy
9507,8,I love that they put a wine storage area in the kitchen.,joy
9507,9,The best part is the bedroom and attached bathroom.,neutral
9507,10,I love the relaxing colors in the tile and floor covering!,joy
9507,11,Let ’ s take a few pictures so that we can remember what we like about this home.,joy
9515,0,Have you anything to declare?,neutral
9515,1,One bottle of perfume and a watch.,neutral
9515,2,Where did you buy it?,neutral
9515,3,In Boston.,neutral
9515,4,Do you travel a lot?,neutral
9515,5,Oh... I go to see my sister twice a year or so.,neutral
9515,6,Twice a year? How long has your sister lived in Boston?,neutral
9515,7,Nearly ten years.,neutral
9515,8,"I see, that's a long time.How much was the watch?",neutral
9515,9,"I can't remember, but I've got the receipt somewhere. Would you like to see it?",neutral
9515,10,"Yes, I'd like to see the receipt. Oh! I see you bought the watch last week.",neutral
9515,11,Yes. Does that mean I'll have to pay duty on it?,neutral
9515,12,"Yes, I'm afraid you will.Altogether on the watch and the perfume you owe me seven pounds.",neutral
9515,13,Ok. Here you are. Is that all right now?,neutral
9515,14,"Yes, that's fine. I hope you enjoyed your stay in Boston?",neutral
9515,15,"Yes, I did. I had a fine time.",joy
9516,0,How about this floor lamp?,neutral
9516,1,"Fine, just get it! We have been shopping for furniture for five hours! I ’ m so tired!",neutral
9516,2,We still need to find an armoire and a dresser.,neutral
9516,3,"Fine! I am going to go home and drop off this nightstand, coffee table and love seat while you look for the rest of the things.",neutral
9516,4,Great! Pick me up in about an hour because I think I ’ ll also get a bean bag and a dining set.,joy
9516,5,While you are at it can you pick out a nice recliner? I really want one so I can watch TV.,neutral
9516,6,Recliner? In my beautifully decorated living room? I don ’ t think so!,surprise
9516,7,How about this floor lamp?,neutral
9516,8,"Fine, just get it! We have been shopping for furniture for five hours! I ’ m so tired!",anger
9516,9,We still need to find an armoire and a dresser.,neutral
9516,10,"Fine! I am going to go home and drop off this nightstand, coffee table and love seat while you look for the rest of the things.",anger
9516,11,Great! Pick me up in about an hour because I think I ’ ll also get a bean bag and a dining set.,joy
9516,12,While you are at it can you pick out a nice recliner? I really want one so I can watch TV.,neutral
9516,13,Recliner? In my beautifully decorated living room? I don ’ t think so!,surprise
9522,0,Do you know which bus I can take to PCC?,neutral
9522,1,Tell me where you need to get on at.,neutral
9522,2,I live on Las Flores and Fair Oaks.,neutral
9522,3,"If you don't mind walking, I know a bus you can take.",neutral
9522,4,I'm okay with walking.,neutral
9522,5,"Walk all the way down Fair Oaks, and catch the 267 on Altadena Drive.",neutral
9522,6,Do you know which direction it should be heading?,neutral
9522,7,You have to catch it going west.,neutral
9522,8,Which stop do I get off on?,neutral
9522,9,You need to get off on the corner of Del Mar and Hill.,neutral
9522,10,Thank you for telling me.,joy
9522,11,It was my pleasure.,joy
9524,0,I think I'm going to go get some food.,neutral
9524,1,What do you want?,neutral
9524,2,I can't decide what to get.,neutral
9524,3,What kind of food do you want to get?,neutral
9524,4,I think I might like some Chinese food.,neutral
9524,5,Do you know where you're going to get it?,neutral
9524,6,I honestly don't know.,neutral
9524,7,I go to Panda Express for my Chinese food.,neutral
9524,8,You like the food there?,neutral
9524,9,I really like the food.,neutral
9524,10,I think I'll go and get my food there.,joy
9524,11,I think you'll enjoy the food.,joy
9525,0,"May I speak to the apartment building manager, please?",neutral
9525,1,I'm the manager. How can I help you?,neutral
9525,2,I was hoping that the apartment on Main Street was still available.,neutral
9525,3,"Why, yes, it is. Would you like to get a look inside the apartment?",neutral
9525,4,"Yes, it would be nice to see the apartment.",neutral
9525,5,How about today at 6 o'clock?,neutral
9525,6,"Yes, I can be there at 6.",neutral
9525,7,Sounds good. I'll see you at 6. Do you want directions?,joy
9525,8,"I'm okay, thank you. I already checked out the address on MapQuest.",joy
9525,9,"If you like the place, you can fill out an application form. I'll bring one with me.",neutral
9525,10,Is there anything that I need to bring with me?,neutral
9525,11,No. I won't need to see anything except your driver's license.,joy
9550,0,I am going on a business trip to Guangzhou next Monday morning.,neutral
9550,1,To visit our supplier?,neutral
9550,2,"Yes, as the New Year is coming, they ’ re organizing a party for all their customers.",neutral
9550,3,"Well, I guess you will meet many people in this field. So don ’ t forget to pack enough business cards in your suitcase.",neutral
9550,4,Sure.,neutral
9550,5,"By the way, do you know that our company just made some changes in the business trip policy?",neutral
9550,6,"No, no one has informed me of that so far, tell me.",neutral
9550,7,"Ok, there is no cash advance anymore for short trips. You have to pay out of your own pocket, so save all the receipts from your business trip. And then attach them to your expense account. When you get back, our company will reimburse everything.",neutral
9550,8,"I see. What about the maximum purdy and rate, any change?",neutral
9550,9,I am not sure. You can check with the finance department.,neutral
9550,10,"I will call them this afternoon, thanks.",neutral
9550,11,You ’ re welcome. Have a nice trip.,neutral
9560,0,It ’ s very nice to meet you.,neutral
9560,1,"Nice meeting you, too.",neutral
9560,2,I can ’ t believe I ’ m actually speaking to a candidate.,joy
9560,3,"You can ask me questions, if you ’ d like.",neutral
9560,4,I want to ask you what your policy is on gay marriage.,neutral
9560,5,Everyone should be able to love who they want.,neutral
9560,6,Would you make gay marriage legal?,neutral
9560,7,I sure would.,neutral
9560,8,I know a lot of people wouldn ’ t agree with that.,neutral
9560,9,That ’ s not my problem.,neutral
9560,10,I think that is really cool of you.,joy
9560,11,I ’ m glad to hear that.,joy
9561,0,"Hey, Susan. Have you got a sec? I have some questions about my paycheck.",neutral
9561,1,"You bet, Emily. Pull up a chair.",neutral
9561,2,"Well, this is my first paycheck here in the States and there are a few things I don't understand. First of all, what is this FICA, and SUI Y tax, and why are there deductions both for Medicare and for my health insurance plan?",neutral
9561,3,"OK, let's start from the top of your pay stub. This number here represents your gross pay.",neutral
9561,4,"Then here we have a series of deductions. First off are the federal ones. FICA stands for Federal Insurance Contribution Act, or something like that. It's your federal income tax. And then there's Social Security and Medicare, which are both federal programs to help you out after you retire or if you were unable to work.",neutral
9561,5,"All right, I see. So the Medicare isn't actually a health insurance I can use now.",neutral
9561,6,"That's right. Below the federal deductions are the state deductions. There's the state income tax, and then this SUI / SDI tax you were asking about is paying into an unemployment and disability fund that our state has set up, but you can see it's a pretty small quantity that they take.",neutral
9561,7,"Yeah, I don't mind giving them a dollar fifty for that. So there are two separate income taxes — one at a state level and one at a federal level?",neutral
9561,8,That's right. Not all states have an income tax. Some use higher property taxes or sales taxes instead.,neutral
9561,9,"I see. All right, well I think everything else I can figure out on my own. The deductions for health insurance and my 401 ( K ) are pretty self-explanatory. Thanks for your help, Susan.",joy
9561,10,"No problem! All those deductions do add up, and nobody's net pay is as high as they'd like. I can understand why you'd want some explanation.",joy
9561,11,"Yeah, I guess it's the same in the UK, I just never paid much attention. See you later!",joy
9566,0,I finally found an apartment that I want to rent.,neutral
9566,1,Where did you see it?,neutral
9566,2,I saw it in this ad for apartments in today ’ s newspaper.,neutral
9566,3,You found an apartment in the ads?,neutral
9566,4,"I really did, but what ’ s so great about it is that it ’ s really affordable.",neutral
9566,5,Tell me about the apartment.,neutral
9566,6,"Well, most importantly the apartment is beautiful.",joy
9566,7,How much is the rent for the apartment?,neutral
9566,8,The rent is $ 725 each month.,neutral
9566,9,That ’ s pretty cheap for out here.,neutral
9566,10,That ’ s what I said when I found out how much the rent was.,neutral
9566,11,Congratulations on the new apartment.,joy
9573,0,"Can I help you, Ma'am?",neutral
9573,1,I need a phone card for this new cell phone.,neutral
9573,2,Cool phone. What kind of phone card do you want?,joy
9573,3,It's for my daughter who is still a senior high school student.,neutral
9573,4,Then the M-Zone will be suitable.,neutral
9573,5,What's special with the service?,neutral
9573,6,You know students use tested message service. And they provide favorable service for that.,neutral
9573,7,That's nice. And I need a pre-paid phone card.,joy
9573,8,"Oh, there is a sales promotion for it now.",neutral
9573,9,"Oh, good. Then what is it?",joy
9573,10,"If you buy a pre-paid phone card worth 100 yuan today, you will get 50 yuan for free.",neutral
9573,11,May I have two of them?,neutral
9573,12,Sure. As many as you want.,joy
9573,13,"Okay, then a third one for my husband too.",neutral
9576,0,"Can I see your passport, please?",neutral
9576,1,Is this line for non-residents?,neutral
9576,2,Yes it is. Residents can queen up in the lines to my right.,neutral
9576,3,Ok. Here's my passport.,neutral
9576,4,What's the expiration date on your passport?,neutral
9576,5,"I think it's soon, maybe in a few months. It was renewed in Beijing, so the new expiry date is on the last page.",neutral
9576,6,"I see. Yes, you'll need to renew your passport in a few months. Make sure you don't let it expire while you are in the UK.",neutral
9576,7,I won't.,neutral
9576,8,Do you have anything to declare?,neutral
9576,9,"No, I don't have anything to declare.",neutral
9576,10,How long will you be staying in the UK?,neutral
9576,11,I'll be here for about a year.,neutral
9576,12,What is the purpose of your stay?,neutral
9576,13,I'll be studying. I'm doing an MBA at Nottingham University.,neutral
9576,14,Where will you be staying?,neutral
9576,15,I have a housing contract with the university. I'll be in a dorm room on campus.,neutral
9576,16,How do you plan on paying for your living costs and tuition fees while you are here?,neutral
9576,17,My father has already paid for that in advance. Here are the receipts.,neutral
9576,18,Ok. Have a good stay. Here's your passport and documents back.,neutral
9576,19,Thank you very much.,joy
9583,0,What can I do for you today?,neutral
9583,1,I need to buy a new refrigerator today.,neutral
9583,2,Were you looking at a particular refrigerator?,neutral
9583,3,I like that Kenmore refrigerator.,neutral
9583,4,This particular refrigerator is a very good choice.,neutral
9583,5,Tell me about it.,neutral
9583,6,"Not only is it affordable, but it comes with all the appliances.",neutral
9583,7,What are the appliances?,neutral
9583,8,"It has an ice maker, water dispenser, and plenty of room on the inside.",neutral
9583,9,I'd like to see it for myself.,neutral
9583,10,Go right ahead.,neutral
9583,11,I like what I see.,neutral
9587,0,Hi. I want to get something nice for my niece.,neutral
9587,1,"Well, I've never heard of a little girl that didn't love Barbie dolls.",neutral
9587,2,"I like that suggestion. Show me one, please.",joy
9587,3,Here you go — Digital Barbie.,neutral
9587,4,"Oh, my niece will love her! How much for her?",joy
9587,5,Barbie is our best seller. She's only $ 29.95.,neutral
9587,6,That's great. I'll take her.,joy
9587,7,Your niece will love this. Anything else?,neutral
9587,8,"Thank you, but no. This will do it for now.",joy
9587,9,"With the tax, your total is $ 32.42. Would you like to charge it?",neutral
9587,10,"I'll pay cash, thank you.",joy
9587,11,Thank you for shopping here.,joy
9592,0,I have to move.,neutral
9592,1,You have not fulfilled your lease agreement yet.,neutral
9592,2,I can ’ t stay here anymore.,neutral
9592,3,There ’ s a problem with that.,neutral
9592,4,What is the problem?,neutral
9592,5,I won ’ t be able to give you back your deposit.,neutral
9592,6,Why not?,neutral
9592,7,This was stated in our agreement.,neutral
9592,8,But I need it back.,neutral
9592,9,I can ’ t do that.,neutral
9592,10,It will be impossible for me to stay here.,neutral
9592,11,That ’ s not my fault.,neutral
9593,0,"Good morning, doctor. I've been suffering very much from a toothache lately.",sadness
9593,1,"Well, let me have a look. Will you sit down in this chair and open your mouth wide?",neutral
9593,2,I think one of the back ones at the top is giving me the most trouble.,neutral
9593,3,Yes. This big one is badly decayed. I'm afraid it must be taken out.,neutral
9593,4,"Oh, I hate having teeth pulled out. Will it hurt?",fear
9593,5,"No need to worry. You won't feel anything at all. I'll give you an injection to stop the pain. Just wash your mouth out with this water, will you?",neutral
9593,6,Will it take long?,neutral
9593,7,"No, it'll be over soon. Nurse, get some X-rays of our patient's molars. Then we'll start. Open your mouth wide. Don't be so nervous. Now open wider... now stay, that's over...",neutral
9593,8,Is it out?,neutral
9593,9,"Not yet, but it soon will be. Now open again please... It's out! Look!",neutral
9593,10,"Well, really! That was wonderful! I felt no pain at all. Thank you, doctor.",joy
9616,0,"This facility is great, don't you think?",joy
9616,1,"Yes, it is better than last year. They have done a very good job this time.",joy
9616,2,I'm glad our booth is on the first floor. More people can see our display.,neutral
9616,3,"If someone wants to find us, they can look at this floor plan.It shows where all the companies have their booths.",neutral
9616,4,Let me see that. I didn't get one when I came in.,neutral
9616,5,Really? They didn't give you one with your ticket?,surprise
9616,6,No.,neutral
9616,7,That's strange.,neutral
9616,8,Where do you go for lunch around here?,neutral
9616,9,Are you hungry?,neutral
9616,10,Not too bad. But I will be soon.,neutral
9616,11,I went across the street. There is a good Chinese restaurant next to the hotel.,neutral
9616,12,I can't see Cortex on this floor plan. Don't they have a booth here?,neutral
9616,13,"They must. Let me look at that.Here it is. Cortex. It's on the second floor, next to the Roll booth.",neutral
9616,14,"Oh, that will be uncomfortable for them.",neutral
9616,15,For whom? Cortex?,neutral
9616,16,Yes. Cortex just stole Darren McDowell from Rolly.And probably Darren will be here.So he will have to spend the whole show standing next to his old Cortex coworkers.,neutral
9616,17,I've never met Darren.But you're right. That would probably be uncomfortable.,neutral
9616,18,"When you reserve a booth, you should check who your neighbors will be.Don't you think?",neutral
9616,19,"Yes, maybe. If you're Darren McDowell, you should probably check.",neutral
9616,20,"Yes. Well, I think I'll go get lunch. Will you join me?",neutral
9616,21,"No, I'll stay here at the booth. I ate earlier. Are you going to the Chinese restaurant?",neutral
9616,22,Maybe. I will look around.,neutral
9643,0,"Sis, why did you ask me to come to this bargain market? It's so crowded, and you can't find anything that you really want.",surprise
9643,1,You just don't get it. Looking for bargains can be really interesting.,neutral
9643,2,Are you serious? How can that be?,neutral
9643,3,"Bargaining is a game, or even a battle. You feel like a winner when you get a good price.",neutral
9643,4,"Come on. You know, you can never really win. The salesperson never loses. They make their living out of it.",neutral
9643,5,That's true. But I just love it. Come here!,neutral
9643,6,"Oh, this silk carpet is really beautiful. Look at the pattern, and how delicate it is!",joy
9643,7,You do have great taste. That's the most expensive stuff here.,joy
9643,8,"Really? Oh, this one. I like the cloisonn vase.",joy
9643,9,"Are you kidding me? I bought a same one last week. It's surprising that there is something we both like. Well, what do you think of these ceramic cups?",joy
9643,10,"Come on. They look so cheap. Something else, please.",neutral
9643,11,What about this picture? I think Benjamin would like it.,neutral
9643,12,Don't underestimate his taste. I don't think he'd like it.,neutral
9643,13,Don't be so sure. He loves the vase I bought here last week.,neutral
9643,14,"Yeah. Well, anyway, it's up to you. But I can tell that you come here often.",neutral
9643,15,Absolutely. That's why I can always get a good price.,joy
9657,0,"Good afternoon, Mrs.Vale. Please sit down.",neutral
9657,1,Thank you.,neutral
9657,2,"Did you work as a salesperson before, Mrs.Vale?",neutral
9657,3,Only as a clerk in a store.,neutral
9657,4,"I see. Well, consulting is a little different.",neutral
9657,5,"I'm a quick learner, Mr.Jenkins.",neutral
9657,6,Umm hmm. Do you have a diver's license?,neutral
9657,7,"Yes, and I'm a very good driver.",neutral
9657,8,Fine. We provide a company car for our consultants.,neutral
9657,9,Do I have to travel a lot?,neutral
9657,10,Oh yes-five days a week. You have to visit customers all over the territory.,neutral
9657,11,But how will I get to know the products?,neutral
9657,12,"You'll have to attend a three-week course. If you do well, the job is yours.",neutral
9657,13,How much is the salary?,neutral
9657,14,"Starting salary is $ 150 a week-plus commissions, of course.",neutral
9657,15,How much commission do your consultants get?,neutral
9657,16,Five percent.,neutral
9657,17,"Well, I'm very interested in the job.",neutral
9657,18,Fine. The next course starts a week from tomorrow.,neutral
9657,19,Thank you.,joy
9657,20,Good luck to you.,joy
9662,0,"Gordon, you're ever so late.",anger
9662,1,"Yes, I am sorry. I missed the bus.",sadness
9662,2,"But there's a bus every ten minutes, and you are over 1 hour late.",anger
9662,3,"Well, I missed several buses.",sadness
9662,4,How on earth can you miss several buses?,anger
9662,5,"I, ah..., I got have late.",sadness
9662,6,"Oh, come on, Gordon, it's the afternoon now. Why were you late really?",anger
9662,7,"Well, I... I lost my wallet, and I...",neutral
9662,8,Have you got it now?,neutral
9662,9,"Yes, I found it again.",neutral
9662,10,When?,neutral
9662,11,This morning. I mean...,neutral
9662,12,I am not convinced by your explanation.,anger
9675,0,What can I do for you?,neutral
9675,1,I would like to look at some watch.,neutral
9675,2,May I show you the gold ones?,neutral
9675,3,"Pure gold ones, please.",neutral
9675,4,OK. Here they are.,neutral
9675,5,What is the price for this one?,neutral
9675,6,One thousand yuan.,neutral
9675,7,That's quite steep. Can you come down a little bit?,neutral
9675,8,I'm afraid not. The price is very moderate.,sadness
9675,9,It's rather more than I was thinking of paying.,neutral
9675,10,We brought the price down only a few days ago. This is definitely a bargain.,neutral
9675,11,OK. I'll take it.,joy
9686,0,Why don't you watch where you're going?,neutral
9686,1,Me? You're the one who pulled out in front of me!,surprise
9686,2,There was plenty of room for me to pull out.You didn't have to stay in the lane you were in.,neutral
9686,3,"Hey, listen. I had every right to stay in the lane I was in.You were supposed to wait until I passed to pull out.And anyhow, you didn't give me any time to change lanes.All of a sudden--BANG--there you are right in front of me.",anger
9686,4,I think my arm is broken.,neutral
9686,5,"Sorry about your arm, but it serves you right. You need to learn how to drive. You're lucky you didn't get killed. And I'm lucky to be alive too.",neutral
9686,6,"Listen, let's just wait until the police get here.Then we can decide whose fault this accident was.",neutral
9686,7,Fine with me. I know the laws of the road. I'm not worried.,neutral
9686,8,"I have a cell phone in my car. Now it's probably on the floor on the passenger side.Why don't you get it for me, and then I can call the police?",neutral
9686,9,Alright.,neutral
9686,10,It doesn't work. It looks like it's broken. I need to get to a hospital. You should drive me there.,neutral
9686,11,"Oh, yeah? It's better if we make a police report first. Then you can go to the hospital.",surprise
9686,12,Damn it! I'm injured here. We could wait all day for the police.,anger
9686,13,"Well, you'll just have to wait. I'm not going to move my car until the police arrive. I'll go into one of those houses over there and use their phone. Don't worry. You'll get to the hospital in time.",neutral
9686,14,It really hurts.,neutral
9686,15,"Yes, maybe it does.But if you're going to drive like you did just now, you will have to get used to a little physical pain. You know what I mean?",neutral
9686,16,To hell with you. The accident was your fault.,anger
9686,17,"I'm afraid it wasn't. And when the police get here, you will also see that it wasn't. But enough of this bickering. I'm going to go find a phone.Don't move that arm while I'm gone. Alright?",neutral
9686,18,To hell with you.,anger
9704,0,My doctor said that I need a chest X-ray.,neutral
9704,1,"Just take your clothes off from the waist up and put this gown on, with the opening in the back.",neutral
9704,2,What should I do after that?,neutral
9704,3,You need to come over here and face this plate.,neutral
9704,4,Am I standing the right way?,neutral
9704,5,I will need your arms raised to shoulder height.,neutral
9704,6,Am I doing this the right way?,neutral
9704,7,Everything you are doing is perfect.,neutral
9704,8,Are you going to leave?,neutral
9704,9,"I am just getting behind this screen. You need to take a deep breath, hold it, and then breathe normally.",neutral
9704,10,Is that all there is to it?,neutral
9704,11,You can get dressed as soon as the film is processed. We will be all done here.,neutral
9705,0,I really like the way this house looks.,joy
9705,1,"Yes, it has great curb appeal.",joy
9705,2,The landscaping is wonderful!,joy
9705,3,"Yes, it is nice, but wait until you see the interior.",joy
9705,4,"Oh, I see what you mean!",joy
9705,5,"The carpeting and paint are all new, as well as the window treatments.",neutral
9705,6,I love the sage green carpeting with the sunset-colored walls.,joy
9705,7,Come and see the kitchen.,neutral
9705,8,"Oh, look at that beautiful countertop material and the double sink!",joy
9705,9,Let ’ s go check out the bedroom and bathroom.,neutral
9705,10,I really like the Jacuzzi bathtub in the bathroom.,joy
9705,11,I am happy that you like the house. We should write down what we like so that we can remember it.,fear
9734,0,Can you help me find a nice gift for my young niece?,neutral
9734,1,"Barbie dolls are quite popular, you know.",neutral
9734,2,You're right. Girls love Barbie. Show me a Barbie doll.,neutral
9734,3,Take a look at the newest Barbie — Digital Barbie.,neutral
9734,4,She's beautiful. What's the price for Digital Barbie?,joy
9734,5,Our regular price for Digital Barbie is $ 29.95 plus tax.,neutral
9734,6,"Only $ 29.95? I'll buy it, of course.",surprise
9734,7,Another one sold. Do you see anything else you would like?,neutral
9734,8,"Thank you, but no. This will do it for now.",joy
9734,9,Tax brings your total to $ 32.42. How would you like to pay?,neutral
9734,10,"Cash, please.",neutral
9734,11,Here's your change. Thank you.,joy
9741,0,I would like to get some meat today.,neutral
9741,1,What kind do you need?,neutral
9741,2,I need about a pound of ground beef.,neutral
9741,3,The ground beef is $ 2.48 a pound.,neutral
9741,4,That sounds good.,neutral
9741,5,What else would you like?,neutral
9741,6,I also need three pounds of chicken breasts.,neutral
9741,7,The chicken breasts are $ 4.05 a pound.,neutral
9741,8,How much will the three pounds of chicken cost altogether?,neutral
9741,9,"Altogether, it's going to be $ 12.15.",neutral
9741,10,That will be all for me.,neutral
9741,11,"All right, let me get your meat for you.",neutral
9778,0,"Good afternoon, how can I help you?",neutral
9778,1,Someone has stolen my gold necklace.,sadness
9778,2,I am sorry to hear about that. Would you mind coming with me to my office and tell me exactly what happened here?,neutral
9778,3,Of course not.,neutral
9778,4,Are you sure that it isn't somewhere in your room?,neutral
9778,5,"Yes, I've looked everywhere in my room and I can ’ t find it.",neutral
9778,6,"Ok, when and where did you last see it?",neutral
9778,7,"Last night on the dresser. I took it off before I went to the shower, and forgot to put it back on after the shower. And this morning I left the hotel in a hurry without wearing it.",neutral
9778,8,Are you sure you didn't wear it this morning?,neutral
9778,9,"Yes, I am positive.",neutral
9778,10,Did you remember to lock your door before you left then?,neutral
9778,11,"Yes, I think I did. It has to be one of your maids who took it. I want my necklace back.",anger
9778,12,"Well, I understand how you feel, and we will try to do our best to help you. But first please allow me to send one of the housemaids to your room to look for it again thoroughly, just in case it's still in there. If she finds it, we will all be happy. If she doesn't, we will turn the whole matter to the police. But I must say that the hotel can't be held responsible for your loss. You should have locked your gold necklace away at the hotel ’ s safety box. If you had read your key card carefully, you would have realized that we specially warned you to do so.",neutral
9778,13,That just isn't good enough. Cet me your general manager. I want to speak to him now.,anger
9778,14,"I am sorry, ma ’ am. Our general manager is not in town. But I ’ d be more than glad to get you our assistant manager, if you like. But I am afraid that he will say the same thing. We have very clear instructions about valuables and we must follow them. And now if you will excuse me, I'll go and find our assistant manager for you.",neutral
9802,0,Can we talk?,neutral
9802,1,What about?,neutral
9802,2,I ’ m not too clear on some things about my lease.,neutral
9802,3,Is there a problem?,neutral
9802,4,How many years is my lease for?,neutral
9802,5,In three years your lease will be up.,neutral
9802,6,Can I move out before those three years?,neutral
9802,7,"If you do, I will keep your deductible.",neutral
9802,8,Why would you keep it?,neutral
9802,9,I would keep it because you would be breaking our contract.,neutral
9802,10,I get it now.,neutral
9802,11,I hope that I cleared things up for you.,joy
9806,0,"John, do you have a minute?",neutral
9806,1,"Oh, hi, Leo. Sure, what ’ s up?",neutral
9806,2,"Well, I ’ Ve been meaning to talk to you about the situation in the office.",neutral
9806,3,I ’ m not in there very often. It ’ s so noisy that I can ’ t work.,neutral
9806,4,"That ’ s exactly what I ’ m getting at. We ’ re supposed to be able to do our preparation and marking in that office, but have you noticed? Jack constantly has students coming in to get help with his course. A lot people are going in and out.",neutral
9806,5,Has anybody spoken to him about it?,neutral
9806,6,"No, not yet, but someone ’ s going to have to.",neutral
9806,7,"We can ’ t really ask him to stop having students come in for help, can we?",neutral
9806,8,"No, of course not. But I ’ m not able to do my work and neither are you.",neutral
9806,9,How about recommending him to use the storage room down the hall?,neutral
9806,10,"Oh, that would be too small.",neutral
9806,11,"With the cabinets taken out, it might be bigger than it looks.",neutral
9806,12,"Come to think of it, you may be on to something. Let ’ s go have a look.",neutral
9806,13,Let ’ s rock n ’ roll.,neutral
9810,0,"Jack, I don't know how to write my resume. Could you tell me about that?",neutral
9810,1,You should first write your name and contact information.,neutral
9810,2,What does the contact information include?,neutral
9810,3,"Such as your land line phone number, mobile phone number and e-mail box.",neutral
9810,4,Anything else?,neutral
9810,5,"Then you should write your objectives, such as seeking a position in foreign trade.",neutral
9810,6,I see. It is the position desired,neutral
9810,7,"Yes. After that you should emphasize your skills, educational background and related experience.",neutral
9810,8,"I see. Skills are about specialty, and educational background is easy as well. But what about related experience? I have little work experience.",neutral
9810,9,Don't worry. It will take time to accumulate experience. You need to be confident for yourself.,neutral
9810,10,"I see. By the way, should I write the educational background starting from elementary school?",neutral
9810,11,Generally from the college,neutral
9810,12,Thank you very much. I will write it right now.,neutral
9835,0,You ’ re free to go.,neutral
9835,1,That ’ s great.,neutral
9835,2,What are your plans now that you ’ re getting out?,neutral
9835,3,I want to go back to school.,neutral
9835,4,What is your major going to be?,neutral
9835,5,I haven ’ t decided yet.,neutral
9835,6,I hope I don ’ t ever see you back in here.,neutral
9835,7,I ’ m never coming back.,neutral
9835,8,This really isn ’ t the place for you.,neutral
9835,9,I realize that.,neutral
9835,10,Good luck out there.,neutral
9835,11,Thanks. Things are going to be different now.,joy
9836,0,What are you here for today?,neutral
9836,1,I need to fight this ticket that I got.,neutral
9836,2,Is the arresting officer here?,neutral
9836,3,"Yes, he is, Your Honor.",neutral
9836,4,Plead your case.,neutral
9836,5,I was told by the officer that I ran a red light. That information isn't true.,neutral
9836,6,Why would the officer lie?,neutral
9836,7,"I'm not sure, but the signal had a camera on it.",neutral
9836,8,Did the camera take a picture of your license plate?,neutral
9836,9,"No, my picture wasn't taken.",neutral
9836,10,"There was no picture taken, so I'll let you go.",neutral
9836,11,"Thank you very much, Your Honor.",joy
9846,0,"Hi, darling! I have a one-month vacation saved up. How about a trip to Europe?",joy
9846,1,I could go for that. But I'm afraid our budget is a little tight this year.,neutral
9846,2,"Oh, but I really need to leave this town for a change. Working day after day has worn me out. Do you have any other suggestions?",neutral
9846,3,"We should probably think about going somewhere that isn't too far away. How about the countryside? There must be many interesting places, and we could enjoy the fresh air.",neutral
9846,4,Wonderful! I think that's a great idea How soon until we can make this happen? I can't wait!,neutral
9846,5,Tomorrow I have an appointment with my dentist. What about next Monday?,neutral
9846,6,"Perfect. I'II start preparing tomorrow. If we re going to drive, l'II need to fill up the tank.",neutral
9846,7,"No need. I think it's still plenty full. Even so, I'd rather travel by bus or train. It would cost much less than driving. Oil prices are soaring nowadays, you know.",neutral
9846,8,"We can take the train, that will be faster. I'II book the tickets tomorrow morning.",neutral
9846,9,"Great! Oh, one more thing, don't forget to check the weather before we go. I'd hate to get caught in the rain.",neutral
9846,10,No problem. I'm really looking forward to the coming week.,neutral
9846,11,"Me, too. Now let's make a list for what we need to with us.",neutral
9851,0,Can I help you?,neutral
9851,1,I want a leather jacket.,neutral
9851,2,"What size, please?",neutral
9851,3,Size 40.,neutral
9851,4,What color would you prefer?,neutral
9851,5,Let me see. Do you think a brown one will do?,neutral
9851,6,"Well, the brown one is beautiful indeed, but I think the black one will suit you better.",neutral
9851,7,Really? Please get it for me.,neutral
9851,8,Will there be anything else?,neutral
9851,9,Is this dress made of pure silk?,neutral
9851,10,"Yes, it is. It's brilliant.",neutral
9851,11,Is it washable?,neutral
9851,12,"Yes, it is. But you have to be careful.",neutral
9851,13,"How much, please?",neutral
9851,14,Only 350 yuan.,neutral
9851,15,All right. Will you wrap it for me?,neutral
9851,16,OK. Here you are.,neutral
9859,0,"Good morning. May I speak to Mr. Black, please?",neutral
9859,1,Speaking.,neutral
9859,2,This is the Front Desk. I'm afraid that the air conditioning in your room needs repair. We would like to request you to change your room. We are very sorry for the inconvenience.,neutral
9859,3,"0K. Well, I suppose I have no choice. What do you want me to do?",neutral
9859,4,"What time is the most convenient for you to change rooms, sir?",neutral
9859,5,I'm going out in about half an hour.,neutral
9859,6,What time will you be back?,neutral
9859,7,"Oh, around seven o'clock, I suppose.",neutral
9859,8,"We could move your luggage while you are out, but could you take any valuables with you? You may pick up your new room key No. 216 from the Front Desk when you return.",neutral
9859,9,OK. I'll do that.,neutral
9859,10,"Thank you very much, sir.",joy
9865,0,Mmm... it is delicious.,neutral
9865,1,"Oh, do you really like it?",neutral
9865,2,Yes. It's superb.,joy
9865,3,"Well, it's kind of you to say so.",neutral
9865,4,"In fact, could I ask you for the recipe?",neutral
9865,5,"Sure. It's really very easy. First, mix together an egg, two teaspoons of salt, and two pounds of ground beef. Then, add two ounces of milk. Are you with me?",neutral
9865,6,"Yes, I've got it.",neutral
9865,7,"OK. Next, put the mixture into a baking pan and bake it forty-five minutes at 360 degrees.",neutral
9865,8,Wait a minute. I didn't catch you there. Could you repeat that?,neutral
9865,9,Sure. Bake it forty-five minutes at 360 degrees.,neutral
9865,10,"Now, I've got it. Thank you.",joy
9866,0,"Hi Cody, how did practicing go this week?",neutral
9866,1,"Well I had several tests and an oral presentation this week so I didn ’ t get a chance to memorize the second page, but I think I mastered the tricky section.",neutral
9866,2,"Great! Warm up with some scales and arpeggios first. Good, good. This week, work on keeping the rhythm steady when you play the last part with the sixteenth note. Now let ’ s take a look at this tricky section.",joy
9866,3,Charles? Before I start I was wondering if it was ok if I put a small crescendo in here and then decrescendo back to pianissimo again over here?,neutral
9866,4,It might work. I ’ ll have to hear it. Show me what you ’ Ve done. Not bad.,neutral
9866,5,It was horrible! I played play it much better at home!,anger
9866,6,"It ’ s just nerves. Just play the right hand for now. One two three four five six, ta ti tri-ple-ti. Good, good. Don ’ t forget the accidentals! The key signature says that note should be a G-sharp but now it ’ s a G-natural. Now add the bass clef. You ’ re going too fast. Remember the tempo for this piece is andante.",neutral
9866,7,Is that better?,neutral
9866,8,"Yes, much better. Watch where you lift your foot off the pedal. What was that?",neutral
9866,9,Sorry! The stretch for that octave is always hard to make.,anger
9866,10,"That ’ s ok, keep going, you ’ re moving ahead by leaps and bounds. Watch your dynamics! Keep your elbows lifted. Remember to stroke the keys, don ’ t pound. That ’ s better! Remember that as a pianist or any other musician, your technique will be what separates you from the pack just as much or more so as your musicianship.",neutral
9873,0,"I can't believe my eyes, Bill. Are you having a salad for lunch? No hamburger?",neutral
9873,1,"Get used to it, Mary. I'm off hamburgers for good health. Most fast food is loaded with sodium.",neutral
9873,2,I know. But why are you suddenly interested in lessening your salt intake?,neutral
9873,3,My doctor says I should cut back on sodium-rich foods to lower my blood pressure.,neutral
9873,4,Do you have hypertension? I would have thought you were too young.,surprise
9873,5,"Actually, my blood pressure isn't that high yet, but they say it increases with age.",neutral
9873,6,"Well, I'm glad you're starting to pay more attention to your diet.",joy
9873,7,"I want to lower my risk of heart attack and stroke, too.",neutral
9873,8,So do I. That's why I've been trying to lower my cholesterol level.,neutral
9873,9,I've noticed you've been munching away on lots of fruits and vegetables recently.,neutral
9873,10,"That's right. I could stand to lose a few pounds, too.",neutral
9891,0,"Jacob, are you interested in helping me out and going on a blind date with a friend of mine?",neutral
9891,1,That depends. What does she look like?,neutral
9891,2,"Well, she's got a beautiful face and long curly red hair.",neutral
9891,3,How tall is she?,neutral
9891,4,"She's fairly tall, maybe 2 inches taller than me.",neutral
9891,5,Is she chubby?,neutral
9891,6,Not at all. She's actually very athletic.,neutral
9891,7,It sounds like she's pretty good-looking. Does she wear glasses?,neutral
9891,8,"No, but she does wear contact lenses.",neutral
9891,9,How's her skin?,neutral
9891,10,She's got a gorgeous complexion with a few freckles on her nose.,neutral
9891,11,Does she have any piercings or tattoos?,neutral
9891,12,I think she has her ears pierced and she definitely has a few tattoos,neutral
9891,13,What's the tattoo on her foot like?,neutral
9891,14,It's a butterfly - everyone in her family has one.,neutral
9891,15,Even her mom?,neutral
9891,16,"Yes, even her mom.",neutral
9891,17,What's her personality like?,neutral
9891,18,She's a lot like me.,neutral
9891,19,So there is something wrong with her! It was beginning to sound like she was too good to be true!,surprise
9899,0,Please pull your vehicle over to the side of the road.Please roll down your window.,neutral
9899,1,"What's the matter, sir?",neutral
9899,2,Have you been drinking?,neutral
9899,3,"No, I haven't sir.",neutral
9899,4,"Really? But I can smell alcohol on your breath. Blow into this breathalyzer, please.",surprise
9899,5,"But, sir, I didn't drink at all.",neutral
9899,6,"If you refuse to blow, you'll receive a much severer punishment.",neutral
9899,7,OK. I'll blow.,neutral
9899,8,Your BAC exceeds the legal limit.,neutral
9899,9,But I...,neutral
9899,10,I'll have to write you a ticket and suspend your driver's license for 3 months.,neutral
9910,0,I want to buy some jewellery.,neutral
9910,1,What kind of jewellery do you like to have?,neutral
9910,2,I should like to look at some bracelets.,neutral
9910,3,May I show you gold ones or jade ones?,neutral
9910,4,Jade ones.,neutral
9910,5,"OK, here they are.",neutral
9910,6,What's the price for this one?,neutral
9910,7,Eight hundred yuan.,neutral
9910,8,How about seven hundred yuan?,neutral
9910,9,"I'm sorry, we only sell at fixed prices.",neutral
9910,10,OK. I'll take it.,joy
9912,0,"Good Morning, sir. What can I do for you?",neutral
9912,1,"Yes, I'd like to change Australian dollars for RIB.",neutral
9912,2,How much do you want to change?,neutral
9912,3,I am not sure. What's the rate today?,neutral
9912,4,It's 1 Australian dollar to 6.1 Yuan RIB.,neutral
9912,5,What was the rate yesterday?,neutral
9912,6,The rate was 1 Australia dollar to 6.5 Yuan yesterday.,neutral
9912,7,"Oh, the rate goes down.",neutral
9912,8,"It does, sir. Do you still want to have it changed now?",neutral
9912,9,Let me think... Will the rate still go down tomorrow?,neutral
9912,10,"I don't know, sir. But it won't change much.",neutral
9912,11,"Well, I want to change 1000 Australian dollars for RIB.",neutral
9912,12,Okay. Please sign here in this form.,neutral
9912,13,OK.,neutral
9912,14,"Here is the 6,100 RIB.",neutral
9912,15,Thank you very much.,joy
9921,0,What's today's date?,neutral
9921,1,It's July 5th.,neutral
9921,2,When are you going on vacation?,neutral
9921,3,I'm leaving on Sunday. We're going to Canada.,surprise
9921,4,Really? The day after tomorrow? That's very soon.,neutral
9921,5,Yeah I know.,neutral
9921,6,How long are you going to stay there?,neutral
9921,7,About 2 weeks.,neutral
9921,8,When are you coming back?,neutral
9921,9,I'm coming back on the 17th.,neutral
9921,10,Alright. Have a nice trip.,neutral
9925,0,"Oh, Sam! Is this your dog?",neutral
9925,1,"It's Cindy, you know that. Hey, Cindy, say hello to Maria.",neutral
9925,2,"Cindy, you're so cute.",neutral
9925,3,"She is also very naughty. By the way, do you have a dog, Maria?",neutral
9925,4,I have a little white cat.,neutral
9925,5,"Oh, a cat? Come on.",surprise
9925,6,"Yes, cats are always gentle. and they don't need a lot of space since they're small.",neutral
9925,7,"But I think they're dull, aren't they?",neutral
9925,8,Not at all. They're quiet most of the time.But they can be every bit as affectionate as dogs.,neutral
9925,9,"Well, cats are certainly more independent.",neutral
9925,10,"Absolutely. Believe it or not, I found my cat by a garbage can around my neighborhood two years ago.",neutral
9925,11,"oh, really? so you just took home a stray cat?",surprise
9925,12,Yes. It was starving and looking for something to eat when I saw it.,neutral
9925,13,Poor cat.,neutral
9925,14,Now we get along very well. It makes me feel that I'm someone special.,joy
9956,0,How can I help you?,neutral
9956,1,I seem to have lost my train ticket.,neutral
9956,2,What ’ s your destination?,neutral
9956,3,I ’ m supposed to be going to shanghai.,neutral
9956,4,Ok. When is your train supposed to leave?,neutral
9956,5,It ’ s supposed to leave in 30 minutes.,neutral
9956,6,"OH, dear. What ’ s your last name, please?",neutral
9956,7,S M I T H.,neutral
9956,8,And your passport number?,neutral
9956,9,Z3264356.,neutral
9956,10,Let me see... it doesn ’ t look like we have any information about your ticket here.,neutral
9956,11,"Is there anything you can do for me? If I don ’ t make it to shanghai in time, my wife is going go kill me.",neutral
9956,12,"Oh dear. I ’ m really sorry, sir. But you don ’ t have any proof of purchase. You ’ ll simply have to purchase another ticket.",neutral
9956,13,How much is that going to cost me?,neutral
9956,14,"It depends on how you want to travel. If you want a soft sleeper, it will cost 610 RIB, if you want a hard seat, it will only cost 100RMB.",neutral
9956,15,I can ’ t possibly travel on a hard seat for 10 hours!,anger
9956,16,looks like you might like the soft sleeper then.,neutral
9956,17,"Yes, fine. Let me see how much money I have in my wallet.",neutral
9956,18,... sir?,neutral
9956,19,Where ’ s my wallet? Someone has stolen my wallet!,surprise
9956,20,Perhaps it ’ s in your other pocket.,neutral
9956,21,You ’ re right. It is. Let me have a look. I have 419.6 RIB. is that enough?,neutral
9956,22,"You ’ re just 4 mao short for the hard sleeper, but I ’ ll let it go. Anything for love!",neutral
9956,23,"Thanks, ma ’ am. You ’ re a lifesaver!",joy
9964,0,Excuse me.May I see the manager of your store?,neutral
9964,1,I am the manager.Can I help you?,neutral
9964,2,"Oh, great, I saw a job ad outside your store. I am interested in the job advertised. I am coming to see if there is any opportunity available for me.",neutral
9964,3,"All right.Take a seat, please.Would you like to be a shop assistant or a cashier?",neutral
9964,4,I can do the work of shop assistant and I worked part time in a small department store during my summer vocation last year.,neutral
9964,5,So now do you want a full-time job or part-time job?,neutral
9964,6,"At present, both are OK for me.What do you need most, then?",neutral
9964,7,"Now we really need some part-time workers.You see, our full-time staff knocks off at five pm, but now we hope to extend the hours to eight pm.We need some part-time shop assistants to work 3 hours a day from five pm to eight pm.But I am not sure if you are qualified for the job.Since most of our customers are foreign, competence of good communication in English is necessary here.",neutral
9964,8,"I think I can. I have been learning English for almost 5 years and especially I am fluent at speaking English.Also, I have made some foreigners friends during the experience of learning English.",neutral
9964,9,"That is fine. I think you have the qualifications needed for the job, so I will let you have the job.Does the work schedule suit you?",neutral
9964,10,"It quite suits me. I am free in the evening these days, I will have no difficulty starting at five pm.",neutral
9964,11,Good.There is only thing to be settled.Ten RIB an hour is the maximum we can pay you.Is the rate of pay acceptable to you?,neutral
9964,12,"It seems reasonable.By the way, I can get my earning raised with a excellent performance, can't I?",neutral
9964,13,Sure.You will get more if you can invite more customers with your good service.,neutral
9964,14,I see. I will try my best to do the job well.,neutral
9964,15,That is good of you to say so.When can you start working?,neutral
9964,16,How about next monday?,neutral
9964,17,"Ok.Let's make is next Monday. I n the end, you need to fill out the application form.",neutral
9964,18,"Thank you for your kindness, ma'am. See you next Monday.",joy
9973,0,Welcome to IBA. What can I do for you today?,neutral
9973,1,"I'd like to pay some money in using my card, please.",neutral
9973,2,No problem. Could you let me have your card and the money to be deposited?,neutral
9973,3,"Here it is. I usually use the machine, but there seems to be such a long queue at the moment.",neutral
9973,4,"Yes, it's the same every day during the lunchtime rush. We will be putting in a new ATM in the near future, though. That should help to ease the queues.",neutral
9973,5,"I'll look forward to that, I can't stand queuing.",neutral
9973,6,I know what you mean. How much would you like to deposit with us today?,neutral
9973,7,"1,000 RIB, it should all be there.",neutral
9973,8,"That's correct, 1,000 RIB. I'll need your personal code to deposit this. Could you enter it on this key pad, please?",neutral
9973,9,"OK, done. When will it show in my account? Not for withdrawal, I mean just registered.",neutral
9973,10,It will show in your account straight away. Here's your card back and could you please sign the slip here?,neutral
9973,11,That's fine. OK. Thanks.,joy
9991,0,I ’ m glad you could make it.,joy
9991,1,It ’ s my job. What can I help you with?,neutral
9991,2,I think a pipe burst in my apartment.,neutral
9991,3,In what room is this pipe?,neutral
9991,4,You ’ ll find the pipe in my bathroom.,neutral
9991,5,When did the pipe start leaking?,neutral
9991,6,It ’ s been leaking for a couple of days now.,neutral
9991,7,I will need to tear down that wall to fix that pipe.,neutral
9991,8,I understand.,neutral
9991,9,You ’ re fine with that?,neutral
9991,10,I just want the problem taken care of.,neutral
9991,11,"Okay. I will begin working on it now, if you ’ d like.",neutral
10011,0,"Royal Hotel, can I help you?",neutral
10011,1,"Yes. I urgently need a room for tomorrow night, and do you have any vacancies?",neutral
10011,2,"Yes, we have. What kind of room would you like?",neutral
10011,3,"I'd like a suite with an ocean view, please.",neutral
10011,4,"No problem, sir.",neutral
10011,5,What is the price of the suite?,neutral
10011,6,It is $ 200 per night.,neutral
10011,7,It is a little high. I'm told that your hotel is offering discount now.,neutral
10011,8,"Yes, but the offer ended yesterday. I'm sorry.",neutral
10011,9,"Oh, I see. Then do you have anything less expensive?",neutral
10011,10,"No, sir. So far it is the least expensive suite for tomorrow night.",neutral
10011,11,"OK, I will take it. By the way, does the price include breakfast?",neutral
10011,12,"Yes, it does. Now could I have your name, please?",neutral
10011,13,My name is David White.,neutral
10011,14,Would you kindly spell it for me?,neutral
10011,15,"That is D-A-V-I-D, W-H-I-T-E.",neutral
10011,16,"Thank you, I got it. And how long do you expect to stay?",neutral
10011,17,About three days.,neutral
10011,18,OK. Our check-in time is after 12:00. And see you tomorrow.,neutral
10011,19,Thank you. See you.,joy
10013,0,I need to talk to you about something.,neutral
10013,1,What did you need to talk about?,neutral
10013,2,I have some questions about my lease.,neutral
10013,3,Like what?,neutral
10013,4,Exactly how long is my lease for?,neutral
10013,5,Your lease will be up in three years.,neutral
10013,6,What will happen if I move out before then?,neutral
10013,7,"If you move out before then, you will not get your deductible.",neutral
10013,8,I don ’ t understand.,neutral
10013,9,Because our contract says that you will live here for three years.,neutral
10013,10,"Okay, I think that I understand.",neutral
10013,11,I ’ m glad you understand.,joy
10015,0,"I ’ m glad you could find time to meet with me, Mr. Johnson. I can ’ t think of a nicer environment for our meeting today, the ambiance here is lovely!",joy
10015,1,"No problem, if possible I always combine business with pleasure. Now, let ’ s hear more about these chocolates you ’ re offering.",neutral
10015,2,"Well, as you know, I have recently become the sole distributor for Grangers Gourmet Bon-bons here in the United States. They ’ re a new manufacturer and are looking to break into the luxury market. Naturally, your restaurant sprang into my mind immediately. I think your brand exemplifies many of the same traits as Grangers and serving these chocolates would really add to your reputation for providing elegant, luxurious, first class dining.",neutral
10015,3,"Mmmm, sounds interesting... gourmet chocolates, where are they produced? Belgium?",neutral
10015,4,"Actually, the factory is located in Scotland.",neutral
10015,5,Really? I didn ’ t think they were known for their luxury chocolate production...,surprise
10015,6,"That ’ s what makes this such a fantastic opportunity! The government is one hundred percent supportive of creating new export markets and has guaranteed a low tariff for all wholesale orders of over one thousand units. They ’ Ve also reduced the red tape involved at customs as well. Here, I brought these especially for you, try one!",neutral
10015,7,"Oh, thanks. Mmm, hmm, creamy texture, very smooth...",neutral
10015,8,"Unique, aren ’ t they? I bet you ’ Ve never tasted anything like it! Quality is assured as I personally visit the factory to make sure no one ’ s cutting corners with the ingredients. Only the creme make it through inspection.",joy
10015,9,"Yes, very interesting flavors... Slightly spicy, very unique, that ’ s for sure. Exactly what ARE the ingredients?",neutral
10015,10,"I have it on highest authority that this traditional secret recipe has been handed down in the Granger family for generations. I ’ m sure you can keep a secret.Buttermilk, cacao beans, sugar and Haggis.",neutral
10015,11,Haggis? What ’ s Haggis?,neutral
10015,12,"It ’ s a traditional Scottish delicacy ; you take sheep ’ s liver, heart and lung and stuff it inside of the sheep ’ s stomach.",neutral
10028,0,Can I see the doctor?,neutral
10028,1,"Yes, do you have an appointment?",neutral
10028,2,"No, I don't.",neutral
10028,3,Well. The doctor doesn't see nobody without an appointment.,neutral
10028,4,"Well, I am spending my vacation here and I have a stomachache and...",neutral
10028,5,"Oh, I see. Maybe we can fit you in at 3.",neutral
10028,6,"I ’ d prefer to see him asap. If I have to wait for another 30 mins, I think I will faint from this unbearable pain in my stomach and...",neutral
10028,7,"Oh, why didn't you say it's an emergency? Here, fill out this form and take a seat. I'll send you in next.You don't have insurance?",neutral
10028,8,"No, not for this country.",neutral
10028,9,How about traveler's insurance?,neutral
10028,10,"No, I didn't think I ’ d need it.",neutral
10028,11,"Can you pay cash, then?",neutral
10028,12,"Cash, credit card, cheque anything. I just have to see a doctor. I am in pain.",anger
10028,13,"All right, all right, relax. I am only trying to do my job.",neutral
10028,14,I know. I am sorry that I yelled at you.,sadness
10030,0,"Can you type, Jane?",neutral
10030,1,"Yes, I can.",neutral
10030,2,How many words a minute?,neutral
10030,3,About 100 words a minute.,neutral
10030,4,En... and can you speak any foreign languages?,neutral
10030,5,"Yes, I can speak Spanish, and I can also speak Chinese.",neutral
10030,6,Really? that ’ s very good. What about French?,surprise
10030,7,"No, I can ’ t speak French. But I can speak Italian, not very well though.",neutral
10030,8,... Can you start next week?,neutral
10030,9,Next week?,surprise
10030,10,"Yes, on Monday.",neutral
10030,11,You mean I have the job?,surprise
10030,12,"Yes, that ’ s right, you have the job now.",neutral
10037,0,"Look, George, There's the Great Wall.",neutral
10037,1,I see. It's on top of the hills.,neutral
10037,2,"Yeah, it stretches over for thousands of miles.",neutral
10037,3,I know. It's a major symbol of China.,neutral
10037,4,Where can we climb it?,neutral
10037,5,Do we have any choices?,neutral
10037,6,"Well, we could take the cable car.",neutral
10037,7,"Ah... let's just climb. It's more fun, I think.",neutral
10037,8,Okay. Let's go.,neutral
10037,9,"Well, that was tough.",neutral
10037,10,But we made it.,neutral
10037,11,This looks great. When was it built?,neutral
10037,12,It was first built about twenty-five hundred years ago.,neutral
10037,13,That's remarkable.,joy
10037,14,There are so many ancient relics in China.,joy
10043,0,"Hey, John! I haven ’ t seen you in ages! What ’ s new? What have you been up to?",neutral
10043,1,"Pete! Nice to see you Well, on top the norm, you know, wife and kids and work, I ’ Ve actually gotten into doing some trading.",joy
10043,2,"Trading? You, big guy? What are you trading?",neutral
10043,3,Currencies.,neutral
10043,4,"Currencies? As in Euros, Dollars, Pounds and Rupees?",neutral
10043,5,It ’ s called Forex. Foreign Exchange. The great thing about it is that I don ’ t have to invest a huge amount. I put in a margin deposit and then I can buy and sell up to 100 times that much!,joy
10043,6,I don ’ t understand. You ’ re buying and selling money?,neutral
10043,7,You got it! Just last night I made USD 150!,joy
10043,8,Last night?,neutral
10043,9,Yeah! It ’ s a 24 hour market! I had bought some RIB earlier at a low asking price but last night it appreciated drastically so I made a split second decision and sold all my RIB at an amazing bid! I ’,neutral
10043,10,You ’ re kidding! I ’ m on! Where do I sign up?,surprise
10054,0,"Hi, I ’ m Ray, your tenant in Room 209.",neutral
10054,1,Hi. What ’ s up?,neutral
10054,2,"There ’ re some problems in my apartment. First, the faucet in the bathtub drips constantly.",neutral
10054,3,"Okay, I ’ ll ask my plumber to come by and fix it today. What else?",neutral
10054,4,One of the burners on the stove doesn ’ t work.,neutral
10054,5,What ’ s the matter with it?,neutral
10054,6,I can ’ t control the temperature.,neutral
10054,7,I ’ ll get an electrician to repair it as soon as possible. Is that everything?,neutral
10054,8,"Well, there ’ s one more thing. The telephone is dead.",neutral
10054,9,I ’ m sorry. There ’ s nothing I can do about that. You ’ Ve got to call the phone company.,neutral
10054,10,Okay. Thank you very much.,joy
10054,11,You ’ re welcome.,joy
10061,0,Are you going to vote?,neutral
10061,1,I am. Are you?,neutral
10061,2,"Yes, and for the first time.",neutral
10061,3,Is that right?,neutral
10061,4,I don ’ t know how to vote.,neutral
10061,5,Voting isn ’ t difficult.,neutral
10061,6,I ’ m not sure what laws are being voted on.,neutral
10061,7,They tell you everything on the ballot.,neutral
10061,8,They do?,neutral
10061,9,You ’ ll be okay.,neutral
10061,10,Thanks for telling me.,joy
10061,11,You should be excited about your first vote.,neutral
10069,0,"Good morning, miss.",neutral
10069,1,"Good morning, sir.",neutral
10069,2,Could you tell me please where can I find a currents exchange?,neutral
10069,3,"Right here, how can i help you today, sir?",neutral
10069,4,I'd like to exchange 5000 Singapore dollars into the US dollars please.,neutral
10069,5,"Do you have an account this bank, sir?",neutral
10069,6,"Yes, here is my account number.",neutral
10069,7,May i please see ID?,neutral
10069,8,"Sure, here is my passport, by the way what is the rate today?",neutral
10069,9,"Today's rate is 2.57 Singapore dollars for 1 US dollar, here is your money, sir.Please count it and sign your name here.",neutral
10069,10,"Yes, it is the credit demand.Where can I cash travellers'cheques?",neutral
10069,11,"You can cash them here, how much do you want to cash?",neutral
10069,12,900 dollars.,neutral
10069,13,How would you like it?,neutral
10069,14,I need 8 hundreds and the rest in 10s please?,neutral
10069,15,"Ok, here you are.",neutral
10069,16,"Thank you, have a nice day.",joy
10069,17,"Thank you, have a good day.",joy
10086,0,How is the project going?,neutral
10086,1,"Well, frankly speaking, I am running a little behind. It's 40 % done.",sadness
10086,2,Do you have any problem during the process? You should speed things up.,neutral
10086,3,I have little chance to communicate with colleagues when I have problems. They are always too busy to help a green hand like me.,sadness
10086,4,Have you ever helped others when they are in trouble? Most will give a hand to someone who has helped him.,neutral
10086,5,I did. But I am so depressed because there is nobody that will help me.,sadness
10086,6,"And you should have good co-operation with other colleagues, you know a scientific schedule brings efficiency to the work.",neutral
10086,7,"I see your point, but I seem to be on bad terms with them.",sadness
10086,8,Cheer up and pay more attention to your colleagues and the things will be much better. I am speaking from my experience.,neutral
10086,9,Thank you so much.,neutral
10086,10,And you should read as much as possible to enrich the knowledge.,neutral
10086,11,That's a good idea. I can learn many useful things from books.,neutral
10086,12,We're approaching the critical point for success or failure of this project. you'd better speed up and catch up with books.,neutral
10086,13,"Well, I will do it better.",neutral
10086,14,"If you have any problem in your work, let me know.",neutral
10086,15,Thanks very much. I promise I will work harder.,joy
10090,0,are you ready for your first driving lesson?,neutral
10090,1,yes. Which one is the brake again?,neutral
10090,2,the pedal on your left is the brake and the one on your right is the gas.,neutral
10090,3,I ’ m glad this car is an automatic. I don't like having to change gears.,joy
10090,4,automatics are very simple to drive. The first thing you should do is put your seat belt on.,neutral
10090,5,you should also put yours on. you never know what will happen with me in the driver ’ s seat!,neutral
10090,6,very funny. Next you should check your side mirrors and your rear view mirror. Can you see out of them?,neutral
10090,7,"I can ’ t see anything out of the side mirror on your side of the car. Could you move it forward a bit, please?",neutral
10090,8,how ’ s that?,neutral
10090,9,that ’ s better. Now what?,neutral
10090,10,check your petrol situation.,neutral
10090,11,the tank is almost empty. I guess I ’ ll drive to the petrol station to fill it up.,neutral
10090,12,"that ’ s a good idea. Put your keys in the ignition, start it up, put the car in reserve, wait for the road to be clear, and then back out of the driveway.",joy
10090,13,I got it. Don ’ t worry. I ’ ll get you there in one piece.,neutral
10090,14,"remember, no honking this time. The horn is only for emergencies!",neutral
10090,15,why does that cop car behind me have its red lights on?,neutral
10109,0,"Hello, is that Mason's builders?",neutral
10109,1,"Yes, can we help you?",neutral
10109,2,We have a problem with our roof. Can you come and have a look?,neutral
10109,3,What sort of problem?,neutral
10109,4,We have water coming through. It was raining yesterday and this morning we noticed a wet patch on our ceiling.,neutral
10109,5,Is the wet patch just in one place?,neutral
10109,6,"Yes, it seems to be just in the living room, above the window.",neutral
10109,7,Did you look in the attic?,neutral
10109,8,"No, sorry, we didn't.",neutral
10109,9,Is there easy access to the attic? We'd better look since there may be some flooding there as well.,neutral
10109,10,"Yes, we have a hatch with a ladder.",neutral
10109,11,"OK, we can come early this afternoon. Is anyone going to be at home?",neutral
10109,12,"Yes, my wife will be there.",neutral
10109,13,"Right, we have an urgent job this morning but we should finish around lunch time. We will then come straight over to your house.",neutral
10109,14,That's great. Thank you very much.,joy
10125,0,White Rose Restaurant. Good afternoon! Can I help you?,joy
10125,1,"Yes, I would like to book a table for six for the next Monday.",neutral
10125,2,"Certainly, sir. At what time should we expect you?",neutral
10125,3,At 6:30 on next Monday evening.,neutral
10125,4,"And what is it going to be, Chinese food or Western food?",neutral
10125,5,Chinese food.,neutral
10125,6,"May I have your name, sir, please?",neutral
10125,7,Please book it under the name of Mr. Peter.,neutral
10125,8,"So it's Mr. Peter, a table for six for the evening of the next Monday. It is Chinese food and you are coming at 6:30.",neutral
10125,9,That's right.,neutral
10125,10,Thank you for calling us. We'll be expecting you next Monday.,joy
10136,0,Would you like to order anything else?,neutral
10136,1,"No, I'm good. All we need now is our check.",neutral
10136,2,The waitress is walking over here with our check even as we speak.,neutral
10136,3,"I have never had bad service at this restaurant, but this time was really exceptional.",neutral
10136,4,"Yes, she really went out of her way to make this a pleasant dining experience.",neutral
10136,5,Let's take a look at our bill. The total price for our dinner is $ 36.00.,neutral
10136,6,How much money should we leave for a tip?,neutral
10136,7,"I know that 15 % is a normal tip, but I really thought that this waitress went out of her way for us. What do you think about tipping her 20 %?",neutral
10136,8,She definitely deserves 20 % for a tip.,neutral
10136,9,So we can add her tip of $ 7.20 to the bill of $ 36.00 and the total will be $ 43.20.,neutral
10136,10,"Yes, what a wonderful meal!",joy
10136,11,It absolutely was a great meal. We'll have to return here for lunch sometime.,joy
10137,0,"Hello, can I help you?",neutral
10137,1,Yes. I ’ m looking for something to wear to a formal party.,neutral
10137,2,What dress size do you wear?,neutral
10137,3,"Medium, a woman ’ s size 10 or 12.",neutral
10137,4,This dress is the latest fashion form Paris. It ’ s made of pure silk. And this silk blouse would go with this skirt. Do you like it?,neutral
10137,5,Yes.,neutral
10137,6,Why don ’ t you try it on and see how you feel about it?,neutral
10137,7,That ’ s a great idea. I ’ ll try it on.,joy
10137,8,How does that feel?,neutral
10137,9,It feels very good.,joy
10137,10,You look wonderful.,joy
10137,11,Okay. I ’ ll take it. Thank you very much.,joy
10137,12,You ’ re welcome.,joy
10152,0,"Come in and sit down, Jack. Now, what's the trouble?",neutral
10152,1,"I've got a terrible pain in my stomach, Doctor.",neutral
10152,2,I see. When did it start?,neutral
10152,3,It started yesterday. I didn't eat any supper.,neutral
10152,4,Have you got a temperature?,neutral
10152,5,I think so. I feel very hot.,neutral
10152,6,Let's see. Yes. You'Ve got quite a high temperature.,neutral
10152,7,"I've got an awful headache, too, and my throat hurts.",neutral
10152,8,Hm.. I think you'Ve got the flu.,neutral
10152,9,Is it serious?,neutral
10152,10,"No, not at all, but you must stay in bed for three days and take this medicine.",neutral
10152,11,How often must I take it?,neutral
10152,12,Three times a day after meals.,neutral
10152,13,"Thank you, Doctor. Goodbye.",neutral
10160,0,How can I help you this afternoon?,neutral
10160,1,"I want to take out some money, but there's a massive queue for the ATM so I thought I'd do it over the counter.",neutral
10160,2,"Unfortunately, an ATM is being refilled because it ran out of money. That's what's causing the hold up.",neutral
10160,3,"Oh, I see. I thought maybe it was just the time of the day, although it isn't usually busy at 2:30 in the afternoon.",neutral
10160,4,"You are right, you've just missed the lunchtime rush. Could you fill out a withdrawal slip, please?",neutral
10160,5,"I did that already, while I was waiting. Also, here's my card.",neutral
10160,6,Thank you. And you require...,neutral
10160,7,"800 RIB, please.",neutral
10160,8,"Please enter your personal code right here, on the key pad. And sign here, please.",neutral
10160,9,OK...,neutral
10160,10,Thank you. Here's your card back and your money. Please double check it for me.,neutral
10160,11,"Yes, that's great. Thanks.",joy
10167,0,I have a problem with my cable.,neutral
10167,1,What about it?,neutral
10167,2,My cable has been out for the past week or so.,neutral
10167,3,The cable is down right now. I am very sorry.,neutral
10167,4,When will it be working again?,neutral
10167,5,It should be back on in the next couple of days.,neutral
10167,6,Do I still have to pay for the cable?,neutral
10167,7,We're going to give you a credit while the cable is down.,neutral
10167,8,"So, I don't have to pay for it?",neutral
10167,9,"No, not until your cable comes back on.",neutral
10167,10,"Okay, thanks for everything.",joy
10167,11,"You're welcome, and I apologize for the inconvenience.",joy
10181,0,We really were lucky. We got the last available table for two---and we didn't even have a reservation! Did you see the long lines behind us?,joy
10181,1,"Yeah, I'm glad that we didn't have to wait long. I'm starving!",joy
10181,2,Let's take a look at the menu so we can order. Do you want to choose an appetizer for us to share?,neutral
10181,3,"What would you rather have, samosas or poppadoms?",neutral
10181,4,I heard that one of their specialities is the samosa.,neutral
10181,5,"Well, let's get a plate of those then.",neutral
10181,6,Sounds good. What are you going to have for your main course?,joy
10181,7,I think I might have a dahl.,neutral
10181,8,What's in a dahl?,neutral
10181,9,It's got chickpeas and vegetables in a spicy curry sauce with rice.,joy
10181,10,That sounds nice. Do you want to share some kebabs as well?,joy
10181,11,Ok. How about some lamb kebabs?,neutral
10181,12,That's my favourite. Do you want to have some wine or beer?,joy
10181,13,I think I'll have a beer.,neutral
10181,14,"Ok, shall I flag down the waitress?",neutral
10181,15,I wouldn't recommend it. I think we should wait until she comes round.,neutral
10181,16,You're right. That might seem a bit rude. It's a good thing I've got you with me!,joy
10181,17,What would you do without me?,neutral
10185,0,"I don't know if you remember, but with honest every day last year we tided the knot.",neutral
10185,1,"Of course I remember, actually, I am very surprised you remembered, I thought for sure you would forget.",surprise
10185,2,How could I ever forget? I even bought you roses because I love you.,surprise
10185,3,"They are so beautiful. I love them, and I love you too.",joy
10185,4,You are more beautiful than the roses.,joy
10185,5,"I don't know how, but I love you more than the day we gotta married.",joy
10185,6,"Yes, we are match made in heaven.",joy
10185,7,"I know of the past years we have faced and shared troubles, but we survived and here we are.",joy
10185,8,"Yes, we did, we did have problems, but we shared a lot of happiness too. We countered the problems, and had a lot of happiness too.",joy
10185,9,Yes we did.,joy
10185,10,"I love you, happy anniversary.",joy
10185,11,"I love you, happy anniversary.",joy
10189,0,"Mom, may I play the card games for a while?",neutral
10189,1,Do you? Dad is in the study.,neutral
10189,2,"I won't make any noise. Mom, please.",neutral
10189,3,Behave yourself! Don't make any noise. Have you finished your homework?,neutral
10189,4,"Yes, I'Ve finished.",neutral
10189,5,Then let me see.,neutral
10189,6,"er..., mom, I promise. I won't make a single noise.",neutral
10189,7,All right. Just five minutes. Be sure not to touch anything.,neutral
10189,8,Ok. I won't get into trouble.,neutral
10189,9,Be careful!,neutral
10189,10,"Thanks for the warning, Mom.",joy
10196,0,I would love to rent this apartment.,neutral
10196,1,I ’ m happy to hear you say that.,joy
10196,2,How much are you asking for every month?,neutral
10196,3,I ’ m renting this apartment out for $ 1050 a month.,neutral
10196,4,That is quite a lot of money for just one month.,neutral
10196,5,That is a fair price.,neutral
10196,6,What do you say to $ 850 a month?,neutral
10196,7,That ’ s no good.,neutral
10196,8,It ’ s either $ 850 or nothing at all.,neutral
10196,9,I won ’ t go any lower than $ 1050.,neutral
10196,10,Could you please go lower?,neutral
10196,11,That ’ s the best I can do.,neutral
10197,0,"Good coming, sir. What can I do for you?",neutral
10197,1,"I'm Mr. Bob, Room 309. I'm checking out today. Can I have my bill now?",neutral
10197,2,Certainly. Please wait a moment. Here is your bill.,neutral
10197,3,What's the 30 yuan for?,neutral
10197,4,This is the charge for your laundry service on Nov. 20thA,neutral
10197,5,But I did't take any laundry service during my stay here. I think you have added someone else's.,neutral
10197,6,Would you mind waiting a moment while we check it with the department concerned?,neutral
10197,7,I don't mind waiting as long as we get this straightened out.,neutral
10197,8,"I'm very sorry, Mr. Bob. There has been a mistake. We'll correct the bill.",neutral
10197,9,It doesn't matter. Here is the money.,neutral
10197,10,Thank you very much. Hope to see you again.,neutral
10202,0,"Hello, I would like to apply for a permit.",neutral
10202,1,Can I see your ID?,neutral
10202,2,"No, I left it in the car.",neutral
10202,3,I'm going to need to see your ID and $ 27 for your permit.,neutral
10202,4,One moment while I go and get my ID.,neutral
10202,5,Make it quick.,neutral
10202,6,"Okay, here's my ID and the $ 27.",neutral
10202,7,Thanks. Now fill this out.,neutral
10202,8,Do you have a pen that I can use?,neutral
10202,9,Use this one.,neutral
10202,10,Thanks a lot.,joy
10202,11,You're welcome. Turn the application in at Window B.,joy
10212,0,"It's time for your bath, young lady.",neutral
10212,1,"But, Mom, I'm not dirty.",neutral
10212,2,You need a bath every day.,neutral
10212,3,Why?,neutral
10212,4,Because you don't want to smell bad.,neutral
10212,5,I don't smell bad.,neutral
10212,6,That's what you think.,neutral
10212,7,"If I smelled bad, I could smell me.",neutral
10212,8,I can smell you.,neutral
10212,9,"I can smell you, too.",neutral
10212,10,That's my perfume.,neutral
10212,11,When can I wear perfume?,neutral
10215,0,I feel like I'm craving a salad.,neutral
10215,1,What kind do you want?,neutral
10215,2,I have no idea.,neutral
10215,3,Caesar salads are good.,joy
10215,4,I like those too.,joy
10215,5,What kind do you plan on making?,neutral
10215,6,I'd really like a salad with chicken.,neutral
10215,7,Chicken salads are really good.,joy
10215,8,"I always make my salads with shredded cheese, croutons, and almonds.",neutral
10215,9,That sounds like a great salad.,joy
10215,10,Why don't you put it in your salad?,neutral
10215,11,That sounds like a plan to me.,joy
10222,0,"Good morning, Mr. Green. Please have a seat. I received your resume last Monday and I would like to say I ’ m very impressed.",neutral
10222,1,Thank you.,neutral
10222,2,May I asked why you are interested in working for us?,neutral
10222,3,Your company has an impressive reputation. My uncle worked for your company for many years.,neutral
10222,4,"Oh, did he?",neutral
10222,5,"Yes, but he retired 5 years ago.",neutral
10222,6,Would you mind telling me a little bit about your present job?,neutral
10222,7,"I ’ m a senior broker in a large company. I deal with clients on a daily basis, handling all aspects of their accounts personally.",neutral
10222,8,Do you think you are the right candidate for this position?,neutral
10222,9,"Yes, I do think I am the right candidate for this position.",neutral
10222,10,Why do you think you ’ re the right candidate for this position?,neutral
10222,11,"Well, I have a lot of experience in this area. I have all the qualifications you need. I enjoy working with people. In my current job, I ’ m in charge of a team of eight people.",neutral
10222,12,"Well, you might be the person we ’ Ve been looking for. Do you have any questions?",neutral
10222,13,"Yes, if I were hired, when would you like me to start?",neutral
10222,14,At the end of this month.,neutral
10222,15,And how many accounts would I handle?,neutral
10222,16,You ’ ll be supervising six brokers who manage a combined total of 310 accounts.,neutral
10222,17,What kind of benefit package do you offer?,neutral
10222,18,Two weeks of paid vacation in your first year of employment. You ’ re also eligible for medical and dental insurance. And we offer a generous retirement pension plan after 10 years of service. Do you have any other questions?,neutral
10222,19,"No, not at the moment.",neutral
10222,20,"Well, I ’ ll have to discuss your application with my colleagues, and we ’ ll get back to you early next week.",neutral
10222,21,Thanks. It was very nice to meet you.,joy
10222,22,"It was nice to meet you, too. And thanks for coming in today.",joy
10226,0,I'd appreciate it if you could help me pick out a gift for my daughter.,neutral
10226,1,Would she be interested in a laptop?,neutral
10226,2,That's exactly what I was thinking of.,joy
10226,3,A Mac would be an excellent gift.,neutral
10226,4,I like Macs. How much for a Mac?,joy
10226,5,"You can take a 15 - inch Pro home right now for only $ 2,100.",neutral
10226,6,A Mac it is. I'll take one home with me.,neutral
10226,7,She'll be very happy with this. And how do you plan to pay for it?,joy
10226,8,"I'll use my VISA, if that's okay.",neutral
10226,9,"Now, if you'll just sign here, the Mac is all yours.",neutral
10226,10,Will she need anything besides what's in this box?,neutral
10226,11,Everything she needs is right here in the box.,neutral
10226,12,I appreciate your help. Maybe I'll be back for more computer stuff.,joy
10226,13,Your daughter should get straight A's from now on. Good-bye.,neutral
10244,0,Can I help you find something?,neutral
10244,1,I would like to buy a new fridge.,neutral
10244,2,Is there one in particular that you like?,neutral
10244,3,I was looking at this Kenmore refrigerator.,neutral
10244,4,"Ah yes, that is a great refrigerator.",neutral
10244,5,What's so great about it?,neutral
10244,6,It's both affordable and it comes with all the appliances.,neutral
10244,7,What appliances?,neutral
10244,8,"It comes with an ice maker, water dispenser, and there is a lot of room inside.",neutral
10244,9,May I see the inside for myself?,neutral
10244,10,Be my guest.,neutral
10244,11,Wow! You're right! This refrigerator is great. I'll take it.,joy
10255,0,How ’ s it going?,neutral
10255,1,Great. Thank you.,joy
10255,2,What can I help you with?,neutral
10255,3,I need to cancel a check.,neutral
10255,4,What ’ s wrong with the check?,neutral
10255,5,I accidentally wrote the check for too much.,neutral
10255,6,How much did you write the check for?,neutral
10255,7,The check was written for $ 150.,neutral
10255,8,How much were you supposed to write it for?,neutral
10255,9,I needed to write it for $ 100.,neutral
10255,10,I can cancel it for you right now.,neutral
10255,11,Thank you so much.,joy
10263,0,Hello!,neutral
10263,1,"Hello, Debbie. This is Donald.",neutral
10263,2,"Oh, hi, Donald.",neutral
10263,3,"What happened yesterday? You forgot our date, didn ’ t you?",neutral
10263,4,"Well, it rained hard all day and I had a bad cold, so I decided to stay home.",neutral
10263,5,You did? But I tried to call you at least twenty times and nobody answered.,surprise
10263,6,"Oh, the telephone lines were damaged by the storm. They repaired them yesterday.",neutral
10263,7,What did David do yesterday? Did he and Judy go dancing?,neutral
10263,8,"No, they stayed home and played cards with the children.",neutral
10263,9,"And what did you do? Did you play cards, too?",neutral
10263,10,"No. I listened to records and studied, what did you do yesterday, Donald?",neutral
10263,11,"I just told you, Debbie. I tried to call you twenty times!",anger
10281,0,I ’ m moving out.,neutral
10281,1,Your lease isn ’ t up yet.,neutral
10281,2,I won ’ t be able to stay here anymore.,neutral
10281,3,That ’ s going to be a problem.,neutral
10281,4,I don ’ t know why there ’ s a problem.,surprise
10281,5,It ’ s a problem because I can ’ t give you your deposit back.,neutral
10281,6,Why can ’ t you give it back to me?,neutral
10281,7,You ’ re breaking our contract.,neutral
10281,8,I ’ m going to need my deposit back.,neutral
10281,9,That ’ s not going to happen.,neutral
10281,10,"I can ’ t stay here, though.",neutral
10281,11,That ’ s really not my problem.,neutral
10283,0,Your mp3 looks so cool. Where did you get it?,neutral
10283,1,I bought it online.,neutral
10283,2,Really? Do you often shop online?,neutral
10283,3,Yes. I buy most of my daily necessities online.,neutral
10283,4,I've never tried E-shopping. Is it better than shopping at an actual store?,neutral
10283,5,"Yes, much better. You can log in a website, browse through many items and categories comfortably at home, order the goods, pay by credit or debit card, and the goods will be delivered to your home.",neutral
10283,6,"Wounds good, and I don't have to queue up at the cashier.",joy
10283,7,And you can still go'window shopping'just like in a real shopping mall.,neutral
10283,8,"Well, are there any other advantages?",neutral
10283,9,"Yes, most of the shops are closed at 22:00 or even earlier, but the internet operates 24 hours a day, seven days a week, and can be accessed anywhere.",neutral
10283,10,Are there many choices of online shopping?,neutral
10283,11,Sure. You can buy almost anything you can think of.,neutral
10283,12,Perhaps I should have a try.,neutral
10288,0,"Now that you have learned Kung fu for a few months, what are your general impression of it?",neutral
10288,1,"I think, maybe, it takes a real Kung fu master to give a more fair assessment ; meanwhile, I am no more than a beginner. But I really doubt whether kung fu would be of any great help when it comes to defending oneself in real life.",neutral
10288,2,"You mean, kung fu may not be so powerful as it is imagined? To some extent your idea holds water. Kung fu was originally intended for self-defense, but with time it became something more than defense skills. Now we are apt to treat it as an art.",neutral
10288,3,"An art! You have a good point there. So it is called martial arts in English. The Chinese are really capable of doing things nicely. They even made fighting a great enjoyment, so marvelous and fascinating.",joy
10288,4,Thanks for your compliment! Perhaps the Chinese culture as a whole has a special inclination towards aesthetics. Do you know Jin Yong?,neutral
10288,5,I know he is a martial arts fiction writer. But I've read none of his novels.,neutral
10288,6,"All of his works have been translated into English. I recommend you to read one or two works of his. You'll get a general glimpse into Chinese kung fu culture. When you go through the pages, you are likely to feel they are not about kung fu alone, but cover all walks of life.",neutral
10288,7,I see. They must have incorporated a series of Chinese cultural elements.,neutral
10288,8,"Yes, take philosophy, for instance. What makes a true, respectable da via, or a warrior hero? It's not enough only to be formidable. It also involves a man's character, sense of justice, and values of life.",neutral
10288,9,"So kung fu is also a means of self-cultivation, isn't it?",neutral
10288,10,"Indeed, you're exactly right!",joy
10290,0,Have you washed any clothes yet?,neutral
10290,1,"No, I've only washed my whites.",neutral
10290,2,"When you wash your dark clothes, can you put some of mine in?",neutral
10290,3,Sure. Is there any extra care that I should take with your clothes?,neutral
10290,4,Just make sure you keep it on the gentle cycle.,neutral
10290,5,How many clothes of yours do you want me to wash?,neutral
10290,6,"There isn't a lot, why, do you have a large load to wash?",neutral
10290,7,It's really only a small load.,neutral
10290,8,Do you mind washing my clothes?,neutral
10290,9,Not at all. It's no problem.,joy
10290,10,Thank you so much.,joy
10290,11,It's no trouble at all.,joy
10319,0,I heard you are looking for a house.,neutral
10319,1,Yes.,neutral
10319,2,How is this going?,neutral
10319,3,I haven ’ t found one that satisfies my demands yet.,neutral
10319,4,I can recommend an apartment for you. A friend of mine is about to move. She doesn ’ t want to rent that house any longer.,neutral
10319,5,Where is the house?,neutral
10319,6,It is on Spring Avenue.,neutral
10319,7,Really! So it is just near my office building. Great! How much is the rent?,joy
10319,8,It ’ s $ 240 a month.,neutral
10319,9,Does that include utilities?,neutral
10319,10,"It includes water, but not gas and electricity.",neutral
10319,11,That ’ s a little expensive.,neutral
10319,12,But it ’ s very convenient for you to walk to work.,neutral
10319,13,Yes. I won ’ t have to take a bus to go to my office. Is it a one-bedroom apartment?,neutral
10319,14,"Yes, it is.",neutral
10319,15,That is what I am looking for. Could I go to see the house tomorrow afternoon?,neutral
10319,16,Certainly! But I have to contact my friend first.,neutral
10319,17,All right! Thank you.,joy
10322,0,What do we need for the barbecue?,neutral
10322,1,"Well, I ’ Ve bought a lot of meat. I ’ Ve got pork chops, small steaks, chicken wings and plenty of hot dog sausages and hamburger patties.",neutral
10322,2,I can ’ t wait to start cooking. I ’ Ve bought the grill and charcoal.Do you have enough plates and utensils?,joy
10322,3,I think so. I bought some paper plates and cups for people to use.It will save on the washing up.,neutral
10322,4,"And if people drop them, they won ’ t break.We ’ ll need to buy some buns to make hot dogs and hamburgers.",neutral
10322,5,They sell them at the shop around the corner.We can go and get some in a few minutes.,neutral
10322,6,I brought some cheese to make cheeseburgers and some onions for the hot dogs.We ’ ll need some tomato catchup and some barbecue sauce.,neutral
10322,7,"I have the sauce, but remind me to get some catchup at the shop.",neutral
10322,8,How long does it take to cook meat on the barbecue?,neutral
10322,9,"It only takes a few minutes.Some people like their meat well done, others like it rare.The great thing about the barbecue is that everyone can choose how they want their meat cooked.",neutral
10322,10,They can cook them themselves to make sure exactly how they like it.,neutral
10322,11,I hope you haven ’ t invited any vegetarians.,neutral
10329,0,"Excuse me, What time does the next bus for Boston leave?",neutral
10329,1,It leaves at 8,neutral
10329,2,I see. Are there any seat available?,neutral
10329,3,Just a moment please. Yes. You can have a seat.,joy
10329,4,Good. How much is it when we take it?,joy
10329,5,It thirty-eight dollars.,neutral
10329,6,All right. Here ‘ s forty dollars.,neutral
10329,7,Here ’ s your ticket and change.,neutral
10329,8,Thank you. Which gate should I go to for the bus?,joy
10329,9,Go to gate No. 2 please.,neutral
10329,10,Thank you very much.,joy
10329,11,Don ’ t mention it.,joy
10332,0,I have redecorated my bedroom. I decide to repaint the walls and change the pictures. I also bought a new pair of curtains. What do you think of it?,neutral
10332,1,I think is looks great. I really like the light colors you have chosen. The pictures are nice too. Did you buy any new furniture?,joy
10332,2,I bought a new mattress and some fresh bedclothes. I also bought a new dressing table and a new bedside table.,neutral
10332,3,New furniture makes a room seem so fresh. I see that you also bought a new lamp for your bedside table.,neutral
10332,4,Do you think that I should get a new wardrobe?,neutral
10332,5,That wardrobe looks quite big. Is it full of clothes?,neutral
10332,6,Yes. I have some many clothes stuffed into it. Perhaps I should get rid of some of them. There are clothes in there that I never wear anymore.,neutral
10332,7,I like to get rid of clothes that I don ’ t wear rather than keeping them in a wardrobe. They take up too much space. There are several charity shops that you can give old clothes to. They will be happy to receive them as long as they are in reasonable condition.,joy
10332,8,"That ’ s a good idea. After I get rid of the old clothes I no longer wear, I can see what new clothes I need to buy.",joy
10332,9,I need to buy some new clothes for the summer too. Perhaps we can go together one day.,neutral
10332,10,Ok. I ’ ll let you know when I ’ Ve sorted out my clothes.,neutral
10334,0,( At the MET station ) Hurry up! We are running late for school.,neutral
10334,1,Let's take the MET. lt's faster and cheap.,neutral
10334,2,Which line should we take if we go to Danshui?,neutral
10334,3,We should take the red line. Let's get the tickets at the automatic vending Machine.,neutral
10334,4,How much money should I insert in the slot?,neutral
10334,5,5o dollars. Later you have to place your ticket near the sensor.,neutral
10334,6,I see.,neutral
10334,7,It's so crowded. All the seats are taken. Let's go there. There is a seat over there.,neutral
10334,8,"It's a priority seat. We can not sit there. We should give the seats to those eld, pregnant and disabled people.",neutral
10334,9,"Yeah, you are right. Let's stand. It takes only about 20 minutes.",neutral
10334,10,"If we go to Danshui in the morning on A weekday, we are sure to have seats since it's not during rush hour.",neutral
10334,11,"Anyway, we are arriving at Danshui soon. I can't wait to watch the beautiful sunset.",joy
10350,0,Welcome to Al ’ s Garage. What seems to be the problem?,neutral
10350,1,No problem at all! I am taking a long road trip and I want to make sure my car is in good mechanical condition.,neutral
10350,2,Very wise decision. When was the last time you had a tune up?,neutral
10350,3,"Not that long ago, I think it was four months ago.",neutral
10350,4,We usually recommend that you bring your car in every five thousand kilometers.,neutral
10350,5,"Why? I mean, what exactly do you do to a car that you need to check it so often?",surprise
10350,6,"First of all, we change the motor oil and oil filter. If you don ’ t do this, it can cause your engine to wear faster and that means you would probably have to change the pistons and intake valves.",neutral
10350,7,I see. What else?,neutral
10350,8,"We also check your spark plugs, fuel filter, and other oil levels such as hydraulic fluid. We also check the clutch and brakes to determine when you will need new ones.",neutral
10350,9,"Ok, well, when you put it that way, it doesn ’ t seem like a waste of time and money.",neutral
10350,10,"Trust me, regular tune ups will keep your car running smoothly and avoid break downs.",neutral
10353,0,"Aunt Shirley, I heard the Yuan Miao Festival is the name for the festival. Why did it get its name?",neutral
10353,1,"Well, the first lunar month is called Yuan-month, and in ancient times people called night Miao. And you know the festival is just in the middle of the month.",neutral
10353,2,"Oh, I see. I also heard today is the last day for the street fair. Can ’ t wait to sample all the snacks.",neutral
10353,3,"Sure. It ’ s indeed a culinary heaven which offers a wide range of delicious snacks to satisfy all tastes. Then, which one would you like?",neutral
10353,4,Can you recommend some must-try?,neutral
10353,5,"OK. Let ’ s go over there. For the Lantern Festival, you should never omit the Yuanxiao.",neutral
10353,6,What ’ s that? It gets the name from the festival itself. That ’ s really funny!,joy
10353,7,"Actually, they are small dumpling balls made of glutinous rice flour. They are like Tangun.",neutral
10353,8,"Oh, I know Tangyuan. It ’ s a sweet snack, good for dessert.",joy
10353,9,"Yes. And also, we can find Yuanxiao with both sweet and salty fillings.",neutral
10353,10,I ’ d like to try the salty ones. Where does that strange smell come from?,neutral
10353,11,"Oh, the smelly bean curd. My favorite!",joy
10362,0,"Good morning, sir. Can I see your boarding pass, please?",neutral
10362,1,Here you are.,neutral
10362,2,"Excuse me, sir. This is your passport.",neutral
10362,3,Really? Ugh... Is there any difference?,surprise
10362,4,"Yes. As a matter of fact, you can't board the plane without boarding pass.",neutral
10362,5,Gee. I must have left it in my hotel room.,sadness
10362,6,I'm sorry sir. I can't let you pass.,neutral
10362,7,But when does the plane take off?,neutral
10362,8,"Ugh, in about thirty minutes, sir.",neutral
10362,9,"Oh, my God! What do I do now? Bone head, bone head, bone head ( He smashes his head with his hand. ).",sadness
10362,10,"Calm down, sir. You are creating a commotion.",neutral
10362,11,"( The speaker in the airport says,'Mr. Benjamin, we now have a boarding pass by the name of Benjamin at Lost and Found.') Is that me?",neutral
10362,12,Could be.,neutral
10362,13,"Oh, thank God. Thank you, I'll be right back.",joy
10362,14,"( Benjamin starts to run and then he seems to remember something and returns. ) Ugh, excuse me, where is the Lost and Found?",neutral
10362,15,It's down in the lobby. Turn left at exit B.,neutral
10362,16,"Thank you, thank you, thanks again.",joy
10397,0,"Wow, Amy, look at that number.",joy
10397,1,What's so great about it?,neutral
10397,2,What do you mean? It's a scrim.,surprise
10397,3,"Not to me, I wouldn't be caught dead in that.",neutral
10397,4,I love that kind of stuff.,joy
10397,5,"Yeah, you seem to like those styles.",neutral
10397,6,Sure do. I get a kick out of looking punk.,neutral
10397,7,This one looks really expensive though.,neutral
10397,8,I don't care how much it costs. I'm rolling in it.,neutral
10397,9,Lucky you! I can't buy anything else. I'm flat broke.,neutral
10397,10,"I got a replace my party outfit, I trashed it last week.",neutral
10397,11,Why did you drag me into this? I've spent a week salary.,neutral
10397,12,"Are you on the level? You're the one who called me, remember?",neutral
10397,13,"Just joking, T. I've got some wonderful clothes. Let's go and have a close look at your outfit.",neutral
10408,0,Hello. I am calling about the apartment you advertised.,neutral
10408,1,"Yes, what kind of apartment are you interested in?",neutral
10408,2,I am interested in one-bedroom. Do you have any available?,neutral
10408,3,"Yes, I have one. When you need it?",neutral
10408,4,Sometime around next week. What can you tell me about this apartment?,neutral
10408,5,"Well, It's a one-bedroom apartment. The monthly rent at 650 dollars and a 300 dollars security deposit. You pay electricity only. Gas and water is included. Both the heat and stove are gas. Let me see, what else... Oh, you'll be assigned a sheltered parking space at no extra charge. And that's probably it.",neutral
10408,6,Sounds good. May I come over tomorrow to take a look?,joy
10408,7,Sure. What time would you like to come?,joy
10408,8,How about 10 am?,neutral
10408,9,"Good, May I have your name, please?",joy
10408,10,My name is Blanca.,neutral
10408,11,"Thanks for calling, Blanca. I'll see you tomorrow.",joy
10435,0,Have you ever shopped at Whole Foods market?,neutral
10435,1,Nope. How's the food there?,neutral
10435,2,"It's very good, and it's fresh too.",joy
10435,3,I do my shopping at Sons.,neutral
10435,4,"I shopped there before too, but the food is better at Whole Foods.",neutral
10435,5,What's wrong with Sons?,neutral
10435,6,Their range of organic foods is very limited.,neutral
10435,7,Whole Foods has a lot of organic foods?,neutral
10435,8,"Yeah, the food there is very healthy.",neutral
10435,9,"I've never been, but I may start shopping there.",neutral
10435,10,The food there is a great step up from Sons.,neutral
10435,11,Thanks for letting me know.,joy
10444,0,"Good morning, Room Service. May I help you?",neutral
10444,1,I'd like to have lunch in my room.,neutral
10444,2,"OK, sir. We offer two types of lunch, Chinese food and western food. Which one would you prefer?",neutral
10444,3,What does a Chinese food have?,neutral
10444,4,"Rice, egg, beef and vegetables.",neutral
10444,5,That will be fine. I'll take it.,neutral
10444,6,"I see. May I have your name and room number, please?",neutral
10444,7,"Sure, it's White in Room 204.",neutral
10444,8,"Let me confirm your order, Mr. White in Room 204, Chinese food. Is that right?",neutral
10444,9,Exactly.,neutral
10444,10,"Your order will be ready soon, thank you for calling.",neutral
10460,0,"Hey, man, look, what's on the wall over there?",neutral
10460,1,Don't you know that? It's all about new office rules.,neutral
10460,2,What does it say?,neutral
10460,3,It says smoking is not allowed in any private offices. It might be the most terrible thing for you.,neutral
10460,4,I can smoke outside of the office. But what else does it say?,neutral
10460,5,"If you want to ask for leave, you should get the approval from the manager in charge of your department.",neutral
10460,6,"But if there is an emergency and the manager is of absence, what should we do?",neutral
10460,7,"The note says you should call your manager first, and then tell him your reason, and then ask him for the approval.",neutral
10460,8,"OK, OK, got it. By the way, what about the vacation policy? Anything changed?",neutral
10460,9,No. We still enjoy 10 - day of paid vacation per year.,neutral
10460,10,Can we have 7 - day holiday on National Day?,neutral
10460,11,Of course. That's what we deserve.,neutral
10460,12,That's great!,neutral
10460,13,"I have something else to remind you of. Don't be late, if you are late, you will be fined 20 Yuan per minute.",neutral
10460,14,"Are you kidding? I always get up late. Oh, my God. Can't believe that. That is terrible.",surprise
10460,15,So remember to set your alarm clock.,neutral
10469,0,"Hey Eve, how are you?",neutral
10469,1,"I ’ m fine, Celia. And you?",neutral
10469,2,I ’ m ok. I ’ m so busy!,neutral
10469,3,Do you have a lot of homework?,neutral
10469,4,Yes. Don ’ t you?,neutral
10469,5,Of course I do!,neutral
10469,6,Which class are you working on right now?,neutral
10469,7,I ’ m studying for my chemistry exam tomorrow.,neutral
10469,8,Are you in Mrs. Green ’ s class?,neutral
10469,9,Yes. Are you?,neutral
10469,10,Yes. We must have the same exam tomorrow!,neutral
10469,11,Do you want to study together?,neutral
10469,12,Sure. This library is too quiet though.,neutral
10469,13,Do you want to go to an empty classroom?,neutral
10469,14,That sounds good.,joy
10469,15,OK. Let ’ s go!,joy
10496,0,Did you need help with something?,neutral
10496,1,I need to cancel an account.,neutral
10496,2,Do you have a problem with your account?,neutral
10496,3,I don ’ t need two different accounts anymore.,neutral
10496,4,What are you going to do about the money in your account?,neutral
10496,5,Can I transfer it to my remaining account?,neutral
10496,6,I ’ ll do that for you.,neutral
10496,7,That ’ s lovely.,neutral
10496,8,Would you like to withdraw any money?,neutral
10496,9,No. That ’ s fine.,neutral
10496,10,It ’ ll just take me a moment to cancel your account.,neutral
10496,11,Thank you very much.,joy
10501,0,I need to find the cereal aisle.,neutral
10501,1,The cereal is over by the breakfast foods.,neutral
10501,2,Where is that at?,neutral
10501,3,It's by the oatmeal and breakfast bars.,neutral
10501,4,I think I can find that.,neutral
10501,5,Did you need help finding anything else?,neutral
10501,6,"Actually, I do need to find the dishwashing detergent.",neutral
10501,7,That would be over by the paper towels and toilet paper.,neutral
10501,8,I thought it was over there.,neutral
10501,9,"Yeah, you'll find it there.",neutral
10501,10,I really appreciate all your help.,joy
10512,0,What would you like for dessert?,neutral
10512,1,What do you have?,neutral
10512,2,"I have apple pie, ice cream, chocolate cake and fruit cocktail.",neutral
10512,3,Can I have apple pie with ice cream?,neutral
10512,4,"Of course. I made apple pie this morning, so it ’ s lovely and fresh.",joy
10512,5,I love you home made apple pie. It ’ s delicious. Can I have another glass of lemonade as well?,joy
10512,6,Sure. Can you get it yourself? It ’ s in the refrigerator.,neutral
10512,7,Ok. Would you like a drink too?,neutral
10512,8,Yes. I ’ ll have an ice tea. You ’ ll see it next to the lemonade.,neutral
10512,9,Are you having any dessert?,neutral
10512,10,"I ’ ll have apple pie too, but without ice cream. I have to watch my weight.",neutral
10520,0,How can I help you?,neutral
10520,1,"Yes, I would like to look at some of your products. I think what I am using now does not fit me well.",neutral
10520,2,We have a full range of products from cosmetics to skin cleansers.,neutral
10520,3,What do you have in foundation?,neutral
10520,4,Our foundation is of very super quality. We only use the finest ingredients. It will moisturize your skin and it can protect your skin from UVA and UVB.,neutral
10520,5,What colors do you have in foundation?,neutral
10520,6,Let me show you. We have six colors,neutral
10520,7,The color I use now is natural beige. How much do you sell it for?,neutral
10520,8,250 Yuan.,neutral
10520,9,That's expensive.,neutral
10520,10,"What you're paying for, madam, is the ingredients. it provides a soft and perfect finish coverage with a weightless feel.",neutral
10520,11,"I understand. I need a lipstick, too. Do you have lipsticks in red?",neutral
10520,12,Of course. But I suggest you buy a lipgloss. The shining effect is in.,neutral
10520,13,All right. How much is it?,neutral
10520,14,"45 Yuan. If you buy the two, you can get a small bottle of nail polish for free.",neutral
10520,15,"Well, I'll take them.",neutral
10543,0,"Hey, Mark, long time no see.",neutral
10543,1,Julie! It's good to see you again. How have you been?,joy
10543,2,Great. I just got back from a week's vacation in Thailand.,neutral
10543,3,Really? How was it?,neutral
10543,4,Fantastic! I didn't want to come back.,joy
10543,5,I hear the beaches in Thailand are beautiful.,neutral
10543,6,"They are. And not only that the people are friendly, but also the food is delicious, not to mention cheap.",neutral
10543,7,I do like Thai food. Did you see much of Bangkok?,neutral
10543,8,Not much. I've go enough city life in Beijing.,neutral
10543,9,I know what you mean. I could use a vacation myself.,neutral
10543,10,"Hey, wouldn't it be great if we could go to Thailand together sometime?",neutral
10543,11,"Yeah, it sure would.",joy
10558,0,"Hello, who's that speaking?",neutral
10558,1,I am calling about the advertisement for a flat with a bedroom. Do you still have it now?,neutral
10558,2,"Yes, I do.",neutral
10558,3,Is there any furniture in it?,neutral
10558,4,"Yes, it's fully furnished.",neutral
10558,5,What's the rent for a year?,neutral
10558,6,"15,000 Yuan, including water, but electricity and gas.",neutral
10558,7,Where is it located?,neutral
10558,8,It's in International Trade Zone. It's only ten minutes'walk from the nearest subway station.,neutral
10558,9,"That's great. But can you make the rent cheaper, let's see, 12,000 Yuan?",joy
10558,10,The price can be talked over. How about coming around and taking a look at it first?,neutral
10558,11,OK. I will be free at tomorrow afternoon. I'll take a taxi to get there.,joy
10558,12,"All right, see you.",joy
10570,0,How are you doing today?,neutral
10570,1,Very well. Thank you.,neutral
10570,2,What can I help you with?,neutral
10570,3,Do I have any fees to pay?,neutral
10570,4,"As a matter of fact, you do.",neutral
10570,5,How much?,neutral
10570,6,You owe $ 235.13.,neutral
10570,7,That ’ s unbelievable.,surprise
10570,8,Will you be paying some of that off today?,neutral
10570,9,I want to pay all of it off today.,neutral
10570,10,How will you be paying?,neutral
10570,11,I ’ ll be paying with cash.,neutral
10576,0,"hello, do you remember me? I bought some vases from you yesterday.",neutral
10576,1,"yes, you sent them to New York, right?",neutral
10576,2,that's right. I thought I'd come back to buy some more souvenirs.,neutral
10576,3,what did you in mind?,neutral
10576,4,"well, first, I'd like to buy a few postcards. My sister used to always send a postcard to herself whenever she went anywhere. I want to do that, too.",neutral
10576,5,we have plenty of postcards to choose from here. The same designs can be found on these posters.,neutral
10576,6,posters are difficult to travel with. I think I'll just buy the postcards. I heard that you might also have some of the masks that are made in Venice.,neutral
10576,7,"yes, we do. They're on the wall behind you.",neutral
10576,8,how much do they cost?,neutral
10576,9,the prices are clearly marked on the back of each mask. Would you like me to get one down for you to look at?,neutral
10576,10,"yes, I think I'd like the green mask in the middle.",neutral
10576,11,here you go.,neutral
10576,12,"I'll take it, I'd also like to buy some chocolate.",neutral
10576,13,are you looking for some homemade chocolate as a gift.,neutral
10576,14,"yes, it's my girlfriend's birthday today and she loves chocolate.",neutral
10576,15,we've got plenty to choose from here.,neutral
10576,16,they look delicious. I think she'll be pleased.,joy
10585,0,"Mr. Jones, shall we now discuss the packaging?",neutral
10585,1,"Very well. You know, we have definite ways of packaging garments. As to blouses, we use a polythene wrapper for each article, all ready for window display.",neutral
10585,2,"Good. A wrapping that catches the eye will certainly help push the sales. With competition from similar garments producers, the merchandise must not only be good value but also look attractive.",neutral
10585,3,Right you are. We'll see to it that the blouses appeal to the eye as well as to the purse.,neutral
10585,4,What about the outer packing?,neutral
10585,5,"We'll pack them 10 dozens to one carton, gross weight around 25 kilos a carton.",neutral
10585,6,Cartons?,neutral
10585,7,"Yes, corrugated cardboard boxes.",neutral
10585,8,Could you use wooden cases instead?,neutral
10585,9,Why use wooden cases?,neutral
10585,10,I'm afraid the cardboard boxes are not strong enough for such a heavy load.,neutral
10585,11,"The cartons are comparatively light, and therefore easy to handle. They won't be stowed away with the heavy cargo. The stevedores will see to that. Besides, we'll reinforce the cartons with straps. Silk blouses are not fragile goods. They can stand a lot of jolting.",neutral
10585,12,"Maybe you are right, but the goods are to be transhipped at Hamburg or London. If the boxes are moved about on an open wharf, the dampness or rain may get into them. This would make the blouses spotted or ruined.",neutral
10585,13,"No need to worry about that. The cartons lined with plastic sheets are waterproof, and as the boxes are made of cardboard, they will be handled with care.",neutral
10585,14,"Well, I don't want to take any chances. Besides, cartons are easy to cut open, and this increases the risk of pilferage.",neutral
10585,15,Tampering with cartons is easily detected. I should say that this rather discourages pilferage.,neutral
10585,16,"Maybe so, but I'm afraid that in case of damage or pilferage, the insurance company will refuse compensation on the ground of improper packing, or packing unsuitable for sea voyage.",neutral
10585,17,"But cartons are quite seaworthy. They are extensively used in our shipments to continental ports. There are never any complaints from our clients, and our insurance company has also approved such packing for W. P. A. and T. P. N. D.",neutral
10585,18,"If you could guarantee compensation in case the insurance com - any refuses to honor a claim for faulty packing, we would be quite willing to accept cartons.",neutral
10585,19,"I'm sorry, but we can't take on any responsibility that is beyond our functions and powers. We'll make sure that the packing is seaworthy, but we can't commit ourselves to being responsible for every kind of mishap.",neutral
10585,20,I can understand your position. Perhaps I'm asking too much.,neutral
10585,21,"We'll use wooden cases if you insist, but the charge for packing will be considerably higher, and it also slows delivery.",neutral
10585,22,"Well, I'll call you immediately for instructions on the matter.",neutral
10585,23,Please do. I'll be waiting for your reply.,neutral
10589,0,I'm looking for some fresh produce that's on sale.,neutral
10589,1,"Well, we just got in some mangoes.",neutral
10589,2,Mangoes. What are they?,neutral
10589,3,"Well, it's a fruit with a big nut in it.",neutral
10589,4,Can you eat the nut?,neutral
10589,5,"No, you peel off the skin and throw out the nut.",neutral
10589,6,How much are they?,neutral
10589,7,"Well, the sale price is $ 1 each.",neutral
10589,8,What does a mango taste like?,neutral
10589,9,They're like a citrus fruit.,neutral
10589,10,How do I know if it's ripe?,neutral
10589,11,You can buy them hard. Wait a few days for them to develop a soft feel.,neutral
10589,12,Where do they come from?,neutral
10589,13,Most of them in this store are from Mexico.,neutral
10591,0,Good morning. Mrs.Smith.,neutral
10591,1,"Good morning! Can you help me, please? I'm looking for some books for my mother.",neutral
10591,2,"Well, what kind of books does she like?",neutral
10591,3,She's very fond of detective stories?,neutral
10591,4,I see. Has she read any detective stories?,neutral
10591,5,"Oh, yes!",joy
10591,6,Do you know if she's read this one?,neutral
10591,7,"I'm not sure, but she probably won't remember if she has! She's very forgetful!",neutral
10591,8,Ah! She has a bad memory. How old is she?,neutral
10591,9,She's eighty-seven.,neutral
10591,10,I suggest you take this book. It's very exciting.,neutral
10591,11,Thank you. That's a good idea. she likes exciting books. Can you suggest another one?,joy
10599,0,Why do you choose our company to apply for a job?,neutral
10599,1,I wish to have a job in which I can make good use of my strengths and have further improvement. And your company meets all my requirements.,neutral
10599,2,Have you got a clear idea about our company?,neutral
10599,3,"Yes, I have purposefully done some homework in advance.",neutral
10599,4,Have you tried other companies?,neutral
10599,5,"Actually, I have applied to several companies recently. But I am most satisfied with your company.",neutral
10599,6,Will you take a job which is not in line with your major?,neutral
10599,7,"Admittedly, I hope it is a job in line with my specialty. But I will make the best effort to do the job whatever is assigned to me.",neutral
10599,8,How long would you work here if you were admitted?,neutral
10599,9,I would continue to work in the company as long as the job suits me well.,neutral
10599,10,Do you expect a high salary?,neutral
10599,11,"In my mind, salary is not the most important thing.",neutral
10602,0,"hi, my name's Abby. What's your name?",neutral
10602,1,I'm colin. It's nice to meet you. What do you do?,neutral
10602,2,I'm a freelance English teacher. How about you?,neutral
10602,3,I'm in between jobs at the moment.,neutral
10602,4,what kind of job are you looking for?,neutral
10602,5,I'd like to find a job with flexible hours in the IT field.,neutral
10602,6,have you ever thought about becoming a freelance IT consultant?,neutral
10602,7,no. Is it difficult to find such a job?,neutral
10602,8,not if you are good at net-working. Do you like to meet new people?,neutral
10602,9,yes. I'm pretty out-going and friendly.,neutral
10602,10,do you have experience in the IT field?,neutral
10602,11,I have some. I worked in the IT department at a language school for four years in Spain.,neutral
10602,12,do you speak Spanish?,neutral
10602,13,"yes, but not fluently.",neutral
10602,14,that's OK. Have you sent your CV out to anyone yet?,neutral
10602,15,I've sent my CV to dozens of companies but nobody has got back to me.,neutral
10602,16,did you write a clear objective in your resume?,neutral
10602,17,"no, because I didn't know what I wanted to do.",neutral
10602,18,I think you need to update your CV. Bring it over to my office tomorrow and I'll help you with it.,neutral
10602,19,"thanks, I will. I'll see you tomorrow then!",joy
10609,0,What can I do for you?,neutral
10609,1,I ’ m in need of your services.,neutral
10609,2,What do you need me for?,neutral
10609,3,I have a court date coming up.,neutral
10609,4,What are you being charged with?,neutral
10609,5,It ’ s the felony charge.,neutral
10609,6,I ’ m willing to provide my services.,neutral
10609,7,What ’ s your rate?,neutral
10609,8,I work for $ 150 an hour.,neutral
10609,9,That ’ s too high.,neutral
10609,10,That ’ s what I charge.,neutral
10609,11,I ’ ll hire you anyway.,neutral
10622,0,Finally we're on board!,neutral
10622,1,Yes. It was so crowded. I'm worn-out. Let's find our seats.,neutral
10622,2,Are they window seats or aisle seats?,neutral
10622,3,"Let me see... yes, one window seat and one aisle.",neutral
10622,4,Ok. But can I trade my seat with you? I prefer the one near the window. I'm a terrible flyer. I always get airsick and can never relax until after I've landed.,neutral
10622,5,That's fine. I'd like to be on the aisle anyway. It's easier to get in and out.,neutral
10622,6,Thanks. Where shall we put our luggage?,neutral
10622,7,"I think the smaller carry-on bag can go in the overhead compartment, and the others can go under the seat.",neutral
10622,8,Good idea.,neutral
10622,9,Don't forget to keep the seat belt on.,neutral
10622,10,Ok. Hope it's a pleasant trip.,neutral
10622,11,Yes!,neutral
10622,12,And no hijackers.,neutral
10622,13,"Oh, you have too wild of an imagination.",neutral
10628,0,I need a room for a few days.,neutral
10628,1,That won't be a problem. Could you please tell me your name?,neutral
10628,2,John Sandals. That's S A N D A L S.,neutral
10628,3,"Sir, I'm Michelle, and I run the front desk. Please tell me the days you'll be here.",neutral
10628,4,"I'll be there in April Friday through Monday, the 14th through the 17th.",neutral
10628,5,"We recently changed many things here, sir, including our prices. Do you mind, sir?",neutral
10628,6,Possibly. What's the actual price?,neutral
10628,7,The price will be $ 308 a night.,neutral
10628,8,$ 308! That's not bad.,neutral
10628,9,"Very good. Now, Mr. Sandals, about the room, smoking or nonsmoking?",neutral
10628,10,"Nonsmoking, definitely!",neutral
10628,11,"Most of our clients prefer nonsmoking. Now, does a queen sound okay?",neutral
10628,12,"Yes, that'll be just fine.",neutral
10628,13,"One more second, sir. Your reservation is now verified, so all I need is your phone number.",neutral
10628,14,It's 626-555-1739.,neutral
10628,15,"Let me repeat that 626-555-1739. Okay, sir, we look forward to seeing you in April!",joy
10640,0,"Hi, Mr. Smith. I ’ m Dr. Hawkins. Why are you here today?",neutral
10640,1,I thought it would be a good idea to get a check-up.,neutral
10640,2,"Yes, well you haven ’ t had one for... five years. You should have one every year.",neutral
10640,3,"I know. I figure as long as there ’ s nothing wrong, why go see the doctor?",neutral
10640,4,"Well, the best way to avoid serious illnesses is to find out about them early. So, try to come at least once a year for your own good.",neutral
10640,5,O. K.,neutral
10640,6,"Let me see here. Your eyes and ears look fine. Take a deep breath, please. Do you smoke, Mr. Smith?",neutral
10640,7,Yes.,neutral
10640,8,"Smoking is the leading cause of lung cancer and heart disease, you know. You really should quit.",neutral
10640,9,"I ’ Ve tried a hundred times, but I just can ’ t seem to kick the habit.",neutral
10640,10,"Well, we have classes and some medications that might help. I ’ ll give you more information before you leave.",neutral
10640,11,"O. K., thanks, doctor.",neutral
10652,0,May I take your order?,neutral
10652,1,"We'd like this course for two, please.",neutral
10652,2,I'm afraid this course is for four persons.,sadness
10652,3,"Well, can't you make it for two only?",neutral
10652,4,"I'm afraid not, sir.",sadness
10652,5,"I see. Well, what do you recommend then?",neutral
10652,6,I would recommend a soup with two or three small dishes.,neutral
10652,7,"Right, we'll have these three.",neutral
10652,8,Would you like rice with your meal?,neutral
10652,9,"No, thanks.",joy
10652,10,"Thank you, sir. Just a moment, please.",joy
10659,0,"Fill it up, PLS.",neutral
10659,1,"Premium or regular, Madam?",neutral
10659,2,"Premium, PLS. Could you check my tyres, too? I think they need air.",neutral
10659,3,"No problem, Madam. Should I check the air in the spare tyre as well?",joy
10659,4,I don't think so. It's brand-new.,neutral
10659,5,Should I clean the windshield for you?,neutral
10659,6,"Yes, PLS. I also need you to check the oil and the radiator.",neutral
10659,7,"All right, Madam. It's ok. There is hardly any water in the radiator. It's dangerous, Madam. You could break down, because of the heat you know.",neutral
10659,8,Pls fill it up with water then.,neutral
10659,9,"Anything you say, Madam.",neutral
10659,10,Do you take credit card?,neutral
10659,11,"No, we don't. I am sorry. It's 30 dollars and 10 cents in total.",neutral
10659,12,30 dollars and 10 cents? Here you go.,neutral
10659,13,"Thank you, Madam. Have a nice drive!",joy
10665,0,"Hello, may I speak to Alice please?",neutral
10665,1,This is she. How's it going?,neutral
10665,2,I've been trying to call you all day.,neutral
10665,3,Sorry about that. I was cleaning up.,neutral
10665,4,It's okay.,neutral
10665,5,So what were you calling me about?,neutral
10665,6,"Oh, I just wanted to see if you wanted to hang out tomorrow.",neutral
10665,7,"Sure, what did you want to do?",neutral
10665,8,Maybe we can go see a movie or something.,neutral
10665,9,That sounds like fun. Let's do it.,neutral
10665,10,I'll see you tomorrow then.,joy
10665,11,See you then. Goodbye.,joy
10677,0,I have to find a living room set.,neutral
10677,1,Where are you planning on looking for one?,neutral
10677,2,I don't know.,neutral
10677,3,I can tell you where I got mine.,neutral
10677,4,Where did you go to find yours?,neutral
10677,5,IKEA has beautiful furniture.,neutral
10677,6,Does the furniture from IKEA cost a lot?,neutral
10677,7,The furniture cost a couple thousand dollars.,neutral
10677,8,How good of quality is the furniture?,neutral
10677,9,It's very sturdy. You get what you pay for.,neutral
10677,10,I don't mind paying for quality workmanship.,neutral
10677,11,I assure you that you're paying for quality.,joy
10718,0,"Mom, am I like a superman? All I need is a cape.",neutral
10718,1,"No, just a super-boy.",neutral
10718,2,"Mom, you always think of me as a child.",neutral
10718,3,"Yes, because a real man doesn't need Mom to worry about him so much. He can do things by himself.",neutral
10718,4,Sure!,neutral
10718,5,"Oh, my poor Danny, sure, you are a man. But you know, running like this in street is very dangerous.",neutral
10718,6,Superman is not afraid of any danger.,neutral
10718,7,Do you remember the rules of road safety?,neutral
10718,8,What?,neutral
10718,9,Walk the sidewalk and please right-hand side.,neutral
10718,10,Don't play on the street or make any noise.,neutral
10718,11,"Yes, so you still remember, ah.",neutral
10718,12,"Dear Mom, please permit of superman's naughty.",neutral
10725,0,"Hello, may I help you?",neutral
10725,1,"Yes, I'd like to have this parcel delivered to Shanghai.",neutral
10725,2,"Oh, we only take care of mail. For parcels, you can go to the next window.",neutral
10725,3,"Thanks!... Hello, I have a parcel to deliver.",joy
10725,4,Where do you need it to be delivered to?,neutral
10725,5,I want to post it to Shanghai.,neutral
10725,6,"OK, please fill out this form.",neutral
10725,7,"Sure, what's the postcode of Shanghai?",neutral
10725,8,"Wait a moment, let me check it out for you. It's 200085.",neutral
10725,9,"Thanks, here you go. What's the postage, please?",joy
10725,10,"Hold on, let me put it on the scale. It weighs up to 10kg and that will be 30 Yuan, please.",neutral
10725,11,Ten kg! Dear Shirley must have put a lead ball in it!,surprise
10738,0,"Are you ready to order, sir?",neutral
10738,1,Yeah. I have a fancy for some wine tonight. Can you recommend something for me?,neutral
10738,2,Our red wine is very famous. I'd suggest you try that.,neutral
10738,3,All right. What kind of red wine do you serve?,neutral
10738,4,Here are a variety of red wines for you to choose. You can have a taste then make your decision then. Here is the wine menu.,neutral
10738,5,The dry red wine looks quite good. I'd like to try this one.,neutral
10738,6,Then do you like any cheese to go with it?,neutral
10738,7,Why? Do I have to order that?,neutral
10738,8,"Oh, no. But cheese is the best thing to go with red wine. And we have really fresh cheese which will be free if you order red wine. Here are the pictures. Pick out something you like.",neutral
10738,9,That's really nice. I'd like this one. It looks very attractive.,joy
10738,10,What would you like for appetizer and dinner?,neutral
10738,11,Croissant for appetizer and two beef steaks for dinner.,neutral
10738,12,"How do you want your steaks, rare, medium or well-done?",neutral
10738,13,"Medium, please?",neutral
10738,14,Anything for dessert?,neutral
10738,15,Sure. We'd like to have Black Forest Cake for dessert.,neutral
10738,16,OK. Please wait for s while. We'll get it done quickly!,joy
10760,0,"oh, Sam! Is this your dog?",neutral
10760,1,"it's Cindy, you know that. Hey, Cindy, say hello to Maria.",neutral
10760,2,"Cindy, you're so cute.",joy
10760,3,"she is also very naughty. By the way, do you have a dog, Maria?",neutral
10760,4,I have a little white cat.,neutral
10760,5,"Oh, a cat? Come on.",surprise
10760,6,"yes, cats are always gentle. and they don't need a lot of space since they're small.",neutral
10760,7,"but I think they're dull, aren't they?",neutral
10760,8,not at all. They're quiet most of the time.But they can be every bit as affectionate as dogs.,neutral
10760,9,"well, cats are certainly more independent.",neutral
10760,10,"absolutely. Believe it or not, I found my cat by a garbage can around my neighborhood two years ago.",neutral
10760,11,"oh, really? so you just took home a stray cat?",surprise
10760,12,yes. It was starving and looking for something to eat when I saw it.,neutral
10760,13,Poor cat.,neutral
10760,14,now we get along very well. It makes me feel that I'm someone special.,joy
10805,0,"Hi, excuse me sir? I ’ m looking for a dress shoe. My usual pair that I ’ Ve had for years have finally been stretched out of shape. They don ’ t provide any support anymore.",neutral
10805,1,"Sure, what kind of shoe are you looking for? We ’ Ve got strappy sandals, sleek high heels, edgy pumps, or if you ’ re looking for something a little more practical, we ’ Ve got Mary Janes, ballerinas.",neutral
10805,2,"Show me some classic high heels, please.",neutral
10805,3,"Ok, right this way. What color did you have in mind?",neutral
10805,4,Black. Classic.,neutral
10805,5,"Of course. We ’ Ve got this style here that is very popular. Because it ’ s an open-toe shoe, you can wear it any time of the year. They look great on everyone.",neutral
10805,6,Umm. too shiny. And I wear pantyhose with my shoes so let ’ s look for a closed-toe shoe.,neutral
10805,7,"OK, these are a very nice pair of leather shoes with a two-inch heel so they are very comfortable.",neutral
10805,8,I don ’ t like the pointed toes. Let me take a look at what else you have. Too high. That one looks like the back would cut into my heel. I have a high instep so I doubt that one will fit properly.,neutral
10805,9,What size?,neutral
10805,10,Seven-and-a-half.,neutral
10805,11,Here we are. How does it fit?,neutral
10805,12,"Hmmm.Not good. They ’ re too tight.The length is right, but the shoe is too narrow and it ’ s pinching my toes. And there ’ d be no room for my insoles. You know what? I don ’ t think I have the patience fo",neutral
10805,13,"Have a nice day, Ma ’ am.",joy
10810,0,Order in the court!,neutral
10810,1,I would like to make my plea.,neutral
10810,2,What is it?,neutral
10810,3,I would like to plead not guilty.,neutral
10810,4,You do realize that all the evidence points to you?,neutral
10810,5,I know. But I did not do it.,neutral
10810,6,How do you figure that?,neutral
10810,7,I didn ’ t commit the crime.,neutral
10810,8,Do you know who did?,neutral
10810,9,"If I tell you who did, will you release me?",neutral
10810,10,I ’ m sure we can work out some kind of deal.,neutral
10810,11,I ’ ll tell you all you need to know.,neutral
10830,0,Hey! I just bought one of those new Japanese cell phones! It's loaded with extras.,joy
10830,1,What does it do?,neutral
10830,2,It's got a built-in video camera so you can see the person you're talking to. It also takes stills and I can use the E-mail mode to send digital pictures straight to my friend's phone!,joy
10830,3,Wow! What else does it do?,joy
10830,4,I can plug it into a folding keyboard to type in message mode. I can even surf the net.,joy
10830,5,Cool! Anything else?,joy
10830,6,"Yes. With the 60 - second digital memory, I can record my voice and send it using voice message mode.",neutral
10830,7,Wow!,joy
10830,8,You'll love this! I can use a stylus to draw a map on the touch screen and then use the fax mode to send it to another phone.,joy
10830,9,"Man, that's amazing. It must have cost a bundle.",joy
10830,10,Nah! It was cheap!,joy
10847,0,"Hi! Good morning, Sarah!",neutral
10847,1,"Good morning, Dr Lee.",neutral
10847,2,I have not seen you for a long time. How are you?,neutral
10847,3,Not very well.,neutral
10847,4,What are your symptoms?,neutral
10847,5,"I have nausea, and I am dizzy. Also I have a abdominal pain.",neutral
10847,6,Where is the pain? Could you show me please?,neutral
10847,7,Here.,neutral
10847,8,"What kind of pain? Sharp pain, dull pain or severe pain?",neutral
10847,9,Sharp pain.,neutral
10847,10,Is the pain continuous?,neutral
10847,11,"No, It is not continuous. It comes and goes.",neutral
10847,12,Please lie down over there.,neutral
10847,13,All right.,neutral
10847,14,Does it hurt when I push here?,neutral
10847,15,No.,neutral
10847,16,What about here?,neutral
10847,17,Not really.,neutral
10847,18,How long have you been like this?,neutral
10847,19,For about a month.,neutral
10847,20,How about your appetite?,neutral
10847,21,I am eating pretty good.,neutral
10847,22,How about your bowel movements?,neutral
10847,23,No constipation. Everything seems OK.,neutral
10853,0,"Hi, what can I get for you?",neutral
10853,1,"Hello, may I have a double cheeseburger?",neutral
10853,2,With everything on it?,neutral
10853,3,That sounds great.,joy
10853,4,Did you want fries with your order?,neutral
10853,5,May I get a large order of curly fries?,neutral
10853,6,Did you want something to drink?,neutral
10853,7,Get me a medium Pepsi.,neutral
10853,8,Would you like anything else?,neutral
10853,9,"No, thank you. That's it.",joy
10853,10,"No problem, that'll be $ 5.48.",joy
10853,11,Thanks a lot. Keep the change.,joy
10863,0,"Hello, Who's that speaking?",neutral
10863,1,I am calling about the advertisement for a flat with a bedroom. Do you still have it?,neutral
10863,2,"Yes, I do.",neutral
10863,3,Is there any furniture in it?,neutral
10863,4,"Yes, It's fully furnished.",neutral
10863,5,What's the rent for a year?,neutral
10863,6,"15,000 yuan, including water, but not electricity and gas.",neutral
10863,7,Where is it located?,neutral
10863,8,It's in the International Trade Zone. It's only ten minutes'walk from the nearest subway station.,neutral
10863,9,"That's great. But can't you make the rent cheaper, Let's see, 12,000 yuan?",joy
10863,10,The price can be talked over. How about coming around and taking a look at it first?,neutral
10863,11,OK. I will be free tomorrow afternoon. I'll take a taxi to get there. See you.,joy
10863,12,"All right, see you.",joy
10864,0,It is quite important to be a good listener in the interview.,neutral
10864,1,Listening carefully can show you understand and respect the speaker.,neutral
10864,2,It can show your good attainment as well.,neutral
10864,3,"Besides, you can pick up some helpful information from the talk.",neutral
10864,4,"First of all, you should keep proper posture and make eye contact with the speaker with a smile.",neutral
10864,5,"To show that you have understood what is said, you can nod or ask simple questions at the right time.",neutral
10864,6,And your statement should be clear and brief to the point.,neutral
10864,7,Never should you interrupt on a unfamiliar topic.,neutral
10864,8,"Sure, in order not to leave a bad impression on the interviewer.",neutral
10864,9,"Additionally, don't show any impatience to a repeated topic.",neutral
10864,10,Don't be absent-minded even when you are not interested in the talk.,neutral
10864,11,"In a word, any impolite behavior should be avoided in the listening.",neutral
10873,0,Front desk. May I help you?,neutral
10873,1,I ’ m going to check out tomorrow. Then we ’ ll be back in a week ’ s time. Can I leave my luggage here.,neutral
10873,2,Yes. Sure. You do have storage service. When will be checking out tomorrow?,neutral
10873,3,About nine thirty in the morning.,neutral
10873,4,Shall we arrange a bail boy to pick up your luggage at nine o ’ clock?,neutral
10873,5,Sure.,neutral
10873,6,May I have your room number please?,neutral
10873,7,1218.,neutral
10873,8,1218. we ’ ll collect your luggage at nine o ’ clock tomorrow. Would you then come to the front desk to get your storage receipt please?,neutral
10873,9,Thank you very much.. Bye.,joy
10873,10,You ’ re welcome. Good-Bye.,neutral
10875,0,I'm going to the bank.,neutral
10875,1,What do you need to do?,neutral
10875,2,I need to withdraw some money.,neutral
10875,3,How are you going to do that?,neutral
10875,4,I'll just use the ATM.,neutral
10875,5,What's that?,neutral
10875,6,It's the Automatic Teller Machine.,neutral
10875,7,It gives you money?,neutral
10875,8,I just insert my debit card into the machine.,neutral
10875,9,And it gives you money?,neutral
10875,10,"Well, it gives me money, but it's my own money.",neutral
10875,11,Oh. What good is that? I thought it gave you free money.,joy
10882,0,Good evening. Do you have a reservation?,neutral
10882,1,"No, we don't.",neutral
10882,2,How many people are you together?,neutral
10882,3,Just two people.,neutral
10882,4,"Would you like to sit in a smoking section, a non-smoking section or whatever comes open first?",neutral
10882,5,We prefer non-smoking section.,neutral
10882,6,I am awfully sorry but there are no vacancies left now. Would you like to wait for a moment?,sadness
10882,7,How long a wait do you think there ’ ll be?,neutral
10882,8,I think about ten minutes.,neutral
10882,9,"Ok, we'll wait a while.",neutral
10882,10,I am sorry for making you wait so long. Now there is a table available in non-smoking section. Please follow me.,sadness
10882,11,Thank you.,joy
10882,12,This is the menu. Are you ready to order now?,neutral
10882,13,"Well, I think I'd like to have a tomato sausage soup first. And the same for him, please.",neutral
10882,14,"Yes, and what would you like to drink?",neutral
10882,15,One goblet of red wine and one bottle of beer please.,neutral
10882,16,Would you like a dessert?,neutral
10882,17,What special kind of desserts do you have?,neutral
10882,18,"Lemon pie, hot cake in syrup, chocolate sundae and custard pudding.",neutral
10882,19,"Well, I think we will order after we finish the main course.",neutral
10882,20,All right. I'll bring your soup right away.,joy
10897,0,"Hello, I am calling about my cable service.",neutral
10897,1,What's the problem?,neutral
10897,2,For the past week my cable hasn't been working.,neutral
10897,3,"I apologize, but the cable has been down lately.",neutral
10897,4,Do you know when it is going to start working again?,neutral
10897,5,"Give it a couple days, and it should be back on.",neutral
10897,6,Will I still have to pay for the cable while it's not working?,neutral
10897,7,"Since it's not working, I'm going to give you a credit.",neutral
10897,8,So I don't have to pay anything?,neutral
10897,9,You won't pay anything until your cable starts working again.,neutral
10897,10,"Okay, thank you very much for your help.",joy
10897,11,No problem. Thank you for being so understanding.,joy
10905,0,Dutton Hotels. How may I help you today?,neutral
10905,1,I wanted to check rates and availability for your San Francisco location.,neutral
10905,2,"Certainly, I can help you with that. Will that be the downtown or waterfront location?",neutral
10905,3,The waterfront location.,neutral
10905,4,What date do you plan to check in?,neutral
10905,5,I'd like to check in on October 12th and check out the 15th.,neutral
10905,6,"Okay, let me see what we have. For how many?",neutral
10905,7,"One. And, if possible, I'm looking for a non-smoking room.",neutral
10905,8,"Sure, we have a non-smoking queen with an ocean view for $ 189 or a standard room with a courtyard view for $ 139 a night.",neutral
10905,9,I'd like to book the standard room.,neutral
10905,10,"Okay, your last name?",neutral
10905,11,Rama.,neutral
10905,12,"And, your first name?",neutral
10905,13,Jeff.,neutral
10905,14,"Okay, I have you booked in a standard non-smoking queen, checking in on October 12th and departing the 15th. What major credit card would you like to use to guarantee the reservation?",neutral
10905,15,A Visa.,neutral
10905,16,The number and expiration?,neutral
10905,17,It's 7388-2424- 3535-1818 and the expiration is 05/08.,neutral
10905,18,Your confirmation number is PD672. Is there anything else I help you with?,neutral
10905,19,"No, that's all. Thanks.",joy
10905,20,Have a nice day and thanks you for calling Dutton Hotels.,joy
10907,0,Are you ready?,neutral
10907,1,Ready for what?,neutral
10907,2,Ready for the big switch.,neutral
10907,3,What are you talking about?,neutral
10907,4,The nation is switching to digital TV.,neutral
10907,5,Oh. Of course I'm ready.,neutral
10907,6,Did you buy the converter?,neutral
10907,7,"No, I don't need a converter because I bought a digital TV.",neutral
10907,8,How much was that?,neutral
10907,9,It was only about $ 120 for a 13 - inch screen.,neutral
10907,10,Does it pick up any digital channels?,neutral
10907,11,"Oh, yes. I get six Korean channels but nothing in English!",anger
10922,0,Do you have any other questions?,neutral
10922,1,I want to know about fees.,neutral
10922,2,Which fees?,neutral
10922,3,Overdraft fees.,neutral
10922,4,You will be required to pay a small fee for every time you overdraft.,neutral
10922,5,How much is the fee?,neutral
10922,6,You'll have to pay $ 25 every time you overdraft.,neutral
10922,7,That ’ s a small fee?,neutral
10922,8,It should stop you from overdrafting.,neutral
10922,9,"You would think it would, but it most likely won ’ t.",neutral
10922,10,Can I help you with anything else?,neutral
10922,11,That ’ s it for today. Thank you.,neutral
10926,0,Can I help you?,neutral
10926,1,Yes. When is the next train to New York City?,neutral
10926,2,"Let me see... the train to New York City... here it is... daily except Sunday at 10,30, 12,20 and 15,10.",neutral
10926,3,Aren't there any trains before 10:30?,neutral
10926,4,"Sorry, not before 10:30.",neutral
10926,5,Then one to New York at 10:30.,neutral
10926,6,One way or round trip?,neutral
10926,7,One way.,neutral
10926,8,A soft seat or hard one?,neutral
10926,9,How much is a soft?,neutral
10926,10,"$ 15.And for a hard one, only $ 6.",neutral
10926,11,"Then one hard seat, please.",neutral
10926,12,OK.Here is your change.The train leaves on platform 8.,neutral
10929,0,Here is your room. I hope you like it.,neutral
10929,1,Looks not bad.,neutral
10929,2,The room is away from traffic noise.,neutral
10929,3,"Yes, It's pleasantly quiet here.",neutral
10929,4,Here's the bath.,neutral
10929,5,Where can we have our laundry done?,neutral
10929,6,There's a bag in the bathroom. Just put your laundry in it.,neutral
10929,7,Does the hotel run its own laundry service?,neutral
10929,8,"We do, as most hotels do.",neutral
10929,9,I see. Is the telephone on the table good for outside calls?,neutral
10929,10,There is house phone only.But you can ask the operator for city calls.,neutral
10929,11,Can I get a city map at the hotel?,neutral
10929,12,Yes. Shall I get one for you? Just push the button over there if you need anything.,neutral
10930,0,Shogun Restaurant of Pasadena.,neutral
10930,1,"Hi, could you help me? I need to make a dinner reservation.",neutral
10930,2,I can help you if you can just tell me what evening you like the reservation for.,neutral
10930,3,Tuesday night is when we need the reservation for.,neutral
10930,4,What time do you think that you would like to have dinner?,neutral
10930,5,7,neutral
10930,6,How many diners will be in your group?,neutral
10930,7,We need a reservation for four.,neutral
10930,8,I have a table for four available at 7,neutral
10930,9,My last name is Foster. Thank you for the reservation.,neutral
10930,10,"Mr. Foster, we will be expecting you this Tuesday at 7",neutral
10930,11,We will be there! Thanks for the help!,neutral
10948,0,What can I do for you today?,neutral
10948,1,Can I sign up for some classes today?,neutral
10948,2,Which classes?,neutral
10948,3,I would like to take a driver's course.,neutral
10948,4,Would you like to make an appointment?,neutral
10948,5,Why do I need an appointment?,neutral
10948,6,You need to sign the paperwork.,neutral
10948,7,Can I do that right now?,neutral
10948,8,When can you come in?,neutral
10948,9,How about 9 o'clock tomorrow morning?,neutral
10948,10,I'll schedule you for then.,neutral
10948,11,Thanks for all your help.,joy
10949,0,The tea smells good. What tea is it?,joy
10949,1,It's a special green tea named Longing Tea from Zhejiang province.,neutral
10949,2,What's special about it except its pleasant smell?,neutral
10949,3,You can see that it keeps the original color of the tea leaves very well.,neutral
10949,4,They must have some special methods to do this during the process.,neutral
10949,5,Probably. I love green tea. It's one of my daily necessities.,neutral
10949,6,"Then, do you have “ tea time ” every day? I mean, do you drink tea at a settled time?",neutral
10949,7,Not really. But I really love to have after-meal tea.,neutral
10949,8,What's the advantage about tea?,neutral
10949,9,"There are a lot of them. In hot or warm days, tea helps to dispel the heat and brings on an instant cool with a feeling of relaxation. Moreover, the tea leaves contain a number of chemicals which are good for people's health.",neutral
10949,10,Does that mean the stronger the better?,neutral
10949,11,No. Constant drinking of over-strong tea would do harm to people's health. So don't make your tea too strong.,neutral
10949,12,Got it. What's the proper time for tea?,neutral
10949,13,It's fine for most time of the day. But don't have tea before bedtime.,neutral
10949,14,Why?,neutral
10949,15,"It will give rise to occasional insomnia. OK, let's enjoy the tea before it gets cold.",joy
10970,0,I have a question about my cable.,neutral
10970,1,What do you need?,neutral
10970,2,I haven't been able to watch my cable for the past week.,neutral
10970,3,Right now the cable isn't working.,neutral
10970,4,Could you tell me when it will be back on?,neutral
10970,5,The cable should be running again in a couple of days.,neutral
10970,6,"In the meantime, do I still have to pay for the cable?",neutral
10970,7,We'll just give you a credit for the inconvenience.,neutral
10970,8,Does that mean I won't have to pay for it?,neutral
10970,9,It'll be free until it comes back on.,neutral
10970,10,"Thanks, I appreciate your help.",joy
10970,11,Thank you for all your patience.,joy
11007,0,"I'd like to speak with the apartment manager, please.",neutral
11007,1,This is he. What can I do for you?,neutral
11007,2,I'm interested in the apartment on Main Street.,neutral
11007,3,It's still available. Do you want to see it?,neutral
11007,4,"Yes, I would very much like to see it.",neutral
11007,5,Does today at 6 p. m. sound okay to you?,neutral
11007,6,I have no problem with 6 p. m.,neutral
11007,7,"Okay, I'll see you at 6 o'clock. Do you need any directions?",neutral
11007,8,"No, thanks. I already drove by to see what the neighborhood looks like.",joy
11007,9,I'll have an application form with me. You can fill it out if you're interested.,neutral
11007,10,Should I bring anything with me?,neutral
11007,11,No. I only need to check your driver's license.,neutral
11014,0,Where is that?,neutral
11014,1,"Take me to the airport, please.",neutral
11014,2,Are you in a hurry?,neutral
11014,3,I have to be there before 1700.,neutral
11014,4,We'll make it except a jam.You know it's rush hour.,neutral
11014,5,There's an extra ten in it for you if you can get me there on time.,neutral
11014,6,I'll do my best.,neutral
11014,7,Here's twenty dollars.,neutral
11014,8,Do you have small bills?,neutral
11014,9,"No.If you can't break it, keep the change.But can you give me a receipt?",neutral
11014,10,Here is your receipt.Thank you.,joy
11021,0,Can you pick up some things from the store for me?,neutral
11021,1,"Of course, what do you need?",neutral
11021,2,"I need a few things, I'll give you the list.",neutral
11021,3,Is there something else you need that you can think of?,neutral
11021,4,Everything I need is on the list.,neutral
11021,5,Do you want me to make any other stops while I'm out?,neutral
11021,6,"Since you asked, would you pick up my medicine from the pharmacy?",neutral
11021,7,Is it ready to be picked up?,neutral
11021,8,I believe so.,neutral
11021,9,No problem. I'll do that for you.,joy
11021,10,I really appreciate you doing this for me.,joy
11021,11,It's no problem at all.,joy
11054,0,I ’ m interested in teaching at your school.,neutral
11054,1,Great. Are you a qualified teacher?,neutral
11054,2,Yes.,neutral
11054,3,What kind of teaching certificate do you have?,neutral
11054,4,I have a TEFL certificate.,neutral
11054,5,How many years of experience do you have?,neutral
11054,6,I have three years of teaching ESL and four years of teaching per-school children.,neutral
11054,7,When did you get your TEFL certificate?,neutral
11054,8,I got my TEFL certificate three years ago.,neutral
11054,9,Why do you want to teach at our school?,neutral
11054,10,"Well, I ’ Ve heard many good things about it. I also like teaching young children.",neutral
11054,11,That ’ s great. Can you speak Chinese?,neutral
11054,12,"Yes, just a little.",neutral
11054,13,Can you come in for an interview tomorrow at 10?,neutral
11054,14,I sure can.,neutral
11054,15,Great. See you then.,joy
11057,0,Can you believe that Obama was actually elected?,surprise
11057,1,"I can believe it, and I am very excited about it.",surprise
11057,2,I hope you voted for him.,neutral
11057,3,Of course I did. Didn ’ t you?,neutral
11057,4,Of course!,neutral
11057,5,I have total faith in Obama as our President.,neutral
11057,6,You do?,neutral
11057,7,Yeah. I have faith that he will help America turn over a new leaf.,neutral
11057,8,Our country really could use some work.,neutral
11057,9,I believe that change has already begun.,neutral
11057,10,I couldn ’ t agree more.,neutral
11057,11,I no longer need to worry about what will happen with this country.,neutral
11060,0,Did you need help with something?,neutral
11060,1,I don ’ t know where to get my ballot.,neutral
11060,2,I can help you with that.,neutral
11060,3,How can you help me?,neutral
11060,4,I work here.,neutral
11060,5,That ’ s great.,joy
11060,6,May I see your ID?,neutral
11060,7,Here it is.,neutral
11060,8,"All right, here is your ballot card.",neutral
11060,9,What do I do now?,neutral
11060,10,Go to a voting booth and vote.,neutral
11060,11,All right. Thanks for your help.,joy
11077,0,What is this? I didn't order that.,neutral
11077,1,I ’ m terribly sorry. May I have your order again? I'll get it right away.,sadness
11077,2,I've ordered savory pork and coleslaw.,neutral
11077,3,I'm sorry. I must have made a mistake. I'll bring them for you at once.,sadness
11077,4,Hey! What is this?,neutral
11077,5,"Pardon me, Miss. But didn't you order chicken soup?",neutral
11077,6,"Oh, Is that what this is?",neutral
11077,7,"I believe so. But if it really bothers you, I'll replace it for you.",neutral
11077,8,"No, don't replace it. Give a refund.",neutral
11077,9,Sorry. I'm afraid we can't. But you may order something else instead.,sadness
11077,10,"Oh, really? Give me a clam soup.",surprise
11077,11,"Okay, Miss.",neutral
11077,12,Thank you.,joy
11077,13,I hope you enjoy your dinner.,joy
11078,0,How are you doing today?,neutral
11078,1,I ’ m fine.,neutral
11078,2,What can I do for you?,neutral
11078,3,I would like to cancel a check.,neutral
11078,4,Is there a problem?,neutral
11078,5,I wrote the check out for too much.,neutral
11078,6,How much did you write it out for?,neutral
11078,7,I wrote it out for $ 150.,neutral
11078,8,How much was it supposed to be?,neutral
11078,9,It was supposed to be for $ 100.,neutral
11078,10,I ’ ll cancel that check for you.,neutral
11078,11,I really appreciate your help.,joy
11083,0,how can I help you?,neutral
11083,1,I'd like to buy some perform for my girlfriend.,neutral
11083,2,do you know what kind of scent she usually wears?,neutral
11083,3,she usually doesn't wear anything but a few drops of Chanel No. 5. But I'd like to buy her a new Fragrance.,neutral
11083,4,"ok, here are some of our most popular perfumes.",neutral
11083,5,which one would you recommend?,neutral
11083,6,"personally, I quite like the new perfume by Clinique. It's a subtle flowery scent. What do you think?",neutral
11083,7,"that smells great. I'll take one bottle, please.",joy
11083,8,would you like to buy any other cosmetics for your girlfriend? We have a full range of products from cosmetics to skin cleansers and moisturizers.,neutral
11083,9,"it's ok. She normally just wears a little foundation and some loose powder, and I wouldn't know what shade to buy.",neutral
11083,10,how about some lipstick? Every woman needs a nice tube of red lipstick.,neutral
11083,11,she doesn't usually wear lipstick. She thinks it makes her nose look too big.,neutral
11083,12,how about some mascara? That will make her eyes look bigger.,neutral
11083,13,no thank you. She has big enough eyes as it is.,neutral
11083,14,I know what she would like---some whitening cream.,neutral
11083,15,"no thanks. Western women usually try to make their skin darker, no lighter.",neutral
11083,16,will that be all then?,neutral
11083,17,"that will be all. You're been very helpful, thanks.",joy
11099,0,Are you aware of the reason why I pulled you over?,neutral
11099,1,"No, sir.",neutral
11099,2,I pulled you over because your brake light is out.,neutral
11099,3,I'm sorry. I did not know that.,neutral
11099,4,I have to write you a ticket.,neutral
11099,5,Can't you give me a warning?,neutral
11099,6,I'm not going to be able to do that.,neutral
11099,7,How much will the fine be?,neutral
11099,8,You'll find that out on your court date.,neutral
11099,9,I have to go to court over a brake light?,surprise
11099,10,That's how it works.,neutral
11099,11,"Can I have the ticket, please?",sadness
11111,0,Could you do me a favor?,neutral
11111,1,Sure. What is it?,joy
11111,2,Could you run over to the store? We need a few things.,neutral
11111,3,All right. What do you want me to get?,neutral
11111,4,"Well, could you pick up some sugar?",neutral
11111,5,Okay. How much?,neutral
11111,6,A small bag. I guess we also need a few oranges.,neutral
11111,7,How many?,neutral
11111,8,"Oh, let's see... About six.",neutral
11111,9,Anything else?,neutral
11111,10,Yes. We're out of milk.,neutral
11111,11,Okay. How much do you want me to get? A gallon?,neutral
11111,12,No. I think a half gallon will be enough.,neutral
11111,13,Is that all?,neutral
11111,14,I think so. Have you got all that?,neutral
11111,15,"Yes. That's small bag of sugar, four oranges, and a half gallon of milk.",neutral
11111,16,Do you have enough money?,neutral
11111,17,I think so.,neutral
11111,18,Thanks very much. I appreciate it.,joy
