dialogue_id,target_emotion,target_utterance
1,neutral,"It's easy. If you do exercise everyday, you can make it, too."
2,neutral,"That's true, but then you have to buy a record player."
4,neutral,"All right, see you later."
5,joy,A Capricorn is serious-minded and practical. She likes to do things in conventional ways. That sounds just like you!
8,joy,That sounds like a good idea. I'll have to try that.
9,neutral,"And if we don't need them, we won't need Zina, either."
11,neutral,You look like a cooking show host--only messier.
12,joy,The counselors were so nice too. It was the best summer ever. Except for all those mosquitoes!
13,joy,That ’ s all right. Thank you all the same.
15,surprise,That is truly amazing!
16,neutral,"Okay, I'll sign you up."
17,neutral,OK. Dad! I'm coming.
18,neutral,No wonder you say English is a crazy language.
19,joy,Thank you for you help.
20,joy,"Yeah, it reminds you why they say baseball is America ’ s favorite pastime."
21,joy,Perfect. It really hits the spot.
22,neutral,"Sorry, I don't smoke."
23,joy,Thank you for your kindly words.
24,joy,All right. Say cheese!
25,neutral,"I believe such things won ’ t be realized, just daydreaming."
27,neutral,Of course I know that. But don't you notice that the house price is skyrocketing?
29,neutral,So are you! How about another coffee?
30,neutral,Because I like the feeling of cooperating with others.
31,surprise,I just cann't believe my ears!
32,joy,Thank you for you help.
33,neutral,Sure. Any time.
34,neutral,That ’ s your opinion not mine.
35,joy,"OK, Mum. I'll invite my friends home."
36,neutral,I won ’ t damage it.
37,neutral,Totally not. Perhaps it's about our marriage.
38,neutral,Thank you. I suppose I should go to see a doctor.
39,joy,excellent! That sounds like a plan.
40,neutral,Yes. I will.
41,neutral,"that ’ s pretty much how you feel about your step-mother. Like grandmother, like grandson."
44,joy,Thank you. I will.
45,neutral,"Oh, that is a shame. He is really hard working."
46,neutral,sounds good! Let's go!
47,neutral,His nose is out of joint because we forgot to invite him to the party.
48,neutral,"Hey, I am a pretty cool guy. I will make friends, and I'll have a lot of extracurricular activities too. You know, like fencing, or theater or something."
49,neutral,"Oh, I'm afraid all the flowers will die in the rain."
50,neutral,I know. Three dollars for milk.
51,joy,You're right. He sure is.
52,neutral,Here we are. You find us a table and I'll get the drinks.
53,neutral,"On the contrary, very exciting."
54,neutral,He ’ ll finish writing in a minute.
55,neutral,Maybe I should just get a tongue piercing!
56,neutral,"Yes, 50 Yuan per month."
57,neutral,It can ’ t be helped.
58,joy,Of course it does. Everybody has his own hobby.
59,neutral,"Don't worry, you'll find a way."
61,disgust,I don ’ t want to post my personal information on the internet. I ’ m not knowing who is reading it.
62,joy,"Yeah, I will be there."
63,neutral,Thanks for stopping by!
65,neutral,Don't ask me. I don't wanna be involved in your quarrel.
66,neutral,"You're right, Sarah. I was a fool. I can't believe it. How could I fall for such a trick?"
68,neutral,"Yeah, I know. A friend in need is a friend indeed. I don't need fair-weather friends either."
69,neutral,"Dude, don ’ t equivocate. A theory only becomes a theory after withstanding rigorous testing. You slept through class, didn ’ t you?"
70,neutral,"Yes, so I want to learn French to develop my career."
71,neutral,Maybe. I'll have to ask my mother.
72,anger,Fine! I want a divorce!
74,surprise,All-right guy? All right. Let's talk about something else instead.
75,disgust,I think so. Maybe that ’ s why it ’ s cheap here.
76,neutral,"Don ’ t worry, I can handle that. And I know if the boss is there, even it is an informal evening, it does not make a good impression to get totally drunk in front of him."
77,neutral,I hope not. Then we'd have to reschedule our baseball game.
78,neutral,"Well, he has already taken you know, that's his wife right there."
79,neutral,Forgive me darling. I'm very tired.
80,neutral,Sort of. I played golf on my computer!
81,neutral,If only I could join it!
82,neutral,"Oh, well, I looked around. There wasn't any other space. I waited a while and nobody came. I'm sorry if I've taken your place."
83,neutral,"It ’ s almost impossible to get the right balance. If you are too strict, kids might ignore you. If you are too lenient, they might go wild."
84,joy,You'd like it.
85,joy,"Yeah, it sure would."
86,neutral,I ’ m awfully sorry to hear that. I ’ ll turn to it right away.
87,surprise,What?! You did that??!!!
88,neutral,I've been snowed under with since my bosses away on business.
89,neutral,"That's right, I have to work hard."
92,neutral,"No, a lot of women stay home and take care of their families. But some work."
93,neutral,She is a young man!
95,neutral,"Yeah, China's developing so fast and development opportunities can be found almost in every corner of the country."
96,neutral,I hope I can practice self-control again.
97,joy,"Yes. I have. I liked it very much. Like you, I was very impressed with Rachel ’ s performance in the movie. She ’ s going to be a star."
99,neutral,Hold on. We will be successful right away.
100,surprise,What? You call that a stir fry? More meat than vegetables? That ’ s the worst insult you could throw at a Chinese stir fry. What a disgrace to the wok she fried it in! What you had is equivalent to a fajita without the wrap!
101,neutral,I Believe I will. Look for me near the lake.
102,joy,I ’ m so happy to hear that! I knew we belong together. I love you so much.
103,neutral,So what's the problem?
104,joy,that's what friends are for.
105,neutral,"Take it easy, all sufferings have their reward."
106,joy,"That's a good idea. Let's see if we can get more people in this plan. There isn't much business these days anyway, so I think many people will be interested."
107,neutral,"If you ask me, it's a walking invitation!"
110,joy,"OK, Mum. I'll invite my friends home."
111,joy,No.thanks. I'm full.
112,joy,That's OK with me.
113,neutral,"Oh, no. I couldn ’ t possibly."
114,neutral,I'll be there on time.
115,joy,Let's go and try now!
116,joy,OK. I'll see you then.
117,neutral,Run! They are thirsty for more!
118,joy,"That's exactly what I want, thank you."
119,neutral,I guess so.
120,neutral,Let the universe find us instead of forcing love. We prefer natural love. The most important thing is to be happy. Love will find us later. That is what we say.
121,neutral,"It was nice to see you, too.And please give my regards to Mrs.Robbins."
122,neutral,I'm afraid so.
123,neutral,You are bragging again.
124,neutral,"Ah, it ’ s hard to say."
125,neutral,"well, we'll be careful. Thanks for letting me know."
126,neutral,He's a chicken guy.
127,neutral,"She is as meek as a lamb. She never goes against anyone or anything. She's as good as gold, you know?"
128,surprise,I just cann't believe my ears!
129,neutral,Thanks. I ’ ll be sitting over there.
130,joy,Thank you very much.
131,neutral,Yes. Don ’ t you think he should be pitied rather than accused?
132,joy,"I forgot what I put up with. In that case, I do deserve these flowers."
133,joy,"Sure. Once you get the hang of it, it ’ s a piece of cake! It ’ s nothing to worry about."
134,neutral,"I can try, but knowing Margaret she will see through that immediately."
136,neutral,That's true. And sometimes the tickets are cheaper during the week as well.
137,neutral,My car run out of petrol.
138,neutral,"No, Jess, chill out!"
139,neutral,"They ’ re fine, but I can ’ t watch a movie without popcorn."
140,neutral,I only buy them if they look particularly interesting. I don ’ t buy any regularly.
141,joy,Good. I'm starving.
143,joy,great. I ’ m looking forward to it.
144,neutral,Frightened? You must be joking.
145,neutral,"Both, but the rules of playing cards vary in different places."
146,joy,I can ’ t wait to go there myself.
147,neutral,Maybe you're right. I have been too lazy lately.
148,neutral,But he was trying to beat about the bush. And my talk with him was fruitless.
149,neutral,It'll begin at nine o'clock sharp.
150,neutral,I would if I were you.
151,neutral,"Last year he helped me out of trouble, too."
152,joy,Don't tell me you have a record player!
153,joy,"Yeah! Where there is a will, there is a way."
154,neutral,You ’ re right.
155,joy,"Thanks. I'm glad you say so. Oh, the music has stopped."
156,neutral,Sometimes it's difficult. Some words look different from the way one pronounces them.
157,neutral,Alright. And I won't go to that cafe for awhile.
158,joy,You can ask me any question at any time.
159,neutral,"Ok, sounds good. But I think it's your trick."
160,neutral,"Thanks to global warming, it could be hotter than ever!"
161,neutral,But I think time can change everything.
162,neutral,"Terrific! B. A., again and again-B. A."
163,joy,This is going to be a major production for you!
164,neutral,No wonder you say English is a crazy language.
165,disgust,Do you think so? I don't like it very much. I found it rather uncomfortable.
166,neutral,"Dude, don ’ t equivocate. A theory only becomes a theory after withstanding rigorous testing. You slept through class, didn ’ t you?"
167,neutral,"Well, let's go and have something to drink instead. I know a good place. It's a little expensive, but it's fun."
168,neutral,I just watched the investment TV program last weekend. It has become a very hot topic these days. Actually I am not even a beginner.
169,neutral,That's out of the question.
170,neutral,"Mm. I've seen him a couple of times, I think."
171,neutral,It's in the South of China.
172,neutral,See you later.
173,neutral,"Well, there is that, yes."
174,neutral,I know one. Let's go.
176,neutral,"Well, it's snowing. Let's enjoy the plum blossoms when snowing."
177,neutral,That's fine. let's go skating together tomorrow.
178,neutral,That ’ s true. There ’ s clear evidence that people who listen to lively music are lively people. Music can influence a person ’ s feeling and character.
179,neutral,Let's try it!
180,surprise,"Oh! You mean she doesn ’ t have to work now? It ’ s hard for young parents not to overreact, isn ’ t it?"
181,neutral,Maybe you can correct it by going to a driving range before you play again.
182,joy,I can't believe they would play so good.
183,joy,That sounds fine.
184,neutral,"Well, their team work is well worth learning."
185,neutral,Do you want me to put in a good word for you?
186,neutral,I was very sad when I was laid off last year.
187,neutral,"Yeah, I know. You are right."
188,neutral,"Cut out, would you?"
189,neutral,It's just around the corner.
190,neutral,He's working too hard.
191,neutral,"We gather together to encourage each other, because we have common beliefs. We come together and call it church."
192,neutral,That's okay. Better late than never.
193,neutral,"Don ’ t be moody! I hope you ’ re not tired, because we ’ Ve been invited to a party this evening. I know how excited you get about parties."
194,joy,"Fine, see you then."
195,joy,"This is interesting, Ms.Parker."
196,neutral,"I don't think that Myra should have spoken so rudely to the teacher. I know she was angry, but that's still no excuse for rudeness."
197,neutral,I am really not sure.
198,disgust,So they create viruses to tell people they are smart? That's really sick.
199,neutral,Think a little. I think he means well at the bottom of his heart.
200,neutral,"His life is hanging by a thread, and he is under an emergency treatment."
201,joy,"Yes, it ’ s exciting. This month we are doing crossword puzzles."
202,neutral,Yes. Mostly to England and France.
203,joy,Thank you for coming. I'm glad you liked it.
204,neutral,She's at home.
205,neutral,"OK, I understand, but what else could we do?"
208,neutral,"And the most active older people seem to enjoy some kind of physical exercise. My father is over 60 years old, and he lifts weights every day."
209,joy,Let's hope it is!
210,neutral,"You're embarrassed, aren't you? You gotta loosen up in Little Italy. The lady at the cafe will kiss you when you meet her..."
211,neutral,"Yes, I joined the CPC when I was a freshman"
212,joy,Let ’ s go for a joy ride.
213,neutral,I have confidence in them.
214,neutral,I'll dig out the Frisbee and my kite from Taiwan.
216,neutral,"Great, then let's go visit him. I want to give him some flowers, too, to say sorry."
217,joy,"Ha, yes, brilliant!"
219,neutral,I don't know. Maybe it ’ s some kind of personal problem.
220,neutral,"You're right. If I were the teacher, I wouldn't have done that."
221,joy,"Well, I don ’ t mean to boast but all the designs are done by myself and some colleagues are already trying to copy some of them for their new apartments. Look, they are making photos now of my designed kitchen."
224,neutral,I think you're right. There needs to be an international response to this problem?
226,joy,You ’ re right.
228,joy,I'm sure he'll love the idea. Just throw yourself into it and you'll enjoy it!
229,neutral,"About 40 percent, if he speaks slowly.When he speaks fast, I can only catch a word here and there. But Mr. Wang is an excellent Chinese teacher.With his help, my Chinese is getting better and better e"
230,neutral,it sounds like you've learned something useful this year!
231,neutral,Let me know with your next dance. I know a band that may give you a break for the publicity.
232,joy,"Sure, let's go to Malibu."
233,neutral,I think I ’ d like to do that. I could take the things I learn here back to my country when I have finished my studies.
234,neutral,Then I came back here. I worked for about three years to get some experience.
235,neutral,"I agree. That ’ s why Christopher is already looking for a job in Maine, or Wisconsin."
236,joy,That ’ s fantastic. Thank you.
237,joy,Here you are.
238,joy,"Sure, I'd love to."
239,neutral,"Well, let's go and have something to drink instead. I know a good place. It's a little expensive, but it's fun."
240,joy,I'm sure you'll have a good time.
242,neutral,"soup always makes me feel better when I'm sick. I hope it makes you feel better, too."
243,joy,Thanks for reminding me. She's the right person to help me.
244,neutral,I remember someone spiked my punch. You sat with me in the girl's bathroom...
246,joy,"Oh, don't mention it."
247,joy,"Sure, a promise is a promise."
248,neutral,"Oh, cheer up. He ’ ll understand you."
249,neutral,"He's outgoing and honest, but sometimes he's a bit conservative."
250,neutral,Don't bother. those are a dime a dozen where we are going.
251,joy,"Oh, Jack! That's wonderful!"
252,neutral,"We can live well, I think."
253,neutral,She'll be fine.
256,neutral,Maybe I should go and ask him whether it's true.
257,joy,It's nice of you to say so.
258,neutral,"I ’ Ve been to other Scandinavian countries, but not to Norway. Perhaps I should go and do some winter sports there."
259,neutral,"Well, I am gaining weight these days, and I have to watch my calories."
260,joy,"Typical you, always wanting to keep the best things for yourself. The more I appreciate the gift now."
261,neutral,Right. The climbing property prices has become a headache for Chinese residents.
262,neutral,Come on! They only do that to get even more publicity for their films and themselves 。
263,joy,"Just as usual, you know."
264,neutral,"Yeah, I ’ ll try to do the same. So, I was wondering you wanna go out to dinner Friday night?"
265,neutral,I see.so this is your hometown?
267,joy,That's great. Let's go skating together tomorrow.
268,joy,Have a nice journey! Do give my regards to your parents.
269,neutral,"Mine aren't fixed. Sometimes I do the day shift, sometimes the night shift."
270,joy,"Well, that sounds like it would be OK. Just be careful."
271,neutral,I got $ 500 a week.
272,neutral,"Yeah, I got home around two."
273,neutral,Sounds cool! But that is not what a lady should do. People are easy to lose head in a night club and being drunk.
274,neutral,"No, I don ’ t really like it. It ’ s boring."
276,neutral,"No, she didn't. After half an hour she stopped watching and started to read a book."
278,joy,"Great! Wait here? You don ’ t have enough room for the amplifiers, microphones or even your drums! By the way where do you keep them or practice?"
279,joy,Ok. See you tomorrow.
280,neutral,"I didn ’ t say that either. I was hoping we could discuss the matter together. I want your advice but I don ’ t want you to tell me what to do. I ’ Ve got to make decisions for myself, dad."
281,joy,"Maybe not, thank you all the same then."
282,neutral,Fair enough.Keep up the good work.
283,joy,Where is our camera? Let's see if we can catch this on film!
285,anger,"Oh, you men! You're all the same."
286,neutral,"Yes, Doctor William said that he could come back to work ASAP."
288,neutral,I know. She won't change my grade.
289,neutral,"Certainly. Ok, got you."
290,neutral,It certainly does. But if you practice speaking every spare minute and learn useful sentences every day you can make big progress.
291,neutral,"After a while, crocodile."
292,neutral,I think you ’ re right. There needs to be an international response to this problem.
293,neutral,I see. I have run as fast as I can.
294,joy,"That's ok, keep going, you ’ re moving ahead by leaps and bounds. Watch your dynamics! Keep your elbows lifted. Remember to stroke the keys, don ’ t pound. That ’ s better! Remember that as a pianist or any"
295,neutral,Yes. There's only a few seconds in a whole month.
296,joy,"Thank you so much, Lisa!"
297,joy,"Congratulations, I hope everything works out."
298,neutral,"Well, I thought he was, but he ends up to be a con man."
299,neutral,I had a few coffees while I was waiting. Let's get out of here!
300,joy,"I appreciate that, thank you."
301,joy,Merry Christmas to you!
304,neutral,You said it.
305,neutral,"I don't think I'll have any trouble with getting old. But perhaps you can keep the article for a while, I may read it later."
306,neutral,These guys are professional. I think they can have it done tomorrow. Let's ask.
307,neutral,Not particularly. I like a girl to be good.
308,joy,I will! I could use some good luck!
309,neutral,"Enough! If we don't finish the game, there won't be time for any movies tonight!"
310,neutral,We'll meet again in a few days.
311,neutral,Then you will be in line for a doom.
313,joy,I ’ m sure I ’ ll like it here.
314,neutral,"Now you don't have the butterflies in your stomach, do you?"
315,neutral,Their interest rates are usually quite high. It ’ s a good idea to pay off your credit card debts before they attract interest.
316,joy,You ’ re right. I would have to travel to the city at least once a week to go shopping and see friends. I would hate living in the country!
318,surprise,Really? He looks so young.
319,joy,The situation differs in person.
320,neutral,Take it easy. I have to cut my losses.
321,anger,it sounds like any job will be better than the one you have now!
322,joy,"And I was overwhelmed by this scene, too."
323,neutral,"How do you spell it, sir?"
324,neutral,"Hurry up, little boy."
325,joy,"sure. Good luck, Maria!"
326,neutral,Yes. I went to Tinge Sport Centre for football match last Sunday.
327,neutral,I've got a date.
328,neutral,"Maybe you have two choices. You could attend school during the day, or you could get a position that provides training."
329,neutral,"And the most active older people seem to enjoy some kind of physical exercise. My father is over 60 years old, and he lifts weights every day."
330,neutral,"Dear, forgive me. I won ’ t do that again."
331,joy,"Well, have a great time!"
332,neutral,"Look, is that Tom?"
333,neutral,"Well, that's life."
334,neutral,Yeah. To win is the most important thing.
335,neutral,"It's true, sir."
336,neutral,It's OK. Thank you.
337,joy,Good idea. Thanks a billion.
339,neutral,"Terrific! B. A., again and again-B. A."
340,neutral,He's diving for the gold.
341,neutral,I ’ ll just have to put up with it.
342,neutral,I agree. Both Joe and Mark are men of guts.
343,joy,"OK, I'll meet you there."
344,joy,"Fine, thanks. How about you?"
345,joy,"Come on, don ’ t flatter me anymore. I took the job because I love being challenged. But I can ’ t get this turned around without the support from you people."
346,joy,You too.Thanks for dropping in.
347,neutral,That ’ s stupid.
348,neutral,I was in New York for a wedding.
349,neutral,"The ending is a bit weak. It's so abrupt, like those of most other detective stories."
350,neutral,You ’ ll exert all your energy and get out of it.
351,neutral,"Yes, I guess I should try to use it."
352,joy,That sounds fine. I'll be there around seven.
353,joy,It's a pleasure. Come on. I'm on your side.
354,joy,"Thank you, I will. Hope to see you again next year."
356,joy,Okay. Thanks for your help.
357,neutral,"Yes, Jane says they will go to China."
358,neutral,"All is best now, isn ’ t it?"
359,neutral,Don't you see I'm trying my best?
360,anger,"Oh, so it was my fault, was it? If I hadn't warned you in time it would have been much worse."
361,neutral,"Well, I guess no one can help me but myself. For the moment, I just need someone to talk to, so that I can relieve my stress."
362,neutral,"All right, It's a date."
364,neutral,"It ’ s almost impossible to get the right balance. If you are too strict, kids might ignore you. If you are too lenient, they might go wild."
365,joy,"No problem, man."
366,joy,Any time. I'm just glad I could help.
367,neutral,I think so. Because I've taken one to improve my oral English during summer vacation.
368,neutral,I don't know when I can come. I'll let you know later.
369,neutral,"Yes, maybe I should have another try."
370,neutral,I don't know. My wife used to speak French. I must tell her to brush it up.
371,joy,"That's great. Well, we'd better get back to our seats. It's about to start."
372,joy,That ’ s it. Thank you.
373,neutral,Some of the scenes moved me into tears.
374,neutral,Loan me that tape recorder you have. And don't say anything to anyone until I come back.
376,disgust,But he is always talking big.
377,joy,That's exactly the way I feel.
378,joy,Are you serious? That will be wonderful!
379,neutral,"I'm sorry, but you were the only one who had access to it."
380,neutral,I ’ m sure they will.
381,joy,I believe that you can make your dream come true.
382,neutral,"Yes, I think that is a danger, and I think that.. in fact is what mishappening to a lot of people who use it as their... their main... um field of amusement and... because they don't have other outside interests and even when people come round they'll leave the television and not be, you know, particularly interested in talking to them, you Know the television will be the main thing in the room."
384,neutral,Yeah. He has no one to count on.
385,neutral,I got it.
386,joy,See you later! Drive carefully.
387,neutral,"Well, take care of yourself, and don't say I didn't warn you."
388,neutral,"But when I noticed that he was left in the cold, I could not help wanting to help him to get out of the situation."
389,neutral,You must feel very uneasy at his home.
390,joy,I'm from Chicago.
392,neutral,I totally understand.
393,neutral,"Well, I will think it over."
394,joy,"Oh, thanks, professor Donald. This is really very nice of you."
395,neutral,Alright... I get your point.
396,joy,That's perfect. I will definitely do well.
397,joy,I'm honored to know you.
398,anger,"To a disco? Oh, no. You know I hate pop."
399,sadness,"Oh, I just can't forget it."
400,neutral,OK. Let's go
401,neutral,"Well, I know you are interested in architecture, so you should't miss the Temple of Heaven, and the Great wall is a must too."
402,joy,Thanks for the invitation. I will!
403,neutral,"Jogging, yoga, or even just taking a walk."
404,neutral,What a shame!
405,neutral,Whatever. I wish people would just leave me alone!
406,neutral,You're just jealous.
407,joy,It's nice to hear that anyway.
408,surprise,"It ’ s really unimaginable. The police officer screamed at the driver and used bad language, but the driver took it on the chin."
409,neutral,They usually do.
410,joy,Make it three cups. Here comes Harry.
411,neutral,"I don't think that Myra should have spoken so rudely to the teacher. I know she was angry, but that's still no excuse for rudeness."
412,surprise,Really? So your city does have some old history after all.
413,neutral,I laughed up my sleeves at him. He ’ s seen his girlfriend off at the airport and had lipstick on his face and did not know it.
415,neutral,"He is five years older than me, He got married last Sunday.My brother and my sister-in-law are the same age."
416,neutral,"You should always keep in mind, the more you practice, the better English you can speak."
417,neutral,Come on. It ’ s quite safe. You really have no guts.
418,neutral,"It is marvelous, and the price is marvelous, as well."
419,sadness,That ’ s weird.
420,neutral,No. What happened?
421,neutral,"Well, you can just comfort yourself like that."
423,joy,"Got it. Thank you, Shirley."
424,joy,"Thank you, I will. Hope to see you again next year."
425,joy,That will be great.
426,joy,"Well, whatever it does, I feel transformed!"
427,neutral,I ’ ll just have to wait for UCLA.
428,neutral,"Hey, I am a pretty cool guy. I will make friends, and I'll have a lot of extracurricular activities too. You know, like fencing, or theater or something."
429,neutral,The weather forecasters are not good at predicting the weather would be like.our weather is so changeable.
430,neutral,Birds of a feather flock together.
431,neutral,"Well, that ’ s life, isn ’ t it?"
432,neutral,"Yes, it ’ s a small world. We never know where we ’ ll meet someone we know."
434,neutral,I will. Thank you.
435,neutral,"Yeah, I'll call later to patch things up."
436,neutral,"Have a heart, honey. You know I am trying hard to quit drinking, don't you? Just give me one more chance, please!"
437,neutral,That's a very good lesson. We must familiarize ourselves with the exam from now on.
438,joy,"To be honest, in order for the earth to continue to be a habitable place, we're all going to have to become more interested in the environment."
440,joy,Well that's great! It's nice that we have something in common.
441,neutral,"It ’ s me, mum, I am sorry."
442,neutral,Did I mention she's good at cutting hair too?
443,joy,"Thanks, I will, byebye!"
444,neutral,Lin is a common Chinese last name.
445,joy,That ’ s a good way to think about it.
447,neutral,Ok. I ’ ll try my best to calm down first.
448,joy,You are welcome.
449,joy,Good. I know that you are capable of being an excellent student.
450,joy,"That ’ s great, because it uses natural materials rather than ones that scientists make themselves. I prefer natural remedies to man-made ones."
451,neutral,He said you obviously prefer Greek comedies to Greek tragedies.
452,disgust,I left after the opening dance. I couldn't wait to get out of there.
453,neutral,"If I were the man making the decisions, you could get in line tomorrow. I strongly support ordinary people going into space. Unfortunately, I don't think it will be in the near future."
454,neutral,"Oh, I watched it on television. It was an exciting match."
455,neutral,"Yes, I am a local resident."
456,neutral,And don ’ t ever forget it.
457,joy,Don't mention it. I'm always willing to help good students.
458,neutral,"Speaking of cold, how about going for a cup of coffee to warm up."
459,neutral,You are absolutely right. They are too brief. They don't tell you anything.
460,neutral,"Yeah, I will."
461,neutral,"You're right.Make - up can only disguise my age, but exercise may delay it."
463,neutral,A piece of cake. You'll be successful.
464,neutral,Well! I guess people don ’ t find him so peculiar anymore.
466,neutral,That's not a problem. We can have a company car take you there. It's only about a two hour drive.
467,joy,"You too, Peter. Give my regards to John. I'll see you in September."
468,neutral,They're still fighting hard.Let's wait and see.
469,neutral,"Yeah. Well, I'll see you this weekend."
470,joy,Wonderful. I ’ m so excited.
471,neutral,I bought an exercise dress yesterday and I found it was hard to dress it up.
472,neutral,Maybe you should let me know about your plan. I want to take my kids there some day. too.
473,joy,I can't believe this for it's been 20 years since we got married.
474,neutral,"I admire your energy, Ruth. You are young at heart."
476,neutral,Yeah. But I...
477,neutral,"I'll miss you too, my friends."
478,neutral,"No, I am from France."
479,neutral,"No, I hate swimming. I prefer playing tennis."
480,neutral,Unemployment in my country is a fraction of that.
481,joy,"I ’ m glad. We have only about twenty things here, and I ’ m in a hurry to get home."
482,neutral,If you say so!
483,joy,I am glad we've straightened everything out.
484,neutral,Mothers like that.
485,joy,I think I will. Thanks for the info.
486,neutral,"Believe me, he is the first-class."
487,joy,Sound like everything is great.
488,neutral,"Oh, I just can't forget it."
489,neutral,I can tell it from your build.
490,joy,Sure. Now you are talking.
491,neutral,I know that there is hot chocolate in the kitchen and some new Cds just waiting for us.
493,neutral,This is sure to be a worthwhile read.
495,neutral,Just did my best.
496,neutral,You ’ re welcome. Have a nice day.
497,neutral,I will think about it.
498,neutral,And he is English! He makes a model gentleman when he puts on a black suit and speaks with a typical British accent.
499,neutral,They're still fighting hard. Let's wait and see.
500,joy,"Yes, I'll be waiting for you in my home by 10:00."
501,neutral,You know our boss always trying to save the last penny. We have to use up the equipment first.
502,joy,It was really an exciting moment.
503,neutral,"That may be so, but reading them is an important way to expand your knowledge."
504,neutral,Ok. I will bring it with me.
505,joy,Que bien! Sentences poems habeas en espanol!
506,neutral,That ’ s ok. Don ’ t be sorry. We ’ ll talk later.
507,neutral,"The area can be a bit rough in the evenings, but the neighbors watch out for each other, so it ’ s ok."
508,neutral,She might do well. Everyone seems to like her.
509,neutral,Then I'll phone our family physician and make an appointment for you.
510,joy,ok! I ’ ll bring one to you next time.
511,joy,"Oh, thank you.You are so sweet!"
512,neutral,I ’ d expected it to be much more exciting.
513,neutral,You are always so naughty.
514,joy,"Such an eye! The true hazel eye-and so brilliant! Regular features, open countenance, with a complexion, Oh! What a bloom of full health, and such a pretty height and size ; such a firm and upright figure! There is health, not merely in her bloom, but in her air, her head, her glance. One hears sometimes of a child being'the picture of health'; now, she always gives me the idea of being the complete picture of grown-up health. She is loveliness itself."
515,joy,Yes. I am very glad to have the chance.
516,neutral,I just want to get it over with.
517,neutral,"No, I ’ m serious."
518,neutral,OK. Let ’ s invite all their little friends to come and celebrate.
519,neutral,Are you serious?
521,neutral,"Oh, quite the other way round. She is a knock-out. She devotes much of her time to her career."
522,neutral,"True, but there are limits. Being thin is one thing ; starving oneself to death is another. No one forces them to do this."
523,neutral,That ’ s why many people look up to him.
524,neutral,"I know.But I'd like to try.Look, here are some advertisements that I've cut out."
525,neutral,You are right.
527,neutral,Can't hurt to try. Carpe diem. Who can say if we'll be here tomorrow or not?
528,neutral,"The main one is radiation. There are two sorts of radiation man must fear in space. The first is radiation from the sun, and this is particularly dangerous when the sun is very active and explosions are occurring on its surface. The second, less harmful, comes from the so-called Van Allen Belts."
529,neutral,Yeah. The final is next week. You have to watch it.
530,joy,"Well, such things are just unavoidable in a great metropolis like Beijing. I think a still more desirable benefit is psychological. Bicycling home after work can help release your stress. Life in the offices is miserable. You just sit there in a daze, gazing at the monitor and dealing with files and documents. Why don't you give a full play to your energy after work? Enjoy the speed on the road. Just think, you are flashing past the poles with your own energy. How great!"
531,neutral,Once a week.
533,neutral,"You sound like the TV! You're not going to tell me that aliens built the Pyramids, are you?"
534,neutral,"Cheer up, Nada. You'll be fine."
535,neutral,Thank you. Good night.
536,neutral,I can think of two things made of paper — stationery and money.
537,neutral,"No problem, I'll play as hard as I can and give you an extra game to say thanks."
538,joy,Sure. Sounds great. Let's go.
539,neutral,"As a matter of fact, he is."
541,neutral,You'd better take an umbrella.
542,neutral,It ’ s not that much. Just watch... I ’ m ok...
543,neutral,"If I were him, I would give him a good talking-to. I would insist on his stopping fooling around like that."
544,neutral,It's settled then.
545,neutral,I am not convinced by your explanation.
546,neutral,"Now you're talking, we can see that love story next time."
547,neutral,I prefer it to working independently. I think most people do.
549,neutral,I ’ ll call you if I ’ m delayed.
550,neutral,"Yes, I'm used to being on my own."
551,neutral,"As a matter of fact, he is."
552,neutral,"Noirin, N-O-I-R-I-N, it's an Irish name."
553,neutral,The train station is indeed crowded. I think it ’ s hard for us to get on the train.
554,joy,"yes, but with our sense we'll always look good."
555,neutral,Not too good yet. Better than I was though.
558,neutral,That's cool. I've heard LA has an all-Asian channel on cable.
559,neutral,Maybe you'll only feel that way on Father's Day.
560,joy,"Ok, I ’ ll try my best."
561,neutral,"Yes, I went to the Than He Sports Center for the football match last Sunday."
562,neutral,That ’ s right Bill. We will have more later on today on the six o ’ clock news. That ’ s the weather forecast for this morning.
563,neutral,"No, you idiot. I mean the poet, Arthur Rimbaud - R, I, M, B, A, U, D."
564,joy,That's the spirit. Never give up on your dream.
565,neutral,So have you ever been to the stamp display of the town?
567,joy,Thank you for joining the library ; we look forward to serving you.
568,joy,Now you know why I wanted to work for the Post Office!
569,neutral,Wish him to be healthy soon.
570,neutral,"Yeah, that makes sense."
571,joy,"Yes, mom. You are right. Nothing is impossible to a willing heart. I will keep going."
572,joy,"that's be great. The more prepared I am, the better."
573,neutral,"Well, California ’ s changed over the last little while.You should come back out sometime."
575,neutral,No.The time we have spent apart has been good for us.Absence makes the heart grow fonder.
576,surprise,That ’ s expensive.
577,joy,"Well, I wish you good luck!"
578,joy,It all sounds great. We can go there after the match. I can't wait to see what they have.
579,neutral,You can go and ask your father.
580,joy,Thanks! I'm so happy. It's like a dream come true.
583,neutral,The problem is that many poor people might suffer.
584,joy,Thank you for your advice! I'll try it.
585,neutral,See you later.
586,joy,You're right. Mother's love is the greatest love in the world.
587,joy,"Yes, let's do it now."
588,neutral,"Well, he is a hard case. Everyone would feel headache about him."
589,joy,It's a good thing you can speak English!
591,disgust,"Oh, you are such a dog!"
592,surprise,"Oh, it's unbelievable!"
593,joy,I hope I can go to your party.
594,joy,"She feels you gave me the freedom to be able to assist her and she appreciates that. Come on, Let's indulge her."
596,neutral,But I heard it might rain.
597,neutral,I knew I shouldn't have shown you my new toy...
598,neutral,Um. That doesn ’ t really matter. Because we have more French visitors than German.
599,neutral,Would you ask him to tell us more about the country?
600,joy,Sure! It's txyb@gmail.com.
601,neutral,You are something else you know that?
602,neutral,"We wanted to live in a more peaceful community and have more space. Another reason is, we can afford to buy a home here, but we can ’ t in Chicago!"
604,neutral,He's always confused by easy questions.
606,joy,"Oh, that sounds great. How about 6 o ’ clock?"
607,joy,"Wow, you are going to be busy this semester! Okay, here you go. You are registered now. you ’ ll have to make your first tuition payment before classes start."
608,surprise,Really? So your city does have some old history after all.
609,neutral,"In that case, I'm fit for the position I think."
610,joy,You bet. The wrestlers had got sound defences and they simply couldn't make it.
612,joy,Look! David gives his following-comment on my first blog. He is my first visitor.
613,neutral,"Well, Tina says she would be able to handle it and concentrate on her own work, easier set them done. But working harder and concentrating only on the job might well helped to overcome the initial stress of the breakup."
614,surprise,That is truly amazing!
615,joy,That'll be fine. See you soon.
617,neutral,Yes. I graduated last year and got a job in a press.
618,neutral,Oh look! Here it comes now!
619,joy,"I appreciate that, thank you."
620,neutral,At least I ’ m the one who rates with her. I ’ m glad we can still be friends.
621,neutral,"Basketball, I'm a basketball fan."
622,neutral,A set of ancient china. It is really invaluable.
623,joy,Superb! It's a 4 megapixel one and the photos it takes are very vivid and clear.
624,sadness,"I'm sorry, but I can't."
625,neutral,"Yes, I think so."
626,joy,It's my favorite.
627,joy,You can say that again.
629,neutral,Yes. Both have sent back pictures of the planet. And the latter did a better job.
630,joy,Congratulations! You do have the right attitude.
631,neutral,I've been snowed under with work since my boss was away on business.
632,anger,If you think that she is not fair with your work then you should talk to her in person instead of stewing over it.
633,joy,"Yes, too good to be true."
634,joy,Thanks a lot.
635,joy,That sounds like fun.
636,joy,Thank you very much.
637,neutral,"Whatever dude, I ’ m going to go watch the opening match."
638,anger,That's absolutely ridiculous!
639,neutral,He has a finger in the pie.
640,neutral,I just took a shot in the dark.
641,neutral,"Hopefully, I ’ ll get accepted to UCLA."
642,neutral,I am sure I can get a 95 this time.
643,sadness,I'm really sorry I let you down. I'll make it up to you somehow.
644,neutral,"Well, I don't know the details, but..."
645,neutral,"You cannot predict who will become addicted to gambling. Now excuse me, I have a protest rally to organize!"
646,anger,Aren't you the pot calling the kettle black? You're wearing my pants right now!
647,neutral,Yes. It could happen.
648,neutral,Or what only we are able to give them.
649,neutral,Yeah. Let's just lounge around!
650,anger,"Oh right... present company excluded, of course!"
651,joy,She is really something.
652,neutral,Yes. I just need to double check a few details with you.
653,joy,Excellent! That sounds like a plan.
654,joy,Now we know that they realize the real meaning of Christmas.
655,neutral,We all are looking for different things in an instructor. I hope I've helped you.
656,neutral,"Oh, yeah! I think the love of sports starts when kids are very young. Americans come from many different backgrounds so I guess sports are something we can all enjoy together."
657,joy,"Yeah, maybe you are right!"
658,neutral,I really find Chinese dishes more to my taste.
659,neutral,Don't worry. We won't be the first.
660,neutral,I ’ m at the end of tether. I run out of ideas.
661,neutral,"I almost can't live without messages, from which I learn about weather forecasts and stock quotations."
662,sadness,I ’ m so sorry to hear that.
664,neutral,It spoiled my painting!
665,neutral,Maybe there's something wrong with the program.
666,neutral,A little bird whispered to me. Keep that to yourself.
667,neutral,"No, I don't think you're right.Kate never does things like that.It must be a naughty boy who did it."
668,neutral,"It's not too bad, but it's pretty cold here too. It was about 45 today and it rained this afternoon. I heard it's going to be a little warmer tomorrow."
669,neutral,He is too unpredictable. He says anything that pops into his head. And then he forgets it all.
670,neutral,Sure! It's txyb@gmail.com.
671,joy,You certainly deserve it. Let's celebrate!
672,joy,"Great! I must warn you though, whatever happens, don ’ t let me go on a drinking binge. Trust me, it ’ s not a pretty picture!"
673,neutral,"Well, all the passengers and crew members landed on their feet finally."
674,neutral,Hmm. I hope not.
675,neutral,"I'm not sure, you know I'm not familiar with the city, too."
676,neutral,I bet he will come.
677,joy,"Terrific! B. A., again and again-B. A."
678,neutral,No I didn ’ t. I worked in the morning then I played tennis with my husband.
679,joy,That's a dandy idea. Thank you for reminding me.
680,neutral,Last night he told the children acliff-hangerstory and both of them were scared out of sleep.
681,neutral,She'd better keep away from them.
682,joy,It's no problem at all.
683,neutral,"Well, that's a thing."
684,joy,Great minds think alike.
685,neutral,I'm sorry to hear that.
686,neutral,"If you ever need a job, let me know. I can always train you."
687,neutral,"Yes. In fact, one of the categories is on foreign language films."
688,joy,Sure. Let ’ s go.
689,neutral,She can cope with it. Don ’ t be such a wimp!
690,neutral,"Eat humble pie? Impossible, I ’ Ve never been wrong in judging boys like him."
692,joy,Yes. It ’ s easy and convenient to use a computer. But it takes a long time to really master it.
693,neutral,"Yes, I did, but I didn ’ t do very well. I made the final in both events, but came last. At least I made the final. I was very pleased with that."
694,joy,"OK, I am going to the hotel to pick you up. See you tomorrow night."
695,neutral,So it is no wonder people cannot keep faith with it.
696,neutral,"Oh, all right. Have him come over here for dinner. But you get to make dinner!"
697,neutral,Did you know it takes two to tango?
698,neutral,"Yes, but it's very stressful."
699,neutral,How moving love is.
700,surprise,You are crazy. Gambling is against my principles.
702,neutral,All right. All right.
703,neutral,"Yes, my first marriage was a failure."
704,neutral,"to be honest, in order for the earth to continue to be a habitable place, we're all going to have to become more interested in the environment."
705,neutral,You're complaining again.
706,neutral,They give chocolate in return.
708,joy,Thanks so much. I owe you one.
709,joy,"It was nice to see you, too. And please give my regards to Mrs.Robbins."
710,joy,Aright. See you there.
711,neutral,"No, I couldn't care less!"
712,neutral,"yeah, it's hard to believe but true."
713,neutral,I prefer a variety show without a host.
714,sadness,Maybe. But it still gets on my nerves.
715,neutral,His family will be pleased to hear that. They must have been so worried.
716,neutral,How happy you are! I have to stay at home to prepare my final exam.
717,neutral,I think I do. I don't think I can be happier with another girl.
718,neutral,I bet he is. He domed his own life.
719,neutral,It seems that nobody can always expect things to pan out well each time.
720,neutral,"No, you don't! It's still beeping! Come on, hand it over and I'll turn it off for you."
721,neutral,All right. See you then.
722,neutral,"Thanks a lot, Eve. Goodbye."
723,joy,That sounds fine.
724,neutral,I am not blind. Anyone can see that with half an eye.
725,neutral,You can't beat that.
726,joy,That'd be great! Thank you.
727,neutral,May be I can have a try. But I'm on vacation now.
728,joy,Thank you for your concern.
729,neutral,Hello? Is the real Taylor in there?
730,neutral,I'm nervous as can be.
731,neutral,"Sorry, not tonight!"
732,joy,that would be great. thanks.
733,anger,Just what I thought!
734,neutral,Great! Phew! That was a close one! You had me going there for a minute I thought I was gonna have to slap some sense into you.
735,joy,Yeah. It's so nice of you to comfort me.
736,joy,It's a good thing you can speak English!
737,surprise,Are you kidding?
738,joy,Perfect. I'll see you in front of the apartment at eleven thirty.
739,neutral,Thank you. But I ’ m not interested.
740,joy,I'm ready. I'll look forward to it all Friday!
741,neutral,"Oh, I know. Thank you."
742,joy,Good idea. I will take the racket.
743,neutral,"Well, as a matter of fact, I've got a lunch date with Bob Thomas."
744,neutral,Yes. I suppose it's best to stop.
746,neutral,"I hate to disappoint you, but unlike what most people think, we aren't all exactly the same!"
747,neutral,I hope so.
748,neutral,That give us a good lesson.
750,neutral,I thought she would marry a fortune.
751,neutral,"It looks best in spring, when the plum and cherry blossoms are out."
752,neutral,Here.Near this school.
753,joy,Sure thing. I've got time.
754,joy,That's exactly the way I feel.
755,joy,"Oh, that would be very useful."
756,neutral,Hmm. Perhaps it should be the only important thing. But it isn't. Not in this company.
758,surprise,Really? I will try again.
760,joy,That's fine. See you there!
761,disgust,Hell with it! Nobody will give it an Academy award!
762,joy,That will be great.
764,neutral,"Well, I heard that if you drink enough beer, you can speak foreign languages better..."
766,joy,Thank you. And a merry Christmas to you!
767,joy,"Yes, that'd be all right."
768,neutral,"Yeah, and they also take the blame, that's what happened to my old boss..."
769,neutral,See you in the court.
770,joy,Thank you for your advice! I'll try it.
771,joy,"Yeah, It was scary, but exhilarating."
772,joy,"Nothing, thanks. I am just not in the mood these days."
773,neutral,"It's not too bad, but it's pretty cold here too. I heard it's going to be a little warmer tomorrow."
774,joy,Let ’ s just hope my teacher agrees.
776,joy,Not at all. A party is a party. I'll be happy to come.
777,joy,Don't worry. Everything will be fine.
778,joy,Haha. Wish you good luck.
780,joy,It looks like you could use it. Don ’ t tell me you spent the weekend in the library again.
781,neutral,"Well, mumm, they... Time for a break! We can talk about it when you get back."
782,neutral,Too risky anyway.It's necessary to look before you leap.
783,neutral,"It's easier said than done. When you actually play, it can be very frustrating."
784,joy,"Well, I don't know about the profit part yet. But I am really having fun!"
785,neutral,I hope you can stay for dinner. I need a guinea pig!
786,joy,Don't be so frightened. It's just a skill.
787,neutral,Right. That one. Did it work?
789,neutral,"Then, you're probably addicted."
790,neutral,"You see, because we are often busy working, we eat too much fast food, and that food is very fattening."
791,joy,"Yeah, that is the holiday is hot, isn't it?"
792,neutral,It's too late.
793,joy,Sounds perfect. I can't wait!
794,neutral,I live at No. 50 Xingu Street.
795,neutral,Then it must be a naughty boy who did it.
796,joy,No trouble at all. So long.
797,joy,That's good. See you on Friday.
798,neutral,"Yeah, I got to eat as much pizza as I could for free."
799,neutral,"To be fair, though, both the costumes and scenery are marvelous."
800,joy,I see.Thank you.
801,neutral,"That is to say, love is blind."
802,joy,Now you're talking.
804,neutral,That's fine. I want 2 tickets.
805,neutral,That's a problem. He has sort of Dutch courage and that will egg him on in doing anything.
806,neutral,"Yes, please. We need a record of you education and your work experiences."
807,neutral,"Seventy-six, I think."
808,neutral,Remind me never to sign up for that course!
809,neutral,"If I told her that, she would faint and have me committed!"
810,neutral,"OK. If you really insist, I could always use the company."
811,neutral,"Look, just give me a chance. I can explain it."
812,neutral,That's for sure.
813,neutral,"I didn ’ t know it until yesterday. I put my foot into it, and was even stupid enough to ask when they would get married."
814,neutral,Sometimes they are too independent.
815,neutral,Don't mention it.
816,joy,It is very kind of you. I'm so moved by you.
817,neutral,We started dating right away.
818,neutral,"No, the show is almost sold out."
819,neutral,Thanks. I'll let him know.
820,neutral,These are specially designed for the year 2000!
821,neutral,You ’ re such a geek!
822,neutral,"Yes. I'd like to visit France. I'd like to travel all over the world. As you describe it, France seems to be very much like Japan. I would like to see it for myself."
823,neutral,Keep your fingers crossed. He may pop the question one of these days.
824,joy,Yeah. It's so nice of you to comfort me.
827,neutral,I got it.
828,neutral,"Oh, yes, I would!"
830,anger,"You ’ re unbearable ; you can walk home, I ’ m leaving."
831,neutral,"In a way, it ’ s similar to your experience of learning Chinese. Some Spanish words are very similar to English ones. But I need to practise listening to native speakers and saying the words myself."
832,anger,"Oh, you men! You are all the same."
833,joy,"Yeah, we had a great time. And we're going to go there again next week!"
834,neutral,It could be pretty tough studying abroad. Being so far away from home...
835,neutral,3.5 dollars each.
836,joy,I'd like to come back next weekend.
837,neutral,"My boots? Er... Sure, ok."
838,neutral,I'm sorry to hear that. Thank you for telling me a little more about it.
840,joy,Don't worry. Everything will go well. I promise!
841,neutral,Not really. There are many successful mixed marriage around us.
842,neutral,"Oh, I see."
844,joy,Good night. See you tomorrow.
845,neutral,I hope so. Let me know how many will come. Then I will book the restaurant.
846,neutral,"Well, I don't think so."
847,joy,Ok. I like fishing very much.
848,neutral,"Go ahead, have a try and be a joke."
849,joy,Good luck to them.
850,joy,Please bring me a cup of coffee.
851,neutral,"OK, here you are."
852,neutral,But he has suffered a lot.
853,neutral,I think they will.
854,neutral,A lot of people feel the same way.
855,joy,You are witty.
856,neutral,Just keep track of everything and get it all back where you took it from by Sunday evening.
858,neutral,In a few months I'm planning to invest my money into some foreign companies. I think you need to reevaluate your spending habits.
859,joy,"That ’ s a good point. Car owners will probably be against it, but people who use public transport will be in favor of it."
860,joy,Merry Christmas to you.
861,joy,Thank you very much.
862,neutral,Try to catch this bouquet then.
863,neutral,I don't know. I think the idea of a plant going across borders with a friend is really exciting but maybe seeds would be safer. You don't want to get her in trouble.
864,joy,"Wow, that would be something to look forward to."
865,neutral,"Well, the airport is quite far from the downtown area, but it is still more convenient than taking the train."
866,joy,No problem. It is always worth trying something new once in your life time.
867,joy,that'd be great! I know he'd appreciate your help.
868,neutral,All right.We are waiting for you at seven.
869,joy,"Great! I'll sing, and you can dance in our band."
870,neutral,it's easy! Just go and get a card.
872,neutral,"Yes, my sister loves his personality."
873,neutral,I went to Paris.
874,neutral,They might actually win the game.
875,joy,Yeah. It ’ s exciting. This month we ’ re doing crossword puzzles.
876,neutral,"But I am her brother, not her servant."
877,neutral,"If you could just give us a few more days, we should be able to get this straightened out."
878,neutral,They will tell you the aid is impossible.
879,joy,"Well, it sounds like you really enjoyed yourself."
880,neutral,I prefer spring when little by little everything becomes green and the weather is almost always nice.
881,neutral,I can understand that. But...
882,joy,I'm honored that you think I would be qualified. But I would really have to think about this first.
883,neutral,"I know. I don't want to get sick, especially during finals week."
884,neutral,People go to the cemetery to pay their respects to the dead.
885,neutral,"Do you really think so? I mean, was I? Er... you... must be disappointed."
886,neutral,I called in sick.
887,joy,Thanks for the information. And good luck in your college search.
889,neutral,"Well, have a good day off from class."
890,neutral,You ladies look very elegant in black. But I don't want you to wear black in my honor for a long time yet to come...
891,neutral,"I think if everyone pitches in, the world will be a better place."
892,neutral,"OK, let's go to the cinema to see what's on."
893,anger,Leave me! Go away!
894,joy,"Yes, With pleasure."
895,neutral,I'm sorry to hear that.
896,joy,"Okay, see you then."
897,joy,Thanks. I really appreciate it. Thanks so much.
898,joy,Thank you very much.
899,neutral,They may have some difficulty in doing it.
900,neutral,"After all the crises they have survived together, her husband should do such things. She must feel that she ’ s been stabbed in the back."
901,neutral,Sure. There you are.
902,neutral,I was in such a panic at that time. Fortunately another boat came along and I was saved from drowning.
903,neutral,"Well, that depends. If you stay for a long time. They will offer a discount."
904,neutral,Alright. And I won't go to that cafe for awhile.
905,joy,That's a good idea. Let's go!
906,neutral,I will pay it. Don ’ t worry.
907,anger,It's my pleasure to talk with you.
908,neutral,I see. It looks like there are still a lot of issues we need to work on in the US.
909,neutral,"No problem, come on."
910,surprise,Really? Good for you.
912,neutral,"Actually, he was OK with it. They hadn't been getting along too well."
913,neutral,I was not born yesterday.
914,neutral,"That's so true. When you have a taste for success, you can't let dishonest people like your manager get in the way."
915,neutral,"Well, I know a little Italian."
916,surprise,"Oh, that is a shame. He is really hard working."
917,neutral,"Well, he has an amazing ability to analyze information and he is very good at making the right decision in tough situations."
918,neutral,But the private school amount to better schools.
919,neutral,"If sounds so tempting. Why not go applying for a loan from the bank? They charge very low interest, so you can choose whether to pay up the balance in 10 or 20 years."
920,neutral,Would you mind my keeping it for another week?
921,joy,Very good idea. Sometimes such pictures can show the house's richness.
922,neutral,Probably you ’ re right.
923,joy,"Yeah, why not? I've got a little free time on my hands. Where do you want to eat?"
924,neutral,Ah! Not on me! Ow!
925,neutral,"Yes. I'll pick you up first, and then we'll go get Megan."
926,neutral,"I see. I guess I should be more careful about what I read, especially on the Internet where you have no idea who anybody is."
927,neutral,"Well, speaking of history, let's get back to the books.We'Ve got an exam tomorrow, remember?"
929,joy,"Fine! Well, I'll get right on it now!"
930,neutral,I ’ ll pay it as soon as possible.
931,neutral,Not at all. A party is a party. I ’ ll be happy to come.
933,neutral,"Oh, that's the only place where jeans are not popular. I'd better just go home."
934,joy,"OK, thank you."
935,surprise,"Really, she's so pretty."
936,neutral,"Thanks to global warming, it could be hotter than ever!"
937,neutral,My roommate ’ s having a party.
938,neutral,"Yes, please. we need a record of you education and your work experiences."
939,neutral,Yes. The government has limited funds and must show that it is using the money responsibly
940,neutral,I feel they're dirty.
941,neutral,Sorry I couldn't help you.
942,anger,It ’ s okay. I don ’ t want to go now. We ’ Ve already missed ten minutes of the movie. I don ’ t want to see a movie without watching the beginning.
943,neutral,alright. Get out your books and I'll help you prepare.
944,neutral,Mr.Smith has changed his job.
945,neutral,"Well, if you want to help your friend, you should do something about it."
946,neutral,Better luck this time!
947,neutral,That's for sure. It's always hard for the parents to say no to their children.
948,joy,All right. Have a good night.
949,neutral,There are plenty of rugby fans in my country too.
950,joy,"Oh, you're welcome."
951,neutral,"No, I encourage her to go her own way, but she's now having a change of heart."
952,neutral,Goodbye. Hope to see you again next year.
954,neutral,I agree. We need to recycle our trash and use public transportation more often.
955,joy,Wow! That sounds like pure luxury.
957,neutral,"Yes, just like Christmas in western countries, it is a time for eating lots of special food."
958,joy,"Oh, she is going to be a great mother."
959,surprise,"Really? Quite a woman, isn ’ t she?"
960,joy,"Well, we can't break tradition! It's bad luck!"
961,neutral,"Wow, you're not kidding.Hold on a second.Hello, could you give us a hand, please?"
963,neutral,I think you'd better try an active job.
964,joy,"Yeah, and the funniest thing was, that he jumped on to his chair and started shrieking like a girl. You had to be there! Everyone was staring and laughing... it was hilarious!"
966,neutral,"Oh, I get it. My email address is bluedog123@yahoo.com."
967,joy,I would greatly appreciate that.
968,neutral,"Well, I ‘ d certainly come and visit you. It would be great to take a working holiday on a farm. I ’ d love to get away from hustle and bustle of the city for a while."
969,neutral,I'll call the tourist information centre to check.
970,neutral,"If you happen to find one, please bargain with the owner for it. I'd like to have one. It's interesting to see the integration of the Han and Mongolian cultures on this small piece of metal."
971,neutral,But we can't destroy our forests to get the wood.
972,neutral,Just having a chat.
973,neutral,Have a try.
974,joy,"Okay, I'll pick you up at eight o'clock."
975,joy,Your dentist must be proud of you!
976,neutral,"Yes, I have a three-year-old son."
977,neutral,"Oh, I'm not certain, but I think I've lost it."
978,neutral,See you later.
979,neutral,"Yes, my first marriage was a failure."
981,surprise,Are you kidding? The Yen is in worse shape than the Dollar!
982,joy,I can't wait to play in the water. My feet are burning when I stand on the sand.
983,neutral,It ’ s plenty of time yet. The railway station is very close. It won ’ t take your twenty minutes to get there.
984,joy,I might try it myself.
985,neutral,"Thanksgiving Day, Independence Day."
986,neutral,And he's so handsome.
989,neutral,You ought to complain. These machine are always out of order.
990,neutral,"Ah, you changed so fast."
991,neutral,I left after the opening dance. I couldn ’ t wait to get out of there.
992,neutral,Suit yourself. Don ’ t forget to set the alarm clock.
993,neutral,"I appreciate the saying'Love consists in this, that two solitude protect, border and salute each other. '"
994,joy,Neither do I. Let's stay in a cabin.It'll be much nicer right beside the ocean.
995,joy,"That's right. OK, let's move on."
996,neutral,"No, I feel young, fresh and energetic."
997,joy,"Thanks, I will."
1000,neutral,"I work for the Bank of China, in the International Section."
1001,surprise,"Really? I've already opened this one.Say, this is sweater, and it's just what I need to go with my new suit.Thank you ever so much."
1003,joy,Absolutely.She's a teacher of aerobics.
1004,joy,Great idea! Here we go!
1005,neutral,I'm sure of what I'm doing.
1006,anger,That wouldn ’ t be a lie!
1007,neutral,Don't be such a chicken! Whoever loses has to treat everyone to a movie.
1008,neutral,That ’ s what I want to say.
1009,neutral,You are absolutely right. They are too brief. They don't tell you anything.
1010,joy,You were lucky to find it.
1011,neutral,"Yeah, but scented tea is now in fashion."
1012,neutral,Then forgive her mistake.
1013,neutral,I see why it lags behind other towns.
1014,neutral,I---I don ’ t feel like saying it.
1015,joy,I hope I still have chances.
1017,joy,"I've never been better, thanks."
1018,neutral,That's a problem.
1019,neutral,Anything worth doing takes work. Money doesn't grow on trees... Most of us have to work for it.
1020,joy,I will. Thanks for your advice.
1021,joy,Come here ; let me introduce some friends to you.
1022,neutral,I intend to invite him to dinner.
1023,neutral,Right. That ’ s why doctor say AIDS prevention means cleanness.
1024,neutral,"Yes, you're right. Maybe there's any other reason."
1025,neutral,I got the short end of the stick.
1027,neutral,No wonder you say English is a crazy language.
1028,joy,"It was made 4,000 years ago. It's priceless!"
1029,joy,"Thanks honey! You have such great fashion sense.Now, what am I going to do with my hair?"
1030,sadness,That ’ s a lot of money.
1031,neutral,Not really. That ’ s pretty heavy metal.
1032,neutral,"I do, but it still does not cover everything."
1033,neutral,Oh. I'm just going to take it easy.
1035,joy,It ’ s all so interesting. I ’ ll have to find more information about it on the internet. Or perhaps I should try and attend your geography class.
1036,joy,That sounds like fun. Have a good time.
1037,neutral,I think you ’ re right!
1038,joy,I'd love to.
1039,neutral,Ah! Not on me! Ow!
1040,joy,I really appreciate your help.
1041,neutral,"Oh, My chance is slim then."
1042,neutral,"Don't worry, I've gotchy covered."
1044,neutral,"Oh, you poor thing!"
1045,neutral,You're right. I will have a talk to her about that.
1046,joy,Sounds good! Let's go!
1048,neutral,I guess so. I am badly off and I need this job.
1049,neutral,"No, that ’ s all. Thanks."
1050,joy,"Yes, not only a good way to keep in shape, but a good way to relieve stress as well. While you're stressed out by your commute, I'm releasing all the stress of the day with mine."
1051,anger,I know. But I just can't stand her butting in when I was trying to emphasize a point.
1052,anger,It is stupid to say so.
1053,neutral,"I ’ m not trying to discourage you. I ’ m trying to help you. You have to live with these difficulties. Isn ’ t it better to know about them? The more you know about what you have to face, the better you ’ ll do. I promise!"
1054,neutral,It ’ s red and black.
1055,joy,"Ha-ha, see you then."
1056,joy,I will enjoy seeing you ; have a good week!
1058,joy,Now that ’ s a great idea!
1059,joy,I am glad you like it.
1060,joy,Thank you. This place is nice.
1061,neutral,I would say it's about 5 degree Celsius.
1062,joy,It's nice of you to invite us.
1063,neutral,"yes, it's one of my hobbies."
1066,neutral,"Yeah, their expressions were exactly the same!"
1067,neutral,Many people like him get a flying start but soon disappear.
1068,joy,You are right about that.
1070,neutral,"Sure... but it's probably better for the workers, because the union's whole purpose is to look out for the little guys. The only way that the little guys can take on the big bosses is if they unite. Labor unions are all about getting a voice for the underdog."
1071,neutral,But two players of the team have been booked and one is out.
1072,joy,"Good, because my friend Wendy is getting married and I ’ m organizing her party!"
1073,joy,Now there we are in agreement!
1074,joy,"You are welcome, Jack. Glad to be of help."
1075,neutral,"Well, there are adhesive strips on the backs. You can stick them anywhere."
1076,neutral,"Loretta? No, she can't come, she's busy."
1077,neutral,You'd better tell your sister what happened and face the music.
1078,joy,That sounds great!
1080,neutral,Sure. Come on in.
1081,joy,they are all good.
1082,neutral,"Oh, lots of things. Mostly training new people."
1083,neutral,It looks like you could use it. Don ’ t tell me you spent the weekend in the library again.
1084,joy,"Yes, please. Thank you for everything."
1085,neutral,"No, I ’ Ve already been here for 3 interviews."
1086,joy,Then we can take a walk and enjoy the scenery in the park.
1087,neutral,Easier said than done.
1088,joy,Happy Independence Day!
1089,joy,Very good! Chinese food rules! I expect the next time.
1091,neutral,"Well, I ’ m not going to answer it. I ’ m sleeping."
1092,joy,"Of course, I like it very much. Thank you."
1093,joy,"Wonderful, I'll go with you."
1094,neutral,It might be. You'll have to go see for yourself.
1095,neutral,I won ’ t spoil your enjoyment by telling you who won. There were a few surprises.
1096,neutral,"sure, let ’ s just be friends."
1097,neutral,"Gee, I don't think I own any red underwear, but I can buy some!"
1098,neutral,"Yes. Fortunately, I had my cell with me this morning. I called the police as I was running to get people to come to help."
1099,joy,"Yes, I did."
1100,surprise,I can hardly believe it.
1101,disgust,I wish I hadn't chosen this job.
1102,neutral,"Well, actually, I don't mind eating carrots, but chocolate cakes are much better. You know I was born with a sweet tooth."
1103,neutral,Oh! I heard that he loves to boss people around.
1104,joy,I prefer the old style of dance because I enjoy holding a pretty girl like you closely.
1105,neutral,"Well, perhaps, another time."
1106,surprise,"Wow, that's unbelievable! You play so well, but you've never been to a real teacher. You will definitely be famous in the near future."
1107,neutral,Maybe some other time.
1108,joy,"Pleased to meet you too, Ms Jenson."
1109,neutral,It ’ s up on the second floor. You have to use the stairs. The elevator isn ’ t working.
1110,neutral,"Come on, Nancy. Play it cool. I go with you and burn the middle night oil tonight."
1111,neutral,"Why don ’ t you try then? Even if it doesn ’ t help you find an American girl, you could still have a stronger and healthier body. You won ’ t lose anything by doing that."
1112,neutral,I can't dance to it. And I know you can't either. Because I've seen you try.
1113,neutral,"She's not good at remembering things. We have a date, and she's an hour late!!"
1114,neutral,"Yes, some people even pack up his bed quilt and sleep there. That's a little bit crazy."
1116,joy,"Yes, I came to Beijing two years ago looking for new opportunities. I was lucky because my friend introduced me to my current company."
1117,neutral,"I've tried to give up smoking several times, but it's no use."
1118,joy,"Yeah, you too!"
1119,neutral,"Well, since you agree with me, we should put the issue above board instead of talking about it through other channels."
1120,joy,I'm a big fan of Snoop Dog.
1121,neutral,"Oh, that ’ s too bad."
1122,neutral,It's just near the Dong Si Shi Tiao subway stop.
1123,neutral,No! The egg came first!
1124,neutral,Maybe you two should go see a marriage counselor.
1125,neutral,I'll finish soon.
1126,neutral,"Ok, Good night, see you at breakfast."
1127,neutral,It is important to keep your mind up-to-date and active.
1128,joy,"I don't know, but you know how to surround yourself with great friends!"
1130,joy,I think we are running out of time. The bank is going to close soon.
1131,neutral,I wish you the best of luck.
1132,neutral,I---I don ’ t feel like saying it
1133,joy,I like all kinds as long as they are exciting.
1134,neutral,"When it comes to the entertainment, I think I enjoy dancing. There is nothing I like more than modern dance."
1135,neutral,"That means you don ’ t like them. If you hit it off with them, you will like to see their smiles."
1137,neutral,"Yeah, I ’ m with you on that."
1138,neutral,"I don't know exactly, but it costs a lot of money."
1139,neutral,"Not always, she's rather busy at the end of the year."
1140,neutral,It's August the thirteenth.
1141,neutral,I am not picky on food. Just bring me the day menu.
1142,neutral,"That sounds kind of boring. Oh, look. They're dimming the lights. I think we should get back to our seats for the second half of the play."
1143,joy,"Well, actually it ’ s just about luck."
1144,neutral,"OK, but they better tag lightly!"
1145,neutral,I totally understand.
1146,sadness,"Don't worry. Anyway, you are better than me."
1148,joy,thank you so much for your advice. I'll think it over.
1149,neutral,Come on. All this fashion has reminded me that I want to buy some clothes.
1150,joy,"Thank you, David."
1151,joy,Look at the museum guide.It says there are also some sculptures and potteries in this area. Let's rent an audio guide.
1152,neutral,Here.Near this school.
1153,neutral,I am sure we will.
1154,neutral,I like being able to buy newspapers and magazines at the post office. It means that I don ’ t need to go to two places
1155,neutral,"That's right. You have learned a lot, haven't you?"
1156,neutral,You can never tell. He might do you in when he sees an angle in doing it.
1157,neutral,"It is nice, but it would be nicer if my macho husband would get off his tush and help me. Ha-ha... Have this. It's from Italy!"
1158,surprise,Frightened? You must be joking!
1159,neutral,"I Know. And you should be more careful, too."
1160,neutral,I am a realist.
1161,neutral,"If you can remember that red means absolutely no parking and white means that you can only load and unload, you are going to be OK."
1162,joy,See you Borrow.
1163,neutral,"Ok, let's go."
1164,joy,Let's go. It sounds interesting.
1165,neutral,"Dear, don ’ t worry. The police can help you."
1166,neutral,"No, the meeting will be held on the fourth floor."
1167,neutral,There are so many places around. Take a look at the advertisement.
1168,neutral,"Uh, nothing much, just went to bed early. I was still tired from Saturday."
1169,neutral,"I should say, it stunned me. I can't imagine what they will think of next."
1170,neutral,"Oh, I think she wants to do this thing in memory of her father."
1171,neutral,"Well, I have a lot of work. I'll see how to goes."
1172,neutral,I don't like the weather like this. Cold and rainy. Hope it become sunny as soon as possible.
1173,joy,See you later.
1175,neutral,I don't understand. We were getting along so well.
1176,neutral,"No, I don't. I can't stand them!!"
1177,neutral,"Hurry, the movie is coming back on."
1178,joy,You're right. I probably should just work on my paper. Thanks!
1179,joy,"That's for sure. You know, I had the greatest time ever."
1180,neutral,"No, he is the sort of man who likes to hide his candle under a bushel."
1181,neutral,"Yeah, fortunately it did not cause a disaster."
1182,joy,thank you very much.
1183,neutral,The only two times you need are I'm late and I'm really late.
1184,neutral,"Well, then the cafeteria suits you best. But anyway, if you like to have a lunch outside the company, feel free to join me anytime."
1186,neutral,Maybe it can take effect.
1187,joy,Excellent. Class is over. Let's have a break.
1189,joy,Okay.Thanks for your help.
1190,neutral,"In a while, crocodile."
1192,neutral,"We wanted to live in a more peaceful community and have more space. Another reason is, we can afford to buy a home here, but we can ’ t in Chicago!"
1193,neutral,"Although we have many things in common, we'are not soul mates."
1194,neutral,Have fun getting ripped off!
1195,neutral,He must have a good ear.
1196,neutral,"I am going to be a, well, I hope to be a research chemist."
1197,neutral,You are really a hen-pecked husband.
1198,neutral,"Yeah, my wife likes that one, too. Personally, I prefer action movies."
1199,neutral,You are really a wet blanket.
1200,joy,That would be great. I would love some.
1201,joy,I certainly can try... No! It went straight through the wickets.
1202,neutral,"That is my work, i will try it."
1203,neutral,"then, you're probably addicted."
1204,joy,"Thanks for the vote of confidence, Justin!"
1205,neutral,"I have a flashlight in my closet. If you want to use that to read, you can."
1206,neutral,"Sorry, sir. Believe me, everything will be all right."
1207,neutral,But look at them! They've forgotten about the wet cement and they're walking across it to put up the notice!
1208,neutral,whatever you say. I just want to get to my meeting!
1209,joy,Oh thanks for inviting me. I'd love to come.
1210,joy,Ok. I can't wait to see it. Let's go!
1211,joy,"Let me have a look. Oh, no. They are Chinese poems which describe this happy scene."
1212,neutral,He nursed a viper in his bosom. His best friend Tony foamed him in. Tony first seduced his wife and then trapped him.
1213,neutral,Let me see. What a moving poem!
1214,neutral,I'll get used to not seeing my parents.
1215,neutral,Thank you. I will.
1216,joy,You ’ re right.
1218,neutral,that ’ s true. There ’ s clear evidence that people who listen to lively music are lively people. Music can influence a person ’ s feeling and character.
1219,joy,I'll go together with you.
1220,neutral,"That ’ s right, plus the activation fee, the emergency services fee, the monthly service fee, oh, and any charges for extra minutes, and..."
1221,neutral,"Go do what you have to do, but make sure it doesn't happen again."
1222,neutral,I know what you mean.
1223,joy,How nice of him!
1224,neutral,I know what you mean. The situation will be worse if we marry our boyfriends and have children. The we ’ ll have even less money to spend on fashionable clothes!
1225,neutral,I hope I will meet her soon.
1226,neutral,"I'm terribly sorry, Rose.But I have to finish this paper by tomorrow or professor Martin will kill me."
1227,neutral,Alright. University and high school seem very different to me. I suppose I just need to learn how to manage lecture classes. Then I will do better.
1228,neutral,"These girls are different, they are not wimpy."
1230,neutral,I hope you are right.
1232,neutral,I Couldn't care less.
1233,neutral,I don't mind the work. I think it's worthwhile.
1235,joy,"It is so encouraging to hear this remark. The secret is to make plans. Write down your goals, short-term and long-term and make detail plans for a week or a month. Then just work hard."
1236,anger,His name is not fat boy! You can be so rude sometimes.
1238,neutral,You mother is not only a patient mother but also a gentle wife.
1240,neutral,Nothing of the sort. I can't hold a candle to her.
1241,neutral,"He not only sent me nasty e-mail, but he's so bored, he even asked me to search the Net for even more forwards for him!"
1242,joy,"That's exactly what I want, thank you."
1243,neutral,I will do.
1244,neutral,"It's true, sir."
1245,neutral,"OK, but make sure that everything is back by Sunday night at the latest."
1246,joy,"Oh, I ’ m crazy about them."
1247,neutral,The Lakers. Jordan is the only good player Washington has.
1248,joy,"Sure, thank you."
1249,sadness,"I ’ m afraid not, Bob. One of the major volcanoes in Mexico has erupted, causing major floods and landslides in the region. Meanwhile, Mexico ’ s coast has been hit by hurricane Liliana and officials say that all the seismic activity leads them to believe that a tsunami may hit Central America, affecting Honduras, Guatemala and Panama. That ’ s all the news we have for today, but stay tuned for updates on the six o ’ clock news. Back to you Bob."
1250,joy,"Thank you honey, it means a lot to me."
1251,anger,How do you know that I didn ’ t try? I just couldn ’ t manage it.
1253,neutral,"No. Well, I don't know.But Taiwan is so crowded. Don't you miss life in America?"
1254,joy,I ’ m excited to be here.
1255,joy,It's hard to say. It depends. But I love the waltz.
1256,joy,That sounds interesting.
1258,neutral,Yeah. We rolled out the red carpet to welcome him home.
1259,neutral,Basketball and swimming.
1261,joy,That would be great! Thanks for your help. Can I buy you coffee?
1262,neutral,Perhaps we could go to the library festival that's going on at the local bookshop.
1263,neutral,"You're right.If I were the teacher, I wouldn't have done that."
1264,joy,Great. My face will turn even redder!
1265,neutral,I'd better not. Brooke hates the Backstreet Boys!
1266,joy,See you then.
1267,joy,It ’ s nice to see foreign language films making a little impact on Hollywood. I like the “ best actor and actress ”.
1268,anger,They ’ re really running you into the ground. Why don ’ t you ask for some time off? You could take a long weekend and go away somewhere.
1269,neutral,Let ’ s go downtown and pick up some fashionable clothes for you.
1270,neutral,Because I don ’ t think my husband would like it. Thank you for inviting me anyway.
1271,fear,It's a large sum of money. I can't afford to lose it.
1272,neutral,OK. Let's see. Give me a sheet.
1273,neutral,She is at the supermarket downstairs. She said she would be back in about half an hour.
1275,neutral,"Anyway, the host team seems to fight for the gold."
1276,neutral,I suppose he's not in top form.
1277,joy,"Goodbye, then. Thanks again for everything."
1278,neutral,"In the same way, probably."
1280,joy,It's really good.
1282,neutral,"Yes, I could sing it when I was very young."
1283,joy,As long as it doesn't snow!
1284,joy,"Well, thanks, Bill. Let me know what happens. That extra money will really come in handy."
1285,joy,You made a good choice.
1286,neutral,"Yes, I will."
1287,joy,"Yeah, you can make it."
1288,joy,Thank you. He ’ s very lucky indeed.
1289,joy,That's great. I'll tell my mother about it.
1290,neutral,"Yes, it is.But it's nice in spring and fall."
1291,neutral,"Look, the reason I came into your store is because I was spending the day with Annabell and matt. And I was buying them presents. I ’ m the type of guy who likes to buy his way into the hearts of children who are his relative. And there ’ s only one place to find a children ’ s book in the neighborhood. That will not always be the case. And it was yours. And it is a charming little bookstore. You probably sell what 350,000 worth of books in a year."
1292,neutral,"That ’ s right, once a week. Do you want to order some pizza?"
1293,neutral,"Well. You should be able to give me some advice on where to stay. At the moment, I am staying in a hotel which is far away from the school."
1294,neutral,They're in awe of her. After they saw how she crushed WebTracker... but I guess you know all about that.
1295,joy,That's OK with me.
1297,joy,Thanks. Have a good one.
1298,neutral,But I think a master degree is good enough for a girl.
1299,neutral,Thank you all the same.
1300,joy,Yes. Let ’ s sleep on the sand. That ’ s most exciting!
1301,neutral,"Em, you ’ re right."
1302,neutral,"The heroin may not be attractive. I like the story, though."
1303,joy,It's too good to be true.
1304,joy,I think you made the right decision.
1306,joy,"Great! Work is really busy now, but it's fun."
1308,joy,"Thanks, but tomorrow's payday I can make until then. Thanks any-way."
1309,joy,Count me in!
1310,joy,That is a relief. It's a good thing we moved.
1311,neutral,Ms. : That's right.
1313,neutral,"I think it ’ s because the manufactures are constantly bringing out new models. Because they know that we will buy the new models, the appliances don ’ t need to last more than five or ten years at most."
1314,neutral,"OK, I'll give it a go."
1315,joy,Umm. I think I ’ ll just stick to my old job and save myself all the hassle of trying to start up a business!
1316,joy,Good for you. I know many people just leave their blogs alone after the first few months.
1318,joy,I will. Bye.
1319,neutral,If the weather stays nice perhaps we can go to the beach this weekend.It's been a while since I've not really gotten some sun.
1320,neutral,Sometime next month.
1321,joy,"Yeah, seems that you have a lot to learn and memorize."
1322,neutral,it sounds like you just need to be more careful.
1323,fear,What you said gives me the creeps!
1324,joy,"Okay, let ’ s make a toast."
1325,neutral,Must be one smart guy.
1326,neutral,I guess so.
1327,neutral,That sure didn't last long!
1328,neutral,Not so many really. But a lot of houses are destroyed sometimes.
1329,joy,"Yes, my sister loves his personality."
1330,joy,I totally agree!
1332,joy,You really have keen eyes.
1333,neutral,I'm going to refund your money right now.
1334,joy,That would be lovely. But now let's go and get a drink.
1335,neutral,"Oh, I see. Fortunately government has taken some action to prevent such things."
1336,sadness,Poor old John! I am ever so sorry.
1337,neutral,Be careful of yourself.
1338,neutral,"Hmm... I don't know. Even though it may not be gory, I think it would still totally freak me out."
1340,neutral,Let ’ s stop gossiping and get back to work.
1341,joy,Sounds like fun. You can count me in! Just give me directions to the restaurant.
1342,neutral,"My birthday is in June, when we are always on holiday. So my family often forgets my birthday too."
1343,joy,I promise I will take the first chance to call on you. Please send your wife with my best regards.
1344,neutral,"Yes, simple as it is. t does work."
1345,neutral,"Well, if there is no damage, you can return it."
1346,neutral,"I think you should enlarge your circle of real life friends, and then the right person will come along."
1348,neutral,"Oh, no.On the contrary, there are many beautiful days, especially in the spring and fall."
1349,neutral,"Yeah, yeah, whatever."
1350,disgust,It ’ s the worst thing I ’ Ve ever tried.
1352,neutral,"Maybe not, but I advice you to say it was your fault."
1353,joy,"Yes, next Saturday. I hope you can make it."
1354,joy,"Okay, it sounds good."
1355,neutral,"Oh, I think Shanghai is much more crowded than London."
1356,neutral,You got me on that one.
1357,neutral,Maybe they don ’ t agree with my taste.
1358,neutral,"Oh, I see. Yeah. Some people like traveling, some don ’ t. My husband didn ’ t like traveling at first, either. He said what ’ s the use of traveling? A waste of money and a waste of time.At last I got him on the move. After all, he loved me. We went to Bali, Indonesia, one of the most beautiful places in the world. That trip left a very deep impression on him. Since then whenever we have holidays and money, we ’ d like to patronize the travel agency. Isn ’ t it a bit dull to shut yourself at one place all your life?"
1359,joy,"That's smart these days with all the news on skin cancer. Hey, there's everybody! We made it!"
1360,neutral,Come on! This is work. Don't you think that would be a little weird?
1361,joy,It's very exciting. I think.
1362,neutral,"Yeah man, I ’ m starving!"
1363,neutral,I downloaded it so that I didn't have to remember to return it.
1364,neutral,You're too humble.
1365,neutral,"That ’ s possible, but I ’ m not sure it would really happen like that."
1366,neutral,"I hope so, too. Bye! Ben."
1367,neutral,"Who knows. After all, he is handsome and rich."
1368,neutral,I cannot have the heart to do that.
1369,joy,I'm glad to hear that.
1370,joy,"Thanks, but actually I was hoping I could ask you to write my biography."
1371,neutral,That ’ s why many people look up to him.
1372,neutral,You are absolutely right. They are too brief. They don't tell you anything.
1373,neutral,I think most languages take a lifetime to learn well.
1374,neutral,I'd like both.
1375,neutral,"You see, because we are often busy working, we eat too much fast food, and that food is very fattening."
1376,neutral,I think I'm convinced that trying for this position is the best choice for you.
1379,neutral,"Well, keep a low profile."
1380,neutral,"Oh, I didn't think of that."
1381,neutral,A new broom sweeps clean anyway.
1382,neutral,"Oh, right. My geography isn't very good!"
1383,anger,It ’ s infuriating. I have to be in Rome by five.
1384,joy,That's very kind of you.
1386,neutral,I once read a story about a person who talked to animals. It was very interesting.
1387,neutral,"Ah, Canberra is the capital city. But is not the biggest city. Sydney is the biggest city. Canberra was made sort of by the politicians so Sydney wouldn't get to crowded. It's a separate territory."
1388,neutral,It's not like him to be late.
1389,neutral,I put all of that information in the packet. I'll give you another copy if you need one. See you on Monday!
1390,neutral,Then just keep your chin up.
1391,neutral,I am a journalist. I write for China Daily.
1392,joy,Let ’ s go then.
1393,disgust,I feel the same way.
1394,neutral,"Yes, I swear."
1395,neutral,"You are, why not ask for a date?"
1396,neutral,"oh, you have too wild of an imagination."
1397,neutral,I thought maybe you were interested in an outing.
1398,neutral,I only watch now.
1399,joy,"thanks, I will. I'll see you tomorrow then!"
1400,neutral,It's a good thing you can speak English!
1401,neutral,"No way, if it still has 21."
1402,neutral,"Okay, let's sit over there."
1403,neutral,That's a problem.
1404,neutral,Yes. And I took many pictures.
1405,neutral,"Yes, you are right. I think weekend is the time for family gathering and rest Maybe you could make that suggestion to your boss."
1406,neutral,Now you're talking.
1407,joy,I would buy that kind of book!
1408,joy,"Yes, I did."
1409,neutral,"Thanks, it hasn ’ t been easy, but luckily we have life insurance and Wendy left behind a detailed will that will sort out any other legal matters."
1410,joy,Then let me take you out to dinner to celebrate.
1411,neutral,Do you want to bet?
1412,joy,"Sure, let's. Goodbye, then."
1414,neutral,I don't know the reason.
1416,neutral,It doesn't seem to be so easy.
1417,neutral,"I guess you can't have everything, can you?"
1418,neutral,I heard. But did you have to tear out his nose ring?
1419,neutral,You ’ re right. Everything is probably going to come to a head tonight. I ’ ll keep you informed.
1420,joy,"See you on Thursday, then."
1421,sadness,"I know, I'm sorry."
1423,neutral,Yeah. He's a private eye now.
1424,joy,Nice! Let's go!
1425,neutral,I guess I'd buy that...
1426,neutral,I only paid two dollars for mine.
1427,neutral,Sometimes I think Oscars are only awarded to movies that make a lot of money.
1428,neutral,"Actually, that's what a lot of parents in Taiwan say to their kids."
1429,neutral,It ’ s about time!
1430,neutral,I feel I really stupid.
1431,neutral,At least we agree on that. Let's go and get a drink.
1432,joy,"Yes, but not always. However, I won't let it go if I have a chance."
1433,neutral,"As long as you don ’ t treat it better than your wife, it ’ s fine."
1434,neutral,"Me? No way. I'm dedicated to the company, but I'm not going to leave Taiwan. I'm happy here."
1435,neutral,"It seems that they really enjoy to go faster, higher and further."
1436,neutral,Once a month.
1437,sadness,The Redskin ’ s quarterback just threw a touchdown pass for seven points. We ’ re losing again.
1438,joy,And humility. I would have liked to meet him personally.
1439,neutral,"I work in a cubicle too, but I I don ’ t mind it."
1440,neutral,Don't shoot. I give up.
1441,neutral,He deserved it.
1442,joy,Is six o ’ clock okay?
1443,neutral,The motorcycle? But that ’ s mine!
1444,joy,You are welcome.
1445,joy,Good.If you happen to see Jim and Bob on the way see if they would like a game of singsong.
1446,neutral,Some of the scenes moved me into tears.
1447,joy,Then I'll see you in the parking lot at five! Thank you!
1448,joy,That ’ s perfect.
1449,neutral,"Oh this is hard! Well, I ’ ll see what I can do."
1450,surprise,I ’ m sorry?!
1451,disgust,"Yes, I do. Leave me alone!"
1452,neutral,The weather is often quite different from the weather forecast.
1454,neutral,I like the way Carl runs. He looks more graceful.
1455,joy,That's settled then. I'll contact you later.
1457,neutral,That sounds like fun.
1458,neutral,I just saw a red van pulling into the driveway. Is that her?
1459,neutral,I get drunk easily.
1460,neutral,"Oh, it's time for the weather reporter. Let's turn on the TV."
1461,neutral,That's right. I am still wet behind the ears.
1462,joy,"Good, I'Ve get a two-pin plug."
1463,joy,"Aw, shucks, ma'am."
1464,joy,A match made in heaven.
1465,joy,"It is. I hope you ’ ll have time to come for a visit soon. You really should come during the summer, when the weather is better and there ’ s more happening outdoors."
1466,neutral,I got you. Next time. I'll preface a toast with a statement like'I can't drink any more'and then drink anyway.
1467,joy,Wow! I ’ m very excited about your ceremony.
1468,neutral,"No, thank you. Please tell him to phone me when he comes back."
1469,neutral,"I'm always interested in how, but seldom pay much attention to who."
1470,joy,Good. If you happen to see Jim and Bob on the way see if they would like a game of singsong.
1471,neutral,"Of course I forgive you. What are friends for? Now, what am I going to do for that other guy?"
1472,neutral,I see. So this is your hometown?
1473,neutral,He was very clever when he was a boy.
1476,surprise,I've never seen anything like it.
1477,joy,Thank you very much.
1478,neutral,I can tell it from your build.
1479,neutral,You are unfair to her. She is a very nice girl.
1480,joy,That's very nice of you.
1481,neutral,"She is indeed well. But she would not give anyone a tumble, you bet."
1482,neutral,"I'm fling, Jack. ( singing ) Come, Josephine, in my flying machine. Up she goes, and up she goes..."
1484,surprise,"Really? No, they couldn't. None of them would have jobs if they did."
1485,neutral,"Sure, my name is Ana Ferris. Don ’ t worry about it, it happens to me all the time. I ’ m terrible with names too."
1486,neutral,"Take your pick, Julie."
1487,neutral,"Come on, it's easy, and it'll make you feel good. Why don't you come with me tonight?"
1488,joy,"Just call me Miao Dou, Please."
1489,surprise,What? I thought you liked Patricia.
1491,joy,"Ok, I will bring you photos as many as possible."
1492,neutral,"I'm fine, Mom. Remember Holly? This is her roommate, Yi-jun.."
1493,joy,"Hopefully, that will keep everyone happy."
1494,joy,"Oh, yes. I ’ d love to."
1495,neutral,"Sorry, it ’ s impossible."
1496,neutral,"I can't, either. I like watching."
1497,surprise,Really? I ’ m surprised.
1498,joy,"Of course, but I'll have to go now."
1499,neutral,That's a bad habit.
1500,neutral,Take my word for it.
1501,neutral,Maybe we can make reservations ahead of time?
1502,neutral,Ok with me. You are the boss. I will meet you downstairs after work.
1503,joy,"Cheer up! Don't let me down. We all make mistakes, and that is life."
1504,anger,I'm not at all convinced. Tomorrow is Saturday!
1505,joy,"Happy Women's Day. I love you forever, Mum."
1506,neutral,"Indeed.He's strict with himself, too.We can see every lecture of his is well-prepared."
1507,surprise,Really? Thank you.
1508,anger,Are you done?
1509,neutral,I came to see my uncle. He lives in the next block.
1510,neutral,"I am going to be a, well, I hope to be a research chemist."
1512,joy,Great. I would like that.
1513,neutral,"Definitely. Oh, there's Mr. Campbell. Driver, can you stop here please?"
1514,joy,Just plug in a peripheral CD or floppy drive and you're ready to go!
1515,joy,Thanks. I plan on it.
1516,neutral,"And you know, how those express trains create suction."
1517,joy,That's what friends are for.
1518,neutral,No. It's out of the question.
1519,neutral,What's the big deal?
1520,neutral,Maybe it's just a blessing in disguise. I've been wanting to try a new place anyway.
1523,joy,"I love it! Darling, you ’ re kind."
1524,neutral,I'm sure of what I'm doing.
1525,joy,"Good for you, keep it up."
1526,joy,It's my dream.
1527,neutral,"Oh, lots of things. Mostly training new people."
1529,neutral,Yes. The government has limited funds and must show that it is using the money responsibly.
1530,neutral,"Oh, really, I thought it was a sign of rain."
1531,joy,Thank you for saying so.
1532,joy,That's what everyone says! I can't wait to see it for myself some day.
1533,joy,It surely is.
1534,joy,I think we ’ ll benefit a lot.
1535,neutral,Just call me Alex. Alex and Alexander are the same thing.
1536,neutral,It doesn't seem to be so easy.
1538,neutral,"I think you are absolutely right. Actually, my father proposed to my mother after knowing her only two weeks. They got married a month later."
1539,neutral,"As a matter of fact, I would like to work in South America. So some Latin language like Spanish or Portuguese would work."
1540,neutral,I do a good old lady. I wouldn't mind being the damsel in distress once in a while.
1541,neutral,"Okay, that ’ s fine."
1542,neutral,"Well, I have to hide in the air-conditioned rooms. Anyway, it is all worth, just think about the cool evening time."
1543,neutral,"Nice to meet you, I'm jim taylor."
1544,joy,That's great. We should visit him some time.
1545,neutral,OK. See you.
1547,fear,You are being watched! Be careful Dan! Be careful!
1548,neutral,Forgive me darling. I'm very tired.
1549,joy,"Great! Work is really busy now, but it's fun."
1550,neutral,That reminds me I should buy some new socks to go hiking this weekend.
1551,neutral,"Yes, the teacher says recitation is real good."
1552,neutral,"Sure he is. Winter swimming does good to health, I hear."
1553,neutral,I don't mind if you want to.
1554,neutral,It's really going to be fresh all the time.
1556,neutral,Not only that. The job I ’ m doing now is the most boring job you can imagine.
1557,joy,"Yes, please do that."
1558,neutral,What is it?
1559,joy,Let's go. We'd better buy the tickets earlier and have dinner in restaurant.
1560,neutral,Because I don ’ t think my husband would like it. Thank you for inviting me anyway.
1561,neutral,"Well, I know you do the right thing."
1562,neutral,OK. I close my mouth.
1563,neutral,"Come on, guy. Maybe she isn't your right person."
1564,joy,She certainly has the taste.
1565,neutral,And the other half come in later to pick up the second wave.
1566,neutral,"You're right, Sarah. I was a fool. I can't believe it. How could I fall for such a trick?"
1567,neutral,That's too bad!
1568,joy,You bet. I'm really excited.
1569,joy,That's a great idea. I'm going to do the same.
1570,neutral,I was a naughty boy and I played hooky. So the school gave me a punishment to clear the classroom for a week.
1572,neutral,"All right. Make it a double, will you?"
1573,neutral,really? I don ’ t see the attraction. I ’ m afraid of mice.
1574,neutral,"Fortunately, she's not seriously injured."
1575,joy,"A glass of white wine would be fine, thank you."
1576,neutral,John is a peacemaker.He simply doesn ’ t bother.He says he should give him a free hand.
1577,joy,"That ’ s a good idea. Remember that if the parents watch too much Tv, the kids will probably follow suit."
1578,neutral,"If the new girl is competent, maybe they will promote her when that time comes."
1579,neutral,don't mention it.
1580,surprise,What a bone head! Be careful next time.
1581,neutral,"Yes, absolutely true."
1582,disgust,Maybe he's abnormal.
1583,disgust,I can't see it.
1584,neutral,Maybe you'll call his home.
1585,joy,That's a good idea. You are really creative.
1587,neutral,"I've never had one person that I'd idolized. The comparisons to Jul-ia Roberts are incredibly flattering. I don't really know who I would compare myself to. I'd like to be a combination of a lot of people. A little bit of everything, really. I haven't quite figured out where my strengths are yet, and I've definitely found my weaknesses."
1588,neutral,"It depends. In some poor, underdeveloped areas, children's education is a problem. Many kids cannot afford to go to school."
1589,neutral,OK. Nothing serious. He just wants us to be with him.
1590,neutral,"No, we met at university."
1591,joy,"It ’ s wonderful, isn ’ t it? Would you like to see some photos that I look recently?"
1592,joy,"Fine today, though a bit under the weather last week."
1593,joy,"Yes, I'm really excited."
1594,neutral,You just turn a deaf ear when she talks.
1595,neutral,"I know, I know. Well, is there some, is there someone else? Oh, that woman on television, Sydney Ann."
1596,neutral,Don't worry. She will be all right.
1597,neutral,"No, I ’ m going to the airport to meet some friends from Beijing."
1598,joy,Thank you very much.
1599,joy,You really can't live without candy.
1600,joy,That sounds great!
1601,neutral,Really. For me too.
1602,neutral,"Oh, I ’ m sorry."
1603,neutral,Nothing seems to be happier for them.
1606,neutral,You should be there some Christmas Eve.
1607,neutral,"Any time. If you have a good idea, don't be afraid to speak up.This is a company that appreciates initiative."
1609,neutral,"I'll think about it after I start feeling better. Right now, I don't even want to hear the word snowboarding."
1610,neutral,"I don't know. But I bet it must have been a good offer, or she wouldn't have accepted it."
1611,neutral,I have told you that I don ’ t need them any more. The thing that really annoys me is that you played dumb with me.
1613,neutral,"I'd much rather buy expensive but good quality clothing, because it is not only nice but lasts a long time."
1614,neutral,"Come on, let's talk about it."
1615,neutral,Just don't stay out too late.
1617,neutral,Call us as soon as you get home.
1618,joy,It seems a good way.
1619,neutral,OK. Do you have the receipt with you? I think they will ask you to show them the receipt first.
1620,joy,How about Mac Donald's?
1621,joy,"Yes, I have. They do an excellent job."
1623,neutral,You could try using a spam filter to reject stuff that's obviously pornographic or anything else you don't want.
1624,neutral,"Because if you drink a kind of tea which has been prepared for some time before, it will do you harm."
1625,joy,You flatter me.
1626,joy,"OK, I like that place."
1627,joy,"I don't know about that, but my door is always open. Stop by anytime."
1629,joy,"Ok, see you tonight! Don ’ t be late!"
1631,neutral,She's been good. She is in grade one in Joy Chain high school. And she dreams to be a volunteer in 2008.
1632,neutral,"But Sarah says she does not care, so long as he loves her."
1633,joy,Thank you. I appreciate your help.
1634,joy,Good point. I suppose that we all have our own individual styles.
1635,joy,Good-bye. See you again sometime.
1636,joy,"OK, boy. I will buy it for you."
1637,joy,Absolutely. She's a teacher of aerobics.
1638,neutral,You won't be late. It's still early.
1639,joy,"I will, Michelle. Speak to you soon."
1640,joy,You have good taste in music.
1641,neutral,No problem. Have a good one.
1642,joy,I ’ ll be ready.
1645,neutral,"Yes, but he ’ s got a wife and 3 children as well."
1646,neutral,Let's go ask about it.
1648,neutral,"Ok, I lost 5 pounds."
1649,joy,Thanks. I really appreciate it.
1650,neutral,"Two copies? One to keep and one to cut the pictures out of, right?"
1651,neutral,"I always have meals outside, because I ’ m not good at cooking."
1652,neutral,I think that ’ s true with any of the fine arts.
1653,joy,"Yes, please. Thank you for everything."
1654,neutral,It's really hard to avoid such bad influence anyway.
1656,joy,"Yes, people surely can. He's whiter than the Chinese kids, and his hair is a little blonde. My husband says his eyes are very Chinese though."
1657,neutral,Is there anything I can do to help? Just remember that I'm there for you if you want to talk about it.
1658,joy,I'll do that.Thank you.Have a safe trip home.
1659,neutral,"I buy a national newspaper sometimes, buy I nearly always buy a local evening newspaper. I find the local news more interesting than national or international news."
1660,neutral,"Ok, as John after Kennedy put it, let us never negotiate out of fear, but let us never fear to negotiate."
1661,joy,You are welcome! We are neighbors!
1662,neutral,I ’ Ve done that. The doctor advised me to cut out smoking and drinking.
1663,neutral,Let's congratulate him on Sunday.
1664,joy,"I believe in that. Well, the performance is about to begin. Let's be quiet."
1665,neutral,I have no idea.
1666,neutral,We should take a large map and highlight those cities. What is each of them famous for?
1668,neutral,Yeah. I think everyone should go easy on driving.
1669,surprise,Really? I'm surprised. I didn't know his English was that good.
1670,neutral,Don't be so jealous. He never speaks ill of you before me.
1671,neutral,I almost forget.
1672,neutral,Maybe I should just get a tongue piercing!
1673,neutral,"well, it could be me too. But I am not too worried. This place is suffocating me with this boss being such a hard-ass and colleagues who barely know how to get dressed in the morning. It would almost b"
1674,joy,"Oh, I'll have a try."
1676,neutral,"OK, loser buys pizza tomorrow night."
1677,joy,Thank you. I appreciate the compliment.
1678,neutral,For sure all the customers will benefit from this.
1679,neutral,I told you so.
1680,neutral,Okay. Check you later.
1681,neutral,Because she's not responsible enough.
1682,neutral,Sounds like it was meant to be.
1683,neutral,I think you're right. Let's go.
1684,joy,"Yes, and I want to have a try."
1685,neutral,He's fixing his roof.
1686,neutral,I am not!
1688,joy,"Oh, Miss Anna! That's too hard! I won't be here long."
1689,neutral,"We also have waterfalls in the mountains. They make the landscapes look very scenic. The landscape has been shapes by millions of years of erosion, especially by water."
1690,neutral,Sometimes it's difficult.Some words look different from the way one pronounces them.
1692,neutral,"Remember that you are in college now, not high school."
1693,joy,"No problem, girl friend. I'll see you next time."
1694,joy,My poor memory. Thank you very much.
1695,neutral,"good night, sleep tight ; don ’ t let the bed bugs bite!"
1696,neutral,Don't mention it.
1697,neutral,"No, I'm afraid that's it."
1698,joy,"A barrel of fun, of course. He often says that I'm a date bait."
1700,neutral,"Thanks, Hugh. I owe you one."
1701,neutral,We cannot expect politics to be true anyway.
1702,neutral,I'll plan for the vacation.
1703,joy,That ’ s great. I'd love to.
1705,neutral,You are really confident.
1707,joy,I'll tell him. Thanks for asking about him.
1708,neutral,I like the Brazilians. They are the real champions.
1709,neutral,"Hey, honey! Is that you? Don't eat all the cookies — I want some, too!"
1710,joy,Ok. Let ’ s go!
1711,neutral,It's possible. Give me a minute and I can fix these for you and then we can go.
1712,neutral,See you tomorrow.
1713,sadness,"OK, but don't forget I'm here for you, and I know how you feel. It's my loss, too."
1714,neutral,"Okay. Have it your way, but don't say I didn't warn you."
1715,neutral,"I ’ m afraid a pencil won ’ t do. Wait a moment, I ’ ll find you one."
1717,neutral,How can you do that?
1718,joy,"Oh, thank you. That's very nice of you."
1719,joy,You're welcome. Have a nice trip!
1720,neutral,Management decided to give him four brand new white shirts. That's their way of telling him that his new style of dressing down is not quite acceptable.
1721,surprise,"Why, you look pretty all right."
1722,neutral,I guess you'll have to wing it.
1723,neutral,"I won $ 10 in the lottery last month. Perhaps next time, I ’ ll be luckier and win the jackpot!"
1724,neutral,It is still a mystery to me.
1726,disgust,I worked with him for two years. That was the worst time in my career.
1727,neutral,"You mean, you like the pictures of the beautiful models... Hello?"
1728,neutral,But I actually dislike another lady. She is more capable and seems to have ideas of her own. But the trouble is she Isa backseat driver with some of us. She would tell you what to do and where to put things.
1729,joy,Yes. He carries a lot of weight. Everyone here is willing to follow his orders.
1730,joy,That's a good idea.Let's go!
1731,neutral,"Brazil calls for a time out and we ’ ll be right back, after a short commercial break."
1732,neutral,"Some of my friends tell me that being a teacher, the most important is the beauty of mind. You shouldn't pay too much attention to your appearance. You should appear frugal and prudent. Your experience and knowledge will gain the appreciation of your interviewer."
1733,neutral,"If I were him, I would give him a good talking-to. I would insist on his stopping fooling around like that."
1734,joy,"Sometimes, it ’ s hard to know who belongs in each section of the museum!"
1735,joy,"see, now something good has happened to you on a bus trip!"
1736,joy,"Prepare the list, Mother. I can go shopping. I can go to the small stores.Everyone knows me there."
1737,neutral,"Not well enough, but I'm learning."
1738,joy,Because its trunk is not thick enough to be like a thousand-year-old tree.
1739,joy,"Oh baby, I ’ m so sorry."
1740,joy,Sounds good. See you there!
1741,neutral,"In the same way, probably."
1742,joy,Thank you very much!
1743,neutral,Chocolate is mine.
1744,neutral,Come on! It is really a fun game.
1745,joy,I always am. You just didn't notice.
1746,neutral,Easier said than done.
1747,neutral,I wish you the best of luck.
1748,neutral,"Everything is Okay. And as soon as I see my son at home, all my worries vanish into the blue."
1749,joy,You won't be disappointed.
1750,joy,Good luck to you.
1751,joy,"Well, let me know when you can get it fixed. I ’ d love to go for a ride in it!"
1753,neutral,"It looks more like a toy, or a cool briefcase!"
1754,neutral,That's for sure.
1755,neutral,I'm planning to discuss the advertising budget at the conference. I don't think we should continue with the TV advertising.
1756,neutral,"Sounds a bit too far fetched to be true, don't you think?"
1757,joy,"That sounds an interesting job, Bob."
1759,disgust,A man stepped on my feet when I was waiting for the taxi.
1761,joy,"That's right. His voice ranges from the smooth sound of ballads to the highpowered rhythms of the Spanish Caribbean where he grew up. He has fan clubs across the world, from America to Russia, from England to Taiwan, from Norway to Australia."
1762,neutral,He's such a mother hen.
1763,joy,"Good for you, keep it up."
1764,neutral,This sheet tells the visiting hours and funeral time and location.
1765,neutral,"Um, yes, sometimes. Sometimes."
1766,joy,That ’ s the way to go.
1767,joy,It ’ s great.
1768,neutral,"Of course, you can."
1769,neutral,I know your feeling. Take it easy.
1770,neutral,They managed a 99:80 victory.
1771,neutral,"Don't worry about it. All in all, you've done very well in school."
1772,neutral,I don ’ t know.
1773,neutral,"yeah, it ’ s fair to say so."
1774,neutral,It might be good to you. But please keep in mind that too much tanning damages the skin rather than does any good to you. You might end up with skin cancer.
1776,neutral,No problem. Here it is.
1777,joy,That's smart. I'm going to start doing the same thing.
1778,neutral,it's possible. Give me a minute and I can fix these for you and then we can go.
1779,surprise,That ’ s more than my round-trip ticket!
1780,joy,Fine. See you later.
1782,neutral,Not really. That ’ s pretty heavy metal.
1783,neutral,Maybe you ’ re right.
1785,neutral,I didn ’ t think about it that way.
1786,neutral,"Yes, we bought veal sandwiches. We stopped around twelve, and we ate and watched the squirrels, but it was too windy to sit long. It was a very nice walk, anyway."
1787,neutral,"Anyhow, this dress is really elegant."
1788,neutral,Welcome. I could use the help.
1789,neutral,I don't know.
1790,neutral,"I'd like to, but I must run to a meeting."
1791,neutral,"Well, these mediums are still important... they aren't a thing of the past... But I think they might be less important now than in the past. The technology age has arrived!"
1792,neutral,"I'm afraid I know less than you do.Tell me more about her, will you?"
1793,neutral,Hope that works for you!
1794,neutral,Be brave. Don't worry. You will be able to walk soon.
1795,neutral,"They do, but it doesn't help too much. Having seven children means that the money situation in my home is always pretty tight."
1796,neutral,"You have lots of friends. They will be there, too!"
1797,joy,All right. See you then.
1798,neutral,"Lots of reasons I guess, unemployment is pretty high these days."
1799,neutral,I'm not going to tell her. She will find out and understand when she grows older.
1800,neutral,Of course you are. I wouldn't ask you otherwise.
1801,neutral,"I never took that yet. If that was your favorite, I think I will check it out."
1802,neutral,"In that case, I shall continue to learning a few basic phrases in other languages."
1803,neutral,It is really a hard nut to crack. The problem is that the crime was done without leaving any trace.
1804,joy,A growing keep-fit fever is sweeping over China.
1805,joy,I'll have it if you insist.
1806,fear,Frightened? You must be joking.
1807,joy,"Well, I want to let your boss know that she ’ d better hold on to you! You ’ re a hard worker!"
1808,neutral,"Yes, it is.But it's nice in spring and fall."
1809,neutral,Because too many people in the office are on holiday.
1810,neutral,Ok. See you tomorrow.
1811,neutral,"Oh, he had fooled me."
1812,neutral,Bye. See you.
1813,neutral,"Downloading music is really fast and convenient, and you can preview all the songs before you buy them."
1816,joy,You ’ re welcome.
1817,neutral,"Yeah, I come here every now and then."
1818,neutral,About 30. He's really outgoing. But why do you ask?
1819,sadness,"I'd love to, but I'm afraid I can't."
1820,neutral,I'm getting a bit plump myself. Perhaps I ’ ll go with you.
1821,joy,Thank you for your concern.
1822,neutral,Sure. I've got a copy here. It's due for renewal at the end of next month. We've still got time to look for another supplier if you're not happy.
1823,neutral,Um. That doesn ’ t really matter. Because we have more French visitors than German.
1824,joy,Thank you for coming. We will have dinner outside. Eat up!
1825,joy,That ’ s all right.
1826,neutral,I said you can trust him. You just have to believe it.
1827,neutral,"It sure is.He has no one to turn to, very miserable indeed."
1828,neutral,"Yes, it ’ s reasonably fast but it certainly isn ’ t cheap. Fares have gone up 25 present."
1829,neutral,Never underestimate a woman when it comes to bargaining!
1830,neutral,I ’ ll just have to put up with it.
1831,neutral,I'd rather you didn't.
1832,disgust,But I don't think much of it.
1833,neutral,"I forgot to bring it, but maybe Mary has some. Let's go and ask her."
1834,neutral,He is afraid of his father-in-law.
1835,neutral,"I know. If you're sure the truth will do harm, maybe you can choose not to tell it."
1836,joy,That sounds refreshing. Thanks!
1837,neutral,Right. I have lots of time to think carefully before I make my final decision.
1838,neutral,"Well, nothing more than a jumble of photographs."
1839,joy,I appreciate your help.
1840,neutral,It was just a misunderstanding.
1841,joy,His parents must feel very happy.
1843,neutral,I couldn't agree with you.
1844,neutral,Don ’ t worry. We won ’ t be the first.
1845,neutral,"I must, if I want to pass the course."
1846,neutral,Don ’ t make a mountain out of molehill. I am sure he will do that on his payday.
1847,surprise,It ’ s unbelievable. He used to be such a rough guy.
1848,joy,All right! Thanks!
1849,neutral,"By that time, you will be fired."
1850,neutral,Sometimes. But I'll never forget the game in which our Chinese Women's Volleyball Team won the World Cup. It is the most thrilling and exciting game I have ever seen.
1851,neutral,I'm a clerk in a shop.
1852,joy,That ’ s great. Thanks a lot.
1853,neutral,"Well, good luck!"
1854,joy,"Not at all, but we don ’ t have a very traditional marriage either, so it suited us perfectly!"
1855,neutral,"Yeah, yeah, whatever."
1856,fear,What a thrilling trip!
1857,neutral,I don't think so. He only had no common sense.
1858,neutral,"Well, it can't be helped. We'll just have to put up with it."
1859,joy,I sure will. Thanks.
1860,neutral,"OK. Hope you feel better soon. You should take it easy. I ’ m sure the doctor will prescribe rest, you know."
1861,neutral,"Your two hands hold the pole, stand on the board, the other foot steps back against the ground and controls well the balance of the body, then you can ride in the air. It has a feeling of surfing. You need not let other people teach you. Your fear will disappear quickly."
1862,neutral,It ’ s an anniversary of our weeding.
1863,neutral,It ’ s the anniversary of our weeding.
1864,disgust,Sure it is. I really hate to get caught in a traffic jam.
1865,neutral,"No, but we went to the Kennedy Center."
1866,joy,"Ice cream, please."
1867,neutral,It might be.
1868,joy,"Whatever, I ’ m going next door I heard Mrs. Robinson is giving out big bags of M & Ms!"
1869,neutral,"That's good, but I think it's too late. She hasn't studied all semester, and I doubt she can catch up in one week."
1870,joy,Good to meet you too.
1871,joy,Really? Thank you.
1872,joy,"Well. You know I hate walking, but I can ’ t wait to see your guys ’ video."
1874,neutral,"OK, it ’ s better to be far away from him."
1876,disgust,It ’ s the worst thing I ’ Ve ever tried.
1877,neutral,See you then.
1878,neutral,"Yes, to tell you the truth. I am on the diet."
1879,neutral,"Yep, it should be here by tomorrow night."
1880,neutral,"Oh? I heard she dumped you. Anyway, she's right over there. Oh, Sheryl!"
1881,neutral,"Yes. They have a good reputation for their tenacity and discipline, especially in vital, decisive encounters."
1882,neutral,She said that she didn ’ t want to foul her own nest.
1883,joy,Thank you for your advice! I'll try it.
1884,neutral,and he is English! He makes a model gentleman when he puts on a black suit and speaks with a typical British accent.
1885,neutral,Okay. But be prepared for an all-nighter! I doubt you will want to put it down either.
1886,neutral,Yeah. I got to eat as much pizza as I could for free.
1887,neutral,Glad to meet you mr smith my name is jenny.
1888,joy,Ok. I ’ ll try my best to calm down first.
1889,neutral,"Is says here that it ’ s a war memorial. Now, there ’ s a distinctive structure-the stomium in Brussels. See? It consists of several connected by cylinders. I believe you can go up and down inside it."
1890,joy,No problem. I'll talk to you later.
1891,surprise,"Really? Quite a woman, isn ’ t she?"
1892,joy,"Ok, it's a date then!"
1893,neutral,Don't be too critical.We can't expect it to be perfect.
1894,neutral,Oh really... well you must be very popular on the Internet. But it's true that it's nice to do some things in the comfort of your own home.
1896,sadness,"Sorry, I don't feel like playing. I have too much homework."
1897,joy,Don't mention it. You can come whenever You are free.
1898,neutral,I would say it's about 5 degree Celsius.
1899,neutral,"Yes, actually, the song has been sung since its publication in 1932.People all over the world have sung it in many different languages."
1900,neutral,"Indeed. He's strict with himself, too. We can see every lecture of his is well-prepared."
1901,neutral,"Yes, but he ’ s got a wife and 3 children as well."
1902,joy,I will. It's most thoughtful of you.
1903,joy,Yes. Thank you for inviting me.
1904,joy,Thank you very much.
1905,joy,"She likes to complain about her macho husband and her “ bambinos ”, but she loves them all dearly."
1906,neutral,"It ’ s a start, but I ’ ll be happy when I see you stick to your promise!"
1907,neutral,"Yes, probably but I may look for another one when we're settled in."
1908,joy,"Oh, you've already grown up, son."
1909,neutral,Yeah. He has no one to count on.
1910,joy,"I ’ m thinking of making an album, you know."
1911,neutral,"It is because your children have grown up, and you haven ’ t lived with a child for a long time."
1912,neutral,OK. I will talk to him direcly.
1913,neutral,"If he doesn't change his attitude toward his work, I don't think a new job can make any difference."
1914,neutral,"Yes, let's go."
1915,neutral,"It's true, but she says she is tired of counting others'money."
1916,joy,Great! I'm having a great time.
1917,neutral,It should take at least 20 minutes to get there. Are there any shuttle buses running place to place around the whole zoo?
1918,neutral,"Come on, Nancy. Play it cool. I go with you and burn the middle night oil tonight."
1919,neutral,"I'm a GS - 15. That's high on the scale of workers, but even a GS - 1 is paid a living wage."
1920,neutral,You asked for it.
1921,joy,Thanks. I could eat a cow.
1922,neutral,"Sorry, I couldn ’ t help you."
1923,neutral,Okay. Check you later.
1924,surprise,"I also have a doubt. Oh, kill me softly, she is May."
1925,joy,"Typical you, always wanting to keep the best things for yourself. The more I appreciate the gift now."
1926,joy,It was nothing.
1927,neutral,Maybe we should start shopping around the competitors people.
1928,joy,"C U here, honey."
1929,joy,Thanks. You too.
1930,neutral,I wouldn't either. It's been looking like rain for several days.
1931,neutral,Because orange is much more to my taste.
1933,neutral,"no, I'd definitely try to restore it to its original state. I love to imagine what it'd be like to live in another time in history and living in a house decorated like it would have been 200 years a"
1934,neutral,I was so angry that I could not keep cool. What I need is just an apology.
1936,joy,I will. Thanks a lot.
1937,neutral,"Forget it, there is no use crying over the spilled milk."
1938,joy,That ’ s all right. Thank you all the same.
1939,neutral,"So far, less than 20 people have died, but over 100 are in hospital."
1940,neutral,You are quite right.
1941,neutral,"I think, as the saying goes as the saying goes haste makes waste, it is the same thing with marriage."
1942,neutral,And he may cash in on people whenever chances are provided.
1943,neutral,No.You can't suddenly make smoking illegal. But the government could prohibit smoking in public places like cinemas and theaters.
1944,neutral,"Yes, me too. I mostly listen to hip hop, but there are many genres of music I like."
1945,joy,"Good idea! Let's make ready, then."
1946,neutral,All I'm trying to say is that life is... like... er... this painting.
1947,neutral,"Well, nothing really serious."
1948,neutral,That's the reason I want to finish my B. A. in four years.Because I know I will be in school a long time. I want to start the M. A. and Ph. D. program as soon as possible.
1949,neutral,you'll have to try for yourself some day.
1950,joy,It doesn't matter.
1952,neutral,"Ok, see you."
1953,neutral,My aunts studied in the American universities.They say that extensive reading for fun is the most effective way to improve your English.That's what they learn here in America.
1954,neutral,I got offered a new job!
1955,neutral,That ’ s good. We always need team players here.
1956,neutral,I bet I can go one hour in your class this morning and not feel a thing.
1957,neutral,"Well, you'd better start studying harder if you want to pass this class."
1958,neutral,Las Vegas is in the southwest.
1960,neutral,She'd better keep away from them.
1961,neutral,"Yeah, or the expensive Italian facial treatments."
1962,joy,It's nothing Nancy.
1963,joy,My poor memory. Thank you very much.
1964,surprise,What a strange guy!
1965,neutral,"It's too difficult to park your car in the city. Also, the traffic coming in from the suburbs is a nightmare."
1967,joy,"Yes, we should."
1968,neutral,I don't think so. He only had no common sense.
1969,neutral,Okay. How tiring the job is!
1971,neutral,I'm not too scared. But I've done sky diving before.
1974,neutral,I always meet people like him.
1975,neutral,"That depends. If you are lucky, you can see a vivid rainbow across over two peaks."
1976,neutral,Time is flying. I still remember everything when he was a child.
1977,neutral,"We can make some special arrangement if we need to. After all, it's the company who is footing the bill."
1978,neutral,I don't care.
1979,joy,"That's great, see you at seven."
1980,joy,maybe because they think they know everything already! ha ha.
1981,joy,"All right, see you later."
1982,neutral,"Yes, please.we need a record of you education and your work experiences."
1984,neutral,I'll try my best.
1985,neutral,"Uh, are you sure about that? I thought espresso was an Italian word."
1988,neutral,I'm totally with you on that.
1989,joy,"Of course! Let ’ s have a look. Great! In my frame of mind, I ’ d like to buy one today."
1990,joy,Hang in there. It ’ ll all come together one of these days.
1991,neutral,"I admire your energy, Ruth. You are young at heart."
1992,neutral,"Ah... No, I can't place her."
1993,neutral,"No, she's at school."
1994,neutral,I couldn't have asked for more.
1995,joy,Thank you for caring enough to check on your scores ; keep studying!
1996,neutral,That explains it.
1997,joy,How did you know! They say listening to classical music can make your baby smarter!
1998,joy,"Point taken. Hopefully one day, we'll live in an interplanetary society."
2000,sadness,"I'm sorry, I overslept."
2002,joy,You are so interesting.
2003,neutral,"Sadly, I hardly ever speak to English people. I usually practice with my Chinese friends."
2004,neutral,I'm just glad it's over.
2005,neutral,Well. You ’ re here.
2006,neutral,Nothing is to your satisfaction.
2007,sadness,Perhaps. I'm dead tired.
2008,neutral,I hope so.
2009,neutral,We cannot expect a man like him to speak the truth.
2010,neutral,you bet it!
2012,neutral,All cleaned up. Are you ready to start on the washing up?
2014,neutral,My wife didn ’ t like it!
2015,neutral,"I don't know.. Well, maybe you are right, but how am I gonna tell her?"
2016,neutral,"Because of atomic cocktail and other medicines, all of them have the side effect. she has lost all her hair."
2018,neutral,"Well, I need to polish up my English."
2019,joy,Don't mention it.
2020,neutral,So there is something wrong with her! It was beginning to sound like she was too good to be true!
2021,neutral,That could be helpful. But when you go into a shopping center... prices become very flexible. You have to be able to read the market.
2022,joy,"I woke up today thinking this would be just like any other ordinary day, but I was wrong. A twist of fate brought us together. I crashed into your life and you into mine, and this may sound crazy, but I ’ m falling in love with you, Veronica."
2024,neutral,"I usually meet some friends and we play sports together or I might spend some time alone on my hobbies. I spend winter evening watching tv, but I spend summer evening at cultural events if I have time."
2025,neutral,You have to type all day.
2026,neutral,Maybe you are right.
2027,neutral,"In that case, we can choose the Youth Hotel. It's a good choice, clean and economic."
2028,neutral,"Yeah, you are right. But we have to know how to make good use of it."
2029,neutral,"Yeah, I need to take a break."
2031,neutral,That sounds interesting.
2032,neutral,I ’ ll have to try it. You know how I am about Italian food! What ’ s the name?
2033,neutral,I ’ m just going to stay at PCC.
2034,neutral,"The bigger they are, the harder they fall."
2035,joy,"Yeah, but so what! I ’ m proud to live in the world ’ s most exciting city. And, the salaries here are the highest in the nation, too."
2036,neutral,Ok already. I'll try.
2037,neutral,I don ’ t mind if you want to.
2038,joy,It is important to keep your mind up-to-date and active.
2039,neutral,"I ’ m a GS - 15. That ’ s high on the scale of workers, but even a GS - 1 is paid a living wage."
2041,neutral,"Yes, he is."
2042,joy,"Oh, it ’ s love at first sight."
2043,neutral,I see what you mean. That was pretty easy after all.
2044,neutral,"You liar, I saw you again in the inn. I bet you don't want to work at all."
2045,neutral,I am an engineer in a mechanized farm.
2048,neutral,For 80 bucks it looks great. Go try it on.
2049,neutral,You ’ re right. I would have to travel to the city at least once a week to go shopping and see friends. I would hate living in the country!
2050,neutral,The cold weather will damage the engine.
2051,neutral,Then you must be off your head. He is a real bastard.
2052,neutral,I'd call him and dump him now! You deserve better than him!
2053,neutral,"No wonder when I pass your room, I always hear your laughter."
2054,neutral,Good for you.
2055,neutral,"Sure thing, Johnny. Watch out for dishpan hands there, kid!"
2056,neutral,She will be back soon.You can wait and see.
2058,joy,"Nice meeting you, too."
2059,neutral,Maybe you are right.
2060,neutral,Then it must be a naughty boy who did it.
2062,neutral,"Once bitten, twice shy. He said he would rather keep bach than to live in disgust."
2063,neutral,"Yeah, sure, you won't be disappointed."
2065,neutral,Let ’ s have a try.
2066,joy,You bet it!
2067,joy,"Yes. We had a big talk with him, and he has really turned over a new leaf."
2068,neutral,It's exaggerated. Actually this sort of thing happens to everyone.
2069,neutral,Yes. Here you are.
2070,neutral,"Well, I collect beer mats. I ’ m not sure that counts, though."
2071,neutral,I can't help it.
2072,joy,It is Europe's spotless land of lakes and mountains! Let me know as soon as you can so we can get a discount.
2073,joy,See you later.
2074,neutral,"Yes, I did. It was one of the conditions of the insurance policy. The insurance company need to assess the risk."
2075,neutral,"No, thank you. I'll take an aspirin and see how it goes."
2076,joy,You're right. Thank you for the advice.
2077,neutral,"Thank you, sir, I'm sure I will."
2078,joy,I would look so cool carrying this around!
2079,neutral,I think that ’ s true with any of the fine arts.
2080,joy,"As a matter of fact, you are really a terrific photographer."
2081,neutral,"Time sure flies, doesn't it?"
2083,neutral,"Well, I can't help."
2084,anger,Why are you being so nice to me? Don't think for a second that I trust you.
2087,neutral,"Yeah man, I ’ m starving!"
2088,neutral,"On and off, for quite a few years."
2090,neutral,Oh. I wonder if she'll go for that.
2091,neutral,Yes... quite pretty.
2092,neutral,I'm going to go hiking. Do you want to join me?
2093,neutral,Yeah. People down our way hardly speak to each other.
2094,neutral,I ’ ll just have to put up with it.
2095,disgust,He makes me sick.
2096,neutral,I cant't believe it. You've worked here for years.
2097,joy,"I know doctor, thank you so much."
2098,neutral,I think you're right. An international response to this problem is needed.
2099,neutral,"You are welcome, bye."
2100,neutral,Numerous. It's time that everybody is particular about personality.Find one and change yours.
2101,neutral,"Well, I don't know what else you could do then. Do you think bribing them with chocolate would work?"
2102,neutral,I hope so.
2103,neutral,"I agree. That ’ s why Christopher is already looking for a job in Maine, or Wisconsin."
2104,joy,"Yeah, that is what the holiday is for, isn't it?"
2105,joy,That ’ s a possibility. Thanks!
2106,neutral,You can't judge a book by its cover.
2107,neutral,And I need to stretch my legs now.
2108,neutral,No! So... is Halloween essentially the same thing as ghost month?
2109,joy,He was. He was friendly toward and showed concern for everyone he met.
2110,neutral,That's a problem. He has sort of Dutch courage and that will egg him on in doing anything.
2111,neutral,"You cannot predict who will become addicted to gambling. Now excuse me, I have a protest rally to organize!"
2112,neutral,Mr. : I'll drop by later to check on you.
2114,neutral,"Well, I don ’ t mean to boast but all the designs are done by myself and some colleagues are already trying to copy some of them for their new apartments. Look, they are making photos now of my designed kitchen."
2115,neutral,"Ok, I will bring you photos as many as possible."
2116,neutral,That is him.
2117,joy,"Thank you very much, David. It's an excellent birthday gift."
2118,joy,I think so. It's turning out to be a great day.
2119,neutral,Just remember that red means absolutely no parking and white means loading and unloading only. I think you'll be good to go!
2120,neutral,"Actually, it's not the fault of the mobile phone. But people should have a proper attitude towards it. Mobile phone is a tool serving people, not the fetters restricting them."
2121,neutral,"Yeah. I'll miss all of you, too. But I'll keep in touch."
2123,neutral,The disease fails to respond to drugs.
2124,joy,Thanks a lot.
2125,neutral,"No wonder! I'd be unhappy, too."
2126,neutral,You can always take it again.
2127,neutral,No. It wasn't the super bargain I thought it was.
2128,neutral,that'for sure but very few.
2129,neutral,I'm sorry to hear that.
2130,neutral,That's more convenient.
2131,joy,Who is afraid? I am not afraid.
2132,neutral,I ’ m sorry I can ’ t make it.Thank you anyhow.
2133,joy,Thank you very much.
2134,neutral,Mysteries of the Pyramids. Didn't we watch this program last week?
2135,joy,Fine. See you later.
2136,joy,"Well, its theme is moving and profound, so from the academic aspect, this is its advantage to win the award."
2137,neutral,"I'm not sure, but I think it must be directed by Zhang You. That's typical of him."
2138,neutral,thanks ; I ’ ll give them a call later.
2139,neutral,"You know, he is a taxi driver. He has to have his eyes peeled all the time when he drives, especially during the rush hour."
2140,neutral,Yean. Around five feet five inches tall.
2141,neutral,"Oh, come on. Let's not beat a dead horse."
2142,joy,Ha ha. I know what you mean. But it's just a movie. They need for the characters to do that.
2143,neutral,"You know, speaking in class is a very good chance to put your English to practical use."
2144,neutral,Hang in there. It ’ ll all come together one of these days.
2145,neutral,"Yes, thank you."
2146,neutral,"Well, I am gaining weight these days, and I have to watch my calories."
2147,neutral,But his daughter is a very nice girl.
2148,neutral,I hope not. We are getting closer.. two more... one more... it's our turn.
2149,neutral,You are so thoughtful.
2150,neutral,"I'd like to, but I must run to a meeting."
2151,neutral,"Well, how can I put this? France is a terrible team."
2152,neutral,I suppose so. That's probably why there are so many wonderful coffeehouses in China now.
2153,neutral,You should have kept trying.
2154,neutral,"Ok. People decorate their houses, place a Christmas tree in the room and maybe sing a Christmas carol together."
2155,neutral,"Yeah, you're right. Good night."
2156,neutral,so do I.
2158,surprise,"Really, what's going to happen now?"
2159,neutral,"Sure, my name is Ana Ferris. Don ’ t worry about it. it happens to me all the time. I ’ m terrible with names too."
2160,joy,What an amazing goal!
2161,neutral,"He kept trying to make stupid excuses, and then broke down and admitted to a small indiscretion."
2162,joy,It was very good. I followed it right to the end.
2164,neutral,I'm surfing the Net.
2165,neutral,At the drop of a hat.
2166,joy,Home run by Okapi! That puts this team ahead by two as we are at the bottom of the fifth inning here at Richie Stadium!
2167,joy,"Yeah, I ’ m dealing with it. Anyway. Thank you, Mike."
2168,neutral,But most bosses are fools for woman.
2169,joy,maybe... I'll think about it.
2170,joy,Not at all.
2171,neutral,So do I.
2172,neutral,I'm sorry. You're right. I should have asked.
2173,neutral,"Well, I collect beer mats. I ’ m not sure that counts, though."
2174,joy,"No, not at all. Glad to have you."
2176,neutral,Vince wants us to have everything debugged and ready to go by the end of the month.
2177,joy,"OK, let's go."
2179,surprise,Really? I ’ m surprised.
2181,joy,"Thank you, sir, I'm sure I will."
2182,neutral,"That is a bad attitude to have, Karen! If you think that way, Las Vegas will be really dangerous for you."
2183,neutral,It seems you have to take time.
2184,anger,"Why don ’ t you marry Rose, then?"
2185,neutral,"Mr. : Here. Write your name inside the front cover. Remember that you must return the textbook to me at the end of the semester, so keep it in good condition."
2186,neutral,"It's a piano recital. I'm fond of piano, you know."
2187,joy,I was looking forward to your arrival.
2188,surprise,Really? Good for you.
2189,neutral,Very well then.
2191,neutral,Mark is one of them. He has trouble with a girl who turned out to be a dead beat.
2192,neutral,Yes. It could happen.
2194,neutral,"yeah, I know. A friend in need is a friend indeed. I don't need fair-weather friends either."
2195,neutral,It's very helpful.the course has let me into a world of literature. i read so many great literatures.
2196,neutral,Let's go quickly.
2197,neutral,I think I just have to accept the fact that it's time for us to go our separate ways.
2198,joy,That's not bad. Let's go.
2199,neutral,I'm from Canada.
2200,joy,Great! I have a coupon for free popcorn at that theater!
2201,neutral,"They want raises and medical insurance, and I think they want to clean up the factory's safety hazards. That's probably the most important issue."
2202,joy,Thanks. I will.
2203,neutral,"Well, alright, I agree with you about that, but I still prefer a big town."
2204,joy,Certainly. Come back soon.
2205,neutral,sure. You can fully enjoy your time together.
2206,neutral,But it's only a film.
2207,anger,"You are so paranoid! Not everybody is a crook, you know."
2208,neutral,"Well, let me talk to my manager, okay?"
2209,joy,"Oh, look! There's a spot open next to the public restroom! Can I take it?"
2210,neutral,"Okay, I'll follow your advice."
2211,joy,All right.That sounds more interesting.
2212,joy,"Thank you. Oh, it tastes excellent."
2213,joy,Thank you for your kindness. I will think about it carefully.
2214,neutral,I couldn't agree more.
2215,neutral,I can't figure out which dress to wear.
2216,neutral,"Thanks, honey, that was a great meal. I ’ m stuffed. Do we have any chips left?"
2217,joy,Okay. See you then.
2218,neutral,"Not really, but I like watching."
2219,joy,"I wish I could stay longer, but I must be going."
2220,joy,The snow is so beautiful.
2221,neutral,All right. Please wait for a minute.
2222,neutral,"No, I'd definitely try to restore it to its original state. I love to imagine what it'd be like to live in another time in history and living in a house decorated like it would have been 200 years ago would be a great way to feed my imagination even more!"
2223,joy,Amazing! I can imagine the feeling when I hear the smooth tune around my ears.
2224,neutral,"I ’ m so sorry, and I will pay much attention to it later."
2225,joy,I am interested in science fiction.
2226,neutral,"Everything was okay when it started, but the music made me drowsy. So I think I may have dozed off for a minute over there."
2227,neutral,"No, you ’ re kidding. I ’ m not taking it seriously."
2228,neutral,I see why it lags behind other towns.
2229,neutral,You mean the man wearing jeans? He ’ s her little brother.
2230,neutral,"I ’ Ve been to other Scandinavian countries, but not to Norway. Perhaps I should go and do some winter sports there."
2231,neutral,Nothing. He's just got a chip on the shoulder.
2232,sadness,"I am really sorry too, maybe I can give you a call sometime."
2233,neutral,My husband takes him in the car. He passes the school on the way to the office.
2234,neutral,That's all right.
2236,joy,Thank you. I just consider working as part of my life.
2237,neutral,You must feel very uneasy at his home.
2238,neutral,I just want to visit the family some day.
2239,neutral,"Well, I will see. How was your day at the office?"
2240,joy,I guess working with so much money has made me rather greedy. Maybe losing my job would be a good thing!
2241,neutral,I can do that.
2242,neutral,Count me out. I can do without shills and snipers and turbo-bidders.
2243,neutral,"I know I need to learn that myself, but I just don ’ t have the money for it at the moment. Living at home allows me to save up some money before I started finding a place."
2244,surprise,Are you kidding me? Becky? She ’ s a real bitch.
2246,neutral,"Yes, he did the same to me."
2247,joy,Couldn't be better.
2248,neutral,Not at all.
2249,neutral,"Next time you come in here, I will recognize you."
2250,neutral,"Oh. Thanks. Look, I must just go and say hello to someone. I'll be right back."
2251,joy,He is so humorous.
2253,neutral,No. It's confiscated for now. And I will return it to you after I finish reading it.
2255,joy,Glad you asked me to join you. This will be fun!
2256,neutral,"But there are still other big problems we need to solve such as prolonged weightlessness, food storage, and a series of physiological effects."
2257,neutral,I ’ ll pick you up here tomorrow.
2258,neutral,I am going to post all of that information on the geology club web page. Check it out when you get a chance. See you Monday!
2259,neutral,Mr. : Just like everyone else.
2260,neutral,I guess so. What else can we do? You can ’ t stay in the heat for long.
2261,neutral,"No, once I did 32."
2262,joy,Good. I wish I could have another vacation.
2263,neutral,I won't argue with that! Let's go!
2264,neutral,"I have a lot of work in the office and a lot of chores in the house.How I envy you, Robin!"
2265,neutral,You ’ re right.
2266,neutral,It's Greek to me.
2267,joy,"Whew! Thanks, Karen. That car almost hit me."
2268,neutral,"Speaking of The X-files, it's on right now!"
2269,joy,Thank you. I will.
2270,neutral,"Yes, that's the reason why I remain here."
2271,joy,They're neat. Now Let's take that path into the woods and see what we can see...
2272,neutral,"Well, at least we have Stars.com. That'll be great publicity."
2273,neutral,Is the pay good?
2274,joy,Don't mention it. Good luck. You're going to need it.
2275,joy,Try to catch this bouquet then.
2276,neutral,"Oh, that would be very useful."
2277,joy,"Well, I really envy you for finding such a nice girl."
2278,neutral,I'm really sorry.
2280,joy,Sure. Meet me at five.
2281,neutral,You're so industrious.
2282,neutral,"I know, but remember to meet in a public place and don't give out your personal information."
2283,neutral,Oh great! Does this mean that the reception is canceled?
2284,neutral,You can always take it again.
2285,neutral,"Well, he has already taken you know, that's his wife right there."
2286,joy,"Nice to meet you, too."
2287,neutral,It is serious.
2288,neutral,"I've got something. You saw Taylor Smith? Looks terrible, doesn't he? I heard he..."
2289,neutral,Maybe that ’ s why your English is much better than my Chinese.
2290,joy,Thank you. You're very kind.
2291,neutral,"Oh baby, I ’ m so sorry."
2292,joy,"Thank you, Mr. Parker."
2293,neutral,"No, you don ’ t have to. Here comes the train."
2294,joy,"Yeah, I could hardly wait to see it."
2295,neutral,"Yes, it ’ s reasonably fast but it certainly isn ’ t cheap. Fares have gone up25 %."
2296,neutral,Sure. Join my class next week.
2297,joy,Thanks. Maybe I will do business through Internet in the future.
2298,neutral,"Well, as we say, the rest is history..."
2299,neutral,That's true. I should make sure my wife and baby stay healthy during this time.
2300,surprise,That ’ s my brother!
2301,joy,"OK, will do!"
2303,surprise,What! How am I supposed to get to school or go shopping? This is not happening!
2305,neutral,I bet he is. He domed his own life.
2306,joy,Great. I will prepare some clothes and food for the climbing.
2307,sadness,"Lucy is known as a social butterfly. She has taken many rich men for a ride, you know."
2308,neutral,It is still a mystery to me.
2309,neutral,"If it's within the legal limit, I prefer to keep it."
2310,joy,"Wow, you ’ Ve inspired me to do something!"
2311,joy,Sure. Any time.
2314,sadness,That doesn ’ t make any sense.
2316,neutral,I've got to catch the last bus. See you later.
2317,joy,Don't hurry. Wait for my call.
2318,neutral,sounds great. see you then.
2319,neutral,"Not really. I ’ d really like to try golf, though."
2320,joy,"Wow, that's great!"
2321,neutral,"Well, I've always wanted to see Vancouver. I've heard it has the most beautiful views."
2322,neutral,"You know, speaking in class is a very good chance to put your English to practical use."
2323,neutral,Don't worry about it. I've got another one I can use.
2324,neutral,I'll be right back. I just need to mail this package.
2325,neutral,"In a way, it ’ s similar to your experience of learning Chinese. Some Spanish words are very similar to English ones. But I need to practise listening to native speakers and saying the words myself."
2327,neutral,Make good use of that day off ; you'll only have one this semester!
2328,neutral,"The public schools in the United States are free to everyone and there is no cost to the student. In most states, even the textbooks are free. There are no restrictions as to color, race, or religion.Any student wishing to attend the public schools may do so."
2329,sadness,That ’ s a pity. We can arrange another time hopefully.
2331,neutral,I ’ d love to but I ’ m afraid I can ’ t. I ’ Ve already got a lunch engagement.
2332,joy,Three. Two boys and a girl.
2333,neutral,No. Please don ’ t. I couldn ’ t let you do that.
2334,neutral,He was too desperate to find some other way.
2335,joy,Alright. I'll have a cup of tea waiting for you.
2336,neutral,I hope you didn ’ t forget mine!
2337,neutral,I don ’ t know.
2338,neutral,I'm sorry. I thought you wouldn't mind.
2339,neutral,Yeah. I'm going to my locker to get my jacket. Catch you later.
2340,neutral,What a pity.
2341,disgust,Hell with it! Nobody will give it an Academy award!
2342,joy,Thank you so much. You're an expert.
2343,neutral,Because I needed the money. And because I was good at it. Look! What do you think?
2345,neutral,"She's my sister, you know."
2346,neutral,"Me, too. At this time of the year, I often miss my home in the warm south."
2347,joy,"Thanks a lot. I expect to see your name nominated pretty soon, too. You ’ Ve been doing some great work!"
2348,joy,That ’ s useful to know. Thanks. I ’ ll just log off and shout down my computer and we can go for a coffee.
2350,neutral,I have my own company that designs computer systems.
2351,joy,"Take care, honey. I am always expecting you."
2352,neutral,I do back flips at the pool all the time.
2353,neutral,Please don't forget to say good-bye to the rest of the family for me.
2354,neutral,I absolutely agree with you.
2355,joy,"Thanks, I'll see you around Wednesday then."
2356,joy,OK. I'll wait here for you.
2358,neutral,It ’ s too late.
2359,joy,Hope you feel better.
2360,joy,I ’ m sure you ’ ll have fun no matter where you go. Remember to take your bag.
2361,neutral,"Needless to say, as a Westerner, it's bread."
2362,neutral,I don't mind the work. I think it's worthwhile.
2363,neutral,"No, I can ’ t accept it. Business is business."
2364,neutral,"It is, isn't it?"
2365,neutral,I wish she wouldn ’ t regret for her decision.
2366,joy,I guess I asked the wrong person.
2367,neutral,You bet. I used to take a whirlpool almost every night back home.
2368,neutral,I suppose you're right.He can't have remembered.
2369,neutral,"I ’ m relieved to hear that. Anyway, it ’ s my fault."
2370,neutral,"Partly, and he's also a hardworking man."
2371,joy,"Hello, Janet.It's me... Oh, fine.Just fine.Say, Janet, I was wondering if you and Tom were doing anything tonight... No? Well.would you like to come by our place and play a few hands of bridge?"
2372,joy,"Thank you, Steven. I accept your advice."
2373,neutral,Don't worry. Let's check out some other schools.
2375,neutral,"Oh, I wonder if she ’ ll go for that."
2376,joy,I'll be there on time.
2377,joy,alright. See you later!
2378,joy,Sure. Let ’ s go.
2379,neutral,That was the straw that broke the camel's back.
2380,neutral,"Wow, must be interesting to watch dragon boats compete a-gainst one another on the city river."
2381,joy,Great! I can teach you men a thing or two about shopping!
2382,neutral,Yet the Argentine attacker is worth a bet.
2383,neutral,"That ’ s right, or I ’ m going to spend a lot of time walking."
2384,neutral,"Fine, here it is and have a great semester!"
2385,neutral,And please shut the door and lock it behind you!
2386,neutral,"Sure I can, my treat."
2387,neutral,"At first it was, but now I've got the basics.It's fun."
2388,neutral,Thank you. But I ’ m sorry I ’ m in a bad mood at the moment.
2389,joy,"Thanks anyway, but I'll do it, Rebecca. Let's get to class."
2390,neutral,I'll be sure to do that.
2391,neutral,"Well, don't blame me! I never get a chance to watch TV."
2392,neutral,Okay. Take your time.
2393,neutral,He's giving lectures on business at colleges.
2394,neutral,He didn't make any effort. His aunt died and left him a fortune.
2395,disgust,I'm fed up with his boring lectures.
2396,neutral,"It is said that the Cowherd and the Spinster, the lover stars in heaven, can only meet on the seventh Eve, so this day has become the Lover's Day."
2397,neutral,I know that. But that has nothing to do with being unlucky. Those who created the virus are deliberately making fun of people.
2398,neutral,Toss a coin to decide then.
2400,joy,It ’ s my pleasure having you here.
2401,joy,"Yes, that would be fine. Just make sure that everything is returned by Sunday night."
2402,joy,"Very well, thank you."
2403,joy,Then keep up the good work.
2404,neutral,It ’ s an anniversary of our weeding.
2405,joy,You are welcome.
2406,neutral,Nothing rang a bell.
2407,joy,"Oh, that's difficult to say. But I guess I liked Nashville the best."
2408,joy,"Thanks, but I have to admit I am really good at bluffing!"
2409,joy,that's what everyone says! I can't wait to see it for myself some day.
2410,neutral,She takes classes in accounting and business.
2411,neutral,"No, I won't hear of it."
2413,neutral,Let me buy you lunch today to pay you back.
2414,neutral,"Honey, cross my heart, I'v never looked at another woman since the first day I set my eyes on you! Believe me, that's the truth."
2415,joy,Thank you for appreciating it.
2416,neutral,Maybe you are right.
2418,joy,"I'll miss you too, my friends."
2419,neutral,He deserved it.
2420,joy,I agree with you.
2421,joy,Why not? I'd love to!
2422,neutral,"If you gamble all night, you ’ ll run out of money in a few days."
2423,neutral,O. K. See you.
2424,neutral,"Sure they are. Some hi-tech devices are built in to make sure they pollute less. Some of these green cars have not become standard. So the production costs are still high. But anyway, we should make efforts to start with."
2426,neutral,"Well, take care of yourself."
2427,joy,Don't mention it.
2428,neutral,I ’ Ve done that. The doctor advised me to cut out smoking and drinking.
2430,neutral,"I think so, too."
2431,neutral,"When I ’ m home in the States, I go, but not in China."
2432,neutral,It sure is.
2433,joy,What an amazing goal!
2434,joy,I see.Thank you.
2435,neutral,Our family is a little different. We go to church on Christmas Eve instead.
2436,neutral,I'll ask Mrs. Thou when she's available to show the apartment and let you know. Has your number changed?
2437,joy,OK. I'll wait for you.
2439,neutral,"Well, I am not going to flog a dead horse. Let get down to our brass tasks and tidy these things up."
2440,neutral,That ’ s my brother!
2441,joy,That ’ s what I can do.
2442,neutral,That's so true. It's great that we see eye to eye on this.
2443,surprise,"Oh, no! Not again."
2444,neutral,I don't know how they function the next day! It's like they eat and breathe soccer!
2445,neutral,I took computer science and English courses as my minor subjects.
2446,neutral,"Sure, but you must have access to the Internet."
2447,neutral,"OK, OK. I ’ m feeling a little dehydrated. Let ’ s get something to drink."
2448,joy,"Oh great, I ’ ll see you there!"
2449,neutral,There won't be many other expenses expect food.
2451,neutral,"Boy, this sure doesn't help us much. It could be anybody. How about his cloth? What was he wearing?"
2452,neutral,I'd better exercise my body too.My limbs are rusty now.
2453,joy,"Oh, don't. I'm sure you'll be the loveliest bride ever!"
2454,neutral,"Well, i don't see the point of arguing this."
2455,joy,It sounds interesting.
2456,neutral,"I understand that, but you'd feel better if you took a break, even for just a short while."
2457,neutral,"This is interesting, Ms.Parker."
2458,neutral,"I'd like to, but I'm tied up with my paper."
2459,surprise,"Oh, really? I go to the rye every day."
2460,neutral,Oh. I'm just going to take it easy.
2461,neutral,That's not the end. They were so good that they convinced a bystander to help them lift the motorcycle and put it in the truck.
2462,neutral,It seemed to be useless to study well when we were young if we examine his case.
2463,joy,I'll finish soon.
2464,neutral,And it says that it sleeps.
2465,neutral,But I find Japanese ones better.
2466,neutral,I hope it will be of some use.
2467,neutral,"I know. It ’ s always nice to have some closure, but I don ’ t think you ’ ll have a problem finding another girlfriend."
2469,neutral,Alright. And I won't go to that cafe for awhile.
2470,neutral,"Hi, Ben. Come in. Diane's not ready yet, so you'll have to wait a few minutes."
2471,joy,"Oh, I'll try to catch it."
2472,neutral,Who's your manager? Tell me! Would you?
2474,neutral,"Yes, I have. But I have to wait."
2475,neutral,"Well, here there are many different clubs you can get into, for free, you don't have to pay, some of them. In London it's really expensive for drinks and an entry fee."
2476,neutral,A growing keep-fit fever is sweeping over China.
2477,neutral,"I just want to study in a college, majoring in economics. I've had this dream for a long time."
2478,surprise,"Wow, so soon! I'm going to miss you."
2480,neutral,"To tell you the truth, it was completely accidental."
2481,neutral,"I live here. I was invited by George-he's the tall guy over there. He looks a bit drunk, actually..."
2483,joy,That would be great! Thanks a lot!
2484,joy,I think so too.Let's go!
2485,joy,"Ha, ha! Those days are long gone."
2486,neutral,What do you think? I ’ m a good boy.
2487,joy,I suppose the local one.
2488,surprise,Really? We have only one chance every year.
2489,neutral,I wish I could find one just like it.
2491,joy,"Oh, that's fantastic!"
2492,neutral,Neither can I.
2493,neutral,"Well, I thought it was not that serious."
2494,neutral,Aright. I'll talk to you later.
2495,neutral,Last night he told the children a cliff-hanger story and both of them were scared out of sleep.
2496,neutral,He is more nice than wise.
2497,neutral,"Oh, I don't think I will buy a used sofa even it looks so attractive."
2498,neutral,Maybe you are right.
2500,neutral,"There's some professionals for both flower arrangement and tea ceremony. So you need to go to a school, yes, and learn from your teacher and their hierarchy and the organization and you need to pass each test to go, climb up the ladder in the hierarchy."
2501,joy,"Well, I hope scientists don ’ t decode to make a clone of me in the future! I wouldn ’ t like to be the subject of an experiment."
2502,neutral,"Yes, they have a good reputation for fairness."
2503,neutral,I see. OK.
2504,neutral,Can you bring me something? I am totally hooked on this game!
2505,joy,He ’ s just got no idea of how good you are.
2506,neutral,"Yes. But if I have any more soup, I think I'll die."
2507,neutral,You are really a hen-pecked husband.
2508,neutral,"Well, there ’ s a wildlife documentary on Tv in a few minutes. Shall we?"
2510,neutral,"That's the way to go. Now, you are flying, my boy."
2511,neutral,"Well, don't get bend on a ship about it."
2512,neutral,Several years ago.
2513,joy,Come on. I'll introduce you two.
2514,neutral,That ’ s should be fun.
2516,neutral,"Easy come, easy go."
2517,neutral,OK. I'll drop you a line as soon as I get there.
2518,neutral,Don't ask me.
2519,neutral,"oh, he really should."
2520,joy,That sounds like a good idea.
2521,neutral,"Thanks, honey, that was a great meal. I ’ m stuffed. Do we have any chips left?"
2522,joy,No! I am on my way to the reserve room. Thanks again!
2523,neutral,You are right.
2524,joy,"Of course, we are the happiest family in the world."
2525,joy,"Have a nice day, bye!"
2526,joy,That will be great.
2527,joy,Here is a guiding plan.
2528,joy,Thanks for your belief.
2529,joy,Thank you. That ’ s perfect timing.
2530,neutral,No wonder you never buy me a new dress.
2531,neutral,"I'd love to, but I'm broke. Maybe after payday."
2532,neutral,It's not too late. Go to buy some now.
2533,joy,You are really a man who knows how to enjoy being alone.
2534,neutral,"OK, here is your permit ; enjoy the next semester."
2535,joy,It's a deal.
2536,joy,that ’ s all right.
2537,disgust,"It's no use complaining.If we had got enough money, we wouldn't put up with it!"
2538,neutral,"Oh, how I wish this all wasn't happening!"
2539,neutral,But give yourself some time. You just got here.
2540,neutral,"That ’ s my middle finger, Nick. This is my ring finger!"
2541,neutral,You can say that again.
2542,neutral,They may have some difficulty in doing it.
2543,neutral,"I know, I know. But someone took offence."
2544,joy,"you're here a bit early, so check the departure screens in the waiting area in about a half hour. Here's your boarding pass. Enjoy your flight!"
2545,neutral,"I agree with you, but that's easier said than done."
2546,joy,"Yes, you ’ re right. Good night."
2547,neutral,"Sorry, I'll try to speak louder."
2549,neutral,There are plenty of rugby fans in my country too.
2550,neutral,If I survive the next six months.
2552,joy,"Just think, in a few days, I'll be swimming and lying in the sun and just taking it easy."
2554,neutral,I'm still not sure whether I can recover from it.
2556,neutral,Maybe I could have a try.
2557,neutral,Here is 50 yuan.
2558,neutral,Who do you think it is?
2559,neutral,"No, they live alone."
2560,neutral,"Well, he is a hard case. Everyone would feel headache about him."
2561,joy,"When in Rome, do as the Romans do."
2562,joy,You can use some time off.You'Ve been working too hard anyway.
2563,neutral,"Aw, Mom. I don't want fruit, Aren't there any chocolate chips?"
2564,neutral,You can wear more clothes.
2565,neutral,perhaps I ’ m being too shy. I should go out more too and not spend time worrying about tests!
2566,neutral,"I think you should enlarge your circle of real life friends, and then the right person will come along."
2567,neutral,Sure. Why don ’ t you sit down for a minute? You haven ’ t taken a rest all morning.
2568,neutral,That'ok. That's happens all the time.
2569,neutral,"Oh, I see. But I think you are making a fuss. They will make it up. Bet it."
2570,neutral,"Whatever you choose, make sure they are neat and clean."
2571,neutral,"Yes, I'm the third child."
2572,joy,"I will. Thank you, dad."
2573,joy,"See you at seven fifteen, Saturday."
2574,neutral,"Well, along with Jurassic Park! Nice going, you got the right answer."
2576,joy,"Yeah! I called him after I got home to arrange our next date, but unfortunately his grandma is sick so he has been busy every night visiting her in the hospital."
2577,neutral,"My boots? Er... Sure, ok."
2578,joy,Awesome. You'll see that they are really catchy.
2579,neutral,Yes. Such people don ’ t appear to be acting in accordance with their religious beliefs.
2580,neutral,"We share the same bathroom, in other words."
2581,joy,Just bring along whatever it is that you and Jake would like to drink.
2582,joy,Thanks a lot.
2583,neutral,I can't take the credit for that. I'm just Zina's assistant. She's the pro.
2584,neutral,"His mother, not me, should do this."
2585,joy,"Ok, thank you."
2586,joy,"Thank you.Thanks to the baker, I benefit a lot from him."
2587,neutral,The individual landlord's numbers are next to each entry. You can call them with any questions you may have.
2588,joy,"Yeah, and we can get to know each other at the party."
2589,neutral,"It says, Zina, I like how you rhumba. An admirer."
2590,neutral,Don ’ t hold your breath!
2591,joy,"Excellent, come over at ten o'clock and we will start at the shopping center, the one around the corner from my house. They have just the shop we need."
2593,neutral,"Great! I must warn you though, whatever happens, don ’ t let me go on a drinking binge. Trust me, it ’ s not a pretty picture!"
2594,neutral,"Wow, you are going to be busy this semester! Okay, here you go. You are registered now, you ’ ll have to make your first tuition payment before classes start."
2595,neutral,"Yeah, I'm not too worried about Vince, but I'd hate to face Zina if we don't deliver..."
2596,neutral,"Well, that's life."
2597,neutral,"Sorry, I was delayed by something and stuck in traffic."
2598,sadness,"Oh, poor Alan! His sister is the only one he has left since his parents died last year."
2599,joy,"Actually, my mother made it from scratch."
2600,neutral,Normally it can be completed in four years.
2601,neutral,"If you really think so, in my opinion you should give up this feeling completely."
2602,joy,Thanks a lot.
2603,joy,Think nothing of it.
2604,neutral,A good idea. They can teach elephants to dance nowadays perhaps there's hope for us!
2605,neutral,"What do you do there... hang around, like the kids?"
2606,joy,You're going to like him. Everybody says he's a nice guy.
2607,joy,Wow! I'm so happy for you.
2608,joy,Great! Phew! That was a close one! You had me going there for a minute I thought I was gonna have to slap some sense into you.
2609,neutral,Only then did I realize it was April Fools'Day.
2610,joy,Thanks. Wendy. There will be an important dinner party tonight. So I must make me the focus of my friends.
2611,neutral,I hope you're right.
2612,neutral,Maybe you're right. But I'm still worried.
2613,neutral,Yeah. The final is next week. You have to watch it.
2614,joy,Sure! I just got back yesterday. I'm still suffering from jet lag.
2615,neutral,"That ’ s okay, I ’ ll take the stairs!"
2616,neutral,Seventy to sixty-seven.
2617,neutral,"Anyway, I have to face the music this time."
2618,neutral,I get it. Thank you.
2620,neutral,Last year when I visited China.
2621,neutral,Right here. Me and my PC. Home sweet home.
2622,neutral,Would you please ask the manager to come over?
2623,neutral,I am sure we will.
2624,neutral,I think you should definitely apply for the position.
2625,neutral,I'm a teacher.
2626,neutral,Mind your own business.
2627,surprise,"Really? Oh, thank Goodness!"
2628,neutral,Since 1996 it has been. And I bet I'd be pretty good at it. I ride my mountain bike to work almost every day.
2629,joy,"It is. I hope you ’ ll have time to come for a visit soon. You really should come during the summer, when the weather is better and there ’ s more happening outdoors."
2630,neutral,I'm almost hungry.
2631,neutral,"I work for the Bank of China, in the International Section."
2632,neutral,"Oh, come on! I just gave them my e-mail, my address and my phone number. And my name, of course."
2634,neutral,"Yeah, sounds like something I should definitely do."
2635,neutral,"Yeah, maybe. Alright. Give me an application form."
2636,neutral,we do balance each other out well. I guess we were really made for each other!
2637,neutral,You are very welcome.
2638,neutral,Maybe all of us are the same.
2640,neutral,"As you know, my city is on the coast.the water is also not clean.but people still go swimming all year around. i prefer to sand bath on the beach when the weather is hot in sunny."
2641,neutral,That ’ s true. But Americans work hard for their money like we do. I don ’ t know why our spending habits are so different.
2642,neutral,Don ’ t worry. It ’ s only a cold.
2644,neutral,"Yes, but I don't like the story."
2645,neutral,I know that's what I must do.
2646,neutral,"Wow, I doubt that."
2647,neutral,"Oh, let's hope so."
2648,neutral,"Okay, let's go!"
2649,neutral,"Forget it. We don ’ t talk about anything personal, so I don ’ t know his name or what he does or where he lives exactly. So it ’ ll be really easy for me to stop seeing him, because I ’ m not..."
2650,neutral,It's Valentine's Day. Come on. Just go.
2651,neutral,At two thirty.
2652,neutral,So long as you learn from your mistakes.
2653,joy,Good-bye. See you again sometime.
2654,joy,"Thank you for coming, Ms.baker."
2655,neutral,Let me think about it. What should I do? I think I will not give up.
2656,neutral,"Well, give me a call if you can ’ t make it for some reason."
2657,joy,How nice! Have fun!
2659,neutral,"Oh! You mean she doesn ’ t have to work now? It ’ s hard for young parents not to overreact, isn ’ t it?"
2660,joy,You seem to have it down. Have a good day!
2661,neutral,"And would you like salad? The salad plate today is lettuce, tomatoes, and black olives."
2662,joy,Thank you very much.
2667,neutral,"So beat the cat, but don't kill it."
2668,joy,You ’ re a real friend in need.
2670,neutral,You've plenty of time yet. The railway station is very close. It won't take more than twenty minutes to get there.
2671,neutral,I haven't told them. Maybe I'll make them know after the vacation.
2672,joy,thank you very much!
2673,neutral,I don't like spending time on commercials.There're too many commercials on TV.
2674,neutral,"Okay, count me in."
2675,neutral,"Love is blind, you know."
2677,neutral,It's OK. Don't worry about it. Our school coach will train us to play basketball.
2678,joy,You ’ re a real friend in need.
2679,joy,See you then.
2680,disgust,So am I.
2681,neutral,"No, I hate swimming. I prefer playing tennis."
2682,neutral,He's checking bags.He's an official in the customs.
2683,joy,"Yeah, It was scary but exhilarating."
2684,neutral,If the weather stays nice perhaps we can go to the beach this weekend.It's been a while since I've not really gotten some sun.
2685,neutral,I couldn't agree with you.
2686,neutral,Just word of mouth.
2687,joy,Don't mention it.
2688,joy,"Well then, we are all straight. Have a good day and thanks for bringing that to my attention."
2689,neutral,"Oh, I've no interest in such films."
2690,neutral,"You know, on weekends when we wanted to have late rise in the morning, our neighbour started to raise Cain."
2691,neutral,Indeed. He's strict with himself too. We can see every lecture of his is well-prepared.
2694,neutral,Let's just say I'll have it easy...
2695,joy,"You got it. Well, he walked up to me and said my name again and then I realized it was the boy I had been thinking about, the one from third grade!"
2696,neutral,Go easy. Overwork is bad for your health.
2698,neutral,"I guess they must have figured it would be easier to merge than to keep up the cutthroat competition.If you can't beat'em, join'em."
2699,neutral,Let's give them a hand.
2700,neutral,That's still too far for me.
2701,neutral,"If you gotta go, you gotta go."
2702,neutral,I want to think of it for some time.
2703,surprise,Not at all! That explains everything!
2704,neutral,I think so. I see it by the radio this morning.
2705,neutral,You said it.
2706,joy,That ’ s correct. we have four seasons of spring
2707,neutral,"Okay. Have it your way, but don't say I didn't warn you."
2708,joy,"Happy to know you, Tim."
2709,neutral,Then try it yourself.
2710,joy,I agree. I appreciate your helping me.
2711,neutral,You ’ re right. It ’ s sometimes hard to tell which pages are advertisement and which ones are articles.
2712,neutral,"OK, OK. Enough already. We'd better hustle. The contest starts in five minutes."
2713,neutral,It's fine with me.
2715,neutral,"By the way, how's the nose? Boy, that must have hurt."
2716,neutral,Thanks. Now I ’ d like to check out this book.
2717,joy,Ok. That sounds like a deal.
2718,neutral,Maybe you should ask him openly.
2719,joy,"This is interesting, Ms.Parker."
2720,neutral,"When you settle down, I'll show you around and introduce you to the department managers."
2721,neutral,"No, thank you.Please tell him to phone me when he comes back."
2722,neutral,By air of course.
2723,neutral,"oh, that sounds like fun!"
2724,neutral,Just throw them away!
2725,neutral,"Another big step forward in saving on our office equipment, I don ’ t need a desktop anymore. A laptop is enough."
2726,neutral,John made out with other girls at the party yesterday.
2727,neutral,I'm sure you'll do fine.
2728,neutral,Maybe this is God's will.
2729,neutral,you're right. I probably should just work on my paper. Thanks!
2731,neutral,Mark is one of them. He has trouble with a girl who turned out to be a dead beat.
2732,joy,That ’ s a good idea.
2733,neutral,But you don't have such a problem as to pop songs.
2734,neutral,"Yes, people surely can. He ’ s whiter than the Chinese kids, and his hair is a little blonde. My husband says his eyes are very Chinese though."
2735,joy,I will do my best.
2737,neutral,"As in English, Chinese also has some lucky numbers. The number 9 stands for perpetuity in Chinese."
2738,joy,Me too. Have a great day.
2739,neutral,Yes. We need to put the money into long-term projects rather than wasting it on short-term ones.
2740,neutral,But now I would stay at home watching TV.
2741,joy,Oh really! That sounds lovely.
2742,neutral,Of course not. Let's talk to him in a very friendly way.
2743,neutral,Nothing is to your satisfaction.
2744,sadness,Totally not. Perhaps it's about our marriage.
2746,neutral,Exactly. Herry is almost broken now.
2747,joy,Sounds good. I'll see you then!
2748,neutral,But Joe won't you.
2750,neutral,I don ’ t know.
2753,neutral,"Yes, we did. But I shall never fly again."
2754,neutral,I sure hope so.
2755,neutral,"It's not only the name of our company that will change... I expect that after this acquisition, there'll be a ton of things up in the air."
2756,neutral,I'm terribly sorry I can't go with you. Shall we find some other time?
2757,neutral,"No, not at all."
2758,joy,Not too bad.
2759,joy,Can we go to the Carlton next time and can you wear that fabulous suit?
2760,neutral,How could he have such an ill intention? I think your father can see that through.
2761,surprise,Really? He looks so young.
2762,joy,I always make time for family.
2763,neutral,Tell me if you need help.
2764,neutral,It's there by the window.
2765,neutral,"Sometimes, it ’ s hard to know who belongs in each section of the museum!"
2766,neutral,It ’ s all my faults. I forget where I put it.
2767,disgust,But many girls nowaday do want to marry a man filthy with dough.
2768,joy,"Wow, I like concerts."
2769,surprise,I can hardly believe it.
2771,neutral,I have a good solution... We need some new blood! We should get rid of this president and boat in some new leaders!
2773,joy,Why not? We should do it. Because now we can afford it.
2775,neutral,"I've tried it, but he would have none of it."
2776,anger,"It ’ s so wet and dark, I ’ m just fed up."
2777,neutral,You've take the words out of my mouth.
2778,neutral,"Well, I... anyways, I was just thinking of the red envelopes. I wanna make a list of all the things I ’ m gonna buy with my red envelope money! I can ’ t wait! I ’ m gonna have so much money! Mom, can I get a pen and a piece of paper? I want a new transformer, no, two transformers... the Optimums Prime, and... maybe the wheeljack? I ’ ll get a PSP game, ahahah, and I ’ ll buy the entire class lunch at MacDonald ’ s..."
2780,joy,"Sure, he's ready to be friendly with anyone."
2782,neutral,Don't worry about it. Try to look on the bright sight of things.
2783,neutral,"Yes, I have. They do an excellent job."
2784,joy,"Oh, I see. Thank you very much."
2786,neutral,"Actually, he's the most dependable person I know, and he would never turn on anyone."
2787,joy,I'm so pleased that you can go.
2788,neutral,No trouble at all. So long.
2789,neutral,Maybe now I'll get that promotion I was hoping for.
2790,neutral,"Yes, you are right."
2792,neutral,I am just casting pearls before swine.
2793,neutral,You must have seen some other kind of bird.
2794,neutral,Mr.Smith has changed his job.
2795,joy,"Yes, we got wet through. But we still enjoyed ourselves."
2796,joy,Thanks for the warning! See you tomorrow!
2797,joy,Enough! I can't wait anymore.
2798,joy,"It's so interesting, I like it very much."
2800,neutral,"Yes, but it must be treated in an effluent treatment plant first."
2801,neutral,You know what? I don ’ t think I can hack it here out in the countryside. I ’ m going back to the city!
2803,joy,That's a good idea.
2804,neutral,"Yeah, at least when we are children, we have not so much homework to do."
2805,neutral,"Oh, yes, of course. I'm sorry-I wasn't thinking..."
2806,neutral,"Again, you need to think carefully. If you don't trust others online, have nothing to do with them."
2807,neutral,"Yes, ten days."
2808,joy,That's correct. We have four seasons of spring.
2809,neutral,"The trust game was your favorite, huh? My favorite part was the personality tests. I think to know more about what kind of personality type you are will tell you a lot about how you can fit into a team.Also, when you know the personality strengths of your colleagues, it helps you understand them better."
2810,joy,"Great, let ’ s go!"
2811,neutral,"Yes, the couple that I highlighted at today's show met on Match.com and they're getting married this summer."
2812,neutral,You're such a dreamer! You think that you can spread the word of jazz in an underpass?
2813,joy,But you did it and did it well!
2814,neutral,If only he knew it.
2815,joy,Ha-ha! You got me there!
2816,anger,No way. I've given you too many chances already.
2817,neutral,That's something else! Maybe I'll return it to them.
2818,neutral,I'd like to go and live there for at least another year. Probably I'll go back to Sydney or maybe I'll go down to Melbourne because it's a really interesting cultural city. They have lot of museums and parks.
2820,joy,I really appreciate your kind words.
2821,disgust,Really? I've already opened it. Great! And it is exactly after my fancy. Thank you very much.
2823,joy,I had a wonderful time.
2824,neutral,You will be able to track your progress during the year.
2825,neutral,Because you have to hear it really loud to get the full concert effect.
2826,joy,You're right... I should eat something. Let's go.
2827,neutral,I'm not sure. Let me give a call to find out.
2828,neutral,0kay. Dinner's on me.
2829,joy,Umm... That's the spirit!
2831,joy,I ’ ll drink to that!
2832,neutral,"No, but I can't imagine that a girl like you would wonder to see a war movie."
2834,neutral,Out of the frying pan and into the fire.
2835,neutral,He looked his age.
2836,joy,"Thanks, you too."
2837,neutral,Are you deaf or what?
2839,joy,Thanks so much. I owe you one.
2840,neutral,"You can put on your white shoes, it fits every occasion."
2841,neutral,Back to live with my parents.That's something else I used to do before we were married.Remember?
2842,joy,Thank you. That's very nice of you.
2843,neutral,Because I got my AA and now I am going towards my bachelor degree.
2844,neutral,But the darkest hour is the nearest dawn. I bet you'll soon turn the table.
2845,neutral,I was also interrupted by her last week because of such a thing.
2846,neutral,not really. There are many successful mixed marriage around us.
2847,neutral,"Why do you worry about your future? You're very young, and you'll make great contribution to the world. I hope you take my advice."
2849,neutral,"Hold on, that's an item. You should put that in the recycle bin next to the trashcan."
2850,neutral,I don't have any plans.
2851,joy,That ’ d be fine.
2852,neutral,To each their own!
2853,neutral,"That's fine, but then you'll always look plain."
2854,neutral,I hope it ’ ll continue for a long time.
2855,neutral,That ’ s too bad. She ’ s been so kind to us all.
2856,neutral,"By bike, of course.You don't want to miss the beautiful scenery, do you?"
2858,neutral,"Yes, let's go."
2859,neutral,"Well, I'm not sure of his name, but I know it's going to be his farewell performance."
2860,joy,"Good, just make sure that you do the same thing if you ever need to drop a class. Good luck!"
2861,neutral,That's O. K. Maybe his wife will spill the beans!
2862,neutral,Maybe you are right.
2863,joy,"That's a good idea, I think I will try that at the next meeting."
2864,neutral,"OK, I'll be waiting."
2865,neutral,"Well, I ‘ d certainly come and visit you. It would be great to take a working holiday on a farm. I ’ d love to get away from hustle and bustle of the city for a while."
2867,neutral,"No, not yet. But Susan says they ’ d like to get married in November or December. Then they ’ ll go to Hawaii for their honeymoon."
2868,neutral,Don ’ t count on it.
2871,neutral,But then what would I do every weekend?
2872,joy,I'm glad you enjoy it.
2873,neutral,"Definitely, I ’ m really sorry."
2874,neutral,That's not the gadgets.Creating programmes is stimulate thoughts.
2875,joy,"Hey, thanks, mum."
2876,neutral,"Well, how do I put this? France is a terrible team."
2878,neutral,"No, not at all.it's about how to keep fit."
2879,neutral,You ’ ll be a mathematician one day.
2881,neutral,You'd have a revolution on your hands if you tried to introduce that sort of system here.
2882,joy,"See you, Frank."
2883,joy,Thank you for encouraging me. There are problems cropping up here and there. But I will over come them one by one.
2884,joy,"You are so romantic, my sweetheart."
2885,neutral,Call the police.
2886,neutral,It sounds reasonable. Maybe I should look on the bright side.
2887,neutral,Don't worry about it. Try to look on the bright sight of things.
2888,neutral,Cheer up! It's not the end of the world.
2889,neutral,"Come on, let's talk about it."
2890,neutral,"She's my wife, you know."
2891,neutral,No joke! That's why she hasn't married yet.
2892,sadness,Oh. I just can ’ t forget it.
2893,joy,I agree. I appreciate your helping me.
2894,neutral,Don't worry. We can call a cab. It'll be alright.
2895,neutral,Once a year.
2896,neutral,Love Music Woman
2897,joy,Better luck this time.
2898,neutral,That ’ s not a bad idea. Bet after all you should get some sound financial guarantee.
2899,neutral,I usually go on holiday during the spring or the autumn. I try to go somewhere where the weather is more reliable than in my city.
2900,neutral,that's not a problem. Have a nap if you can. You don't know how tight the schedule is for this business trip.
2901,sadness,I'm really sorry I let you down. I'll make it up to you somehow.
2903,neutral,"It's a great place to work. They give you fair pay and benefits, and a lot of room to grow. I think if they off you a job, you should definitely take it."
2905,joy,That's so convenient.
2906,joy,I appreciate your kindness.
2907,neutral,"Yes, we certainly are. But Mr Smith is going to pay us for all the work we'll do."
2908,joy,Mango juice would be perfect. Thank you!
2909,neutral,"We have some inspections, but it is very hard to avoid pollution when extracting oil. There has been some damage, but it is under control."
2910,neutral,"So what? His father is in prison, not he."
2911,neutral,talk to you later.
2912,neutral,Yeah... you ’ re right. I really should stop smoking.
2913,neutral,I know. But I just can't stand her butting in when I was trying to emphasize a point.
2914,neutral,I'm from Madras.
2916,neutral,Enjoy your day off and don't forget to study!
2917,joy,Don ’ t mention it.
2918,neutral,I hope so.
2919,neutral,Sure. It's an issue asking for everyone's participation.
2921,neutral,"Maybe you have two choices. You could attend school during the day, or you could get a position that provides training."
2922,neutral,Don't forget to call us if you're in Tokyo.
2923,neutral,Inform my members to prepare for the travelling. And then we can discuss about the travelling costs.
2924,neutral,"I think I have traits of both, actually. I look more like my mother."
2926,joy,"Well, hang in there. In twenty years, you ’ ll fell it was well worth it!"
2927,joy,This is gonna be a great barbecue!
2928,sadness,I ’ m sorry to hear about that.
2929,neutral,The weather is often quite different from the weather forecast.
2930,joy,Thank you. That's a good idea.she likes exciting books. Can you suggest another one?
2931,neutral,"Oh, well. If I must, I must."
2932,neutral,Of course not!
2933,joy,"Yeah, I think it will be wonderful."
2934,joy,What a good idea!
2936,neutral,But sometimes summer is more charming than the other seasons.
2938,neutral,How silly John is.
2939,neutral,"Not at all. I see you and your family twice a week, and I enjoy seeing my own friends. I ’ m too busy to feel lonely!"
2940,joy,"Thank you, Steven. You are really a good friend."
2941,joy,OK. Let's make it.
2942,neutral,"Come on, grow up. Have you seen Vince around?"
2943,neutral,You said it. Many parents just don ’ t understand know how to educate their children.
2945,neutral,Then we'd better get started.
2946,neutral,You are welcome. See you next time.
2947,neutral,Oh. I ’ m sorry to hear that. What happened?
2948,neutral,excuse me while I go and get that.
2949,joy,You got it!
2950,joy,The fragrance of plum blossoms comes from the hard coldness.
2951,anger,You can ’ t take me to jail! What about my sleigh? It ’ s Christmas Eve! I have presents to deliver! Rudolph! Prancer! Dancer! Get help!
2952,neutral,"Well, say hello to him for me."
2953,neutral,"Ah, it ’ s hard to say."
2954,joy,Thanks. I'll tell him.
2955,neutral,I'll catch you later then. Have a wonderful morning.
2957,neutral,"But remember, be careful when you ride a bike. The traffic in Beijing can be dangerous."
2958,sadness,Yeah. It's boring. I'd rather read something more exciting.
2959,neutral,I ’ m afraid he won ’ t make old bones.
2960,neutral,Really? I hope to meet him soon.
2961,joy,I can't wait!
2962,neutral,Maybe. I'll have to ask my mother.
2963,joy,"Oh, thanks, professor Donald.this is very nice of you."
2964,joy,"Have a great day, take care, bye."
2965,joy,OK. I'll talk to you later.
2966,neutral,There ’ s no need to apologize.Forget about it.
2967,neutral,"Yes, maybe I should."
2968,joy,"Thanks, I think so too."
2969,sadness,That ’ s too bad. I ’ m sorry to hear that.
2970,joy,Why not? Sounds good to me.
2971,neutral,I prefer travel alone. I'll have a lot of time lingering at one place.
2972,neutral,Don't worry about it.
2973,neutral,Absolutely. Take my word for it.
2974,neutral,I hope you will have second thoughts.
2975,joy,That's great. Let's go!
2977,neutral,Oh. I am not his fan.
2978,neutral,I don't recall.
2980,joy,Fine. See you then.
2981,neutral,"Oh, I'm afraid all the flowers will die in the rain."
2982,neutral,"Well, I know a little Italian."
2984,joy,Why not now? I'm hungry.
2985,neutral,"Yes, but I don't like the story."
2987,joy,We can buy the popcorn before entering the cinema.
2989,neutral,"And it takes two to make an agreement too. You have no guts, I am afraid."
2990,neutral,It ’ s just a simple decorating. I just want to add my personality to my living space.
2991,joy,Certainly it is. It's worth an Academy Award.
2992,neutral,"That's a black fraternity, right? So we should see some dancing!"
2993,neutral,That sounds like an excellent offer. I might take you up on that. Thank you for the wonderful invitation.
2994,neutral,I'm tired. I need a rest.
2995,joy,OK.Thanks for asking me.
2996,joy,It was a pleasure.
2997,joy,I guess I'm glad exams are over.
2998,joy,"Yeah, I ’ ll try to do the same.So, I was wondering you wanna go out to dinner Friday night?"
2999,neutral,"you might not believe this, but I used to be twice the size than I am now!"
3000,joy,I am glad you can study something you really like!
3001,neutral,I don't know. It's still up in the air.
3002,disgust,I'm really sick of you.
3003,neutral,"Well, I have a lot of work. I'll see how it goes."
3004,neutral,She wears her heart on her sleeve.
3005,joy,"Not bad, thanks."
3006,joy,see you then!
3007,neutral,I'm sorry. I meant to ask you.
3008,neutral,I'm still just surprised you really want to do it.It doesn't seem to go with your character.
3011,joy,I think I'll stick with a more traditional choice today!
3012,joy,"that ’ s a great idea. I ’ ll search for some information on the internet. If it ’ s possible to do, the internet will have some information about it."
3013,neutral,At least we agree on that. Let's go and get a drink.
3014,neutral,Let me know when you find out.
3015,neutral,Their family is very similar to Cindy and Ron ’ s family.
3016,neutral,Never believe his words.
3017,joy,OK. Great idea!
3019,neutral,"Well, as a matter of fact, I've got a lunch date with Bob Thomas."
3020,neutral,You can say that again.
3021,neutral,Just now we both thought it would be fine.
3022,neutral,I'm still not sure whether I can recover from it.
3023,neutral,"no, should I have?"
3024,joy,Thank you very much.
3026,neutral,"If you don't know it by now, you might as well not bother studying."
3027,joy,Yes! The first time I saw her I knew we would fall in love.
3028,neutral,Begin at 9 o ’ clock sharp.
3029,neutral,"I know, I know. Well, is there some, is there someone else? Oh, that woman on television, Sydney Ann."
3030,neutral,Don't be silly! I know how to use knives and forks.
3032,neutral,I won ’ t spoil your enjoyment by telling you who won. There were a few surprises.
3033,neutral,I'd hate for you to think I was lazy in returning your money.
3034,joy,"OK, that'd be very nice."
3035,joy,You said it.
3036,joy,"Well, I really recommend Spain. You really should go. Anyway, it's been great to catch up, but I must be going, this is my floor. Speak again soon I hope."
3037,neutral,"Is says here that it ’ s a war memorial. Now, there ’ s a distinctive structure-the stomium in Brussels. See? It consists of several connected by cylinders. I believe you can go up and down inside it."
3038,neutral,I'm very sorry.sir. I'll ask the manager to take care of this.
3040,neutral,Come on. You ’ ll feel better after we hit the showers.
3041,joy,"I'll take one, too."
3042,neutral,I don't. I like the work.
3043,neutral,Let's get it back.
3044,neutral,All you need is your student identification card to check out books.
3045,neutral,"No. You see, I went back to school to get my Master ’ s Degree when I was in my thirties. You won ’ t be older than that."
3046,neutral,"I won't tell you, unless you promise to let me watch it with you."
3047,neutral,"In that case, I'm fit for the position I think."
3048,neutral,You got it.
3049,neutral,He sounds more like an artist than a businessman.
3051,neutral,I beg your pardon?
3052,neutral,"Sure. In fact, nowadays, you'll see more tourists there than Italians. There are Mafia tours nowadays that go there to eat."
3053,neutral,So I don't think you'll have a problem finding another girlfriend. There are plenty of fish in the sea!
3054,joy,"Yes, simple as it is. It does work."
3055,neutral,"I can't agree more. Okay, time is up. Let's do the last thing."
3056,neutral,Not unless you want the matinee.
3057,neutral,Fine then. Let's get started.
3058,neutral,"Thanks, dear. I feel so tired after a whole day's work."
3059,neutral,Thanks. I had learned so much from you and our colleagues.
3060,joy,Me too. Have a great day.
3061,neutral,Personally. I think that people believe they will be healed and that faith causes a change in their mind that cures them. I don ’ t think place is magical in any way.
3062,neutral,I will be there for three years.
3063,neutral,It's already half past four. We should go and pay our respects. Taylor's family will be there.
3064,joy,It's so beautiful.
3065,neutral,"You fiend. It's about the flavor, not the fix. Why don't you just crush some caffeine pills and start doing lines?"
3066,neutral,Of course the children.
3067,joy,"Ok, thank you."
3068,neutral,We'd better leave him alone.
3069,neutral,Alright. I'll have a cup of tea waiting for you.
3070,neutral,"Well, ping-pong is our national sport, and we just have to keep winning one honor after another. That's why many people think such rules acceptable. After all, they are funded out of taxpayers'money."
3071,joy,Ok. That sounds like a deal.
3072,neutral,I'll be waiting.
3073,joy,Do you feel like a king in your castle?
3074,fear,"Ar! Dad, the power went out."
3075,neutral,"Oh, that's why my parents never scold me that day. they always try to avoid tears and quarrels."
3076,surprise,I can't believe it!
3077,neutral,So am I.The doctor says she'll get over in a month.
3079,neutral,Maybe. Who knows?
3080,neutral,This situation isn't easy to handle.
3081,surprise,Gee! There's only thirty minutes to go.
3082,neutral,"No, but someone said he was in the men's room puking. Follow me!"
3083,neutral,Sure. Join my class next week.
3084,joy,"Hey, that sounds a good idea."
3085,neutral,Don't be silly.
3086,neutral,"You liar, I saw you again in the inn. I bet you don't want to work at all."
3087,joy,No. Don't be silly. I wouldn't dream of letting you do that.
3088,joy,"Oh, I think I should try to read one."
3090,neutral,She ’ s my friend ’ s ten-year-old niece. I guess there won ’ t be another wedding in this family for a long time.
3091,joy,"Yeah, you ’ re right. Can ’ t go wrong with that."
3092,neutral,My new plan is to wait for the end of the sand storm and clean my apartment.
3093,surprise,"Great! Work is really busy now, but it's fun."
3094,neutral,We'd better also leave him alone.
3095,neutral,"Cheer up, I hope you'll feel better soon."
3096,joy,Good idea. That might help.
3097,joy,That's fine. I'm looking forward to it.
3098,joy,"Oh, excellent. Why don't we talk in German for a while then?"
3099,neutral,no problem. Bob.
3100,neutral,Yes. Can you help me remember how to spell'beautiful'?
3101,neutral,I ’ m staying right where I ’ m at.
3102,neutral,Just did my best.
3103,joy,That's what friends are for.
3105,neutral,"Not for me, Dick."
3106,joy,"You're welcome, Diane. I hope you can visit us again soon."
3107,sadness,Oh. I just can ’ t forget it.
3108,neutral,I graduated from it in 2002.
3109,neutral,"Noirin, N-O-I-R-I-N, it's an Irish name."
3110,neutral,Because I've already proved it. Smoking's the easiest thing in the world to give up. I've done it hundreds of times!
3111,neutral,"No, I haven't."
3112,neutral,Maybe it can take effect.
3113,joy,Many thanks for your presence.
3114,joy,It would be a really good choice. The movie is very suitable for lovers to see together. I'm sure you won't regret it.
3115,joy,Because I don ’ t think my husband would like it. Thank you for inviting me anyway.
3116,neutral,Well. How do you know?
3117,neutral,Over my dead body you are!
3119,neutral,"Sorry, I've no idea."
3120,neutral,Of course. Cigarettes are also taxed very heavily.
3121,neutral,"That's why you should go there, If you don't dare to speak English owing to the fact that you are afraid of making mistakes, you simply will never learn English."
3122,neutral,I know. But I couldn ’ t help.
3123,neutral,Got it. I'll call you later tonight and we can talk about what to do on Saturday.
3124,neutral,"No, usually they're very busy."
3125,neutral,"Yes, ten days."
3126,neutral,Same to you.
3127,neutral,Let's just hope it doesn't get cold again.
3128,joy,OK. Let's go.
3129,surprise,I cant't believe it. You've worked here for years.
3130,neutral,He's over sixty.
3131,joy,"Thanks, that's would be lovely.You'r right, he is kind and nice looking."
3132,neutral,Oh. That helps. Thanks.
3133,neutral,I'm not at all keen on this subject.
3134,neutral,Not at all.
3135,joy,Yeah. Thanks. And have fun!
3136,joy,I'd like to. See you then.
3137,neutral,"Oh, this is over my head. It ’ s too professional."
3139,joy,I hope not.
3140,neutral,"It's ok, that's life."
3141,neutral,"No, not really.Just bring yourselves. We would like to your presence."
3143,neutral,I did... I just hope I can implement all these great ideas that we shared.
3144,neutral,Maybe he's gifted in that.
3145,anger,Crazy is too kind. Insane is more like it. Nuts! Wacko! Psycho!
3147,neutral,That ’ s alright.
3148,neutral,That reminds me. My wedding anniversary is tomorrow.
3149,joy,Sounds pretty fun. I'll come out and join you next time.
3150,neutral,But it's unfair for Jane.
3152,joy,Let ’ s do it!
3153,joy,"Yes, I know. He's really on the A-list."
3154,neutral,"One time I tried just listening, no notes, no pictures. I think I really learned more that day."
3155,joy,"That ’ s a great idea. I ’ ll search for some information on the internet. If it ’ s possible to do, the internet will have some information about it."
3156,neutral,Too bad I missed it.
3157,neutral,He sometimes really drives me crazy.
3158,joy,"And we'll have a great turkey dinner at around four o'clock. My brother and his family will be joining us. I look forward to meeting them. Well, it's late, so I'll say good night. I'll see you early tomorrow, so I can share your Christmas morning.Good night!"
3159,joy,Yes. It ’ s a lovely view.
3161,joy,"Yes, great. I am happy you are coming."
3162,neutral,"Well, I have a lot of work. I'll see how to goes."
3163,neutral,I'm here on business.
3164,neutral,"Yeah, he has no children, so he sometimes feel s very lonely. I often go to his house to play and talk with him. That makes him feel very happy."
3165,neutral,My roommate's having a party.
3166,joy,Looks like anything fun makes you excited.
3167,neutral,It is very quiet and peaceful. This is what I want.
3168,joy,Thanks. I really appreciate that.
3170,neutral,"Sure, let's go."
3171,neutral,"Anytime you have a question, please feel free to ask!"
3172,neutral,"Get a hold of yourself, Bruce. You'll get over her eventually."
3173,surprise,Really? He looks so young.
3174,neutral,"All right, It's a date."
3175,neutral,"Yes, I try to keep in touch with them."
3176,neutral,You've got no guts!
3178,neutral,You're quite right.But many Japanese learners begin with smiles on their faces and end up with tears in their eyes.
3179,neutral,Yeah. It'll be a shoppers heaven. That's the use of net in E-commerce.
3180,neutral,"Now, I am responsible for training new staff, but you keep overriding my authority by trying to pose your methods. I know you are a hotshot college graduate with something to prove. But I don ’ t like your way."
3181,neutral,"Well, I ’ m not really a spring chicken anymore. We don ’ t know what will happen."
3183,neutral,I hope my parents don ’ t try to interfere in my choice of career.
3184,neutral,"O. K., see you."
3185,joy,"Yes, and I look many pictures."
3186,neutral,Sometimes the inner beauty is more beautiful.
3187,neutral,And he's so handsome.
3189,neutral,But the most of the transoceanic cargo transportation is still carried by boat.
3190,neutral,"Really, life is so boring."
3191,neutral,"A minute, please.... Yes, this way, please."
3192,neutral,"Oh, that's why my parents never scold me that day. They always try to avoid tears and quarrels."
3193,joy,Why not? That's a good idea to help them.
3194,neutral,Ohhhhh! And I just got all my juices going!
3195,joy,I ’ d love to but I ’ m afraid I can ’ t. I ’ Ve already got a lunch engagement.
3196,neutral,Give her up.
3197,neutral,"I'm sorry. It was cruel of me. But I promise it will never happen again? Look, there's a nice restaurant. Let me take you to dinner and we can talk things over."
3198,neutral,It's a private garden.
3201,neutral,Let's go and buy one.
3202,neutral,Yeah. She married him at her mother's bidding.
3203,neutral,"I usually meet some friends and we play sports together or I might spend some time alone on my hobbies. I spend winter evening watching tv, but I spend summer evening at cultural events if I have time"
3204,neutral,"I guess so. But the music is too loud. I don ’ t mind getting out and meeting people, but next time I ’ ll do it in a park."
3206,neutral,I know what you mean.
3207,neutral,"Not for now, I think, But I believe there'll be rain, so take your raincoat with you."
3208,neutral,But the Reds keep a weak midfield. I think Juventas of Italian Series A have always maintained a very formidable midfield. It is the main source of its strength.
3209,joy,Here you go then. Have a great school year!
3210,neutral,I am dealing with the study of the architecture style of ancient Chinese buildings.
3211,neutral,I'd love to.
3213,neutral,"Well, it can't be helped. We'll just have to put up with it."
3214,neutral,"Partly, and he's also a hard working man."
3215,neutral,It ’ s beautiful but crowded.
3216,joy,I think you know that you have to make the best decision for you. Enjoy your year!
3217,neutral,Not bad at all.
3218,neutral,I'm really sick!
3219,neutral,"If you did, you probably got ripped off."
3221,disgust,You have asked me several times about it. You are driving me up the wall.
3222,neutral,"Well, I'm not sure of his name, but I know it's going to be his farewell performance."
3223,neutral,"OK. If you sign the Stars.com account before WebTracker does, we'll talk next week."
3224,neutral,"No, thanks. I ’ Ve had plenty."
3225,neutral,"Nope, sorry! Actually, Robin Williams has never won an Oscar for Best Actor--only for Best Supporting Actor!"
3226,neutral,You're not the only one with a lot to do. We are all in the same boat.
3227,neutral,"No, just bring yourself. I hope to see you there."
3228,joy,"Bottom's up, and you're right. This meal is incredible. I wish I had known this restaurant before. Thanks for bringing me here. I know I'll be back soon."
3229,neutral,that's what I am worried about. I do understand the respect attached with the gift and I am honored. But I really don't think it's proper for a student to spend a fortune on a gift for a professor.
3230,neutral,"Yes, you are right."
3231,neutral,"I have no idea. To be honest, I couldn't care less."
3233,surprise,Hey! Why don't I have any presents!
3234,joy,"Ok, let's go."
3235,joy,let ’ s go together.
3236,neutral,Call us as soon as you got home.
3237,joy,"Well, I'll try gin and tonic."
3238,neutral,Don't count on it.
3239,neutral,But that's a lot of money! Honey!
3241,neutral,"Yes, I have. I collect stamps, Chinese stamps as well as those from other countries."
3242,neutral,I hope so. Let me know how many will come. Then I will book the restaurant.
3243,neutral,I graduated and I'am working towards my next degree.
3244,neutral,"Ok, count me in."
3245,neutral,"Yes, there's that bar we passed an hour ago."
3246,neutral,Ok with me. You are the boss. I will meet you downstairs after work.
3247,surprise,70 hours? I would be dead if I worked hard like that.
3248,neutral,"Yes, that's true. Still, it's hard to believe. Yesterday our high was only 50 degrees Fahrenheit."
3249,neutral,Let me have a try.
3250,neutral,"Of course, all the workers here are able to swim, and they will come to your aid quickly."
3251,joy,Thanks a lot. You are so kind.
3252,neutral,It's ten thirty.
3253,joy,No. Thanks for reminding me.
3254,neutral,Since 911 I think every airline requires that the passengers show ID to board.
3255,neutral,But the Brazilian is tougher.
3257,neutral,I bet it's May 5th.
3258,neutral,"Yeah, I agree with you. But you know, it ’ s just one of those things."
3259,joy,Thank you. The same to you.
3260,neutral,No. Have a seat.
3261,joy,That sounds good. I ’ ll call you once I arrive.
3262,neutral,At least 20 days.
3263,neutral,"Whatever, I ’ m going next door I heard Mrs. Robinson is giving out big bags of M & Ms!"
3264,neutral,Let's do it.
3265,neutral,"Yes, probably but I may look for another one when we're settled in."
3266,neutral,It's a secret.
3267,joy,That ’ s great. But I prefer to put my money somewhere where the returns are more certain.
3268,neutral,Toss a coin to decide then.
3269,neutral,Good luck to them.
3270,joy,Ah! That sounds interesting.
3271,neutral,"It moved slowly up the stairs, step by step, and I could hear its approaching footsteps. When it finally got to the top of the stairs, I realized that it was my father in his green pajamas. He had gone to get a late night snack."
3272,neutral,That's what's hanging on my mind recently.
3273,neutral,No. I borrowed it to go shopping.
3274,neutral,No. Not now. I think I'll try to keep this one.
3275,joy,"Very well, thank you, Mr. Parker."
3276,neutral,I wonder Why.
3277,joy,"Yes, sure. Have a sweet dream!"
3278,neutral,Come on. I don't see any point in arguing about this. Everyone has a right to his own opinion.
3279,neutral,Just make sure children don ’ t play in the flower beds and destroy the flowers.
3280,surprise,Really? I ’ m surprised.
3281,joy,That's wonderful! Icing on the cake.
3282,neutral,Maybe you are right.
3284,neutral,"They are well known for high quality, that ’ s why."
3285,surprise,Really? But it's my favorite.
3286,joy,you see? You ’ re becoming more decisive already!
3287,neutral,Maybe you are right.
3288,neutral,"You know, stage fright is very normal, most people get nervous before they have to speak in front of large groups. Just prepare well, rehearse beforehand, and trust that you will be great... and you will be!"
3289,neutral,"Uh huh, that's for sure. You might find that your only career choice is teaching other graduate students."
3290,joy,Fine.We'll be expecting you.
3291,joy,I will. Merry Christmas.
3292,neutral,I have exactly the same feeling. This afternoon he explained the ins and outs of the stock market to me. He knows a lot about investments.
3293,joy,"Yes, we live a happy life together."
3294,joy,I ’ ll drink to that!
3295,neutral,You are welcome.
3296,neutral,"No way, Mary. I'm going to let you go first. I don't want the pressure of putting first."
3297,joy,"my pleasure, and have a good time!"
3298,neutral,That's true.Just hope Wendy can recover from the pain of divorce soon.
3299,neutral,yeah it is.
3300,joy,I'm looking forward to it.
3301,neutral,All right.Let's go.
3302,neutral,I feel they're dirty.
3303,joy,"Thanks, but actually I was hoping I could ask you to write my biography."
3304,neutral,"Yes, I can remember it very well that there used to be all sorts of animals and birds.But nowadays you just don't see the birds that you used to see around here."
3305,neutral,Don't make a fuss.The price is rising
3306,neutral,"No, I don't."
3308,neutral,"Because I can make many different kinds of pictures from one negative. That's more, but that saves money."
3309,joy,"Wow, you ’ Ve inspired me to do something!"
3310,joy,Thanks for the information. And good luck in your college search.
3311,neutral,She is a clever mother.
3312,neutral,thank you for reminding me. I'll continue to exercise as soon as I finish this project.
3313,neutral,How could have the heart to do that? She needs warmth and help.
3315,neutral,You are deadly right.
3317,neutral,"Thank you. I have to leave now. If you see Pamela, tell her I'll write to her."
3318,neutral,It's going to be sunny tomorrow.
3319,neutral,I don't think so. There's too much competition.
3320,joy,No problem. Bob.
3321,neutral,"Not bad, just let it go."
3322,neutral,"Well, it's one way to get through the in-betweens if you really want to grow it out!"
3323,neutral,"Well, this storm originated in the plateaus in northwest China. At the moment, that area is calmer."
3324,neutral,"Ok, I get the message. Hey, do you have any sisters?"
3325,neutral,"Unfortunately, there ’ s always the possibility of some urgent work requiring our attention."
3326,neutral,"I don't believe ads.What's more, I'm already in perfect health."
3328,neutral,Yes. some other time perhaps.Thanks again.
3331,neutral,"You forgot all of about it, didn't you?"
3333,neutral,"I can imagine! I tend to faint when I see blood, so I think I won ’ t be taking up a course like that anytime soon!"
3334,neutral,"Ok, we'll be expecting you at 11:30 then. See you then."
3335,joy,That's a good idea!
3336,neutral,"I think you lack in the power of decision. Once you make your decision, don't be overtaken by misgivings and fear. Just go full steam ahead!"
3337,surprise,"Is that true? But anyhow, it's none of our business, isn't it?"
3338,neutral,"Oh, I haven't decided what I'm going to do yet."
3339,neutral,"No, but I'll be able to tomorrow."
3340,neutral,Let's have the salesmen for a demonstration.
3341,neutral,I am just thinking of it. Maybe I ’ ll go.
3342,anger,Come on! They only do that to get even more publicity for their films and themselves.
3343,neutral,Good. I totally agree with what you did.
3344,neutral,You seem to have a large gullibility line. You believe everything that you're told.
3345,neutral,"Anyway... That ’ s all for today folks! Join us next time as we talk about & quot, How to lose a guy in 10 days & quot, I ’ m sure you ’ ll love that one Dave!"
3346,neutral,I guess so.
3347,neutral,Oh yeah! Would you please welcome... Miss Jan Brown.
3348,neutral,"Thanks, but I'm a lousy typist."
3349,neutral,I can believe that.
3350,neutral,"Sure, let ’ s just be friends."
3351,neutral,And I heard that Italian men have very active libidos.
3352,neutral,Definitely. I have to spend 300 yuan more on food every month.
3353,joy,Thank you. I just hope she won't feel pressed.
3354,joy,"No problem. In the meantime, don't try to worry so much. You'll get through this."
3355,neutral,That will solve it then. Let's work hard to not let it happen again.
3356,joy,I'd be happy to do something new.
3357,joy,"Now, how about going for a swim in the sea? We shouldn ’ t sunbathe all day."
3358,neutral,Let's look at them all.Have you got a paper there?
3359,neutral,"Thanks a lot, Brad. I've got to go before the bell rings."
3360,neutral,Yeah. She married him at her mother's bidding.
3361,neutral,No rush. You can give it back whenever you have it.
3363,joy,You're so thoughtful.Thank you.
3364,neutral,"Goodbye, and try not to miss any more school."
3365,neutral,I'm in the Personnel Department.
3366,neutral,"Yes, I can remember it very well that there used to be all sorts of animals and birds. But nowadays you just don't see the birds that you used to see around here."
3367,neutral,John is a peacemaker. He simply doesn ’ t bother. He says he should give him a free hand.
3368,neutral,"Yes, people surely can. He ’ s whiter than the Chinese kids, and his hair is a little blonde. My husband says his eyes are very Chinese though."
3369,neutral,"Well, I'm not sure of his name, but I know it's going to be his farewell performance."
3370,neutral,"Yeah, it reminds you why they say baseball is America ’ s favorite pastime."
3371,joy,Thank you for your delicious meal.
3372,neutral,You bet it.
3373,joy,"Well, I guess we're all set for another merry Christmas."
3374,joy,Congratulations! That's really something beyond my imagination.
3375,anger,"Shut up. You should think how to make fortunes, not look for a squabble."
3376,joy,Good. Where shall we meet?
3377,neutral,You can talk with him.
3378,neutral,She takes classes in accounting and business.
3379,neutral,"Well, I think I'm ready for new challenges."
3380,neutral,Well... that's a long story.
3381,neutral,"OK, dear sister, I see. This kind of thing will not happen again."
3382,joy,You are very welcome. Come back again.
3383,joy,Great. Then call me and let me know if she's free.
3384,neutral,I'm sure management is on top of it.
3385,neutral,"Yes, you do."
3386,joy,That would be wonderful. Thanks!
3387,neutral,We ’ Ve got four more games. I hope we can win all of them.
3388,neutral,I have an appointment at one fifteen.
3389,neutral,Twelve.He's very sensible for his age.
3390,neutral,You're telling me.
3391,joy,"Sure, why not? I could use a rest."
3392,joy,I hope to go there someday.
3393,neutral,"Bye, my boy."
3394,neutral,Poor old John! I am ever so sorry.
3395,neutral,Mind your own business.
3396,neutral,"that's one of the problems with having an iPod. Though an iPod might have an above average battery life, once the battery is dead, so is your iPod."
3397,neutral,I can not belive that. It must be cooked up by someone.
3398,joy,That ’ s great. Thank you so much.
3399,joy,"Me too, they're such a nice couple."
3400,joy,Wonderful. Just e-mail me the time and date and I'll be there.
3401,neutral,I don't know. I think the idea of a plant going across borders with a friend is really exciting but maybe seeds would be safer. You don't want to get her in trouble.
3402,neutral,"well, I can ’ t just image it."
3403,joy,Count me out.
3404,joy,"Have a nice day, bye!"
3406,neutral,You only need to tell me that once.
3407,neutral,"No, why should I? I don ’ t feel like it. Besides, I ’ m in such a bad mood."
3408,neutral,I will try my best.
3410,joy,"You're welcome, honey. I hope we will celebrate our golden wedding anniversary in future."
3411,neutral,"In that case, I ’ m right behind you."
3412,neutral,"to be honest, in order for the earth to continue to be a habitable place, we're all going to have to become more interested in the environment."
3413,neutral,"Me, too. I think he ’ s really a shoulder to cry on."
3414,neutral,"You'll get used to it, Mikel, trust me."
3415,neutral,You have to pay attention to trimming them from time to time.
3416,neutral,"I disagree with you. Companies usually make a workable and reasonable plan for the trainings, so as to improve new comers'understanding of the company and its rules in short time. Through the training, we get to know many things, such as the corporate culture and spirit. Our newcomers can really grasp the essence of the company"
3417,joy,"Whatever brought us together, I'm happy."
3419,neutral,"Well, as we say, the rest is history..."
3420,joy,"If it's any good, I'll buy a copy when it comes out in the pocket edition."
3421,joy,You'll have to try for yourself some day.
3422,joy,Thank you very much. I will devote all my efforts to my work.
3423,neutral,"Yeah, but I was born here!!"
3424,neutral,Here is the money.
3425,neutral,I bet AC Milan will lose.
3426,joy,"Yeah, time is money. We really need to make good use of it."
3427,neutral,"yeah, I crave my own space. i just so tired of having people around me all time."
3428,joy,I'm glad you enjoyed it.
3429,neutral,That's all right.
3431,joy,You ’ re a real friend in need.
3433,neutral,I regret to say I can't accept your suggestion.
3434,neutral,Thanks. I will ask him.
3435,neutral,"Okay... end of the first quarter... Alright, I ’ m gonna make a beer run."
3436,neutral,"Yeah, I agree with you. But you know, it's just one of those things."
3437,neutral,"OK, superman. Put on your cape, we are going to fly home."
3438,neutral,"Good for you, Leslie!"
3439,joy,"well, let me know when you can get it fixed. I ’ d love to go for a ride in it!"
3440,joy,"No, not really. Just bring yourselves. We would like to your presence."
3441,joy,"Thank you for inviting me. See you then. Bye, Tom."
3442,neutral,So have you ever been to the stamp display of the town?
3443,neutral,That doesn't sound like a good choice for today though. Let's order!
3444,neutral,Watch your language or you'll be spending the weekend in your room.
3445,neutral,"Well, both have advantages and disadvantages."
3446,neutral,I'm afraid not. Every coin has two sides. I think using internet has a great deal to do with human interaction.
3447,neutral,"There's a lot of evidence that suggest it will, but I don't think it's going to happen any time soon."
3448,neutral,"It's fun walking around them, but their displays are so good I'm tempted to buy things I don't really need."
3449,joy,"Fine today, though a bit under the weather last week."
3451,neutral,So what? I got a ninety-nine.
3452,joy,I'll appreciate it very much.
3453,neutral,You're very welcome.
3454,neutral,But sometimes summer is more charming than the other seasons.
3455,neutral,"Yes, we'll be there, come hell or high water!"
3456,neutral,"That ’ s why they often have long roots to find water spines instead of leaves, to reduce water loss."
3457,joy,"Yes, I did."
3458,neutral,"Now listen, Ben. Look, I think it ’ s a very good thing that a young man — after he ’ s done some very good work — should have a chance to relax and enjoy himself, and lie around, and drink beer and so on. But after a few weeks I believe that person should want to take some stock in himself and his situation and start to think about getting off his ass."
3460,joy,See. Great minds think alike.
3461,neutral,"Well, I don't see the point of arguing this."
3462,joy,I'm OK. I promise. Maybe you don't know that I have done with him for a long time.
3463,neutral,You are welcome. Please feel free to ask if you have any more questions.
3465,neutral,"Not at all. I see you and your family twice a week, and I enjoy seeing my own friends. I ’ m too busy to feel lonely!"
3466,neutral,"Wow, I didn ’ t know! Probably because I flunked history in school."
3467,neutral,Take my word for it.
3468,neutral,I guess using a computer has a great deal to do with human interaction. Getting in touch with each other must be more fun to your wife and my son than the coolest computer games or the hottest information.
3470,neutral,Tell me if you need help.
3471,joy,"But I must say, if it were only for the weather, I like autumn most!"
3472,neutral,"Yeah, me too."
3473,neutral,I like spring. The days are long and the nights are short. The flowers in blew. We go on picnics
3474,joy,It's very kind of you.
3475,joy,Thank you. I think I like playing it.
3476,neutral,So I stopped drinking coffee late at night instead.
3478,joy,"That's good, I'm usually more comfortable in bigger families."
3480,joy,See you later.
3481,joy,I'll be expecting you then.
3482,neutral,I feel the same way.
3483,joy,You're right! So I can listen to music while riding my motorbike!
3484,neutral,"Excuse me? Let's try to work this out, okay?"
3485,joy,Thanks a lot.
3486,neutral,"Affirmative action has given us management quotas and bans sexual discrimination, but it's still a man's world."
3487,anger,"Don't get smart with me. Here, do it again, but do it right this time."
3488,neutral,"No, thanks. I'm full."
3490,fear,"Oh no! A bear! Run, Tiger, run! Somebody call animal control!"
3491,joy,Thanks a lot. I'll tell him.
3492,neutral,Just do your best and I am sure that you will see improvement.
3494,joy,You are welcome.
3495,neutral,Not bad. But she's as busy as before.
3496,neutral,I will do.
3497,neutral,"Okay... end of the first quarter... Alright, I ’ m gonna make a beer run."
3498,neutral,"Duh... That's the point. The people in the ads are wearing what's in. Plus, there are articles on new trends..."
3499,neutral,Don ’ t you know they have had little affection for each other?
3500,neutral,It's on the tip of my tongue. I think it starts with a'B'.
3501,neutral,He's going to make the opening speech.
3502,neutral,Both the green tea and the black tea are good for our health. And I usually refresh myself with a cup of tea.
3503,neutral,Yes. I suppose so.
3505,disgust,A well-learned person never does that.
3506,neutral,They are staying at the Hilton Hotel.
3507,neutral,You can be assured of it.
3508,neutral,Uh... yeah.. of course!
3509,neutral,Someone was in the way.
3510,surprise,"Oh, dear! I'll do well I can."
3512,neutral,I am so sorry about that. It was just a slip of the tongue.
3513,surprise,"What? Are you serious? Oh, my gosh! There will be guys everywhere."
3514,neutral,Let me see it! It's so small!
3515,neutral,"Honey, please. You're the only woman for me, forever. I swear it."
3516,neutral,"You know, I like traveling. I made good use of this long vacation and enjoyed myself."
3517,neutral,"Hmm... you're right. Well, I guess'Terminator'is an exception to the rule."
3518,neutral,That kind of advertising seems to be very common with brand name products. They are always trying to maintain brand loyalty.
3519,joy,that'd be great. I'll see you then!
3520,neutral,"It moved slowly up the stairs, step by step, and I could hear its approaching footsteps. When it finally got to the top of the stairs, I realized that it was my father in his green pajamas. He had gone to get a late night snack."
3521,neutral,"Yes, you must put yourself on a diet."
3522,neutral,"You really have a big head, don't you."
3523,neutral,"Yeah, there are many English signs, and wrong spellings as many as them."
3524,neutral,I graduated and now want to get a BA.
3525,neutral,A kitten being run over by a truck.
3526,joy,"Well, you're here. And that's the main thing."
3527,joy,Great! This calls for a celebration.
3528,neutral,A new car for a start.
3529,neutral,"You'd better ask for suggestions from a career counselor, and then make a decision."
3530,neutral,Run! They are thirsty for more!
3531,joy,"Good night, sleep tight ; don ’ t let the bed bugs bite!"
3532,neutral,Yeah. I think things are worked out just fine.
3533,neutral,You're right. I'm not going to play games during school anymore.
3534,joy,Now that's a great plan. It's a date!
3535,neutral,"Me too. If we don ’ t do something soon, It might be too late."
3536,joy,Make sure and come back in a couple of weeks.
3537,joy,They ’ re nice.
3538,neutral,"You mean, you like the pictures of the beautiful models... Hello?"
3539,neutral,All right. Do what you can do now instead of twiddling your thumbs.
3540,surprise,You must be joking!
3541,neutral,Maybe it can take effect.
3542,joy,"Well, I have to write the proposal. I'm pretty excited about it."
3544,neutral,"My name is Gavin White. I was born and raised in London. After high school, I went to Edinburgh University. I worked for one year to pay for my tuition and then got my Bachelor ’ s degree there. Now I've come here to get my Master ’ s degree. I am glad to meet all of you and I hope we will become good friends."
3545,joy,Good. That ’ s something unusual.
3547,neutral,"I definitely don't want to be that! But, I still think it's unreasonable for them to ask me for such a big sum of money when we don't know each other very well. What should I do?"
3548,anger,I'll never again come to your side ; I am turn away now and can't return.
3549,neutral,"Well, I would be glad to, but I have promised Tom to see his Christmas tree, and play the piano for his song tonight."
3551,joy,Thank you for saying that.
3552,neutral,I have no idea. It was completely out of the blue.
3553,neutral,Don't you see I'm trying my best?
3554,neutral,He got a scolding.
3555,neutral,"sounds perfect. I think with all that you have in mind, you'll become a successful businessman. By then, perhaps, I'll join in as a partner of your company."
3556,neutral,What an idiot!
3557,neutral,"Me, too. I'm sure she'll do better in the next tournament."
3558,neutral,I know. And some poor guy that robs a liquor store makes $ 500 at most and ends up in jail for five to ten years.
3559,neutral,"there's a lot of evidence that suggest it will, but I don't think it's going to happen any time soon."
3560,neutral,"Oh, I see. Thank you very much."
3562,neutral,Thank you and take care.
3563,neutral,I like spring. The days are long and the night are short. The flowers are in bloom.We go on picnics.
3565,neutral,I knew you'd come around...
3566,joy,Wow! I ’ m very excited about your ceremony.
3567,neutral,Don't be addicted to the game. It's not good for your job.
3568,neutral,"Yes, I'm serious this time."
3569,neutral,I'm sorry to hear that.
3571,neutral,I don't know. My friend told me it was a touching movie.
3572,neutral,"No, I was born in Gaoxiong, I only moved to Taipei after I graduated."
3573,joy,Thanks for encouraging me. There are problems cropping up here and there. But I will overcome them one by one.
3574,neutral,Remind me never to sign up for that course.
3575,joy,It will be the best as long as the weatherman is right.
3576,neutral,That'll be great.
3577,joy,Its very helpful. The course has let me into a world of literature. I read so many great literatures.
3578,neutral,Quite sure. I mean that hair of hers and the voice of hers.
3579,neutral,I was so angry that I could not keep cool. What I need is just an apology.
3580,joy,I'm getting by OK. I heard MicroPower was going to make Zina president of their new invoking Internet division.
3581,joy,That's great. I will go hiking with you.
3582,neutral,"When I asked him to treat me like he does to my sisters, he jumped down my throat. So I took it out on him by telling him what I thought."
3583,neutral,"Yes, let me put it on the calendar."
3584,joy,Couldn't be better.
3585,joy,thanks. I'll read through it tonight and get back to you tomorrow to sign up for a course.
3586,neutral,"Why don ’ t you try then? Even if it doesn ’ t help you find an American girl, you could still have a stronger and healthier body. You won ’ t lose anything by doing that."
3589,neutral,"Oh, I don't know.It depends."
3590,neutral,"OK, you win. You pick the restaurant this time."
3591,neutral,Are you sure?
3592,joy,It's really nice of you. Thanks!
3593,neutral,"Fine, we'll be expecting you then."
3594,neutral,That ’ s your opinion not mine.
3595,neutral,"It will be a long story. We have many differences, for example, she usually puts all her clothes into washing machine. That is the sort of thing I can not bear."
3596,joy,Good luck to you.
3597,neutral,"Imagine a chef chopping vegetables on fast forward. Picture a man making a stir-fry, tossing the mixture up in the air, and then catching it, every last bit, in his work. And his culinary motto is'Enjoy the moment.'If you want to know hey theycook, visit www.StudioClassroom.com.tw for the recipe."
3598,neutral,Read it yourself and find out!
3599,neutral,"Yes, it has been conquered by many people in history."
3600,neutral,Not much better.Thank you.
3601,neutral,Come on. Cheer up!
3602,neutral,You are quite right.
3603,neutral,This weekend would be OK with me.
3604,neutral,"You really think we can make it? I don't have much faith in our ability to lower the price again. We're no match for them, the competition will beat us hands down."
3605,neutral,He told me so himself.
3606,neutral,Problems are inevitable.
3607,neutral,"You know, speaking in class is a very good chance to put your English to practical use."
3608,neutral,I guess so.
3609,neutral,"It looks best in spring, when the plum and cherry blossoms are out."
3610,joy,"Yes, I'm dating someone. Her name is Amanda."
3611,neutral,"Oh, thank you. Your skirt looks beautiful, too."
3612,neutral,But I am not that someone. I can easily talk him into doing whatever I want him to do.
3613,neutral,Serves you right.
3615,neutral,"Good that he resembled his old, quick self."
3616,joy,Wow! She's gorgeous.
3617,neutral,I usually go on holiday during the spring or the autumn. I try to go somewhere where the weather is more reliable than in my city.
3618,neutral,"So, he ’ s not a bookworm? It ’ s good that he has an outgoing personality. Some kids are very quiet and introverted. You wonder they ’ ll survive in the real world without their parents to support them."
3619,neutral,Let ’ s meet at 12:30. it will probably take us there or four hours to see all of the exhibits.
3620,joy,fine. I'll go vacuum. Let me know if you need any other help.
3622,neutral,"One of many abundant resources, I'd like to point out."
3623,neutral,"Maybe not, but I advice you to say it was your fault."
3625,joy,"Just a club soda for me, please."
3626,neutral,I ’ ll do that soon.
3627,neutral,"No, I don't, but I like pizza."
3628,neutral,Let's change the subject.
3629,neutral,"Hmm, I must be getting absent-minded."
3630,joy,"Oh, you shouldn't. But thank you very much."
3631,neutral,You try to put on a brave face.
3632,joy,"Yes, goodbye and keep in touch."
3633,neutral,"Hey, I ’ m a pretty cool guy ; I ’ ll make friends. And I ’ ll have a lot of extra-curricular activities too. You know, like fencing or theater or something."
3634,joy,Ah! That sounds interesting.
3635,neutral,"OK, I ’ ll sing San Francisco then."
3636,joy,All right. See you tomorrow.
3637,joy,Sounds cool! But that is not what a lady should do. People are easy to lose head in a night club and being drunk.
3639,neutral,"Yes, I did. He only takes side with him. He seldom asks what Dick is doing."
3640,neutral,I ’ m just going to keep going to PCC.
3641,neutral,I guess so.
3642,neutral,"Yes, we met last year at a conference."
3643,neutral,Yeah. I need to.
3644,neutral,Hmm. You ’ Ve got mail.
3645,joy,I am all set. He can come anytime.
3646,neutral,"Oh, if I hadn't moved here I would never thought of changing it."
3647,joy,I'll surely make introductions for them.
3648,neutral,It's still early.
3649,neutral,So are Copernicus and many others.
3650,neutral,"My boots? Er... Sure, ok."
3652,neutral,"I know I need to learn that myself, but I just don't have the money for it at the moment. Living at home allows me to save up some money before I started finding a place."
3653,neutral,"You know, I really must be going now or I'll be very late. Can you give me a call tomorrow an we'll decide?"
3654,neutral,"It ’ s going all right. I ’ m learning some things for the first time, but I ’ m also brushing up on some things that I already know."
3655,joy,Great! Thank you very much.
3656,joy,That ’ s great. Thank you.
3657,neutral,You are really a wet blanket.
3658,neutral,"Mr. : Yes. By the way, review today's notes this evening. We may have a small quiz tomorrow."
3660,neutral,You're right. Life isn't always like the movies.
3661,neutral,"Yes, over there to your left."
3662,joy,"Maybe he shouldn ’ t come to collage, he should become a football star."
3663,fear,Umm. I think my water just broke! Get me to a hospital!
3664,neutral,For two weeks. After that you must renew the books if you wish to keep them longer.
3665,neutral,Not too good yet. Better than I was though.
3666,joy,Your dream will come true. It's really breathtaking
3667,joy,That's a good idea!
3668,neutral,"Then, you put S in this blank."
3669,neutral,"If they could make beautiful ads, I could bear."
3670,joy,"Thank you so much, Mr Addison."
3671,neutral,Let me see.Yes. I will buy a plane for you. There is no traffic up there.
3673,neutral,"Yes, it is, but not as hot as in Beijing."
3674,neutral,Because he stayed with me all the time that night.
3675,surprise,Are you kidding? I just feel tired right now.
3676,joy,See you tomorrow.
3677,joy,"most of them are office buildings, huge department stores, and hotels but some are just private homes. New York is one of the financial centers of the words so there are lots of very expensive places."
3678,joy,"Sure, welcome anytime"
3679,neutral,"My dad was, but not my mom."
3681,neutral,Probably in a week or two. I'll let you know.
3682,neutral,Thats a clever way to escape responsibility.
3683,neutral,I hope I will meet her soon.
3684,neutral,"If you want to cross here, be my guest. I don ’ t feel like dodging cars and scooters!"
3685,joy,"Yes, please. Thank you for everything."
3687,surprise,$ 120?! Then I should go and see what I can get...
3688,neutral,Yes. I ’ m looking forward to it.
3689,joy,"I see. Well, good luck!"
3690,neutral,Yeah! Remember that one about putting light bulbs in your mouth?
3693,neutral,"Here are your keys. I ’ ll send my sister to pick up the rest of my things next week. I ’ m sorry, Tim. I wish you all the best, and I hope that one day we can meet again. I ’ ll always love you. Goodbye."
3694,neutral,"Yes, I know."
3695,neutral,Sure. You can fully enjoy your time together.
3696,neutral,We're going to that new restaurant for lunch. Would you like to join us?
3697,surprise,"Two copies? One to keep and one to cut the pictures out of, right?"
3698,neutral,"No, I might have a soup if it ’ s a cold winter day."
3699,neutral,"Yeah, that makes sense."
3700,joy,"Okay, but you are going to be my masterpiece!"
3701,neutral,This situation isn't easy to handle.
3702,joy,I ’ m so lucky. You only get a chance like this once in a blue moon! Thanks honey!
3704,neutral,"Me too. If we don ’ t do something soon, It might be too late."
3705,disgust,So you get drunk every day?
3706,joy,No wonder you always look so active.
3707,neutral,that's true.Just hope Wendy can recover from the pain of divorce soon.
3708,neutral,Yeah-all from Italy. See all the saints? They're important to Roman Catholics.
3709,joy,Definitely. I really like Italian food.
3711,neutral,I couldn't agree with you more.
3712,neutral,Now you're talking. That sounds good. What is it?
3713,neutral,He's over sixty.
3714,neutral,"I don't know... Well, maybe, you're right, but how am I going to tell her?"
3715,neutral,"Oh, let's just hope it stays warm."
3716,neutral,"No, it's just that it's a holiday. With everyone out partying, there's a lot of drunk driving."
3717,joy,My pleasure. ( It was my pleasure. )
3718,joy,"All right, see you then."
3719,neutral,OK. You can keep it as long as you need.
3720,joy,"Well then, I'll see you on Saturday. Thanks for asking me to go with you."
3721,joy,Thank you very much.
3722,neutral,Perhaps I'll agree with Mike. I couldn't stand a big wedding with many relatives and friends of my parents or my wife whom I'd never met before.
3723,neutral,"Well, just a little thin."
3724,neutral,The United Nations should have more authority.
3725,neutral,I guess so.
3726,neutral,"She a as meek as a lamb. She never goes against anyone or anything. She's as good as gold, you know?"
3727,neutral,"It gets better on Sunday, though. The storm systems move east and the skies will clear up at night. It will still be rather cool, with highs in the low 50s. The West Coast will be experiencing some"
3728,neutral,"I was born on April 15, 1986."
3729,neutral,I guess it could happen.
3730,neutral,Then I'll tell folks the food's ready. Come and get it! I've always wanted to say that!
3731,neutral,Let ’ s go downtown and pick up some fashionable clothes for you.
3732,neutral,You ’ re welcome.
3733,neutral,"Indoors activities, such as chess and gymnastics."
3734,joy,"I like that joke, but I hope it's true."
3735,neutral,You don ’ t like the dog? I promise I will never bring it with me!
3736,neutral,"It certainly was! So, what are you going to do with your windfall?"
3737,neutral,I think I just have to accept the fact that it's time for us to go our separate ways.
3738,neutral,I.. I don ’ t feel like saying it.
3739,joy,Many thanks for your present. I'm so glad you are able to come.
3740,neutral,"Oh, okay. Thanks."
3741,neutral,OK. Don ’ t let it get to you. Goodbye.
3742,neutral,I am counting on being able to get a good job.
3743,neutral,My watch stopped and I didn't know. I certainly need to buy a better one.
3744,neutral,Forget it. It was an accident.
3745,neutral,"Well, there is that, yes."
3746,neutral,"I used to work for a shipping company for six years, and I am quite familiar with some managers. Would your like to meet them?"
3747,neutral,Guangzhou. I've got a cousin there.
3748,neutral,I hope so.
3750,joy,"It ’ s a pleasure to meet you, Miss Green."
3751,neutral,"Actually, they not only had 11 nominations, but they won 11 Oscars, too!"
3752,neutral,Well I wish you luck.
3754,neutral,"But I ’ m just in it for the money, right? How else am I going to be able to afford to keep taking Angela to the movies? Besides, I love the smell of gasoline, don ’ t you?"
3755,neutral,"I hope so, too."
3756,anger,Yeah. Anyway he is driving me mad.
3757,neutral,Alright. See you later.
3758,neutral,I'd strongly recommend that you wait for a while before going swimming.
3759,neutral,That's enough. Sit down.
3760,neutral,Simply because it's not practical at all.
3761,neutral,Now I can tell you're definitely addicted to the overflow of information
3762,neutral,Not all of it.
3763,neutral,"Yeah, I'd better head for home."
3764,joy,"It is so kind of you, Dad."
3766,neutral,"You ’ re unbearable, you can walk home, I ’ m leaving."
3767,neutral,Fine. I ’ ll be ready in a minute.
3768,neutral,"No, I'm afraid not now. I'm too busy."
3769,neutral,Mr. : As soon as the bell rings after the morning announcement.
3770,neutral,It ’ s up on the second floor. You have to use the stairs. The elevator isn ’ t working.
3774,neutral,I'm feeling a little under the weather.
3775,neutral,You can ’ t imagine what he is like now.
3776,neutral,Maybe this is God's will.
3777,joy,"Yes, that's right. You have a good memory."
3778,neutral,Let me know if I can help.
3779,joy,What an idea!
3781,neutral,I know what you mean. I ’ m not only after bucks. There ’ s something more in life.
3782,neutral,It ’ s about time!
3783,joy,"Yes, great. I am happy you are coming."
3784,sadness,"Definitely, I ’ m really sorry."
3786,joy,See you then.
3787,neutral,"I'm sorry, but I've got an important job to do."
3788,neutral,You bet. You should try it yourself.
3789,joy,It was exciting!
3790,neutral,By air of course.
3791,neutral,You've got to let her know. Come on! You've got to take a chance!
3792,neutral,"If it's any good, I'll buy a copy when it comes out in the pocket edition."
3793,neutral,I don't care what other people think. I am ready for a lift.
3794,neutral,"I agree with you, but you know how old-fashioned the elders are."
3795,neutral,I'll say. The regular eighteen is just about all I can handle myself.
3796,joy,Yes. I love facing danger and overcoming it. It has become part of my life.
3797,neutral,"Don't be so happy, it is just one of my tests!"
3798,neutral,"Yeah, but he really puts blame on me."
3799,joy,Aright. I'll meet you there at one o'clock.
3800,joy,I sure will.
3801,neutral,You are something else you know that?
3802,neutral,"Well, it won't last long."
3804,neutral,I think so.Thank you.
3805,joy,We'll pick you up at your place at noon. Be there or be square!
3806,neutral,Check and double check.
3807,joy,Goodbye until then. I promise you that you'll do well after we meet.
3808,disgust,"Many people, many tastes. She looks pretty, but the way she speaks gives you goose bumps. I feel sick of it."
3809,neutral,"I don't know. In Costa Rica, I taught adults.So it was a very different thing. So I really can't compare."
3811,joy,I hear ya. Let's do it.
3812,neutral,Yes.We will need milk powder and bassinet.
3813,neutral,Of course not. We don't do that.
3814,neutral,After you've solved this problem for me.
3815,neutral,It's a promise.
3816,joy,"Yes, you are right. And I was so tired out that I fell asleep on the way back. My muscles are still stiff from the swim yesterday."
3817,joy,I'll see you later then. Have a great day!
3818,joy,Great. Let's go.
3819,neutral,A Capricorn is serious-minded and practical. She likes to do things in conventional ways. That sounds just like you!
3820,neutral,I bet nobody will care about it.
3822,neutral,"I know I was an idiot, But if there is anything I can do to make up, Please do tell me."
3823,joy,Don't mention it. That's what friends are for!
3824,neutral,I had to visit all my relatives.
3825,neutral,Not at all. We are friends.
3826,joy,"Yes, he described her to me, and she sounded like my type."
3827,neutral,I hope your grandfather will recover soon.
3828,joy,"Yes, indeed, People say he's the smartest young man."
3829,neutral,Then I'll just shut up and sit down!
3830,neutral,The thing with large countries is that often they have vast areas of land that are useless or hardly used. Russia and Canada have enormous areas of ice and forest.
3831,neutral,I ’ m afraid not. My favorite is boots-running. I don ’ t care about games.
3832,neutral,"Well, if you say so. Personally speaking, I'd rather die of thirst than drink champagne."
3834,neutral,"That's easy. If I were you, I'd date me!"
3835,neutral,"Well, nobody's perfect!"
3836,neutral,I will think about it.
3837,neutral,"You see, we still have hurdle."
3838,neutral,See you around.
3839,neutral,"Yes, it is.But it's nice in spring and fall."
3840,joy,I appreciate that.
3841,neutral,I bought it when I was on vacation in Nepal.
3842,joy,"Goodbye, then. Thanks again for everything."
3843,joy,"She was pretty, her hair was the color of rich dark chocolate, waving gently to her shoulders. Her complexion was clear and golden."
3844,neutral,"Oh, I see."
3845,joy,That's quite a compliment coming from you.
3846,neutral,Ii is distinguished for the strength of law and foreign languages studies..
3847,neutral,"Me, too. I hate to sit there and look at the same stage scenery one scene after another."
3848,neutral,But the Brazilian is tougher.
3849,neutral,He is a bootlicker. I suppose that is because he is quick on the uptake.
3850,neutral,I ’ ll pick up an application form for you at school tomorrow.
3851,joy,Yes. He was excellent. They worked well together.
3854,joy,"Being famous, I can do without, but I wouldn't mind being rich."
3855,neutral,"You're right, Sarah. I was a fool. I can't believe it. How could I fall for such a trick?"
3857,neutral,"Well, it can cause smog, which can affect people's health - especially people with breathing difficulties."
3858,neutral,Then he is really lucky.
3859,neutral,"It happens quite often, actually.Whenever there arises a dispute between the union and the executive group, the first thing they do is to call a strike. Usually it only lasts a day or two before both sides can come to an agreement and we start work again. Anyhow, it's a nice, unanticipated holiday..."
3860,neutral,I'll have to sleep on it.
3861,joy,"Ok, thank you."
3862,neutral,Are you suggesting that anyone can be?
3866,neutral,I do. I don't know what to do after I retire. I'd like to work till I drop.
3867,neutral,"well, nothing more than a jumble of photographs."
3868,joy,Thank you so much.
3869,neutral,I don't mind the work. I think it's worthwhile.
3870,joy,That ’ s just the short in the arm we need.
3871,neutral,Sorry. I take that back. I mean the copper Buddha you wanted.
3872,neutral,I have a test tomorrow.
3873,joy,I am sure I can get a 95 this time.
3874,neutral,You like to communicate with him?
3875,neutral,I am afraid not. Tomorrow is premiere.
3876,neutral,Sorry. I guess I wasn't thinking. I won't do it again.
3877,neutral,What is it?
3878,joy,It really doesn't matter at all. I never did like it anyway.
3879,neutral,So we can get down to business.
3880,neutral,"It was. Let's stick with the regular choices today, though."
3881,joy,Good idea. I ’ d be very happy to go there.
3883,neutral,"No. I just went cold turkey, and I never smoked again."
3886,joy,I've told you I'm an expert.
3887,neutral,"Yeah, it's a block away down the street."
3888,joy,"I hope so, too. Bye! Ben."
3889,neutral,You can count on me.
3890,neutral,"That ’ s not right, somebody should do something."
3891,neutral,OK. Here you are.
3892,neutral,I'm quite sure. I've always loved working with children.
3893,neutral,But Joe won't you.
3895,neutral,"Yes, because of fewer people."
3897,joy,This is really exciting movie. Lets go to this one.
3898,neutral,Give him a chance.
3899,joy,My roommate's having a party.
3900,neutral,"No, no. My playing isn't good enough for me to perform in public."
3901,joy,"No, thank you. I'm afraid I can't take in anymore."
3902,neutral,"Yes, I think you ’ re right!"
3903,neutral,"Me too. But I tell myself that if they don ’ t accept me, another school will."
3904,joy,You are welcome.
3905,joy,Great. I ’ m looking forward to it.
3906,anger,"That ’ s why it was so weird traveling from Beijing to LA! Because of the huge time difference, even though we left Beijing at noon and flew for more than eight hours, we still arrived in LA the same day at noon! It ’ s like we went back in time!"
3907,neutral,The teacher asked me to make a speech in English class and I wasn't prepared. He punished me by making me stand in front of the whole class. It was so embarrassing.
3909,neutral,He didn't make any effort. His aunt died and left him a fortune.
3910,joy,"if I were you, I'd apply for some scholarships and grants before you decide. Whatever you do, I know you'll succeed."
3911,neutral,"Thank you, but I am in a terrible mood indeed."
3912,joy,Great! I can't wait.
3914,neutral,I'm afraid not! Now this is just between you and me.
3915,neutral,"I ’ d rather you didn ’ t come immediately as I said I ’ m very busy at the moment. Come after lunch, Mark."
3916,neutral,"You really should have stayed with us, Dave."
3917,neutral,Me too. I get much more done when I am under the gun.
3918,joy,That's a good idea. You are really creative.
3919,neutral,"Ok, sounds good. But I think it's your trick."
3921,joy,I am glad I did not drive a car.
3922,neutral,"I like spring, too.We can go for a walk and enjoy the fresh air."
3923,neutral,"Mm. I've seen him a couple of times, I think."
3924,joy,Thank you so much.
3925,neutral,"Oh, I see."
3926,neutral,She ’ s my friend ’ s ten-year-old niece. I guess there won ’ t be another wedding in this family for a long time.
3928,neutral,"No, I encourage her to go her own way, but she's now having a change of heart."
3932,neutral,"I think you are absolutely right. Actually, my father proposed to my mother after knowing her only two weeks. They got married a month later."
3933,neutral,"A little distraction might do you some good, Zina."
3934,neutral,Forgive me darling. I'm very tired.
3935,neutral,"Me either, but I ’ m dealing with it anyway."
3936,joy,Come on! It is really a fun game.
3937,joy,"Yeah. Two-toned, white and yellow."
3939,joy,As long as I don ’ t have to row.
3940,disgust,But I don't think I'll ever show my liking to math.
3941,neutral,"You know, I am a waitress at the student center. Anyway now those final exams are almost over. I ’ d love a night out."
3942,neutral,now I can tell you're definitely addicted to the overflow of information.
3943,neutral,Can you bring me something? I am totally hooked on this game!
3944,neutral,"If he doesn't change his attitude toward work, I don't think a new job can make any difference."
3945,neutral,"Nobody would drive him up a wall by asking him such a question, you know."
3946,neutral,Be confident. Wear styles you ’ re going to be comfortable in.
3947,neutral,"I think as long as you try your best and don ’ t think of anything too much, everything will be all right."
3948,joy,You have no idea how proud I am of myself.
3949,joy,Ok - let ’ s do that then!
3950,joy,It's my dream.
3951,neutral,What I do is find the website of shops. Then someone from our company visits the shop and buys when they ’ re seen that the products are genuine and suitable.
3952,joy,I see. So great.
3953,joy,"It's a piano recital. I'm fond of piano, you know."
3954,joy,"Right. The city life has made us tired and out of energy, while the natural world can bring us quite new feelings."
3955,neutral,"Yeah. Love me, and love my dog."
3957,joy,that's a good idea. Let's discuss after work.
3958,neutral,You know what? I don ’ t think I can hack it here out in the countryside. I ’ m going back to the city!
3959,neutral,Your grade will not be a surprise ; you will know what you need to work on.
3960,neutral,"That ’ s why they often have long roots to find water spines instead of leaves, to reduce water loss."
3961,joy,That would be great.
3964,neutral,My boss wants me to finish this project tonight.
3965,neutral,Indeed.He's strict with himself too.
3967,neutral,I'm sure we can work something out.
3968,anger,"Oh, SHUT UP!"
3969,neutral,"well, there ’ s a wildlife documentary on tv in a few minutes. Shall we?"
3972,joy,"Well, let's take the measurements right now."
3975,neutral,"Well, take care of yourself, and don't say I didn't warn you."
3976,neutral,There must be something wrong with her.
3977,neutral,But the poll says only 15 percent say he will be remembered as an outstanding president.
3978,joy,"Absolutely! If you come to our class, I am sure you will like him."
3979,neutral,You are welcome. Please feel free to ask if you have any more questions.
3980,joy,Thanks very much. I ’ m sure it will sell well. I can ’ t wait to read it. Here ’ s my card. Thank you for you time.
3982,neutral,I like horror movies because I like to be scared.
3983,joy,"Well, I hope you have a wonderful time on your library visits!"
3984,neutral,That's right. We've been dating since last September.
3985,disgust,I'm afraid I'll feel sick at the sight of it.
3986,neutral,"I like almost all sports, and I enjoy both playing and watching. I especially like tennis and mountain climbing. I was in the climbing club all through school."
3987,neutral,Oh. I ’ m sorry to hear that. What happened?
3988,neutral,Great. Now can I check out this book?
3989,neutral,Absolutely. Now I understand why he responded that way.
3990,neutral,But he has to stick to it and to it long enough.
3991,joy,"I have to get home, but I don't need all of this fancy technology, I think I'll just walk."
3992,neutral,"Thanks, I ’ ll ask him."
3993,neutral,"Yes, I have a three-year-old son."
3995,neutral,"Well, I just think he deserves it."
3996,neutral,"It was not in the past. But from 2008, we can enjoy a three-day holiday for this festival."
3997,neutral,"Yes, over there to your left."
3998,neutral,It's much too hard for his age.
3999,neutral,That is good. He can leave you alone this time.
4000,neutral,That ’ s human nature.
4001,joy,"Thank you, Paul."
4002,anger,"Anthony, you were caught making international calls from the office phone, you called in sick in eight times this month and you smell like alcohol!"
4003,surprise,I can hardly believe it.
4004,joy,( When they are dancing ) You dance gracefully!
4005,neutral,Ok. I'll keep my promise.
4006,neutral,He was too desperate to find some other way.
4007,anger,I don't care.
4008,neutral,Well. How do you know?
4009,neutral,That ’ s enough for you to worship the ground she treats on.
4011,joy,"Yeah, she is great. I also admire her for her concern about society."
4012,neutral,"Yes, but I'll bet she won't again."
4013,joy,You ’ re welcome.
4014,neutral,It was a piece of cake.
4015,joy,So everybody's getting video mail.
4016,joy,"Sounds OK to me. I like movies. Hey, Joanna, look - there are a lot of decent-looking guys here. And the club jackets - they're really hot! I think we made the right choice!"
4017,neutral,Failure just isn't an option for her. I'm glad she's on our team.
4018,neutral,My new plan is to wait for the end of the sand storm and clean my apartment.
4019,disgust,That ’ s stupid.
4020,joy,Me too. But anyway we hope he lives happily in the future.
4021,neutral,"Oh, I'll probably just stay at home."
4022,neutral,"Also some traditional Chinese food, like noodles and dumpling are marketed in modern ways with improved food quality. I heard this year, the government has imposed very stringent inspection on the hi-gene conditions restaurants and suppliers of food are also under tighter control. For sure all the customers will benefit from this."
4024,neutral,Come on.Let's walk there.
4025,neutral,"Oh, she can make her own decisions."
4026,neutral,"Ok. People decorate their houses, place a Christmas tree in the room and maybe sing a Christmas carol together."
4027,neutral,You're right. Let's ask her to give us one more week.
4029,neutral,No. You have to buy your own. You'll have to go to a hardware store to pick one up.
4030,neutral,Are you kidding? Don had fun scaring you. He'd probably buy you dinner if we go back.
4031,neutral,"Well, maybe when I get old. But first I'll be a lawyer."
4032,neutral,I think you should give it a shot. What do you have to lose? You can always change your mind.
4033,joy,Great minds think alike.
4035,joy,"Of course, no list of film would be complete without animated movies. These are especially popular among children."
4036,neutral,"Well, it doesn't matter. I almost forgot it too if it is not for Peter who asked me about it this coming."
4037,neutral,"In that case, here, you go first."
4039,neutral,"Oh, I ’ m too lazy to play sports, and I ’ m not good at anything either. It hardly excites me."
4040,neutral,Sometimes they are too independent.
4042,neutral,That ’ s all right.
4043,neutral,Maybe I'll be the one.
4044,surprise,You must be joking!
4045,neutral,I guess I'm lending them to you...
4047,joy,"Gee, that's really nice of you."
4048,joy,Great. Talk to you then.
4049,joy,Great! I'll look forward to it. We'll make sure and check the mail for our invitation.
4050,neutral,Because everyone is trying to butter him up.
4051,neutral,"So beat the cat, but don't kill it."
4052,neutral,Because bicycles are safer.
4053,joy,I ’ Ve made up my mind not to be beaten again.
4054,joy,I agree with you.
4055,joy,"Well, then, I'll talk to you later. Have a good day!"
4056,neutral,"Ok, Miss. I hope you enjoy the rest of your dinner."
4057,joy,Now that ’ s a great idea!
4058,neutral,Definitely. It not only keeps me fit but also helps me concentrate on my soul.
4059,neutral,No way to know.
4060,joy,Of course! It's the most wonderful natural works.
4061,joy,I had a great time. It ’ ll be good to see them again.
4062,neutral,"Sure, when those never ending meetings."
4063,neutral,Twelve. He's very sensible for his age.
4064,neutral,Many people like him get a flying start but soon disappear.
4065,neutral,"And I taught him how to swim in the sea. It was fun and made him braver than before. After we returned home, he wasn't afraid to sleep alone in his bedroom."
4066,joy,"It's kind of cool, isn't it? I'm sort of like a secret agent."
4067,neutral,"You see... money doesn't equal happiness, but it takes away a lot of responsibilities."
4068,neutral,"Don ’ t worry, I can handle that. And I know if the boss is there, even it is an informal evening, it does not make a good impression to get totally drunk in front of him."
4069,neutral,Not often. Just when I make mistakes.
4070,neutral,"Well, we hit it off with each other. Nothing more, nothing much."
4071,neutral,"Sure. If people are near in blood, they might pass on some genetic disease to the next generation."
4072,joy,"Ok, I'll meet you at the club at two thirty."
4073,joy,"Yeah, falling in love is so good."
4074,neutral,The thing with large countries is that often they have vast areas of land that are useless or hardly used. Russia and Canada have enormous areas of ice and forest.
4075,neutral,"I agree. But even though I like comedies, I usually prefer more serious films. My favorite movie is "" Titanic. """
4076,neutral,I don ’ t mind if you want to.
4077,neutral,"Sure, here you go."
4078,joy,We get alone very well.
4079,neutral,It seems to me that you always do better than you say.
4080,joy,I'll put the survey online this afternoon.
4081,neutral,You got a big return for a small gift.
4083,joy,"Oh, I ’ m crazy about them."
4084,neutral,Cheer up. You have got me at least.
4085,neutral,"I'm pulling your leg, Paul. I'm a shopping queen, remember? So of course I know what a garage sale is all about!"
4086,neutral,"Generally speaking, food items are difficult to import. Food with the short shelf life is liable to spoil in the time it takes to ship from one place to another. The only food items we import are specialty canned or preserved foods. The shelf life is longer for these products."
4087,joy,I'll call the tourist information centre to check.
4088,neutral,Don't worry about it.
4089,neutral,It'll start on lst September.
4091,joy,"Have a glass of wine, Mr. Wu? And let me introduce you to some of my guests."
4093,neutral,And you'd look so cool!
4094,joy,It's very helpful. The course has let me into a new world of literature. I read so many great literatures.
4095,neutral,"Sure. Many people, including men and women, and be easily ripped off."
4096,neutral,I'm not sure whether I can pass the course or not.
4097,neutral,"It certainly was! So, what are you going to do with your windfall?"
4098,neutral,"No, everyone keeps in mind that'Don't intrude in a family dispute'."
4099,neutral,Alright. I'll have another drink.
4101,joy,"Sure. Here you are, $ 200, Thank you, please come again! Now it ’ s my turn to roll the dice."
4103,joy,What a good goal!
4104,joy,"Actually, our new math teacher is a good person. He just can't find an appropriate way to teach us."
4105,joy,You are so thoughtful.
4106,neutral,You can take No. 2 bus.
4107,neutral,Nah! This is boring! I ’ m gonna go play Killer Zombies on my PlayStation!
4108,neutral,"Wait a minute, My uncle lives in Beijing and he lives very close to theatre. I ’ Ve telephone here and ask him to go to theatre to require it. We ’ d better have breakfast now. and meet him later."
4109,joy,No way! That sounds great!
4111,neutral,Ok. Let's go right after dinner.
4112,joy,"Hey, thanks, mum."
4113,neutral,I'll make it up to you. Let me know how much it costs and I'll give you the money.
4114,joy,What an interesting family!
4116,neutral,Would you like to go with me? I ’ m afraid of the hospital.
4117,neutral,I know he really deserves this.
4118,neutral,"Oh dear. Well, get well soon and try to be more careful in future."
4119,neutral,I'd like a gin and tonic.
4120,neutral,Hmm.'You ’ Ve got mail. '
4121,surprise,"Really? I've already opened this one.Say, this is sweet, and it's just what I need to go with my new suit.Thank you ever so much."
4122,neutral,Maybe. But I ‘ d rather be spoiled than turn into a crazy guy with a long period to talk to the birds.
4123,neutral,"Come on, Brenda! Never say die."
4124,neutral,I ’ m afraid I never go for a holiday. It ’ s always business.
4125,neutral,"Maybe you are right, so I will try my best to find a suitable job."
4127,joy,"Actually, I ’ Ve eaten soup dumplings in a lovely restaurant on Nanjing Lu. They were delicious!"
4128,joy,Great! Let's make a reservation.
4129,disgust,that sounds dreadful!
4130,joy,"All right, then let's begin."
4131,joy,"OK, I will."
4132,joy,Thank you. He ’ s very lucky indeed.
4133,neutral,"No, I was born in Gaoxiong, I only moved to Taipei after I graduated."
4134,joy,Yeah! When I got my nose job I was black and blue for a week!
4135,neutral,Let's ask someone else.
4136,neutral,"Yes, and if I stay with you, we will have to walk back home to New York.Because we will lose all our money and our plane tickets too!"
4138,neutral,I'm sure of what I'm doing.
4140,neutral,It's normal. Time will change everything.
4141,neutral,"I don't think I share your view there.The writer is writing about history, society, human nature and so on.It's too hard to understand."
4142,neutral,"Oh, I ’ m too lazy to play sports, and I ’ m not good at anything either. It hardly excites me."
4143,neutral,I see. But Jane. He ’ s not worth your sorrow and you should restart your new life.
4144,joy,The early bird catches the worm.
4145,neutral,That ’ s fabulous. Thank you.
4146,joy,All right. Let me prepare the supper.
4147,neutral,"I'm afraid I know less than you do.Tell me more about her, will you?"
4148,neutral,Let's just hope it doesn't get hotter.
4149,neutral,I hope it will stay fine tomorrow. I'm going to have a picnic with my family.
4150,neutral,Sure. I'll give you mine too. Then we can call if we have to cancel for some reason.
4151,neutral,you are welcome. Come in early tomorrow and I'll show you how to do the scheduling.
4152,joy,Thank you. I appreciate the compliment.
4153,neutral,I have confidence in them.
4154,joy,I'm sure you'll enjoy yourselves.
4155,joy,"Thank you, David."
4156,joy,I am sure they will be pleased.
4157,neutral,I bet I can go one hour in your class this morning and not feel a thing.
4159,neutral,"Oh, sure. It's very stuffy in here."
4160,neutral,I have no idea.
4161,joy,"I know, but you deserve it."
4162,joy,Oh. Graham. I love you so much and I really believe in our love.
4163,joy,Perfect. I ’ ll pick you up then.
4164,joy,"Well, I just wanted to say well done. Really you did a great job."
4165,joy,I cann't wait for buying his CD now.
4166,joy,Let's go sit in the back. All the cool kids do.
4167,neutral,Poor guy! It will take him a long time to get back on his feet.
4169,neutral,I'm a student too.
4170,neutral,Maybe you would like to try this one with the willow pattern. The price is the same and it's bigger.
4171,neutral,"Thanks anyway, but I'll do it, Rebecca. Let's get the class."
4172,neutral,"Just as usual, you know."
4173,joy,"For me? The football games of course, I love football games."
4174,anger,"Oh, gag me! She's totally gross!"
4175,neutral,"Well, their team work is well worth learning."
4176,neutral,"Yes, I really don't like it."
4177,joy,"yeah, I'll call her later to patch things up."
4178,neutral,I am sorry. But I do not have any money to lend to you.
4179,neutral,That's pretty tough!
4180,neutral,I don't know about that.
4181,joy,OK. I will write to you as soon as I get there.
4182,joy,He will enjoy himself this weekend.
4183,neutral,What a pity!
4184,joy,I will sometime. Thanks for the advice.
4185,joy,"Okay, I'll give you a ring next week."
4186,neutral,It's too late.
4187,neutral,I don ’ t want to post my personal information on the internet. I ’ m not knowing who is reading it.
4188,joy,"It's called love is blind, I think."
4189,neutral,But anyhow there are many worthwhile programs.
4190,anger,It makes me sick.
4191,joy,"Great, thanks a lot."
4192,neutral,"No, the meeting will be held on the fourth floor."
4193,joy,Sounds like a plan. Let's meet in front of Tower Records at 12:00.
4195,neutral,"Sorry, the stacks are closed to undergraduate students."
4196,neutral,"No, I don't like action movies because I'm cultured!"
4197,neutral,"Sure, let's just be friends."
4199,joy,Great! You are all set to enjoy the library.
4200,joy,"Nothing, thanks. I am just not in the mood these days."
4201,joy,That's a great idea. I'm going to do the same.
4203,neutral,All right. If you really want to.
4204,joy,Bye bye! Have a pleasant journey!
4205,surprise,With snow in Kunming? That's crazy!
4206,neutral,"Well, just as long as you realize that red means no parking and white means loading and unloading, I think you know what you need to know."
4207,neutral,It's no picnic.
4208,sadness,I really don't want to know about this. Physics gives me a headache.
4209,joy,That's all right.
4210,neutral,You can rest assured that we won't disturb others anymore.
4211,joy,That's true. Having a very serious boyfriend or girlfriend can be boring.
4212,neutral,I think so.
4213,neutral,Then why don ’ t we go for a walk in the hills. It ’ d be very good for us you know.
4214,joy,Umm. yeah! Right! I got the car started! Thanks for your help! I told you to fill the tank!
4215,neutral,You can't be serious.
4216,neutral,"Yes, he was. I imagine he must be very angry with himself for that."
4217,joy,"Well, thanks for the compliment anyway!"
4218,neutral,"Well, how can I put this? France is a terrible team."
4219,sadness,"Yes, I have. But I have to wait."
4220,joy,"No, there ’ s no need. Thank you all the same."
4222,joy,Thanks a lot
4223,neutral,You ought to complain.These machine are always out of order.
4224,surprise,I cannot belive that. It must be cooked up by someone.
4225,neutral,I think I ’ d like to do that. I could take the things I learn here back to my country when I have finished my studies.
4226,neutral,"Well, then the cafeteria suits you best. But anyway, if you like to have a lunch outside the company, feel free to join me anytime."
4227,neutral,That's a secret.
4229,joy,that would be wonderful. Thanks!
4230,neutral,That ’ s what you get for working in a male-dominated field. I think you ’ ll find that most male bosses in your industry are already conditioned to treat females in this way. You probably won ’ t be able to change him.
4231,joy,"Constantly. Without doubt, and plays the lute. She has a natural ear."
4232,neutral,My boss promised to pay me double time.
4233,neutral,"Well, for city dwellers, the Spring Festival is a holiday of seven days. While in the country where traditions are still heavily emphasized, the festival lasts ten days."
4234,neutral,That's where the shoe pinches.
4235,neutral,It barks all night long.
4236,anger,"Fine, then! If that ’ s the way you feel, so be it. But you ’ re losing out on a great opportunity here. I ’ m going to go hit up Mum for the cash."
4237,neutral,Maybe it can take effect.
4240,neutral,This is going to take more time than I thought.
4241,neutral,I ’ m sorry. But I don ’ t meant to get your goat.
4242,neutral,"Only about old movies, really..."
4243,neutral,We must keep developing our economy and unite with other developing countries to fight against it.
4244,neutral,"At 2 PM, give a presentation here with the press. At four o ’ clock sharp, have dinner with Mr. Smith, manager of NCC."
4245,neutral,"I think you're right, but it does seem that there are always a few co — workers that are harder to work with than others."
4246,joy,I will. See you later.
4247,neutral,It sure is.
4248,surprise,Frightened? You must be joking.
4249,neutral,"Oh, I haven't decided what I'm going to do yet."
4250,neutral,Organic Chemistry is my specialty.
4251,neutral,I intend to stay at home for the whole seven days and have a good rest.
4253,neutral,"Yeah, I just bumped into the table."
4254,joy,"You know, I like traveling. I made good use of this long vacation and enjoyed myself."
4255,neutral,"I think Americans are pretty romantic when they are in a relationship and a lot of flirting goes on in every office. After you ’ Ve been in America for a while, you will probably see what I mean."
4256,neutral,If the weather stays nice perhaps we can go to the beach this weekend.It's been a while since I've not really gotten some sun.
4257,neutral,I am not picky on food. Just bring me the day menu.
4258,neutral,I can't bear eating less.
4259,joy,Thanks for letting me know. I feel relieved now.
4260,neutral,I know. I can't help thinking about her. She's always on my mind.
4262,joy,"Yes, it's a good habit to have a life-long hobby. Those who practise calligraphy and Qigong always live longer."
4263,neutral,That's right. The company pays for all your medical bills and there is also some financial compensation if you have to take days off to see doctors or spend time recuperating.
4264,neutral,Then you will be in line for a doom.
4265,joy,Thank you for all your help.
4266,neutral,The Redskin ’ s quarterback just threw a touchdown pass for seven points. We ’ re losing again.
4267,neutral,I see what you mean. He ’ s really cute. How old is he?
4268,neutral,Have a nice holiday!
4269,neutral,"Oh, I've no interest in such films."
4270,joy,"Yes, come on, and we will have fun."
4271,neutral,But it's only a film.
4273,neutral,"No. Actually, I'm based in Shanghai. I'm just here for the conference. So, T & D eh..."
4274,neutral,"Not anymore. Now I work nine hours a day, and I get a good sleep almost every night. No more burning the candle at both ends."
4276,neutral,"Wow, you're not kidding. Hold on a second. Hello, could you give us a hand, please?"
4277,neutral,"Oh, you've got a good memory."
4278,neutral,Now may I check this book out?
4279,joy,"Hey! I thought you weren't interested! Sorry, I've gotta go! I'm going to switch over to eBay and see if my bid is still the highest."
4280,joy,Do you mean it? I'd love to!
4281,neutral,I disagree. All you have to do is respect the staff and their opinions.
4282,joy,"There are times of games planned, should have a grand time."
4283,neutral,My guess is you can safely wear last night ’ s outfit to tonight ’ s party.
4284,joy,"Happy birthday to you! I'd really love to come, but I'm not sure right now. I'll try to make it.Thank you for your invitation."
4285,neutral,See? And I bet that's easy to do online. Everybody's anonymous.
4286,neutral,"Six are compulsory, two optional."
4287,neutral,Actually there are more non-native speakers than you think. That ’ s why it ’ s so important to quit worrying about making mistakes. Just talk to everyone every chance you get.
4288,joy,"Don ’ t be silly, John. I ’ m going with you. It ’ s necessary for me to have a holiday too."
4289,neutral,let's go shopping. You can't depend on public phones in this day and age!
4290,joy,Thank you for your advice. I ’ ll try it.
4291,joy,Good.You really know how to enjoy yourself.
4292,neutral,"Sure. He ’ ll get the bag, I think."
4293,neutral,Forget it. It was an accident.
4294,sadness,But I cannot forget him.
4295,joy,OK. Here are your robes. You can go shower first.
4296,neutral,"Well, don ’ t be late. I ’ ll see you on Friday at Helen ’ s."
4297,neutral,It was not just that. I didn ’ t like them because they never fitted me.
4298,neutral,"In the front, please."
4302,joy,It's a boy.
4303,neutral,"Find out what other companies charge for the same products or services. Price yourself near the low end. Don ’ t be much cheaper than everyone else, because many customers distrust very cheap things. They think that is must be poor quality if it ’ s that cheap."
4304,neutral,"Yes, it's great for cleaning up spills."
4305,neutral,He is out of luck.
4306,neutral,This is the perfect opportunity for Ecuador to get ahead in this match and become World Champions! He gets ready for the kick. He shoots! and he...
4307,joy,It's good to have you in the group. We can always use a good baritone!
4309,joy,Good luck. I hope you each some fish.
4310,neutral,"Actually, I haven ’ t been to the states but I have been to Canada."
4311,neutral,"Yeah, my wife likes that one, too. Personally, I prefer action movies."
4313,neutral,You're right. I will have a talk to her about that.
4314,neutral,Here's the key then.
4315,neutral,All under the precept of keeping the funding? That stinks.
4317,neutral,"The article points out that many languages have been lost and will be lost, but others will continue to be used for generation, even if English continues to be the dominant language."
4319,neutral,Call the police.
4320,joy,You are so kind. Thank you very much.
4321,neutral,"If you ask me, I have to disagree. Something shouldn't be watched for fun."
4322,joy,"OK, I will.Thank you."
4323,joy,"Thanks. If I am interested, I'll go to the library."
4324,neutral,I'm on your side. It needs to be done over.
4325,joy,Of course. Everything's so striking and fascinating.
4326,joy,"Yeah, it was scary, but exhilarating."
4328,neutral,"What are you talking about, we tried everything!"
4329,neutral,"Well, it ’ s nice to have a husband like you."
4330,joy,Goodbye. Thanks again for everything.
4332,neutral,I think there's someone at the door. Excuse me while I go and get that.
4333,joy,I hope so.
4334,surprise,Three months? Incredible!
4336,neutral,We are such weirdos right?
4338,sadness,I'm sorry. I'll ask next time.
4339,joy,Yes. Thank you for inviting me.
4340,neutral,I believe you can do a good job.
4341,neutral,I hope so.
4342,joy,Seems like it.
4344,neutral,I didn ’ t pay attention to that.
4345,neutral,April the first is coming.Be careful!
4346,neutral,"Yes, before you start your training, they will test you on your English first."
4347,neutral,"I'm so familiar with her songs, but I don't know what kind of person she is in real life."
4348,neutral,I remember now. I met him before.
4349,joy,"Oh, really? Thanks a lot... well, I still have a lot to learn, I guess."
4350,neutral,I'll have to think about it.
4352,neutral,Absolutely. Take my word for it.
4355,neutral,"I wasn't feeling too well, so I stayed at home."
4356,neutral,"No, I don ’ t really like it. It ’ s boring."
4357,joy,That's a good idea.
4358,neutral,I don't buy into that. I think it's just a fad. Pretty soon this will pass and everyone will be into wear-wolves or zombies!
4360,neutral,There's been bad blood between them since Bobbie took away John's girlfriend.
4361,sadness,I can ’ t believe it. I guess I ’ ll be here until 10 again tonight.
4362,neutral,How time flies! I'll not see twenty again.
4363,neutral,I'm afraid not.
4364,neutral,"Oh, it seems like it was just yesterday."
4365,neutral,Hope so! Good thing is that autumn is just around the corner.
4367,neutral,I ’ d rather you told her.
4368,joy,"I like spring, too.We can go for a walk and enjoy the fresh air."
4369,neutral,"You forgot all about it, didn't you?"
4371,joy,"Don't be silly, forget about it."
4372,neutral,"That's right. She is pretty, but she wants to control everything in his life."
4373,neutral,You can say that again. The government must open it ’ s eyes to the fact.
4374,neutral,Then I will simply have to invite all the Robinson ’ s over for dinner on Thursday.
4375,anger,Fine! I want a divorce!
4376,neutral,"Let me see... The weekend after next looks pretty good.Otherwise, I'm all booked up."
4377,joy,I will. Thanks for telling me.
4378,surprise,Really? I'll have a try. Maybe I will get high marks next time.
4379,neutral,"No, thank you."
4380,joy,"Oh, my god! He ’ s so perfect."
4381,sadness,I have to find something.Otherwise I have to go back to Taiwan. I'll be broke in two months.
4382,joy,Thank you so much. You're an expert.
4383,neutral,"If you need to cancel your appointment, please give me a call!"
4384,neutral,Three or four years.
4385,neutral,"Oh, yeah. I ’ m there!"
4386,neutral,So the life of a cave woman was less stressful than my life?
4387,joy,"Yeah, I know. A friend in need is a friend indeed. I don't need fair-weather friends either."
4389,joy,Let ’ s move the sofa. Can you get a grip on the bottom at that end? I ’ ll lift this end. I want to move it sideways in that direction.
4391,neutral,Come on. Give it a chance. The movie just started.
4392,joy,Thank you. Good-bye.
4393,neutral,Probably not. It's off the Internet. What difference does it make?
4394,neutral,You are very lucky.
4395,neutral,That's ok. Here is the address.
4397,neutral,Maybe there's something wrong with her.
4398,neutral,So are Copernicus and many others.
4399,anger,"Yeah, after all the explanations like, it ’ s too heavy, I was in a hurry... whatever."
4400,neutral,"Oh, please. Only once lend your new car to me."
4401,joy,So will I. Thank you.
4402,neutral,"Well, the worst of the winter should be over."
4403,neutral,"Well, that'll teach you to control your temper."
4404,neutral,I appreciate it. It is related to company image.
4406,neutral,"Remember last month when we were in Europe? Maybe Californians use that same system they add the waiter or waitress into the bill, so you don ’ t have to leave anything extra."
4407,joy,Thanks a lot. I'm most grateful.
4408,neutral,"Well I hate to tell you this Jen, but both of William's grandmothers passed away more than five years ago."
4409,neutral,"Well, anything is better than nothing. Wait and see."
4410,neutral,"It all depends. If it's rock music I'll do disco, and if it's romantic music I'll do ballet."
4411,neutral,How much? Last week I save $ 10 on food.
4412,neutral,Taylor Smith. But not me. The pallbearers are carrying out the casket. It would be rude to just leave. Let's follow.
4413,neutral,"If I told her that, she would faint and have me committed!"
4414,joy,It's interesting and I want to buy one home.
4415,neutral,That's exactly why I decided to quit the job and find a new one.
4417,disgust,And the plot is so simple.
4418,neutral,About two years now.
4419,neutral,"I'd like to, but I'm not sure if I'll have enough money."
4420,sadness,"It sure is.He has no one to turn to, very miserable indeed."
4421,neutral,"They want to travel to Europe next year, and will visit us at the same Ae."
4422,neutral,Maybe I'll have to face the music.
4424,joy,"Don't be so shy, Lucy."
4425,surprise,"Gosh, you're right! It's from some guy named Vic. I wonder who he is..."
4426,joy,Good-bye. Remember to look me up if you're ever in Washington.
4427,neutral,Yes. She lives on the next block.
4428,neutral,I will be done before they come.
4429,joy,He's diving for the gold.
4430,joy,"Yeah, it was a lot of fun."
4431,neutral,I see. I think I ’ d agree with that statement. People often seem to make the same mistakes over and over again.
4432,joy,I hope it will last fine Sorrow. I'm going to have a picnic with my family.
4433,joy,"Yeah, it was nice to meet you. Hope I run into you again sometime."
4434,joy,It deserves it. The film gave us a lot of inspiration.
4435,neutral,"Yes, people just seem to drift apart."
4436,disgust,Do you think so? I don't like it very much. I found it rather uncomfortable.
4437,neutral,I suppose you're right.He can't have remembered.
4438,neutral,But many rich guys don ’ t think they are truly happy. There is always some empty feeling deep inside them.
4439,joy,Looks like a lucky day for everyone.
4440,joy,"I will, thank you."
4441,neutral,That is easy. You can go directly to Tai'an city and buy a ticket to Mount Tai.
4442,neutral,"Stop worrying, Mary. You'll do just fine."
4444,neutral,"Nowadays, it's no difference from America. But in old times, we have traditional ways to celebrate it."
4445,surprise,"Oh, I'm shocked."
4446,joy,Thank you. Good-bye.
4448,neutral,The only thing I can do now is waiting for another chance.
4449,neutral,"As long as you don ’ t treat it better than your wife, it ’ s fine."
4450,joy,Thank you. I appreciate your help.
4451,neutral,"Well, you have three hearts — lucky in love tonight. Dress up and go on a date!"
4452,joy,he is a nice guy and very considerate. I was impressed with how smart he was and he has a great sense of humor.
4453,neutral,I only paid two dollars for mine.
4454,neutral,Can you pick me up from the airport?
4455,neutral,"Yes, that's true, but my wife found a new apartment on the Internet the other day and she wants to move right away."
4456,joy,"You deserve credit, too. I've learned so much from You."
4457,joy,I think so.Thank you.
4458,neutral,That's for sure. I feel like I'm melting.
4461,neutral,"It's straight down this road on the left, next to the museum. It takes about 10 minutes."
4462,joy,You ’ re welcome.
4463,neutral,that's right. Most of the Chinese students pursuing higher education in Australia intend to return to China.
4464,joy,Thanks a lot.
4465,neutral,"It's M, C, capital D."
4466,joy,Ok. See you tomorrow.
4468,neutral,"I like autumn, too. Where I'm from, Autumn is the best time of year."
4469,neutral,It will do.
4470,joy,no wonder you like the class so much.
4471,joy,Thank you. You save me.
4472,joy,Maybe you are right.
4473,neutral,The same as usual.
4474,neutral,"Then they also shouldn't tell us if the robber is male or female, because that is sexist."
4475,joy,"I was really sad too, but at least I can still listen to their Cds."
4476,neutral,But we still need to go back to it. Don't overdo it.
4478,surprise,"Really? Quite a woman, isn ’ t she?"
4479,neutral,Don ’ t get your hopes up.
4480,anger,"Oh, you men! You're all the same."
4481,neutral,"And they, too, want to make sure their loan is worthwhile."
4482,neutral,"No, I want to buy a car, and that's going to take every penny I've got."
4484,neutral,"Oh, the history books are dull to me."
4485,joy,"Of course! That's why I always say, Eat, drink and be Greek!"
4486,neutral,"You should've called in sick! Next time, have either of your parents call the school office."
4487,joy,Sounds exciting. I can't wait.
4488,neutral,Don't look a gift horse in the mouth! That was the best they had.
4489,joy,"Well, let's go and have something to drink instead. I know a good place. It's a little expensive, but it's fun."
4490,anger,Absolutely not! I'm not a thief.
4491,neutral,"We also have waterfalls in the mountains. They make the landscapes look very scenic. The landscape has been shapes by millions of years of erosion, especially by water."
4493,neutral,I don ’ t know.
4494,neutral,"I think Mary must be sad, because she loves her husband very much."
4495,joy,"Oh, I know. Thank you."
4496,neutral,She said that she didn ’ t want to foul her own nest.
4497,neutral,"Well. Don't forget to perform your duty next time, ok? Now, let's start our lesson."
4498,neutral,"I'm pretty satisfied with it. I can broaden my experience, learn lots of new things, and have more development opportunities."
4499,joy,While staying in love is even better.
4501,neutral,But it's none of our business.
4502,joy,"Sure, we call it doubt."
4503,joy,That ’ s not a bad idea. I brought many plenty of books and things back with me last summer. That would be great resource material. Now if I can only remember where I put them.
4504,neutral,You're right. We need more people like you in politics.
4505,neutral,"Okay, I will."
4506,neutral,I don't know.
4507,neutral,Now I remember. We met at a conference in Tokyo last year.
4508,neutral,So get prepared for everything.
4509,neutral,"I don ’ t know what other people think, but I, for one, envy only children!"
4510,neutral,"Oh, did you? That's very easy to do."
4511,neutral,"No, my wife doesn ’ t like traveling. We haven ’ t been traveling for more than ten years. The first time we traveled together was in 1978 when we just got married. We spent our honeymoon in the Alps."
4512,joy,"It looks more like a toy, or a cool briefcase!"
4513,neutral,"That ’ s possible, but I ’ m not sure it would really happen like that."
4514,neutral,It's user friendly.
4515,neutral,I understand. Thank you very much.
4517,neutral,"That's okay.If it weren't for you accountants, nobody would have the money to go skiing!"
4518,joy,It ’ s all so interesting. I ’ ll have to find more information about it on the internet. Or perhaps I should try and attend your geography class.
4519,neutral,I'll try to speak more clearly.
4520,joy,I think I'm your lucky fellow.
4521,neutral,"Yes, indeed, People say he's the smartest young man."
4522,neutral,He had better make a change.
4523,neutral,I never trust those stupid doctors.
4524,neutral,"I think you lack in the power of decision. Once you make your decision, don't be overtaken by misgivings and fear. Just go full steam ahead!"
4525,joy,"Good! Julie, if you could pass this plate down to Joe, I think we are all set."
4526,neutral,I'll stay at home and have a complete rest.
4527,neutral,"At a time like this, what she needs is a pat on the back rather than a blame."
4528,neutral,Yeah. They suit each other. A perfect match between a man and a girl.
4529,joy,So cool! Can I get a load of it?
4532,joy,"Pretty good. Actually, I'm quite busy with work. By the way, say'hello'to your husband."
4533,neutral,"Whatever, I ’ m going to go watch the opening match."
4534,neutral,I like Renaldo the most.
4535,neutral,"To drop a class, you need to do the same thing with a drop slip. Good luck!"
4536,joy,"Great. I have a good day, thanks again for the offer."
4537,neutral,"Not at all, I was totally in the dark."
4538,neutral,"Oh, I'm so sorry, Sir. I'll see what I can do about that."
4539,neutral,"As you know, my city is on the coast.the water is also not clean. But people still go swimming all year around. I prefer to sand bath on the beach when the weather is hot and sunning."
4540,neutral,"Anyway, I dislike summer here.There's too much rainfall."
4541,joy,"Thanks, that's would be lovely. You'r right, he is kind and nice looking."
4543,neutral,Sure. It's an issue asking for everyone's participation.
4544,joy,"Oh, that's great. You're serious this time."
4545,neutral,Rita. Nice to meet you.
4546,neutral,"Computers are great, aren ’ t they? I should download some program and learn how to use them."
4548,joy,Not at all!
4549,neutral,"No, it isn't very cold at that time. You'll only need some light wool clothing with somejackets and shirts."
4550,neutral,"I do have the confidence, but I still worry about her."
4551,joy,"Okay, thank you."
4552,neutral,I can if you like.
4553,joy,"I ’ m sure that will be very popular.. OK, let ’ s think about how we can put these ideas into practice."
4554,joy,Thank you. I appreciate the compliment.
4555,neutral,I'm a bank manager.
4556,joy,"It ’ s a pleasure to meet you, Miss Green."
4557,joy,That sounds great. Thanks.
4558,joy,"Thanks, Jeanine, you are a real pal. Let's go in."
4559,neutral,"Oh, why didn't you say so then? But I still think we've made a good buy."
4560,neutral,Toss a coin to decide then.
4561,neutral,"Well, I don't often use them, I wouldn't really know."
4564,joy,You are welcome. Goodbye.
4565,neutral,You can buy them at the souvenir shop near the exit.
4566,neutral,Thank you. I will.
4567,neutral,"I know doctor, thank you so much."
4568,neutral,Of course even people who don't know anything about golf know his name.
4570,neutral,"On and off, for quite a few years."
4571,neutral,"Oh, of course."
4572,neutral,So what? Things have changed.
4573,neutral,But I'd prefer to stay at home and have a good rest.
4574,neutral,"Alright, now let's be serious. Actually, you get high marks in the exam."
4575,neutral,Yes and no.
4576,joy,Ok. See you later.
4577,joy,I will. See you later.
4578,joy,You ’ re the best!
4580,neutral,"Where there are difficulties, there are ways to get over them. Hold on!"
4581,neutral,Definitely. Just hope Jenny can recover from the pain of divorce soon.
4582,neutral,Only 2 dollars and 25 cents.
4583,joy,That is fine.
4584,neutral,"Oh, I see."
4586,surprise,"Oh, really? I went to China last winter!"
4587,joy,Oh! That sounds great! How about six o'clock?
4588,neutral,That's what the weatherman said last night.
4589,joy,I won't argue with that! Let's go!
4590,joy,What a great idea.
4592,neutral,Nice to meet you too.
4593,neutral,Just let it be. Her rudeness will come back to haunt her.
4594,neutral,"Yes, almost once a week."
4595,neutral,That's true. We can not judge people by appearance.
4596,joy,So we can get down to business.
4597,neutral,I still think nobody plays for nothing.
4598,neutral,Same problem here. There's an 18 - year gap between the oldest and youngest child in my family. The last child was born just as the oldest was going to college.
4599,neutral,I don't know.It's still up in tha air.
4600,neutral,"Okay, thank you."
4601,neutral,English weather is even more predictable than I had previously thought.
4602,neutral,"Oh, no.On the contrary, there are many beautiful days, especially in the spring and fall."
4603,neutral,"Ah, ah, you promised, and remember?"
4604,neutral,Great. Let's talk over coffee.
4605,neutral,Maybe that's why he's so nice!
4606,joy,Thank you. I will.
4607,joy,"Oh, I see.Thank you."
4608,joy,His parents must feel very happy.
4609,neutral,Oh great! Does this mean that the reception is canceled?
4610,anger,"Wait, what are you doing! You can ’ t just kiss me then go for second base!"
4611,neutral,It serves her right!
4613,joy,The view is breath-taking.
4616,joy,See you soon! Bye! Egg... I can ’ t stand that woman or her obnoxious daughter.
4617,neutral,See you tomorrow night.
4620,joy,You're right! I will call him this weekend and meet him.
4621,joy,Oh! Thank you.
4622,neutral,"We can ’ t. if we went that fast, we would break the speed limit."
4625,joy,"Yes, I will have a cup of coffee."
4626,neutral,The motorcycle? But that ’ s mine!
4627,neutral,"Well, don't get bend on a ship about it."
4628,joy,Thanks for your help.
4629,neutral,When pigs fly!
4630,neutral,No. Nothing. I'm sorry.
4632,joy,I sure will.
4633,joy,Good luck to you.
4634,neutral,You are flattering me.
4635,joy,Thanks for your help.
4636,neutral,"No. You see, I went back to school to get my Master ’ s Degree when I was in my thirties. You won ’ t be older than that."
4637,neutral,"Exactly. But later on, he cares more about his career than love. Work seems to be the better all, and all for him-so much that he doesn't even grudge sparing a day out with me."
4638,neutral,She is a nurse.
4639,neutral,"Yes, actually, the song has been sung since its publication in 1932.People all over the world have sung it in many different languages."
4641,neutral,As soon as you can get here. We'll be waiting for you.
4642,neutral,I'll be back tomorrow with my work clothes and a gallon of lavender paint! You just sit back and relax!
4643,joy,"Thanks. I ’ m proud of myself, too."
4644,neutral,I'm one of them.
4645,joy,It was so perfect that it won a unanimous 10.
4646,neutral,The weather forecasters are not good at predicting the weather would be like. Our weather is so changeable.
4647,joy,Just make sure children don ’ t play in the flower beds and destroy the flowers.
4648,neutral,"Yes, let's go."
4649,neutral,"Yes, to tell you the truth. I am on the diet."
4650,joy,Goodbye. Hope to see you again next year.
4651,neutral,I prefer boxing to beef.
4652,neutral,Yeah. But he just didn ’ t listen.
4653,joy,That would be great.
4654,neutral,It's still early.
4655,joy,Do the same thing with a drop slip if you ever need to drop a class. Good luck!
4656,neutral,I think you ’ re right. There needs to be an international response to this problem.
4657,joy,"Thank you, they are beautiful."
4658,joy,Ok. I can't wait to see it. Let's go!
4659,joy,"Thank you for coming, Ms.baker."
4660,neutral,I'm just not looking forward to cleaning it!
4661,neutral,It's Greek to me.
4662,neutral,I think he ’ s the boy who just moved into my apartment building.
4663,neutral,The neighboring country is threatening their sovereignty with its nuclear bombs.
4664,neutral,It maybe worse than it seems.
4665,neutral,"Sure, he's ready to be friendly with anyone."
4666,neutral,"Well, I have to hide in the air-conditioned rooms. Anyway, it is all worth, just think about the cool evening time."
4667,neutral,I have no idea.
4668,neutral,"No, not yet. But Susan says they ’ d like to get married in November or December. Then they ’ ll go to Hawaii for their honeymoon."
4669,joy,Fine. Thank you.
4670,neutral,I don't want to miss it today.
4671,sadness,How unlucky! Let ’ s pack our bags and go home.
4672,neutral,"Oh, lots of things. Mostly training new people."
4673,neutral,That ’ s not the end. They were so good that they convinced a bystander to help them lift the motorcycle and put it in the truck.
4674,neutral,Tomorrow afternoon would be fine.
4675,neutral,"Ok, then we can sign up for it together."
4676,neutral,Leave me alone.
4677,neutral,Thank you for your help.
4678,neutral,"No, really. I'm not in the mood for it."
4679,joy,"A cup of coffee, please."
4680,joy,OK. Let's go American. Where's the nearest McDonald's?
4681,disgust,"You are right. For the past few weeks, I had no appetite and couldn ’ t sleep well. What ’ s worse my back started aching this Monday. It is time for me to take a vacation."
4682,neutral,"What does that mean, not big but fat? You didn't buy..."
4683,neutral,I'll just have water.
4685,neutral,OK. See you later.
4687,joy,That suits me fine.
4688,neutral,"Oh, I see. Fortunately government has taken some action to prevent such things."
4689,joy,That sounds fine. I'll be there around seven.
4690,neutral,I... I can ’ t breathe.
4692,neutral,"Without doubt, rock is trash."
4694,neutral,"But anyway, I'll have a try."
4695,joy,Thank you for your advice. I ’ ll try it.
4696,anger,And his story didn't even hold together. I feel such an idiot.
4697,neutral,People think it's funny.
4698,joy,Sure. I'd be very glad to be your tour guide.
4699,neutral,"In a word, gambling is a vice. We should be away from it."
4700,joy,Looking forward to meeting with you!
4701,neutral,"Hey, slow down. I'll tell you more while playing."
4702,neutral,"Sure, it'll be on next Monday."
4703,neutral,"Yes, but you have to calculate a little.You paid fifty dollars and you fell down fifty times.So you only spent one dollar per fall. That's cheap."
4704,neutral,We broke up.
4706,neutral,"Of course, I should have been more careful. I ’ m sorry."
4707,neutral,"But if the company asks, what else can we do?"
4708,neutral,Wait a moment. And you can check where other sales are.
4709,joy,That's great. I'll pick you up at eight.
4710,neutral,It ’ s really elegant and it fits you really well.
4711,neutral,"No, usually they're very busy."
4712,surprise,Are you crazy? You were cheating.
4713,joy,You're right. Thank you for the advice.
4714,neutral,I think you ’ re right!
4715,joy,That's fine. But you have to pay another $ 10.
4716,neutral,"Well, here you are. Remember to put it in a proper place."
4717,neutral,How can it be? We are a tough team as well.
4719,neutral,"Well. You know I hate walking, but I can ’ t wait to see your guys ’ video."
4720,neutral,"No, but those guys like to hit on me."
4721,neutral,"Well, uh, I'll let you decide that for yourself. He'll be here a little later. Here's our room!"
4722,joy,"Oh, my shoes pinch me. Let's find a seat and sit a while."
4723,neutral,"Nope, I ’ m canceling my appointment so that I can stay here with you."
4724,neutral,"Well spotted! I actually had it cleaned twice, because it was so dirty. The rug is new. You remember my trip to china? Well, I bought is there."
4725,neutral,Stop your nonsense! Quick. Let ’ s leave the place!
4726,neutral,"I got you. Their competitive edge lies mainly in endurance and stamina. They are creatures from the savannah, and take to running like antelopes."
4728,neutral,Not a bit.
4729,neutral,"I guess we'll either make it, or we won't."
4730,joy,That's really my pleasure to listen to a Chinese song.
4731,neutral,"Yes. I have. I liked it very much. Like you, I was very impressed with Rachel ’ s performance in the movie. She ’ s going to be a star."
4732,sadness,That's disappointing. I was really looking forward to it.
4734,neutral,I see. But I'm busy now. How about tomorrow?
4735,neutral,"I think TV is a great waste of time, so I would only have one small TV in the kitchen to watch the news in the morning."
4736,neutral,I don't believe you can make it when you meet your Mrs. Right.
4737,joy,I'll take care of taking the survey and get back to you with the answers.
4738,neutral,"I have no idea. Maybe she didn ’ t want to let us..., so..."
4739,neutral,You'll see next week. I'll come by one day at lunchtime.
4740,neutral,I'm sorry to hear that.
4741,neutral,"Actually me, too."
4742,neutral,"Me either, but I ’ m dealing with it anyway."
4743,neutral,"Yes, it ’ s a small world. We never know where we ’ ll meet someone we know."
4744,neutral,It says'Wet paint! '
4745,anger,But how guilty to waste food!
4746,neutral,Coke is fine.Thank you.
4747,surprise,A trip to China for summer vacation. Wow! What a wonderful surprise! Thank you. This is the best surprise I've ever had.
4748,neutral,I came here only a month ago.
4749,neutral,We'll go tomorrow.
4751,neutral,"But you saw how skinny and pale he looks. He has "" cancer patient "" written all over his face."
4752,neutral,"The answer is Belle Opaque. It's a Spanish movie, and the title means The Age of Beauty in English."
4754,neutral,"Thanks for the visit, Betty."
4756,neutral,Face the reality. Maybe we can find the way to make up the loss.
4757,anger,I've created a monster... you're a better bayer than me!
4758,neutral,"Sure. The main courses I took included commercial accounting, cost accounting, industrial accounting, electronic accounting, and so on."
4760,neutral,I think so.
4761,sadness,"Sorry, I'm very near sighted."
4762,neutral,"Is there anything after the meeting? In that case, would you add one plan? I want to visit our guest Mr. Ross after the meeting. Can you arrange it for me?"
4763,neutral,"Clear soup, please."
4764,joy,That ’ s all right.
4765,neutral,"Yeah, just fill out this form and choose a password. The computer will do the rest."
4766,joy,"Nice to meet you too, Mr. Zhang."
4769,neutral,That ’ s okay.
4770,neutral,"Oh, you do? You certainly have a large selection."
4771,joy,You are so kind. Thanks.
4772,joy,I'm always at your service.
4773,neutral,Yes. Please help me reserve it.
4774,neutral,"Yes, there is. See you then."
4775,joy,"No, I just read the names off the packages... Ha!"
4776,neutral,"Soup does the body good, sweetie. It's what you need when you're under the weather."
4778,neutral,Just let me sleep five more minutes.
4779,neutral,It doesn't matter.
4780,joy,You ’ re welcome.
4781,joy,That about does it. See you in a week.
4783,neutral,"Well, here you are. Remember to put it in a proper place."
4785,neutral,"No, thanks. I'd like to go straight home. I'm very tired."
4786,joy,OK. Thank you.
4787,neutral,"After that, we'll let you decide if you still want a murder, I mean motorcycle."
4788,joy,Good-bye. See you again sometime.
4789,neutral,"Yes, we do. Here is your bill and receipt."
4790,joy,"That is so nice of you. If I like the service and the training equipment, I think I well join the club."
4791,neutral,"Oh, there comes the bus."
4792,neutral,wait a minute. Let me throw on a sweater.
4793,neutral,"The accounts department, no problem. I'm just putting you through now."
4794,neutral,"I think the most important thing is the nature of the job. One should never do anything one is not interested in. To me, pleasant working conditions with co-operative staff are also important."
4796,neutral,We can take it. Just a moment... Please sign here.
4797,neutral,I want to get in touch with the Chinese Embassy because my passport was in the stolen bag.
4798,neutral,"I have excellent communication skills and I am familiar with the procedures for the last company I worked for. Besides, I am a team player and have great interpersonal skills."
4799,joy,"It ’ s a very quiet neighbourhood. There ’ s some traffic, but not much. It ’ s not very difficult to get to the city centre, but you must remember to turn left and right at the right places or you ’ ll get lost. So when are you going to drop by?"
4800,neutral,And about time too!
4801,neutral,"Ok, that's all."
4802,neutral,"Well, that sounds like it would be OK. Just be careful."
4803,joy,That sounds great. I'll bring a bottle of wine.
4804,anger,"Well, if I'm not living here anymore, then I won't have to listen to your rules."
4805,joy,"Well, I just wanted to say well done. Really you did a great job."
4806,neutral,My feelings are mixed on the issue too. By helping you I ’ m losing a valuable and trusted employee. However I think you are taking a step in the right direction.
4807,anger,Who knows! That might come to later.
4808,neutral,"These machines aren't very difficult to use. In fact, I quite like them. They are much faster than dealing with a band clerk."
4809,joy,"I know doctor, thank you so much."
4811,joy,Thank you very much. Bye.
4813,neutral,"Just relax, listen carefully to the questions, and be honest in your responses."
4814,neutral,"No, he didn't want to leave, but his wife did!"
4815,sadness,"Really, because spicy food is my favorite."
4816,joy,"That's all, thank you."
4817,neutral,"Well, your refund total is 50 dollars."
4818,neutral,"Yeah, so do I."
4819,neutral,I prefer strong.
4820,neutral,Nothing serious. The right one needs some air.
4821,neutral,Then why don ’ t we go for a walk in the hills. It ’ d be very good for us you know.
4822,neutral,OK. Let's go.
4823,neutral,"It should be around 5 working days, but different cases take different times. Sorry I can't be more precise."
4824,joy,Thank you very much.
4825,joy,Please accept this tip.
4826,neutral,"No, I want to go to the movies instead."
4827,neutral,OK.Give me his number and we'll contact him.
4828,surprise,"Gosh, Doctor. I had only three plates of ice cream.John had four."
4830,joy,You ’ re welcome.
4831,neutral,"I think TV is a great waste of time, so I would only have one small TV in the kitchen to watch the news in the morning."
4832,neutral,"Yes, they seem to be my size and go with my shirt quite well. I will take it."
4833,neutral,"Yes, I agree."
4834,neutral,"Well, you should talk with your son and let him make his own decision."
4835,neutral,"I have to say your education and experience are very outstanding, but it seems that you are not good at working in a team which we attach great importance to."
4836,neutral,"I passed college English Test Band - 4, with good skill in listening, speaking, reading and writing. I haven't got any certificate of computer skills, because I don ’ t think certificates are necessary if what's needed is merely operating a computer. I think, to know how to use a computer is more important. And I'm quite familiar with Microsoft Office"
4837,neutral,"Fine, I want to book one for overnight."
4838,joy,"Well, as the saying goes – we aim to please!"
4839,joy,Of course.You look terrific in it!
4841,neutral,Thank you very much.
4843,joy,Thank you. I ’ ll try my best.
4844,joy,"No, that ’ s perfect. We can leave directly from here."
4845,neutral,You ’ re welcome.
4846,neutral,It's summer in Sydney so you have to bring your summer wear.
4847,neutral,Sure. Why don ’ t you sit down for a minute? You haven ’ t taken a rest all morning.
4848,neutral,"Yes, it will print immediately."
4849,neutral,"Sure. Let me ring this up for you at the register. If you would like, this can be gift-wrapped for free. Just take it to the customer service department."
4851,surprise,650 Yuan! You must be kidding! I can subscribe for evening newspapers for ten years with that much!
4852,neutral,All that's left is a leg. I gave the head to Tim!
4853,neutral,One of the questions they ask you is if you were well enough to work.
4854,neutral,Let me take this up with the Director and get back to you immediately.
4855,neutral,Here is the money.
4856,neutral,Okay. I ’ ll bring them in tomorrow for sure.
4857,joy,Thank you again. I'll keep doing my best.
4858,neutral,I know how it is. Moving is very troublesome.
4859,neutral,I should have known...
4860,neutral,Yes. I hope it will remain fine all the way.
4861,joy,Sounds like you've done your homework. I think you're ready for this.
4863,neutral,"I don ’ t try to go ahead of people and lead them, I ’ d rather cooperate with everybody else and get the job done by working together."
4864,neutral,"All right, doctor. But it really hurts."
4865,neutral,"No, but I have database programming experience and network knowledge."
4866,joy,Thank you very much.
4867,neutral,The amount of English I know enables me to do general desk work. I believe what I know is sufficient to work in an American firm.
4868,neutral,"Yeah, but come on, Geoff, as if you don ’ t check Facebook at work. Look, you hired this guy, we ’ Ve invested a lot of time and money in his training, so now it ’ s up to you to coach him. Make it work, Geoff!"
4869,neutral,"No, that ’ s it. Thank you very much."
4871,neutral,"I do want to send it airmail, yes."
4872,neutral,"I see, thank you."
4873,joy,You are welcome.
4875,neutral,OK. I'll pick you up here tomorrow.
4876,neutral,"David, stop dreaming. It ’ s time to do your homework."
4877,neutral,Well. I think I will wait.
4879,neutral,Of course. Turn right at the next intersection and go straight. The post office will be on your left ( side ).
4880,neutral,"Always print clearly, and fill in the bubbles completely."
4881,neutral,"OK, sir. Here you are. There is a one-year warranty."
4883,neutral,"Yes, please. Milk and two sugar."
4885,neutral,We'll have to talk this over some more.
4887,neutral,You have to pay a fine.
4888,neutral,I see. Thank you.
4889,joy,They pay well enough.
4890,neutral,Your room number is 707. Here is your key. The bellhop will help you carry the suitcases to your room. Have a nice evening!
4891,neutral,But you're also going to have to give some attention to trade restrictions. You can get much information about environment of investment.
4892,neutral,"Okay, how about a midnight curfew? And I'll let you know where I am."
4894,neutral,"I'm sorry, sir, but we have no trainer."
4895,joy,"Thank you. Nice to meet you, too."
4897,neutral,We have a lot of Chinese restaurants in America.
4898,joy,Congratulations. You should be very proud of yourself.
4900,neutral,"I'm going to give you some advice, Jone.If this happens again, you should call the police immediately. You should try to remember everything. You should explain everything to the police."
4901,neutral,"Yes, we've got all the necessary equipment. We can give the engines a major overhaul. If there's a serious problem, we strip down the engine and find the faulty component. Would you like to look around?"
4903,neutral,Who knows! That might come to later.
4904,neutral,Your meal will be delivered as soon as it's all ready. Enjoy!
4905,joy,Mmmm. They smell nice.
4906,neutral,"Yes, that would make a good ending for your resume."
4907,neutral,Don't be too upset. It ’ s not the end of the world.
4908,neutral,"We might be getting one in the near future. But at the present time, no."
4910,joy,Good luck with that!
4911,joy,Thanks for saying so.
4912,neutral,"Ok, I have the number. Bye!"
4913,neutral,Ok. I'll keep my promise.
4914,neutral,I can ask for some advice from him.
4915,joy,"Nice to see you, too, Steven. Goodbye."
4916,neutral,I don ’ t understand. Maybe they feel they are okay and driving fast seems very cool.
4918,neutral,"Today ’ s interview is for us to get to know a little about you. And the interview will last a little bit longer. So, if you ’ re comfortable, I want to ask you some questions."
4919,neutral,"Right away, sir. She will be impressed with your local knowledge."
4921,neutral,"This is our office block. We have all the administrative department here, Sales, Accounts, Personnel, Market Research and so on."
4922,joy,"Yes, just a moment, please."
4923,joy,Thank you. It has always been my dream to be a stewardess.
4924,neutral,Thank you very much.
4925,neutral,"Come on. Let's split the difference, 15 %."
4926,neutral,I can ’ t I'm afraid. I've got another meeting scheduled for 2:30 p. m.
4928,neutral,"Of course, sir. You've made a good choice."
4930,neutral,Don ’ t mention it.
4931,neutral,Good idea. I will ask the stewardess to help me store my tripod.
4932,neutral,"Oh, I see. I'll call the manager, then."
4933,neutral,That's all right.
4934,neutral,"Be careful, the cartridge can be very hot."
4935,neutral,"Bring me the menu, please."
4936,joy,So long. Thank you for shopping here.
4937,neutral,I am really sorry for that.
4938,joy,Great – That ’ ll be big help.
4939,neutral,"Oh! It means that I'm going to take only a few clothes, so I didn't have to carry a heavy suitcase."
4940,surprise,"What are you talking about, we've tried everything!"
4941,neutral,"OK, I will take the tour."
4942,joy,No. The only thing I need to see is your driver's license.
4943,neutral,I guess working with so much money has made me rather greedy. Maybe losing my job would be a good thing!
4944,neutral,It ’ s hard to say.Just so-so.
4945,neutral,"Ever since I saw computer can do your project, I wanted to have a computer."
4946,neutral,"Ok, I ’ ll look out for it. Sorry, I can ’ t talk now."
4947,neutral,"OK, I got it."
4948,neutral,"Not a problem, Sir. Please fill in this exchange form and show me your passport."
4949,joy,I really appreciate that.
4950,surprise,"150? No, I'm not really interested in this place. It isn't big enough. It isn't near enough to my office."
4952,joy,Don't worry. Bye.
4953,neutral,That would be great. Thank you.
4954,neutral,You are welcome.
4955,neutral,"Certainly, it would be my pleasure, Mr. Smith."
4957,neutral,I'm a clerk in a shop.
4958,neutral,"Unfortunately, you'll have to go to the computer lab for your printing needs."
4959,neutral,You want to wait for the next bus?
4960,neutral,Our nurse can take good care of him.
4961,neutral,let me see...
4962,neutral,"OK, let ’ s go."
4963,joy,"How unlucky for Rikknen, and this race is over ladies and gentlemen, Alonso takes the checkered flag!"
4964,joy,They look delicious. I think she'll be pleased.
4965,neutral,"Oh, as simple as that! I shall never wait for a real person again, these machines are wonderful."
4966,neutral,"Please drive slowly, we've got lots of time. Safety first."
4967,joy,You ’ re welcome.
4968,neutral,"Yes, they were lucky."
4969,joy,"Thanks for your compliment, but there is still plenty more to learn."
4970,neutral,"Just a moment, please."
4972,joy,all right. i'll give it a try.
4973,anger,You can ’ t take me to jail! What about my sleigh? It ’ s Christmas Eve! I have presents to deliver! Rudolph! Prancer! Dancer! Get help!
4974,neutral,I was just kidding.
4975,neutral,Russian is my second foreign language and I excelled the rest of my class in Russian because my father is a Russian.
4976,neutral,"No, they didn't. The chairman said he would send a memo to all managers by the end of this week informing them of the date of the next meeting."
4977,neutral,I'll call again in thirty minutes.
4978,neutral,"You ’ d better tidy up the room now, or you ’ ll get your mum ’ s back up."
4979,neutral,"I think it ’ s because the manufactures are constantly bringing out new models. Because they know that we will buy the new models, the appliances don ’ t need to last more than five or ten year"
4981,joy,Thank you very much for your hospitality.
4982,neutral,No kidding. We've got to come up with two completely different sales pitches to suit the needs of each groups.
4984,joy,"That would be perfect, thank you."
4985,neutral,We needed larger premises so we moved to this greenfield site last year. It's nearer the motorway so it's better for transportation.
4986,neutral,It ’ s going to cost you $ 25.
4987,neutral,"Well, I guess you're out of luck."
4990,neutral,"All right, Elizabeth. But this is the last time."
4992,neutral,"Very useful advice, I will try them right now."
4993,neutral,"Yes, of course.The dressing room is over there."
4994,neutral,"oh well. You never really liked your boss anyway, did you?"
4995,neutral,I know that starting reporters work many hours. I'm very willing to take on the challenge.
4996,neutral,That ’ s fine.
4998,neutral,You are welcome.
5000,sadness,"I'm sorry, sir.The price is fixed."
5003,neutral,I am sorry.sir.We will send someone immediately.
5004,neutral,I really need more information about the job before we start to discuss salary. I'd like to postpone that decision until later.
5005,neutral,Until we meet again.
5006,neutral,We're going to put in some new furniture.
5008,joy,I like it.
5009,neutral,I will. Thank you.
5010,neutral,I'd like to have an ice cream
5011,joy,"I am ready I am going to get, let's start!"
5012,joy,Well... the beer sounds good!
5013,joy,Thank you very much.
5014,joy,"I'm very pleased. We look forward to having you here, Miss Briggs."
5015,neutral,"OK, that is reasonable. I will take it."
5016,joy,Lunch sounds great! Let's head on out!
5018,neutral,I'll have that too.
5019,neutral,"It ’ s available now, and it ’ s got a very good location. You won ’ t be far from work."
5020,neutral,"At the close of escrow, the house will be yours!"
5021,joy,I am glad you like it. Welcome next time.
5022,neutral,"OK, it's 672910."
5023,neutral,It's fine. I was heading there anyway.
5024,neutral,I ’ m on my way out now.Could you come back in an hour?
5025,joy,Thank you very much. Your food will be ready soon.
5026,neutral,"You have to fill out this form, ma'am."
5027,neutral,I ’ Ve already paved the way. You just have to give a presentation on what our products are. I will do the follow-up and close the sale.
5030,neutral,"Certainly not. The object of weigh is to surround a larger area than the opponent. In other words, each side is struggling for a greater living space by mapping out a territory on the board. Hence, chess aims to kill, while weigh is most concerned with howso survive."
5031,neutral,Yes. Of course. But what good will it do? That man's miles away from here by now. In our car.
5032,neutral,Here is the menu.
5033,neutral,Your approval would be my honor.
5034,neutral,I should have known...
5035,neutral,"Then you'll have to think of something better, Robert."
5036,neutral,"I think just 3,000 RIB will be enough."
5037,neutral,"Yes, then enter the bathroom, There is a stove tired with wood in the room, and on the top of the stove, there is a pile of stones, which keep the heat. Throw some water on the stones, and dry steam is given off."
5038,joy,OK. I'll take it.
5039,sadness,I thought they had already agreed to everything. That ’ s going to take weeks to rework.
5040,joy,"OK, sir. We are looking forward to your arrival."
5041,sadness,"Sorry, sir. We have never done that before."
5042,neutral,Thanks a lot.
5043,neutral,Thank you very much. I hope you enjoy your stay.
5044,neutral,Trust me. Everything will go well.
5045,neutral,"No, I'm fine. Thank you."
5046,joy,I'll be there.
5047,joy,You really do a good job.
5048,joy,Don't mention it.
5049,joy,Thank you very much.
5050,neutral,Can't you see the notes there? It says No smoking here.
5051,neutral,"Miss, I know he made this reservation for me."
5052,neutral,Only black coffee.
5053,anger,"I ’ m not going to put this off any longer, Casey! I want those photos ASAP!"
5054,joy,Thank you very much.
5055,joy,That's correct. Thank you very much.
5056,neutral,I'll just have this all wrapped up for you.
5057,neutral,"Yes, the shoes on that shelf are on sale now. They are much cheaper."
5058,neutral,We have just 10 days for the vacation.
5059,anger,"Oh, this one is perfect."
5060,neutral,Yes. Commission will be given on the basis of your sales revenue. And the percentage will be 2 % of your total revenue.
5061,neutral,You are supposed to check in at least one hour beforehand.
5064,neutral,"Sir, we always try to please our guests."
5065,neutral,"No, that's the cost, and that's what it's going to cost us. We can't go in the hole with this. I am giving you my best price, so take it, or leave it."
5066,neutral,"Good, I'Ve get a two-pin plug."
5067,neutral,"Maybe you are right. Well, you can talk with them."
5068,neutral,I would appreciate that.
5069,neutral,"There is, actually. If you can get your company to apply for a cheque from a bank in Shanghai, that'll speed things up no end."
5071,joy,"Ok, that would be great."
5072,neutral,No problem. Please fill in this transfer form that will authorise us to send the amount from the Securities Company to your account.
5073,neutral,Thank you very much.
5075,joy,Thank you for choosing Bruno's. We look forward to seeing you on the 2nd.
5076,neutral,No problem. Wish you a nice trip.
5077,neutral,"Yes, I did. I had a fine time."
5078,neutral,"OK, I'll take a small, for 1 year, in this branch, please."
5079,neutral,"Right. Look, why don ’ t we make a list of the problems we ’ re dealing with. It ’ ll be easier to work through them that way."
5080,neutral,"No, I enjoy travelling."
5081,neutral,Let me see. I am sorry. ZW203 is the only one to New York.
5082,neutral,I'm sorry. I forgot to show you the lid. It comes with the pan.
5083,neutral,That's good. What's the fee?
5084,neutral,Um yeah. Sorry about that.
5085,neutral,The secret is persistence.
5086,surprise,"Oh, there Isn't? Oh, no."
5088,neutral,That ’ s okay. I ’ ll call back later.
5089,neutral,"Yes, I see. We will cancel your order."
5090,joy,Fine. Now complete this form and sign your name at the bottom.
5091,joy,Not at all. Welcome again.
5092,neutral,I appreciate that.
5093,neutral,"Keep working hard, and then you will get another chance of promotion someday."
5095,neutral,Not that long ago! I ’ m not more than twenty-nine myself.
5096,neutral,"If I were you, I'd buy."
5097,joy,Thanks a lot. Good bye.
5099,joy,Thanks a lot.
5100,neutral,Down the hall. I'll show you when the interview is over.
5101,neutral,"Yes, maybe I should."
5103,neutral,"That ’ s boring. Once we were asked to watch a video on how to operate the punches, all of us seemed to fall into sleep by the end of the video."
5104,neutral,why not? I don't have anything better to do!
5105,neutral,"Take a look at this dress! Don't you think it's perfect for you, ma'am? Uh, where are you going, ma'am? Ma'am?"
5106,neutral,"We try to use as little packaging as possible. Also, all our bottles are made of recyclable plastic and we use recycled fibre in our boxes. That's what our customers want."
5108,joy,"You really have a bid head, don't you!"
5109,sadness,"I'm sorry, that's bad luck."
5110,joy,Great. Thanks for you advice!
5111,neutral,It doesn't matter.
5112,neutral,"Oh, I see. Thank you anyway."
5113,joy,Good to see you too!
5114,joy,The pleasure is mine.
5115,joy,"You, too! See you tomorrow."
5116,joy,Fine.Thank you so much.
5118,neutral,"Certainly, Sir. Via phone or Internet, any time, any place."
5119,neutral,"I ’ m sorry, Melissa. I really can ’ t today. I ’ Ve just got too much going on. Maybe tomorrow."
5120,neutral,"Frankly, some part of it I enjoy very much, but I prefer something more professional. It happens that I have a friend working here in this company. She told me the export department was to recruit an assistant. I felt very excited at this news. That's why I'm here."
5121,neutral,6:30. My room number is 305.
5122,neutral,We're here all night long if you need anything.
5123,neutral,"yeah, wear formal clothes to your interview and do be punctual. That'll leave your interviewers with a good first impression."
5124,sadness,"It's just too bad. I have to leave it as it is, and thank you just the same."
5125,neutral,That's 10 dollars.
5126,joy,"Sure, I'll be back in a minute."
5127,neutral,"I have had an incredible boss, who was my direct supervisor during the last year of my coop work experience. A-bout two months after I began working for her, she really let me spread my wings. She encouraged me to work independently, because she said she had come to trust my judgment and commitment. So I was able to move forward on projects without having to check in with her every day. Of course, I made certain that she knew what I had accomplished on a daily and weekly basis because I gave her summary reports, although she didn't specifically ask me to. Without her support and encouragement, I don't think I would have felt confident enough to have written up a proposal suggesting that the department change a process that had been in place for a long time. But she was open to suggestions, so long as employees could back them up with research and facts. When I submitted my suggestion, she reviewed it and told me where she thought it needed more work. She then took my revised proposal to her boss. He was a more conservative type, but she lobbied him to try It for several weeks. He did, and it was so successful that it was instituted as a permanent change. I've also worked for some very difficult bosses in summer and part-time jobs. And while I'd certainly prefer to work for one like I've just described, I'm the kind of person who can get along with just about anyone."
5128,joy,"I'm glad you enjoyed the city, anyway. But please don't think too unkindly of us."
5129,neutral,I ’ m not too worried about it. I always seem to find something.
5130,neutral,I left the job because of expiry of my employment contract. Besides I have accumulated a lot of experience in this sort of job. I want to seek better jobs.
5131,neutral,Well-endowed? Don't worry. I have some bras with bigger cup sizes in the back.
5132,neutral,I'm off today.
5133,joy,I'm glad to hear that. I think it's the nicest city in the United States.
5134,sadness,This is a pity!
5135,neutral,"Surely, of course."
5136,neutral,"Right this way, Mr. Mason. We can start with our front office. When Ms. Terry is ready, you may take the elevator at the front to the 6th floor.There is a conference room already prepared."
5137,neutral,"That's just what I need, sometimes I'm pretty forgetful."
5138,neutral,See you then.
5139,neutral,"Yes, you can see every test for the past five years. You can compare them."
5142,joy,"I know. It's going to save me a lot of money, I hope."
5143,neutral,"No problem. Bye, bye."
5144,neutral,"Oh, that's very kind of you. Thank you very much. I've got to go."
5145,neutral,Here is the money.
5146,neutral,Yeah. I just got here a couple of days ago. How about you?
5147,neutral,The place is OK. Let's go there and have a look at it again.
5148,surprise,You do? Who?
5149,neutral,Just so so.There are no exciting things for me.
5151,neutral,"Where exactly have you been working, please?"
5152,joy,Thanks. I know things are going to be better.
5153,neutral,"OK, I'd like to purchase 500 US dollars worth of Traveller's Cheques, please."
5154,neutral,"Ha, ha! Those days are long gone."
5155,neutral,Yes. I wrote a thesis entitled On Interpersonal Relations in the Socialist Market Economy and it was published in China Daily.
5156,joy,"Don't worry about it, but thank you very much."
5158,neutral,Here you go.
5159,neutral,OK. I am going right now.
5160,joy,Thank you so much.
5162,neutral,"Wait a moment, Mick. You haven't... Mick? Are you still there? You haven'tgiven me your new address. Hello? Mick? Hello?"
5163,neutral,That ’ s great. But I prefer to put my money somewhere where the returns are more certain.
5164,neutral,You can ask Frank and Cathy to help you.
5165,anger,I'm going out anyway. Get out of my way.
5166,joy,Thanks for your help.
5167,neutral,"OK, we will send a repairman to your room right now."
5168,joy,Thanks your flatter.
5170,joy,That's great. Thank you very much.
5171,neutral,I'll have a double whiskey on the rocks.
5172,joy,Fantastic! I ’ ll be there!
5173,neutral,"Yes, it is."
5174,neutral,"That's so true. When you have a taste for success, you can't let dishonest people like your manager get in the way."
5175,neutral,I wouldn ’ t do that if I were you. There is a severe penalty if you get caught making false statements.
5176,neutral,"Yeah. I turned around and started to move out. Just then, she yelped behind my back,'all right, all right! I may sacrifice a little. Let's fix it sixty-five! Can't be cheaper. '"
5177,anger,"Look, traffic jam again!"
5178,neutral,We'll be ready to order by the time you get back!
5179,neutral,I am glad you let me know that you will be missing class. Get well!
5180,joy,Hello. I ’ m calling about the one bedroom in Lincoln Park. Could I take a look at it? Yes. Tonight at six is fine. Thanks.
5181,neutral,But it is not the right time.
5184,joy,"I like the apartment, Mr.Sellers. You can show me the lease."
5185,neutral,"I want to work in the English Department, as I am an English major."
5188,neutral,"Yes, everything will be cleared."
5189,sadness,This is a pity!
5190,neutral,"OK, I'll take one."
5191,neutral,"All right, doctor. But it really hurts."
5192,neutral,I don ’ t think that it will take as long as the response to the first offer.
5193,joy,That ’ s great news!
5194,joy,OK. We will e-mail you all the information you need tomorrow. Have a good day!
5195,joy,Thank you. You'Ve been very helpful.
5196,joy,I'm glad that the little problem didn't ruin your visit. Please have a pleasant trip home.
5197,joy,Thanks a lot.
5198,neutral,I agree. We will leave $ 3.60 for the tip.
5200,neutral,"Well, wait a minute."
5201,neutral,Working hard and being frugal are both virtues. I strive to practise these two virtues in my life.
5202,sadness,I can ’ t believe it. I guess I ’ ll be here until 10 again tonight.
5203,neutral,"It should work, but let me know if it doesn't."
5204,neutral,"I haven ’ t ever tried that, but it sounds like a good idea."
5205,joy,"Thanks, I'll keep that in mind."
5206,joy,That's good thinking.
5207,neutral,"Yes, please, thank you."
5208,neutral,"Be patient for just a few minutes, sir, and someone will be at your door."
5209,neutral,"It ’ s my pleasure, Madam."
5210,neutral,You said it.
5211,neutral,Make it two.
5212,neutral,"For one year, that's what I usually do. Better interest, you know."
5213,neutral,"Fine, Mr. Tan. I ’ ll see you then."
5214,joy,That's very kind of you.
5215,neutral,Thank you.Would you hang up and wait?
5216,joy,That will be my pleasure.
5217,neutral,"ok, let's go."
5218,neutral,I try to adapt myself.
5219,neutral,We can only go fast on the motor ways if there isn ’ t much traffic. I think we should allow ourselves plenty of time to get there. Being early is much better than being late.
5220,neutral,"Yes, blue Cheese please."
5221,neutral,"It ’ s a very important experience for me. First, it improved my organizing ability, and let me understand how to resolve a problem in the overall perspective instead of my own perspective. Second, it let me know how to cooperate in harmony with people who I like or dislike."
5222,neutral,My title was Project Manager. There were almost 100 people under my supervision.
5223,neutral,That's very honest of you. Rest assured that this hotel will have no insects next time.
5224,neutral,"that is to say, most IT professionals can get a pay rise more easily by changing a job than waiting for a rise. I'm wondering why IT companies are always willing to pay more to new employees instead"
5226,neutral,"Ok, here you are."
5227,neutral,"Oh, it is not so expensive. It only costs me 280 dollars."
5228,neutral,I think so.We certainly don't want a hijack to happen on the plane today.
5229,joy,I'm sure your wife will love them.
5230,joy,Good boy. I can only imagine how happy she will be to see you.
5232,neutral,"No, from here I think it's only about 5 dollars."
5233,neutral,"That's a good idea. All right, I ’ ll withdraw and get down to it if you don't mind."
5234,neutral,"Oh, I remember. It was about 10 o'clock. When I was about to go to bed, suddenly I heard help outside."
5235,neutral,I work at Yangshi Trade Company Ltd. I have been working there since 1997.
5236,neutral,"Well, we don't have a printer in the lobby yet. You'll have to use the lab."
5237,neutral,Anything is worth a try. But right now I really just want to find a quiet place to take a nap.
5238,neutral,"OK, it's no anything. Do what you should do."
5239,joy,We have great confidence in you.
5240,neutral,"Alright, we are waiting for you at 7."
5241,neutral,It would be better if you watched out for yourself. I might forget.
5242,neutral,"Well, I approach things very enthusiastically, I think, and I don't like to leave something half-done. It makes me nervous-I can't concentrate on something else until the first thing is finished."
5243,neutral,Knock yourself out.
5244,neutral,"All right, but would you be so kind as to make up your mind soon? We're very busy just now as you can see, sir."
5245,neutral,"Well, it still hasn ’ t reached its destination. I wonder if you could track it down for us. Mr. Reynolds is a bit concerned."
5246,neutral,"Oh, that's pitiful."
5247,neutral,I will. Enjoy your meeting!
5248,neutral,I'm scheduled to fly out on the tenth.
5250,neutral,I like photography very much. I used to be awarded second prize in a photography contest at our university.
5251,surprise,"Wait, what are you doing! You can ’ t just kiss me then go for second base!"
5253,joy,Sure. The fitting room is in the corner.
5254,neutral,Maybe that's true. I don't know.But I'm sure in Taiwan you have prescriptions too.
5255,neutral,"To a disco? Oh, no. You know I hate it."
5256,joy,"OK, here you are."
5257,neutral,"After all, I'm somewhat conservative."
5258,joy,"OK. Bingo! We win. Give me five, Mom."
5259,neutral,"It's not on this platform. These trains are uptown and downtown, not crosstown. You have to go up these stairs over there."
5260,neutral,"I wish I could tell you yes, but no, there isn't."
5261,neutral,Yes please. And I ’ d like to be able to make video calls too.
5263,neutral,"Yes, the mass media has wider influence. One of my classmates works in an advertisement company. I can get help and inspiration from him. And we can also try some less expensive approaches of advertising, such as on-line sales. Personally, I prefer to the on-line sales, for it is cheaper, faster and wider."
5264,neutral,Sure. Wait a moment.
5265,neutral,That should work. I ’ ll see you tomorrow when you return to work.
5266,neutral,Next left then right? OK.
5267,joy,All right. I ’ m glad I could clarify things for you.
5268,neutral,This one is the same size and color. But the design is different.
5269,joy,That ’ s wonderful! You must be really proud of him!
5270,joy,Come and see me again in a month's time. I think you'll be a different man!
5271,neutral,Thank you very much. Mr. Roberts.
5272,neutral,"Goodbye, Randy. Take care."
5274,neutral,"With a Type B Account, it cannot be directly involved in any transaction and it cannot be applied to any external withdrawal service."
5275,neutral,"Oh, it ’ s been uh... fifteen minutes."
5277,neutral,"Well, the only thing you can do is pay the fee to recover your service."
5279,joy,That sounds great. Give me a call next time you guys play.
5280,neutral,I'm going to refund your money right now.
5282,neutral,I never did like this MP4 anyway. I won't hear of it.
5283,neutral,"Well, he has an amazing ability to analyze information and he is very good at making the right decision in tough situations."
5284,joy,Ok by me.
5285,neutral,"I'm sure it's nothing serious, probably just a minor fault. I'll have a look at it."
5286,fear,OK! I'll call security.
5287,neutral,That ’ s right. I ’ ll be in the baggage area.
5289,neutral,"A blood test and during test. You can come back next week, say 4 pm to see the results."
5290,joy,Wow! A third more? Very good.
5291,neutral,No. I'm still single.
5293,joy,You are in luck. The traffic is not heavy today.
5294,joy,Yes. We can make great efforts to make it become true as long as we have a clear goal.
5295,sadness,All right. Just give me the ticket.
5296,neutral,"No problem, just get rid of the bugs!"
5297,neutral,terrorist acts are deliberate and deadly and can affect every walk of life.
5298,neutral,"Ok, sign here."
5299,neutral,"I ’ m sorry, Ms. Gray. I must have lost track of the time. I ’ ll get back to work, now."
5300,neutral,"Even if it doesn't work, it's a beautiful collectible."
5301,neutral,I really don't know what to buy.
5302,neutral,Let's give it a shot!
5303,joy,Thank you just the same.
5304,neutral,No. Go to bed right now.
5306,neutral,I understand that.
5307,joy,"Yes, therefore they are expanding the scope of their service. For example, hotels can be booked through the same site as well."
5308,neutral,Thank you. We'll bring the receipt up to your room when we get it.
5309,neutral,Yes. Thank you very much. Mr. Yang.
5310,neutral,"Oh, I see."
5311,joy,"oath... that makes so much more sense! Ha-ha. Well, great, I don't like German food anyway!"
5313,joy,That sounds great. Give me a call next time you guys play.
5314,neutral,Then you'll need small change.
5315,neutral,"Oh, dear! I'll do whatever I can."
5316,neutral,It ’ s going to be $ 25.
5317,joy,"Yes, he sings wonderfully."
5318,joy,"Thanks. And of course, could you fill in the exchange form?"
5320,neutral,"Thank you. Mr. A, and I certainly hope the answer will be favorable. Goodbye."
5321,joy,"Good idea, let's shop to we drop!"
5323,neutral,"No, I'll send a larger vehicle to pick you up."
5324,neutral,"Last time I tried a pin curl perm and a foam permanent. Set the wave a little looser than usual, please."
5325,neutral,"Yes, it will print immediately."
5326,neutral,I'm here if you need any more help.
5327,joy,It's reasonable. Here you are.
5329,joy,That ’ s a good idea. I ’ m really looking forward to redoing my bedroom.
5330,neutral,Okay. I'll write up the paperwork.
5331,joy,"That'll be $ 4.25... ( The customer gives her a 5 dollar bill. )... out of five. Here is your change, sir. Have a nice day."
5332,neutral,"Well, if you say so. Personally speaking, I ’ d rather die of thirst than drink champagne."
5333,neutral,For sure another day.
5334,neutral,"Oh, all right. I need some new shirts, too. Let ’ s go after breakfast."
5335,joy,"Oh good, come in, please."
5336,joy,You are so lucky! Send me a postcard!
5337,joy,"Oh, that's quite convenient. Thank you."
5338,joy,Excellent. I'll start practicing my dance moves.
5339,neutral,I will pay with cash.
5340,neutral,"Yes, of course. In accounting, cash means all items that are acceptable for depositing in a bank."
5341,neutral,"Sir, we never want a guest to stay here mad or unhappy."
5342,neutral,"Well, a working relationship. I think a company is a place to get work done. Certainly friendly, open relationships among all company employees is important. But I think an employee should be serious about his or her work responsibilities and have a working relationship with the boss."
5343,neutral,The man with his hair cropped.
5344,neutral,"You can discover interviewer's eyes because they can show his thoughts, and can judge whether he is interested in your words by his gesture and mien."
5345,neutral,that ’ s not a problem. It ’ s unnecessary for this position.
5346,neutral,"I see.OK, that's agreed then."
5347,neutral,I suppose so. That's probably why there are so many wonderful coffee houses in China now.
5348,joy,You should. I know you'll like it.
5349,neutral,"Don't worry, James. We'll get this case worked out in no time."
5351,neutral,"Certainly. As my colleague just mentioned, sustainability is a major concern when examining the potential output of a resource. Of course, as you can see from the content of our presentation today, with renewable resource, there is a much larger sustainability than with non-renewable resource."
5353,neutral,It's on the third floor. Turn left when you get off the escalator.
5354,neutral,I think I might go and find me my own pair of Chucks.
5355,joy,I appreciate you bringing the wine. It goes well with the chicken.
5356,neutral,"Of course, we will, sir."
5357,neutral,"A lot of people do. I'll try it for a while anyway, but I certainly don't want to pay a lot of parking tickets."
5358,neutral,"Yes, it's OK."
5359,neutral,You ’ re welcome. I hope your wife is feeling better soon.
5360,joy,"Hey! That “ stuff ” is my grandma's cooking, and it's good!"
5362,neutral,"Very well sir, welcome to the United States, enjoy your visit."
5365,sadness,"Yes, maybe. But I like street shopping. There is more variety. I'm sorry. I just don't like malls."
5366,neutral,"Unfortunately, sir, you'll have to pay the $ 2, whether you like it or not."
5367,neutral,That's OK. We'll contact you the moment we hear from home.
5368,neutral,"Then please have a look at the table, there are so many plans."
5369,neutral,You won't have to pay for anything.
5370,neutral,"Yes, it is. But we need to take out more water. So it then passes through a series of rollers, where more water is squeezed out. After that it goes through the dryers, which are at a very high temperature. The paper is then coated. And finally it's wound onto reels and cut down into smaller lengths."
5371,neutral,"We can do that, but you'll have to pay a little extra."
5372,neutral,"Thanks a lot. Give me one ticket, please."
5373,joy,"Very good, we'll take them all."
5374,joy,Thank you so much. I'll find the nearest branch and come in tomorrow. Thanks again for all of your help.
5376,joy,Get ready for the best meal of your life!
5377,neutral,You have to pay $ 0.5 more.
5378,neutral,"These are from Guatemala, but we're going to start getting mangoes from India."
5379,neutral,"Mike, don't even think about it!"
5380,neutral,Take your time.
5381,sadness,You know our boss always trying to save the last penny. We have to use up the equipment first.
5382,joy,Don't mention it.
5383,neutral,"Well, I think you prepare it well and capture good savings, retiring early can give you a lot more time for travel and other activities, you should get out and enjoy the life you still can't, don't you think?"
5385,neutral,Perhaps. i just haven't had time to find them yet.
5386,neutral,There's a bookstore just across the street.
5387,neutral,"No problem, here you are."
5388,neutral,It sure does.
5389,neutral,I'm afraid not. He's in jail for house-breaking at the moment.
5391,neutral,I know it is.
5393,neutral,Please make a detailed schedule on the visit this afternoon.
5394,neutral,Brings back memories?
5395,neutral,OK. Let's go.
5396,neutral,"Oh, I remember. It was about 10 o'clock. When I was about to go to bed, suddenly I heard help outside."
5397,neutral,It's just around the corner
5398,neutral,I'll go myself then.
5400,neutral,I'd better not. Brooke hates the Backstreet Boys!
5401,neutral,Take it easy. Be confident. I'm sure you can do it.
5402,neutral,Here is his passport.Thank you very much.
5403,neutral,"Focus on being relaxed and open, don't forget to smile and shake hands and be genuinely interested in what their company is about. I'm sure you'll do well."
5404,joy,Thank you very much.
5405,neutral,"The accounts department, no problem. I'm just putting you through now."
5406,neutral,Ninety dollars is pretty steep. I'll take it for sixty bucks.
5407,neutral,They're in Aisle Two.
5410,joy,"Well, uh, I'll let you decide that for yourself. He'll be here a little later. Here's our room!"
5411,joy,It's not expensive. OK. I'll take them.
5412,neutral,Have a seat please while I call.
5413,joy,That's great and it was your first try.
5414,neutral,Whatever you say.
5415,neutral,Okay. No problem.
5416,neutral,"Alright, I ’ ll buy this one."
5417,joy,You are welcome.
5418,joy,All right. We'll have some seafood and vegetables.
5419,neutral,Great. Good work.
5420,neutral,But it's raining.
5421,joy,thank you. that would be great.
5422,neutral,You said it.
5423,neutral,I ’ ll make sure he gets the message.
5424,neutral,I think I might just go to the movies.
5425,joy,"Okay, let's go!"
5426,neutral,Of course. I will be here minutes later.
5427,neutral,Um yeah.Sorry about that.
5429,neutral,It ’ s not my fault. Daniel always sends things flying.
5430,neutral,"I'm sorry to say I'm not familiar with processing management information, but I'm sure I could learn quite quickly. It can't be too difficult, and I've got a quick mind. I can handle any problem you give me."
5431,neutral,Can we start tomorrow though?
5432,joy,Thank you. I have got quite clear idea of it.
5433,neutral,Sorry. I'm afraid you couldn't.
5434,neutral,Forget it. It ’ s nothing.
5435,neutral,"It is a color TV. You know, the rich people like the digital one now. So they have no room for them."
5437,joy,Yeah. I can live with it. It ’ s great to be living alone.
5438,neutral,Fair to middling. A little hard to appreciate.
5439,joy,"Yes, I couldn't agree with you more. A 1 year time deposit it is!"
5440,joy,Well here. Help yourself to some shrimp. It's fresh.
5441,neutral,Please inform us of your decision as soon as possible.
5442,neutral,Because the traffic is not crowded.
5443,joy,"Thank you, and have a nice day."
5444,neutral,Don't worry about that.We have experience.
5446,neutral,Really? I ’ ll take it then.
5447,neutral,Remember us for all your computer needs.
5448,joy,"Thanks, I appreciate that!"
5450,anger,"I wish he could understand. You know what, if this goes on, I think I will get stick like everybody else."
5451,neutral,"No, you have to pay it by yourself."
5452,joy,You're welcome. We wish you a speedy recovery. Goodbye.
5453,joy,"We'll see. Anyway, I'll prepare some vegetarian food for the barbecue. See you then!"
5454,neutral,"Okay, sir, but don't think too long. Your checkout is only 30 minutes away."
5455,neutral,"Well, I think I'll take the bus this time just for a change."
5456,neutral,I see. Thank you.
5458,anger,Good heavens! Don't bring that frog in the house.
5459,joy,"It ’ s a pleasant dream, but everything depends on if!"
5460,neutral,"All right, but would you be so kind as to make up your mind soon? We're very busy just now as you can see, sir."
5461,neutral,"Ok, please have me arrange one."
5462,joy,Oatmeal and toast sounds good to me.
5463,neutral,"Is that right? Wonderful, wonderful. I've been in King Dao for two years now. A great place. Nice people and great beer! Well, I guess we ’ d better get started."
5464,neutral,Fine. The housekeeper will open the door and stay in the room with the repairmen.
5465,neutral,"No problem, I can wait."
5466,joy,Good news! I ’ ll be glad to. When do you need it?
5468,neutral,Can you see what his schedule is like on Wednesday?
5469,neutral,I really need more information about the job before we start to discuss salary. I'd like to postpone that discussion until later. Maybe you could tell me what is budgeted for the position and how your commission structure works.
5470,neutral,I think we can handle that. Let me confirm with my boss and touch base with you again tomorrow.
5471,neutral,Just 6 digits.
5472,neutral,I am expecting the tests to go well. I have been taking good care of myself.
5473,neutral,Twenty eight dollars.
5474,neutral,I suggest that we set up a board of directors for the management of the company and share rights and obligations as equal. That is very important.
5475,neutral,I don't think so.
5476,joy,"Oh, I see. I think I prefer a natural one."
5478,neutral,Here is your boarding pass. Have a nice day.
5479,neutral,No thank you. I ’ d like to send it just by normal post.
5480,neutral,"Oh, I see, sir. We have the airline office inside the hotel. They have an English-speaking staff. Just dial 35, please."
5482,joy,"Cool! Well, let's go over there to join mom. I want to tell her all about the special pests-killing method."
5483,neutral,That comes to H. K. $ 120.
5484,neutral,"You know, you're right. Maybe you should get a dog."
5485,joy,You are always so hospitable.
5486,neutral,"Well, I don't think it matches my jeans.Can you give me some advice?"
5487,neutral,"I see. Well, there ’ s no rush. Please send it via priority mail. Please be extra careful, the contents of the package are fragile."
5488,neutral,"Come on in, please."
5489,surprise,"Oh, that's a nasty cough. Let me feel your head. You're on fire!"
5490,joy,OK. We'll wait.
5491,neutral,Wait a minute. Let me throw on a sweater.
5492,neutral,You are sort of romantic.
5494,joy,"Oh, that ’ s great. Thanks Grace. Can you give me her number? I ’ ll talk it over with Dan and give her a call tomorrow. Maybe this way I won ’ t be so tired every day, and Dan and I might even get to go on a date once in a while."
5495,neutral,Please bring our salads to us now. We are hungry!
5496,neutral,"Thank you, manager."
5497,sadness,"Sorry, the connection is terrible. I'll call you back because I can't hear anything."
5498,joy,That sounds perfect.
5499,neutral,The rent is 400 yuan a day.
5502,neutral,I think so. But can I try another one? I don't like the color.
5503,neutral,"OK.She's near-sighted, with a pair of glasses on her nose.She is the only one wearing glasses in my family."
5504,neutral,"Are you serious? You always blow things out of proportion. In any case, I think I ’ ll go take an oatmeal bath."
5505,neutral,I'm not familiar with that part. Let me call someone in charge.
5506,neutral,It was raining when I left New York.
5507,joy,"Yes, thank you for bringing the wine. It really complements the meal."
5508,neutral,"Yes, you have 2 weeks paid vacation a year, and you get it additional week after 4 years, and then again, after 9 years if you decide to stay that long, we promote from within based on performance, so there is an excellent chance that you could become a sales manager or even a regional manager."
5509,neutral,"Yes. It depends. If you have a large order, we will give you a discount."
5510,neutral,"OK, thank you, Doctor."
5511,neutral,Could you come back later? We ’ re right in the middle of dinner.
5512,neutral,"No, it's too far. Let's drive."
5513,neutral,Here is my card.
5514,joy,"Sure, here you are."
5516,neutral,"Besides, remember to make acknowledgments through an E-mail or a call."
5517,neutral,Fine.Have a nice stay here.
5518,neutral,Here is your receipt. Contact us if your friend still doesn't receive the package after 5 work days.
5519,joy,That sounds just perfect. I'll talk things over with some colleagues and get back to you. Thank you very much for the information.
5520,joy,"Thank you. I ’ ll put the call through for you. Hold on the line, please."
5521,neutral,Fine. I'll go vacuum. Let me know if you need any other help.
5522,neutral,"Yes, I see. Thanks a lot."
5523,joy,It ’ s my pleasure.
5525,joy,Okay-bye! Have a nice Christmas.
5531,neutral,It's the same in my family. The coffee table in my living room is covered with copies of Fashion.
5532,neutral,Good idea. Remember to eat healthily too. The trainers at the fitness centre will be able to advise you on your diet.
5533,joy,That ’ s it for today. Thank you.
5534,neutral,That's fine with me.
5535,neutral,This price is the best we can make.
5537,neutral,OK. Keep me informed. Jt must be ready on time.
5538,sadness,"I'm very sorry, sir. I'll ask the manager to take care of this."
5539,neutral,"I would take it. After all, interest is not the only thing one should care about."
5540,neutral,"Yes, there is. Those organizations exist. You always can call a lawyer if you need legal help."
5541,joy,Yes. That's why I like the house.
5542,neutral,"I will feel it is a pity. But I will not feel so bad. I will go for other interviews until I am employed satisfactorily. Hopefully before I find another position, you will call me back."
5543,neutral,We usually tell each other where we are with various clients and potential clients. The boss assigns extra duties to people who she thinks can best deal with them. It ’ s also a chance to put forward su
5544,neutral,Neither do I. I don't like any kind of modern dances all.
5545,neutral,No problems. What color?
5546,joy,"Pretty well, I think."
5547,neutral,That's convenient.Thank you.
5548,neutral,"All right. You need to have an interview with our manager, Mr. McBride. Let's go to his office."
5549,neutral,Let me run and check.
5550,joy,You are welcome.
5551,sadness,Nah! This is boring! I ’ m gonna go play Killer Zombies on my PlayStation!
5552,neutral,That blood that just filled the tube is all that I needed. Thanks for coming in!
5553,neutral,"Please fill in this exchange form, and I'll need to see your passport, and sign here. That's the money and your passport back. Of course, if you don't spend all of it, you can come back and we'd be happy to buy the local currency back from you."
5554,joy,"Oh, no problem. Here's the lid that comes with the pan."
5555,joy,I think our child is going to love it!
5557,joy,Really? Let ’ s hit the road.
5559,neutral,It's on the service counter over there.
5560,joy,"OK, that's perfect, 70 % is excellent, it'll be a big help. Thanks."
5561,neutral,That ’ s right.
5562,neutral,That ’ s all right. I ’ ll be finished in a little while.
5563,sadness,I feel like maybe I am coming down with the flu.
5564,neutral,They're just gifts I bought. Don't worry. They are not heavy.
5565,joy,Don't be silly. It's no trouble at all.
5566,joy,Let ’ s do it!
5567,neutral,We're not turning on the heater in May! You need to take a bath. We'll heat you up and see if you can sweat this thing out.
5569,neutral,"Oh, then I will arrange one of my staff to meet you at the airport."
5570,neutral,"Here. We have black, white and transparent panty-hose here."
5571,neutral,"All right, then. Why don't we say next Tuesday at 11:30 a. m.?"
5572,neutral,I ’ ll give him a call.
5574,neutral,All right. Let's go to the square to have a look.
5575,neutral,That's $ 400 and we will visit 4 cities.
5576,neutral,The most you will experience will be a dry cough but you probably won ’ t experience anything negative.
5577,neutral,I hope so.
5578,neutral,"Okay, I'll take it. ( to be continued )"
5579,joy,We appreciate your business.
5580,neutral,"Can I have some cookies first, please?"
5581,neutral,"Far more than that, I dare to say! Inland provinces and cities, Hong Kong and Macao, as well as many countries and regions in the world have an exhibition area of their own to display their unique flowers and plants. Each month there's a special day for a particular country or region, and folk performances are given. You will feel it a great pity if you missile Kunming Expo."
5582,neutral,But I like the feeling.
5583,neutral,That's 7 dollars and 25 cents. You can get free refills with your coke.
5584,neutral,We cannot judge a man totally by that.
5585,neutral,"Fine, We'll do that."
5586,neutral,My birthplace is Yentai.
5588,neutral,That ’ s all I needed to know. Thanks.
5590,neutral,"Yes, you'll be in a different world there."
5592,neutral,"OK. I'd like to say that I've really enjoyed working with you.However, I think you should work harder at your new job and then you can ask for higher pay."
5594,neutral,"Of course, we have."
5595,neutral,I'll bet you were hungry!
5596,neutral,OK. I get it. I'm getting back into bed...
5597,neutral,"A bank was robbed this afternoon. A reporter on the scene covered the event, the live coverage reproduce the robbery to the live."
5598,joy,4945939. Marvellous! Thanks for your help.
5599,neutral,"All right, Mr. Jones. Do you think we ’ ll need anything else?"
5600,joy,"Yeah, I think so too."
5601,neutral,I think you have a point.
5602,neutral,Yes. What about this one?
5603,neutral,2244 Forest Drive.
5604,joy,I really like it here.
5605,neutral,"Yes, I do. On a scale of one to 10, what would you say morale was in this company?"
5607,joy,That's good answer. I appreciate your being frank.
5608,joy,"Yes, with pleasure."
5610,joy,You are welcome.
5611,neutral,He's on a weeklong meditation retreat and won't be back until this weekend.
5612,joy,Thanks. I appreciate it.
5613,neutral,I hope you haven ’ t invited any vegetarians!
5614,neutral,Your company is very reputed in this city. I heard much praise to your company.
5615,neutral,One of my relatives told me that your company needs someone who can speak English. That's just the job that I have been looking for
5617,neutral,"Sure you can, in about two and a half weeks."
5618,joy,I hope you enjoy your purchase. Good-bye.
5619,neutral,"No, should I have?"
5620,joy,"You're welcome, have a safe trip."
5621,neutral,"Yes, I'd like to know how to send money to France."
5622,neutral,"This area here is where we keep our raw materials. The main production area - our machine hall - is situated next to it. Maintenance is situated between the stores and the production area. Just to the right of Maintenance, there are steps up to the Lab and the Admin Section. Process Control is also on the upper level. It's located above the factory floor so that the operators can monitor everything that is going on below."
5623,joy,"Woo, I can't help being there."
5624,neutral,I'll just get a regular home computer then. I don't think I'll need to lug my computer around with me.
5626,neutral,Because that company's behavior is not in accordance with international law.
5627,joy,"Good-bye, Mr White. A happy journey home, and hope to see you again soon."
5628,joy,"Wow, that is cheap. Thank you very much."
5629,joy,"He certainly looks interested, doesn ’ t he? Shall we invite him over to our table?"
5630,neutral,Your performance so far is not quite in line with what we expect for our executives. I hope I ’ Ve made my point.
5631,neutral,"True. But I think it is worth it. When you get old, you want to be healthy and active."
5632,joy,My shopping life will be more convenient.
5633,neutral,"Sure, what's happened?"
5634,neutral,"Not a bit of it, don't blame yourself."
5635,neutral,"You can tell them "" Please finding the enclosed customer service survey, else also, you can say Attach a customer survey. If you need resource it right away, you can tell them the urgent by saying Please return the survey without dely as soon as possible. Maye it more polite with this as early as convenience."
5636,neutral,"That ’ s expensive, but I need you."
5637,neutral,Our profit margin is in the neighborhood of 20 %.
5638,neutral,I got it from an encyclopedia.
5639,joy,"Thanks, Jeanine, you are a real pal. Let's go in."
5640,joy,I would like that. Thank you.
5641,neutral,"the area can be a bit rough in the evenings, but the neighbors watch out for each other, so it ’ s ok."
5642,neutral,"Our selection of stereo systems with turntables is somewhat limited, but we do have this system over here."
5643,neutral,"It depends on how much you earned. When you file, they will determine the amount."
5644,joy,Maybe now I ’ ll get that promotion I was hoping for.
5647,neutral,"7880 Crofton Avenue, Building 40A, Room 304."
5648,neutral,You would have to use the computer lab. I'm sorry for the inconvenience.
5649,neutral,"No, I wasn't. It's kind of hard to watch the road when Joseph is behind the wheel."
5650,neutral,I divided students into groups and asked them to generate their own ideas actively. It can help develop the problem-solving ability of the students.
5651,neutral,I went to a boxing match in the sports stadium.
5652,neutral,One last thing. Is it waterproof?
5653,neutral,Not at all.
5654,neutral,That will be fine. And I can promise you that you'll get the goods about two weeks after we get your purchase order.
5655,sadness,"Sorry, I dialed the wrong number."
5656,neutral,All right. I'll have them.
5657,neutral,My mind is made up.
5658,neutral,Don ’ t worry. We ’ ll just get a doggie bag.
5659,joy,Goodbye. Hope to see you again.
5660,neutral,That's fine. Maybe you should be more careful.
5661,neutral,You should take several resumes and some copies of your graduate diploma.
5662,neutral,"Yes, so it really doesn't matter who offers the money.The paper itself is profitable."
5663,joy,"Certainly.Just a moment, sir."
5664,sadness,We'll get to go fishing at the river. I hate fish.
5665,joy,Anything for you.
5666,joy,I see. Thank you.
5667,neutral,"They should fill in an application form, hand in the copies of Identification Card and household register."
5668,neutral,We should take a packed lunch on the journey. The food they sell on the trains is always expensive.
5669,neutral,Well I ’ m definitely a team player as well as being highly self-motivated. I believe this company can fulfill my long-term goals and offer me great upward mobility. Therefore you will find in me
5670,neutral,Thank you very much. I am sure good rest will do indeed. I don ’ t have this too often.
5673,neutral,Not for soft drinks. But we charge ten yuan for each alcohol order.
5674,neutral,"OK, someone will be there by 12:15."
5675,joy,"No, but I did notice that she was very interested in the art supplies!"
5676,joy,You are welcome.
5677,neutral,I'm going to do that then.
5678,neutral,That's just perfect for me. I live pretty far from the centre and it can be a chore getting in.
5679,neutral,"OK, I'll iron your shirt for you, but only if you make me a cup of coffee."
5680,neutral,I am knowledgeable and levelheaded.
5681,neutral,"All right, I see."
5683,neutral,The problem is the split ends.
5684,neutral,I would like to have the coffee rum pies.
5685,joy,Here's your change. Thank you for shopping with us.
5686,joy,"Thank you, Mrs. Smith. I do hope the answer will be favorable. Goodbye."
5687,neutral,That's right. It could last six months or more. This model's designed for heavy use. Don't worry - you'll get an error message telling you when to change the head.
5688,surprise,"My goodness, I didn't realize it was that bad."
5689,neutral,Core courses are ones that you must take. Elective courses are ones that you get to choose for yourself.
5691,neutral,I agree with your proposal.
5692,neutral,"That settles it then. 5,000 RIB it is, thanks."
5693,neutral,"No, thank you."
5694,neutral,"Yeah. I ’ m still learning how to control his behavior and my temper. My child is almost two years old, and I ’ Ve learnt the distraction technique when he cries for something."
5695,neutral,As long as you have all of the documentation we require you have nothing to worry about.
5696,neutral,"We will send your doctor the results, and he will contact you."
5697,joy,"Thank you, you too."
5698,neutral,"As the saying goes, when in Rome, do as the Romans do."
5699,neutral,Maybe I'll go for the US dollar account.
5700,joy,Thanks a lot.
5703,joy,Thank you very much. I think I lost it near the window.
5704,neutral,Just make out a deposit slip and come here during bank hours. That's from 9 a. m. to 3 p. m.
5705,neutral,"That's what we're here for, the human resources help you need, when and how you need it."
5706,anger,"When I was your age, my parents didn ’ t have central heating like you do! We had a furnace in the center of the living room and that was it. We used it to cook, heat the house and even dry our clothes! We never caught a cold. You should be grateful!"
5707,joy,"Wait for a moment, I'll come back soon."
5708,joy,This is gonna be a great barbecue!
5709,neutral,"Well, maybe we'll go to ask Mr. Johnson. He has the final say."
5712,joy,That's fine. Thank you again.
5714,neutral,Now you should know the rest. Don't forget to dial Taipei's city code.
5715,neutral,We'd like to. You may call the attendant if you need any help.
5716,joy,Thanks a lot. It ’ s very kind of you.
5717,neutral,"I am sorry to say I haven't, but I have taken many other courses that concerns the PR, such as Social Psychology, Public Affairs and Mass Communication."
5718,joy,You are welcome.
5719,joy,"Oh, I see it. Thank you."
5720,neutral,"Cygnet. OK, I've got that."
5722,neutral,"Great, except for my mother-in-law! Sometimes I think I married her instead of my husband! How about you?"
5723,joy,And I've never heard such good sound in a game.
5724,neutral,It depends on the job. It's actually more cost-effective than buying specialist equipment that we don't use very often.
5725,joy,It's my pleasure.
5727,neutral,"OK, by the way, fill the gas tank when you return the car."
5729,surprise,Hey! The movie hasn't even started and they're almost gone!
5730,neutral,Women always have the last word.
5731,neutral,"No problem, I love it.Thank you for granting me the interview."
5732,neutral,I would too.
5733,neutral,"A copy or the original? I guess you need the original, right? OK, I'll return shortly."
5734,neutral,Open your mouth and show me your tongue. Say ah... You have a bad cold. So you must stay in bed for a week.
5735,neutral,"That's the purpose of the meeting. Sometimes a mediated conversation will straighten things out, and a little discussion and apology can calm the waters."
5736,neutral,"No, thank you! I want an apartment, not a prison."
5737,neutral,"I wish we could, but we can't, you see, we are not insured."
5738,neutral,their interest rates are usually quite high. It ’ s a good idea to pay off your credit card debts before they attract interest.
5740,joy,That sounds good. I'm going to order the same thing.
5742,joy,That is wonderful.
5743,neutral,"Well. I ’ ll see, sometimes the store don't have some one of new kinds of cereal."
5745,neutral,"Not to put off till tomorrow what you can do today. I've found out that time and money get away very easily — you think you have them, and they're gone! Putting things off just makes it worse later, so even if it's hard at the time, I try to get things done that day and not let them go."
5746,neutral,I am willing to tell you that information.
5747,joy,that's a good idea. I'll call them now. Thanks for your help!
5748,joy,"Thanks, Mary. You ’ re a real pal. I'll call now to set up an interview."
5749,neutral,It was just over two million euros last year.
5751,anger,And we ’ ll all help you.
5752,neutral,"I guess you see the value in it, too."
5753,neutral,I've got whiskey and brandy but I need some beer and soda.That's all.
5754,neutral,"OK. If any of the articles was damaged during moving, you may make a claim for compensation with our department."
5755,neutral,"I require 6,500 RIB per month as a start. This is my bottom line, the minimum salary I can accept."
5756,neutral,"Let me see... my right arm... oh, to the east."
5757,joy,You are welcome.
5758,joy,"OK. If you really insist, I could always use the company."
5759,neutral,"I ’ m sorry, sir. I ’ m going to have to take a look inside your bag."
5760,anger,I want to take them to court.
5761,neutral,We will lodge at the indigenes'houses. It's interesting.
5762,neutral,"Yes, there is. Those organizations exist. You always can call a lawyer if you need legal help."
5763,neutral,"Of course, you can. Wait a moment."
5764,neutral,I have all of that with me. I've also banked here for a number of years.
5765,neutral,By all means. But you have to deposit enough money before you can write out your checks.
5766,neutral,How many bids had been placed before you?
5767,neutral,"To my mind, the success of Digest is in the clever selection of its articles in each issue."
5768,neutral,"No, but she told me to telephone her next week."
5769,neutral,"If you keep your promise, I will also let you watch Ultraman this evening."
5771,neutral,"I'm saying this ship needs a new captain. Are you with me, or aren't you?"
5773,neutral,"Please wait a minute, sir."
5774,neutral,I'd like a banker's draft please. It's not really urgent.
5775,neutral,That ’ s correct.
5776,joy,"I see.We had a table reserved for you.This way, please."
5777,joy,That ’ s great. Thanks very much. Would you like a cup of tea or coffee?
5779,neutral,"Even so, we can't do business with him.he's not reliable."
5780,joy,The notification period of my current job is not that long and I ’ m quite profession to English and I am happy with the traveling abroad as I ’ m good dealing with the people from other cultures. It makes the whole job even more interesting. I will send my resume to you still this week.
5781,neutral,Because I have other obligations.
5782,neutral,"I'm very sorry, Mrs. Wang. But I'm afraid I can't promise you even that. As I've said, we require payment by L / C."
5783,neutral,I look forward to seeing you soon.Goodbye!
5784,joy,That's great. Thank you so much.
5785,neutral,I can only hope that one day they will change.
5786,neutral,Good. That will help me know how I am doing.
5788,neutral,OK. That's what I can do.
5790,neutral,You hair is definitely fresh and shiner looking.
5791,joy,Thanks for letting me know.
5792,neutral,Walk ahead a little further. There are plenty of them.
5793,neutral,"Yes, you are right. Either party is not well-equipped to produce the final products single-handedly, but they can enter into an agreement. In such case, each side contributes different resources to make the manufacture of a certain product or a category of products possible."
5794,neutral,An option we can offer is two separate shipments.We will house the inventory until you are ready for us to ship it to you.
5795,neutral,Certainly. This will take only a few seconds.
5796,neutral,Yes. Please come this way.
5797,neutral,"Well, thanks. I will come again this afternoon, then."
5798,neutral,Your entire test history is on the site. You can compare your results from other years.
5799,neutral,"Not at all, it's reasonable."
5800,neutral,A juice and a coke.
5801,neutral,"Well, all right. There is nothing to complain about."
5802,joy,Yes. This has been fun.
5803,neutral,"That's no problem. Could you please sign here? Here's the 1,000 RIB in cash, your passport back, and the remaining balance has been deposited in your account."
5804,joy,"That happens to be my favorite. Waiter, I think we're ready to order."
5805,neutral,"No, thank you"
5806,joy,got it. Thank you very much.
5808,neutral,"Oh, it's such a pain. We'd better go to a store later."
5809,neutral,You will be fined $ 25.
5810,neutral,You ’ re welcome. Bye.
5811,neutral,What were you screaming at me for?
5812,neutral,My feet is size 37.
5813,neutral,"Oh, I see."
5814,neutral,I haven't thought of that.
5815,neutral,I ’ Ve been thinking of doing that lately! I don ’ t want some banker to run off with my money!
5816,neutral,Why not have a visit to the zoo?
5817,sadness,That's all right.
5818,neutral,Nothing. I think I'll take the job.
5819,neutral,"Sure, no problem."
5820,neutral,"Sir, housekeeping will bring you a basketful of amenities momentarily."
5821,joy,Pleased to see you.too.
5822,neutral,"Fine, We'll do that."
5823,joy,"All right. Wait for a moment, please."
5824,neutral,"Hold the line, please. I'll put your call through."
5827,neutral,Sure. I will try my best to slow down.
5829,neutral,You have to tell them if you were too sick to work on any of the days that you should have been looking for work.
5830,joy,Oh. I see. Thanks.
5831,neutral,Yes. But not for about 2 weeks.
5832,joy,"Yes, of course. This way, please."
5833,joy,Thank you again.
5836,neutral,"I guess that one-piece isn't too bad, either. ( to be continued )"
5837,neutral,I ’ m afraid that I can ’ t do that. They ’ re at the printer ’ s being copied. They ’ ll be back tomorrow before 1 o ’ clock.
5838,joy,Excellent. I ’ ll see you on Thursday at 9 30.
5839,neutral,"I would like to be in a managerial role, ideally working do6ely with external clients. I have worked in client-facing roles for more than two years and I enjoy the challenge of keeping the customer satisfied. I think Ifs something I ’ m good at. Finally, I ’ d like to be on the right career path towards eventually becoming a senior manger within the company. I ’ m very aware that these are ambitious goals, however I fell through hard work and dedication they achievable."
5840,neutral,"You are right. We ’ re hoping that this is a long-term opportunity, and just a flash in the pan."
5841,neutral,Because it's supposed to be good for you.
5842,neutral,"I know, but we want 1000 pieces. This is a very large order. So, can you give us a 25 percent discount?"
5843,neutral,How did you get it?
5844,neutral,"That's fine, Sir. We'll see you again a little later."
5845,disgust,"That ’ s not all! I also had to finish writing a sales report for my boss. In the end, I finished everything. I wonder what will be waiting for me tomorrow morning."
5846,joy,Then I'll take it.
5847,neutral,"OK, wait a moment please."
5848,neutral,That's right. We should try to be laid back and not do lots of things to bother one another.
5849,neutral,How many places have you worked altogether?
5851,neutral,You ’ re welcome.
5852,joy,"Oh, did you? Thanks a lot."
5853,neutral,"Fine, and you?"
5854,neutral,You know what? I don ’ t really need the money. Thanks anyways!
5855,neutral,Eat less and exercise more. Do not eat too much sweet food.
5856,neutral,We like a larger wardrobe.
5857,joy,Here's your receipt. Have a nice day.
5858,neutral,"Take your time, please."
5859,anger,I've had enough.
5861,neutral,They describe how each process goes on to the next.
5862,neutral,OK then. We shall ask them to put some red chilli on it.
5863,neutral,A classmate of mine.
5864,neutral,"Here you go. Look in this flyer, or check with the produce person."
5866,neutral,"Yep, it should be here by tomorrow night."
5867,joy,Thank you very much. See you then.
5868,neutral,"Thanks, I will."
5869,joy,yes. He always get us special gift. We should repay his kindness.
5870,joy,That's fine. Let me get your meat.
5871,neutral,"Yes, maybe I should."
5873,joy,You're in luck. We still have that little table.
5874,neutral,"If we're running at full capacity, it's 160,000 tonnes per annum."
5875,neutral,"Yes, he's breathing, but he's not conscious! Oh, please hurry!"
5876,neutral,maybe people don ’ t like to have friends that are all the same. Most people like a little variety in their lives-including a variety of characteristics in their friends.
5877,sadness,"Sorry, $ 14 is the lowest I can go."
5878,neutral,"We can do that, but you'll have to pay a little extra."
5879,neutral,"Oh, no. Too much work. I hate to sweat. It's so gross."
5880,joy,Thanks a lot.
5881,joy,"Thank you. If you have any problems, just call."
5883,neutral,"Yes, some. But be aware that different people may like different scents."
5884,joy,"Come on, don ’ t flatter me anymore. I took the job because I love being challenged. But I can ’ t get this turned around without the support from you people."
5885,neutral,"Well, it has got low mileage.The tires are in perfect condition and it's in excellent shape."
5886,neutral,By hand in cold water. Got it.
5887,neutral,"No, you can walk from here."
5888,neutral,Wow. That's too much for me. Don't you have anything cheaper?
5889,neutral,"I know. At the inland hotel, they have an interesting policy. When you check out, you put some money in a special box at reception. Each evening, the money in the box is shared equally by the hotel staff."
5891,neutral,Don't worry. I'll make you another on the house.
5892,neutral,I'm going to do that as soon as possible.
5893,neutral,"Well, it really depends. Because you are a tourist, it might be harder for you to get really good prices."
5894,neutral,Not too serious. But he gave me a strict diet to help bring it down.
5895,joy,I will. Thank you for all.
5896,neutral,Everything appears to be in order. Thank you for your time.
5897,neutral,And then I just sign here? You're right! It certainly is simple and extremely convenient.
5898,neutral,Consult your bank and see if they will reduce the required deposit to a minimum.
5899,neutral,Slacker and those who violate working procedures and ignoring deadlines.
5900,neutral,"No, double B for Bravo"
5901,neutral,"Yes, I will need it. Thanks."
5902,joy,That ’ s fine. I appreciate your help.
5904,joy,It is thoughtful. I will take it.
5905,neutral,OK. Thank you very much for telling me all these things.
5906,neutral,"A lot of people do. I'll try it for a while anyway, but I certainly don't want to pay a lot of parking tickets."
5907,neutral,All right. Leave these ads with me. I ’ ll speak to him this morning.
5908,joy,"Well, thanks for your help."
5909,neutral,Exactly. With DEL you don't have that problem.
5910,joy,I will have fun.
5911,neutral,"I like to stick to the clean stuff, like vodka, gin, white rum and other clear spirits."
5912,neutral,There is a maple leaf on the flag.
5913,neutral,"Yes, I like inventive jobs and I am capable and responsible."
5914,neutral,"I'll go to the Yellow Stone Park, and Great Canyon."
5915,joy,"Thank you, bye."
5916,neutral,"He's very handsome, I think."
5917,joy,that's perfect. I'll let him know tomorrow. Thanks!
5918,neutral,"All right, but would you be so kind as to make up your mind soon? We're very busy just now as you can see, sir."
5919,neutral,No. Let's go over to the check-out stand.
5922,neutral,This one I'd better chat with the manager. Could you give me a second?
5923,joy,Here it is. We are pleased to serve you here and we look forward to seeing you again. Wish you have a good day.
5924,neutral,"First, it was how to design survey sheets according to the subjects, because we had to prevent the questions from being too influential and we must make sure that every question was balanced and equitable. Secondly, it was how to get information through telephone covering in the fastest and most effectively way, because the person doing the survey usually doesn ’ t have the patience to wait for long feedback. So the way we put up questions must be clear and direct and only by this means can we get accurate data."
5926,neutral,"Okay, that'll be $ 6.85 with tax."
5927,neutral,"Wow, you're not kidding. Hold on a second. Hello, could you give us a hand, please?"
5928,neutral,"I ’ d like to bring to ABC Company not only my technical skills, ambition, enthusiasm, but also my loyalty. A sincere desire to become an administrative assistant is the heart of my career plans."
5929,neutral,Of course. The brand is Bird and it's famous for its quality.
5930,neutral,"Ok. Please arrive at seven forty-five. We can only hold the table until 8,15."
5931,neutral,"Mr. Ted, I have to apologize for that and I assure you it won't happy again."
5933,neutral,"But it's Sunday, isn't it?"
5934,neutral,"Fine. If you do end up going somewhere, we can just use our pass key."
5935,neutral,I ’ ll be back tomorrow.
5937,neutral,"Not too serious, but it'll take you some time to recover, so you'll need to be patient."
5938,neutral,"Once you pay it, your record will be cleared."
5941,neutral,"OK. Come with me, please."
5942,neutral,One moment and I'll check.
5943,neutral,OK.Here is your change.The train leaves on platform 8.
5944,neutral,"Uh, the movie of Tom Hanks. I know why it can't play. This is a DVD disk."
5946,joy,"Nope. That's everything, thanks."
5947,joy,Don't mention it.
5948,neutral,"She seems to be quite qualified. If it ’ s a personal problem, I ’ d prefer it if you would work it out between yourselves."
5949,neutral,"Sorry, sir. We accept cash only."
5951,joy,That ’ s a lovely hat.
5952,joy,That would be great! You are really a good employee.
5953,neutral,Let's get it back.
5954,joy,"OK. How about some spring rolls and squid balls, some pork skins, and some beer!"
5955,neutral,"Easy as pie! We can get everything set up for you right away. Then, you'll be shopping securely online in no time at all."
5956,neutral,Some are genuine. But all our reproductions are clearly marked and priced.
5958,neutral,"Thank you. See, I ’ m planning to buy a car here and I ’ m planning to use my time deposit here as the collateral."
5959,joy,"That sounds good, Fred!"
5960,neutral,"Sounds good to me. You make up the invitations, I ’ Ve got run. I ’ Ve got a meeting in five minutes."
5961,joy,"We appreciate your business, Madam."
5963,neutral,Thank you very much.
5965,joy,Thanks a lot.
5966,neutral,"No, sir. You can sit where you like."
5967,neutral,Uh huh... but we're going to have to cut back on our shopping from now on.
5968,neutral,See you tomorrow.
5970,neutral,In Seoul. But the company has operations in over fifty countries and thirty factories all over the world.
5971,neutral,But I thought it was. Anyway. I am in a hurry. Here is the money.
5972,neutral,Would you mind waiting? I'm on the telephone.
5973,joy,"Thanks very much for your help, Li Lan. See you tomorrow."
5975,joy,"No problem, sir. But it will cost you extra."
5976,neutral,Sure. Are those pantyhose made of artificial silk?
5977,neutral,Now we are prepared to settle the issue with you amicably.
5979,joy,"Yes, I will. I hope I'll enjoy working with you."
5980,neutral,Yes. No need to change.
5982,neutral,I have already learned a lot in the classroom and I hope to be able to make practical use of it in your company. My specialization at the university is just in line with the areas your institute deals with. I am sure I can apply what I have learned to the work in your institute.
5984,joy,"Let me see. Yes, they are perfectly matched!"
5985,neutral,"Dad, that's all right. I don't think it will rain. And it doesn't make any sense to take that many things on a trip. Besides I like to travel light. Bye!"
5986,joy,Not at all.
5987,neutral,Thank you very much.
5989,anger,"First I was late for school this morning, and now I broke your vase. This isn't my day!"
5990,neutral,Of course not.Sometimes a poor man can be extremely miserable.
5992,joy,That sounds great. I'll bring a bottle of wine then.
5993,neutral,That ’ s all right.
5994,neutral,"Okay, sir. Sleep well."
5995,joy,You ’ re welcome.
5996,neutral,I'm on my way.
5997,neutral,Let me check.
5998,neutral,"It's not that I don't like your cooking, but I ate some cookies before we had dinner."
5999,neutral,There you go.
6001,neutral,Boring? How can it be boring? It sounds very interesting to me.
6002,neutral,Sure. We have a good after-sale service. Your satisfaction is guaranteed.
6003,neutral,Oh good we are almost there. The museum is round the corner from the Post Office.
6004,neutral,Let me check.
6005,joy,Goodbye. Thanks again.
6006,neutral,"Mr. White, too."
6008,neutral,It starts at 7:00 and lasts 3 hours.
6009,neutral,"Just a moment, please, while I check. That's correct.You have a double room on the fifth floor."
6010,neutral,"In this aspect, I think, Pater bags have the edge on plastic bags."
6011,neutral,I see. Thanks a lot.
6012,neutral,"Okay, I won't forget."
6013,neutral,You ’ ll make more money that way.
6015,neutral,I can't see a problem. Let's give it a try.
6016,neutral,"Here you are. Ms. Stevens is ready for you now. I ’ ll show you to her office, right this way."
6017,neutral,"No, that ’ s all right. Paula. Why don ’ t you get something to eat, and I ’ ll see you this afternoon."
6018,neutral,Here it is. Four pounds and fifty pence in all.
6019,joy,"Yeah, I cherish it. Because I have been working like a dog for two months to buy it."
6020,neutral,"Yes, bring us two steaks and two loads of bread, please."
6021,neutral,"As you wish, sir. You'll have a wonderful time there."
6022,joy,"Thanks, I appreciated it."
6023,neutral,"In that case, please help us reserve a table for 4 at 9:00."
6024,neutral,About 20 % of them come from other countries and the others are employed from domestic universities and colleges.
6025,neutral,I can't forget about this when next time.
6026,neutral,"No, I don ’ t like regular work. I am interested in different projects with new opportunities and new challenges, but I can do regular work if the company needs me to do so."
6027,neutral,"I am competent in using Word, Excel, Windows and other commonly used softwares."
6028,joy,"Oh, I see. I believe I can do the job well."
6029,joy,Thank you very much.
6030,neutral,"If you take a 75 % position in the venture, we would take a back seat to you."
6031,neutral,Congratulations on your first voting day.
6033,neutral,"No. And on the contrary, I feel young, fresh and energetic."
6034,neutral,Have a nice evening.
6035,neutral,He should be back in about forty minutes.
6036,joy,The beans will burn. I know. I've tasted burnt coffee before... yuck!
6037,joy,That's all right.
6038,neutral,"Well, OK. you are always right."
6039,neutral,"I understand. While it's always good to follow the local customs, I guess there are exceptions."
6040,neutral,"Of course. And 2 - week paid vacation a year, a 5 - day work week."
6041,joy,I really appreciate your help.
6042,neutral,"About two years, but it seems as if I got here yesterday."
6043,neutral,"Settle down, Elvin. If you're not careful, you'll give our plan away. Zina's smart, you know."
6044,neutral,"These are from Guatemala, but we're going to start getting mangoes from India."
6045,joy,I ’ d be glad to.
6046,neutral,It doesn't seem very hopeful to close the deal on this price.
6047,joy,"Well, we'll be careful. Thanks for letting me know."
6048,neutral,OK. Teach me how to play the game.
6049,joy,Thank you. I'll work hard.
6050,neutral,I see. How do I draw money from my news then.
6051,neutral,"OK, I'll have it for change."
6052,joy,Thank you so much. I appreciate your help.
6053,neutral,"Well, it can't be helped. I really must have that money. Thank you."
6054,neutral,"Just a moment, please."
6055,neutral,Yes madam. I will give you the small one.
6056,neutral,Four times might be enough. Not once or twice.
6058,neutral,I've done it for you.
6059,neutral,"Yes, We have."
6060,neutral,May I have your name?
6061,neutral,"Well, I don't think I want it."
6062,neutral,Now it's my son's turn to wait.
6063,neutral,All right.There we go.
6064,joy,I ’ m not worried about our country now that it ’ s in his hands.
6065,neutral,"Well, you ’ d better get another pair for work at least or you ’ re sacking on the spot."
6067,neutral,"Yes, that's quite all right for me."
6068,neutral,"Sorry, madam. We don't have vacancies at the moment."
6070,neutral,I'll charge it. Here's my card.
6073,neutral,"No, there's no charge for those."
6074,neutral,"Yes, here you are."
6075,neutral,"No, thanks. That will be it."
6076,neutral,They would say I'm a dependable and hard worker.
6077,neutral,"Well, in that case. I will call the manger, you can talk directly with him."
6078,neutral,"Yes, sir.Go ahead.Here you are."
6079,neutral,"Ok. Here are the ones, turtleneck pullover, crewneck pullover, V-neck pullover and cowl-neck pullover."
6080,sadness,I don ’ t think they are right. I have tried my best and that's enough. It is unfair that they are always saying these thing. Sometimes I even feel deeply hurt.
6081,neutral,"OK, here is your change."
6083,neutral,"Hello? Yes. Someone has passed out at Connecticut Ave. and 1st St. He isn ’ t breathing and does not have a pulse. Yes. My friend is performing CPR. OK. Thank you. They ’ re sending an ambulance. Here, let me help."
6085,neutral,"Fine, we will make sure that we send you all of the information that you need. See you there!"
6086,neutral,I am glad I did not drive a car.
6087,neutral,Then please give me a cup of coffee.
6088,neutral,Here you are.
6089,neutral,Sure. I ’ d like to see how it washes.
6091,neutral,"Of course, sir. Have a good day."
6092,neutral,"Forget it, there is no use crying over the spilled milk."
6094,neutral,That ’ s fine.
6095,neutral,"I didn ’ t say that either. I was hoping we could discuss the matter together. I want your advice but I don ’ t want you to tell me what to do. I ’ Ve got to make decisions for myself, dad."
6096,neutral,"I found some fairly major problems. A major support beam in the roof is broken, and the shower floor leaked and rotted out the second-floor joist."
6097,neutral,That's fine. See you then.
6098,neutral,"Oh, the policeman's coming."
6099,joy,That's quite good. Thank you for telling me about those.
6100,neutral,"A 10,000 dollar policy shouldn ’ t be too expensive. Here, call my agent. He will give you a good deal."
6101,neutral,"I ’ Ve received some special training in typing, shorthand and operating a fax machine, etc.. I ’ m experienced in IBM-PC. I can operate familiarly a word-processor, a fax machine, a photo and other office equipment."
6102,neutral,"Of course, Sir."
6103,neutral,"Okay, I'll write it down for you."
6104,neutral,"Okay, sir, but remember how close it is to your checkout time."
6105,neutral,"Fund info, the fund code, fund net value per unit, fund public info, fund account balance, fund trading conformation, daily details and the history. With our Net Banking, anything is possible!"
6106,neutral,Good. You probably should be much better by tomorrow.
6107,neutral,That is very kind of you. Thank you very much.
6109,joy,It's very nice. I'd like to purchase this refrigerator.
6110,neutral,5 days. From Feb. 13 to 18.
6111,joy,They pay just enough.
6112,neutral,I am going to contact the sellers immediately. They were looking forward to your acceptance.
6113,neutral,"I don't see much difference, anyway."
6116,neutral,You'll know our products better after this visit.
6117,neutral,"Well, it seems that I should do some jogging from tomorrow on."
6118,joy,I'll take it.
6119,neutral,"Yes. He's waiting for you in his office. This way, please."
6120,neutral,He is on the line.
6121,neutral,"The regular price is $ 2980.00, but until December the 31st it ′ s on sale for just $ 2,699. 00."
6122,neutral,No. I borrowed it to go shopping.
6123,neutral,Yes. I'll welcome other opportunities to do business with you.
6124,joy,OK! See you later!
6125,neutral,You are risking your neck. Don ’ t you know they have guns.
6127,joy,We intend to establish business relationship with your company on the basis of equality and mutual benefit.
6128,neutral,OK. I like the design of this lamps. I also need some cushion covers. I ’ ll just browse through those ones over there.
6130,neutral,Could you come back later? We're right in the middle of dinner.
6131,sadness,"Unfortunately, I missed a chance to see a classic movie."
6132,neutral,I like Indian food as well.
6133,neutral,"Well. As you understand, the irrevocable L / C gives the exports additional protection of the banker ’ s guarantee. We always ask for L / C for our exports, and the other way around, we pay by L / C for our imports. We only accept L / C for regular orders."
6135,joy,"Yes, that ’ s all right. Thank you very much."
6137,joy,That is very kind of you. Thank you very much.
6138,neutral,"Oh, I see."
6139,neutral,Please fill out the table.
6140,joy,Certainly. A simple letter from your bank would be quite satisfactory.
6141,neutral,"In our company, the loborial force makes up 60 % of our workers. We'd just be letting slightly over half the folks out a little early."
6142,neutral,"Well, we've just finished laying the cabling and we're waiting for the safety inspector to give us the go-ahead to continue. I'm just going to meet him. Do you want to come?"
6144,neutral,"A cold-wave, please."
6145,neutral,"Great. I'll wait right here, thanks."
6146,neutral,"... yes, but this one has an all-new buzz."
6147,neutral,I have a better idea. Let's go to a jazz concert and I'll give you an education in jazz.
6149,neutral,"No problem, sir. We'll manage it."
6150,neutral,Can I have a black one over there?
6151,joy,All these should be enough. Good luck!
6152,fear,"Phew!... Wait a minute, CRASH??!! Spyware? Trojans! What? where? when?!"
6153,neutral,I can only read the first three lines.
6154,neutral,Maybe we can enjoy the TV play together. It's interesting.
6155,sadness,"I'm sorry, but the price is final."
6156,neutral,Yeah! When I got my nose job I was black and blue for a week!
6157,joy,"Well, I want to let your boss know that she ’ d better hold on to you! You ’ re a hard worker!"
6158,neutral,It's at 7:30 a. m.
6159,joy,"Thank you, ma'am. It's been a pleasure doing business with you."
6160,neutral,"Not at all, but you get what you pay for."
6161,neutral,Then we will come here for lunch tomorrow.
6162,neutral,"Well, when you tell him, be gentle. It's hard for kids to find out something like that."
6164,neutral,No. But you mustn ’ t leave it too long. Did you report it the police?
6165,joy,See you tomorrow.
6166,neutral,"Well, whatever suits your fancy. I'll press the service button again."
6167,neutral,"it's pretty simple, Iris. Just keep it in mind that you're what you eat."
6168,neutral,All right. I'll buy a newspaper when I go to the drugstore.
6170,joy,I'm happy to help.
6171,joy,ok. Thanks for your support.
6172,neutral,"Yes, in this position I was able to make some pretty significant contributions to the overall success of the company. With the different initiatives that we implemented, we lowered our churn rate to about five percent, which had a direct impact on revenue."
6173,neutral,"Of course, I'm sure you will like it."
6174,joy,I'd love to.
6175,neutral,I got you. Next time. I'll preface a toast with a statement like'I can't drink any more'and then drink anyway.
6176,neutral,"Yes, there is one at 8: 30 a. m. That arrives at 11:35 a. m."
6177,neutral,"That'll be five yuan forty, please."
6178,neutral,"No, I'm a nurse."
6179,sadness,"Sorry, we can ’ t come down any more."
6180,neutral,We always try to serve our guests in the most agreeable way possible.
6181,neutral,Okay. I'll fax the itinerary to you immediately.
6182,neutral,I'm going to mow the lawn.
6183,surprise,That's outrageous! I just don't understand why they're not on top of this.
6184,neutral,So the other party could be across the world or just on the other side of the street!
6185,joy,"Well, thank you very much, I hope I can find it."
6186,neutral,It involves a lot of travel.
6187,joy,Sounds good. Thanks.
6188,neutral,Leave it to me. I'll fix it.
6189,joy,Bye-bye. Welcome to come next time!
6190,neutral,Here is one tailor's shop. Why not order one here?
6192,neutral,"Yes, Sir, go ahead, here you are."
6193,neutral,"I ’ ll have apple pie too, but without ice cream. I have to watch my weight."
6194,joy,Thanks a lot. Here's ten yuan. Keep the change.
6195,joy,"Oh, thank you. Thank you very much."
6197,neutral,"I don't really. I just like wildlife, and you don't get to see too much of it in the city. This place is full of it."
6198,surprise,Recliner? In my beautifully decorated living room? I don ’ t think so!
6199,neutral,20 yuan for a skirt.
6200,neutral,"Yes, please let him know I would like to discuss the Girard case with him."
6201,neutral,You'd better wait. The gums are swollen. Take the medicine I prescribe and come back in three days.
6202,neutral,We'll take great care.
6203,neutral,"Ah, ah, you promised, and remember?"
6206,neutral,"I'm like that too. I like to invite friends over sometimes, but I don't want to have lots of crazy parties at the apartment."
6207,joy,"Oh, we ’ d like the buffet please. We ’ Ve heard it ’ s very good."
6208,neutral,"I'll be expecting you, then."
6209,neutral,"Sorry, that ’ s out of question. I don ’ t have a problem with it. But, unfortunately, the building doesn ’ t allow it. It ’ s a building regulation."
6210,neutral,"You are welcome, goodbye."
6211,neutral,Around 6 o'clock.
6212,neutral,"No, and let me tell you why... If I make my guys stay over to check the inventory, I'll have to pay them at an overtime rate, which is time and a half. I estimate it will probably take 3 guys two hours to finish, that will be an increase on your labor fee by at least 10 %... if you need the numbers that urgently, I can have them do it. Otherwise, we can wait until tomorrow morning, and I'll call you with the numbers after they're done. It's your call..."
6214,neutral,"No problem, here you are."
6215,neutral,"It's OK. I'll leave the pamphlet here. If you need more information, you can call me any time."
6216,neutral,That's fine too.
6217,neutral,just walk down this road and you'll find it. it's on the right side.
6218,neutral,I don't like caps at all.
6219,joy,I will. Thank you.
6221,joy,I ’ m happy that we ’ Ve come to an agreement.
6222,neutral,"Please wait a moment, I will bring you one."
6223,neutral,"No. Africans and African-Americans are different in many ways. Our food's different, too."
6225,neutral,"OK. I'd like to say that I've really enjoyed working with you. However, I think you should work harder at your new job and then you can ask for higher pay."
6226,neutral,"Yes, they are different because they are printed by the Ministry of Finance in set amounts. Just 100 RIB, 500 RIB and 1,000 RIB, you cannot choose from many amounts, you see."
6227,neutral,"Yes, I'd like to know the exchange rate for yen."
6228,neutral,That ’ s it for today.
6229,joy,Thanks a lot.
6230,neutral,Just 10 more minutes.
6231,neutral,Have you ever heard the ads say anything bad about their products?
6232,joy,"You're very welcome. Here is my card, if you need any help."
6233,joy,So quick and easy! Thanks very much.
6234,neutral,In just one document? That will definitely be a time saver.
6235,neutral,OK. Here is your change. The train leaves on platform 8.
6236,neutral,"Yes, here it is. That's received and cleared, so it's available for withdrawal."
6237,neutral,Let me go get it for you.
6238,neutral,Don ’ t worry. I ’ ll help you eat it.
6240,neutral,I want to make more contact with extra clients and use my organizational skills in the future.
6241,joy,I can't wait to see it.
6242,neutral,Oh. it's too late. Maybe I should go to other video stores to have a look.
6243,neutral,"Yeah, that would make things a lot easier."
6244,neutral,It's no trouble at all. I'll carry this suitcase for you.
6245,neutral,"The funds are all ready to go in my personal account, so let's transfer it."
6246,neutral,"Did I? Let me see that... Oh, sorry... here you are."
6248,joy,"Thanks for your praise, Madam."
6250,joy,"OK, thanks. I really appreciate it."
6253,neutral,"Fine, I will pencil that in right now. We will see you then."
6254,sadness,"No, sir. I'm sorry you can't."
6255,joy,Because you're going to love this show!
6256,joy,Thanks a lot.
6257,neutral,Certainly madam. Here ’ s your key. Your room is on the 7th floor and on the left. Room 781. Check out is at 12 noon.
6259,anger,"Make it work, Geoff. You would say that, wouldn ’ t you, he is your cousin.what a jerk, make me hire your stupid, useless, cousin."
6260,neutral,I'm on the corner of the Fifth and Mane.
6261,neutral,"I will, good luck."
6262,neutral,OK. I will catch you later.
6263,neutral,"I told you the truth. According to the contract, if you fail to honor the contract, we are entitled to cancel it."
6264,neutral,"OK, thank you."
6265,anger,I ’ m definitely taking them to court.
6266,neutral,"Yes, I want to restate one more time the importance of reinventing our company's image to appeal to different customer bases. I want to end with a true story that has to do exactly with what we've been talking about today..."
6267,neutral,I'm sure you have a talent. It's just hidden.
6268,neutral,"If you give me your credit card, I can take care of it for you."
6269,neutral,Here you are. You'll find the sugar just over there.
6270,neutral,That seems pretty reasonable. Thanks.
6271,joy,"Thank you very much, ma'am, but we don't take tips in China."
6272,neutral,All right. Thank you very much.
6273,neutral,Yes. I am ready.
6274,joy,That ’ s a good idea. I ’ ll look into finding something like that.
6275,neutral,They come from tropical countries.
6276,joy,"Thank you very much. Here's 10 $, keep the change, please."
6277,joy,"That's wonderful news, thanks for all your help."
6279,neutral,"Alright, let's go."
6281,neutral,"Thank you. I have to leave now. If you see Pamela, tell her I'll write to her."
6283,neutral,"I'll tell you what, if your pet can fit in this little box and doesn't have fur, it is welcome here."
6284,neutral,"All right, but let me know your decision before the end of the day."
6285,neutral,"Oh, it ’ s right downstairs. I ’ m going there myself. Just follow me."
6286,joy,"oh, we ’ d like the buffet please. We ’ Ve heard it ’ s very good."
6287,neutral,"OK, thank you."
6288,joy,That's wonderful. I will see the Old Faithful for myself.
6289,surprise,"Really? No, they couldn ’ t. None of them would have jobs if they did."
6290,disgust,"You can keep the cat, but you should keep it away from me."
6291,neutral,You ’ re welcome
6292,neutral,I'm afraid no.It is not covered by this insurance.
6293,neutral,"Okay, let's call it a day."
6294,neutral,"Yes, I had a wonderful time."
6295,neutral,Maybe they forgot to attach it to the letter. You should give them another call.
6296,neutral,"Oh, no problem. Here's the lid that comes with the pan."
6297,neutral,Thank you for your compliments.
6298,neutral,Thanks. I had learned so much from you and our colleagues.
6299,neutral,"Yes, so it really doesn't matter who offers the money.The paper itself is profitable."
6300,neutral,Okay. Sounds good. See you then.
6301,joy,So I know. Thanks.
6302,neutral,I'm afraid we don't. But I'm sure you'll enjoy our lunch special.
6303,joy,I'm happy to be of assistance.
6304,neutral,I think I sometimes try to be over-organized. So I am learning how to let some things go and concentrate on the most important part of my job.
6305,joy,"O. K. Thanks, Mom!"
6306,neutral,"Sure. At least if I do get robbed, heaven forbid, I can get my money back using the traveller's cheques insurance. Once, when I was travelling in France, I was pick-pocketed and not only did you replace my Traveller's Cheques for free, you also did it extremely quickly and easily."
6307,neutral,"You are right. That's the Heart of Lake Pavilion, situated on an islet.It was built in 1552 and is the largest pavilion on the West Lake. Oh, here we are at the Little Yingzhou island. Let's get off the boat. Please watch your steps."
6308,neutral,Good. I'll come back in the evening.
6309,neutral,That's right. Now try on this one. It's size 41.
6310,neutral,"Sure, I'll certainly help you do it."
6312,neutral,You are welcome.
6313,neutral,"Let me have it, please. I'm taking some laundry downstairs anyway."
6315,joy,You're right. Thank you for the advice.
6316,neutral,Anytime. Let me know how it works out.
6317,neutral,"Now that I think about it, it really is sometimes."
6318,joy,"No problem, sir. But it will cost you extra."
6319,joy,"Thanks, Mom. Thanks."
6321,neutral,"Thanks, a coke, PLS."
6322,anger,"Very well, consider me gone."
6324,joy,Thanks for your help.
6325,neutral,"It's OK now. Don't worry, John."
6326,neutral,We can do that. It'll just cost you extra.
6327,joy,Thanks. I appreciate it.
6328,neutral,You ’ re welcome.
6330,joy,I'd love to.
6331,neutral,"I ’ m very sorry, Miss Parks, but the 9:05 flight is completely booked. I can put you on a waiting list if you would like."
6332,neutral,You know what? I don ’ t really need the money. Thanks anyways!
6333,joy,Thank you very much.
6334,neutral,I will try.
6335,neutral,You didn't note the damage on the bill of lading.
6336,neutral,"No, I'll pay for it in cash."
6337,neutral,"Sometimes people in different countries, or even in different parts of the same country have varying outlooks because of the tribe and culture."
6338,neutral,I trust him.
6339,neutral,I'm afraid so except we have many no-show passengers.
6340,neutral,"Because it is an age of challenges, I must accept the new challenge in my life."
6341,neutral,"If one's available, please. But not over the wing."
6342,joy,I'm glad I did too.
6343,joy,All right. I ’ ll see you on Friday.
6344,neutral,Sorry to hear that! But I would definitely recommend this place!
6345,neutral,I hope so.
6347,neutral,That ’ s for sure. You ’ ll know our products better after the visit.
6348,neutral,"All right, sir. You should receive your dinner in about ten minutes."
6349,neutral,And I recently bought an American-style washer and dryer. Come and see.
6350,joy,They aren't hard. I am sure you can do it.
6351,neutral,"S :: All right, ma ’ am, they ’ ll be ready for you in an hour."
6352,neutral,"Don't be silly, John. I'm going with you. It's necessary for me to have a holiday too."
6353,joy,I think you will enjoy your journey.
6355,joy,"Great! Then I suppose I'm looking forward to my first promotion, too."
6356,neutral,"All right, ma'am."
6357,neutral,"OK, I got it."
6358,neutral,You are welcome.
6359,anger,I don't care. I have a headache.
6362,neutral,"Yes, in some ways it was a step down from my previous job but it did offer me much better prospects for the future."
6363,neutral,No – That ’ s all right. How about the 30th at 4:00 p. m.? – Is an hour enough?
6364,neutral,Thank you very much. I am sure good rest will do indeed. I don ’ t have this too often.
6366,neutral,That ’ s fine. My credit card number is...
6367,joy,By all means. (= Of course. )
6368,neutral,"It's not on this platform.These trains are uptown and downtown, not crosstown.You have to go up these stairs over there."
6369,neutral,Every option you can choose will appear on the screen. That ’ s about it.
6370,neutral,"Well, I ’ ll think about it. I don ’ t know whether accounting is going to agree to such a big purchase."
6371,joy,Here's your receipt. Have a nice day.
6372,neutral,"Well, I haven't got much either!"
6373,joy,"That sounds simple enough. It's Friday today, I'll be back on Monday morning, first thing, with all of the relevant data. See you then, and enjoy your weekend."
6374,neutral,Of course. I'm on it
6375,neutral,I see. Please prepare my bill and I will be right down to pay it.
6376,neutral,"OK, I'll take it."
6377,neutral,Yes. I hope so.
6378,neutral,Ok. Thank you.
6379,neutral,Ok. Then I can make up my mind.
6380,joy,Thank you so much.
6381,neutral,Yes and maybe a jacket in case it gets cool.
6382,sadness,"I understand, sir. I ’ ll bring a doctor ’ s note in tomorrow. I am sorry, Mr. Douglas."
6383,neutral,"You're right, sir. Please let me transfer you to my supervisor"
6385,neutral,It took three of us to move it.
6386,neutral,Ready? Say cheese.
6387,neutral,I like the country too. It's quite famous for its culture.
6388,neutral,"Tracing back, Yoga has a very long history. It was originated before India had approved Yoga and these documents were arranged and written according to the contents passed by mouth to mouth. In other words, Yoga is passed down from ancient times, which cannot be recalled."
6389,joy,"No problem, sir. Let me help you."
6390,neutral,"I know, I should wash them right away."
6391,neutral,Wait a moment. Here is $ 10 you paid for duties.
6392,joy,"That will be all. You've been very helpful, thanks."
6393,neutral,You ’ re right. Everything is probably going to come to a head tonight. I ’ ll keep you informed.
6394,neutral,"Good night, madam."
6395,joy,"We appreciate your business, Ma'am."
6396,neutral,all cleaned up. Are you ready to start on the washing up.
6398,neutral,We work in teams. There are about four to six people in each team. I'm training to be a team leader. Each team member is responsible for the quality of the goods we produce. We are multi-skilled so we can rotate jobs. I like that. It stops the work getting boring.
6399,neutral,It doesn't matter.
6400,neutral,We demand a surcharge of 80 cents for it.
6401,neutral,"Yes, I do."
6402,joy,All right. I think I'll take it.
6404,joy,Thank you so much.
6406,neutral,"No, Sir, I did not."
6408,neutral,I'll have that too.
6409,joy,You're welcome. Have a nice day!
6410,neutral,We do think so.
6411,neutral,All right. Wait a minute.
6412,joy,I would love to.
6413,neutral,"No, there isn't at the moment."
6414,joy,We appreciate your help.
6415,neutral,"Sure. If you'll just wait here, I'll be right with you in a minute."
6417,neutral,He would be good.
6418,neutral,"You'd better bring the diploma, identification card and several copies of your resume."
6419,joy,"You, too. Thanks for your help."
6421,neutral,Thanks a lot.
6422,neutral,"OK, I see."
6423,sadness,I am sorry for that. We will improve the dishes next time.
6425,joy,You are welcome.
6426,neutral,"Yeah, fine. And dressing leather shoes."
6427,joy,Yeah. Let's just lounge around!
6428,neutral,"Dan, don't worry. I will tell her everything as soon as she comes back."
6429,joy,Great. Thanks a lot.
6430,neutral,I don't care.
6431,neutral,That is fine.
6432,neutral,Don't worry about it. I need to have something done about those bushes.
6433,neutral,I don ’ t need to know anything else. Thank you.
6434,neutral,The company will assign you housing subsidies at 400 yuan a month.
6435,neutral,"Oh, you want a convertible sofa. This way, please. Over there is the one you want."
6436,joy,"No problem, sir."
6437,neutral,It's at the back. I think you are near-sighted. You had better get yourself a pair of nice glasses.
6438,joy,Sounds ideal. We'll get back to you in a couple of days then.
6439,neutral,"Everything I've seen so far is very impressive, very impressive indeed."
6440,neutral,I ’ m sure you will.
6441,joy,Here you are. Keep the change.
6442,neutral,"Well, the weather might have some influence, during bad weather the theater didn't make a whole lot."
6444,neutral,Thank you. It's my honor.
6445,neutral,I ’ m going to make sure and get my vote in.
6447,joy,( A moment later ) It's cute.The color suits my complexion.
6448,neutral,Thank you very much.
6449,neutral,"Well, we apply tape and plaster to from a solid enclosure to protect the bones from moving. In this way they will heal properly. Take it easy. It won't hurt you. Let me see. The X-ray picture indicates that your humerus is broken in two places. And you'll have to wear the cast for three weeks. You'll need to come back in two weeks, so I can have another look."
6450,neutral,"So, your experience is as impressive in practice as it is on paper."
6451,neutral,The environmental review board has a team on it now.Hopefully we'll know more by the end of the week.
6452,joy,Great! We will send you all the details later. Looking forward to meeting with you!
6453,neutral,"I may just go to the DMV today, so I can pay the fine."
6455,neutral,"Thank you, sir. Enjoy your stay with us."
6456,neutral,Well. It's not my taste. Would you please bring me a short sleeve?
6457,neutral,"ha, well, we have no choice."
6458,neutral,I want my change.
6459,neutral,I see. Please fill out this form. And you need to contact your embassy or consulate to report it as soon as possible.
6461,neutral,"No, you don't have to. Here comes the train. Be careful! Subway doors open and close automatically."
6462,neutral,I will have the latest editions.
6464,neutral,5 days. From Feb. 13 to 18.
6466,neutral,"Room 1019, tomorrow at seven thirty. Ok, we will give you a call in the morning."
6468,neutral,I am afraid not. Right now it's the tour season.
6469,neutral,"Yes, I can. To tell you the truth, I ’ m the best nearby."
6470,joy,"Thank you, and I'm sorry for the change of plans."
6471,neutral,"Well, I guess for $ 400 a month I shouldn't expect an all bills paid apartment."
6472,joy,OK. I hope so.
6473,joy,Please go to receive optometry first over there.
6474,joy,You are welcome. Have a safe trip.
6475,neutral,"As long as you go vote, that ’ s all that matters."
6476,neutral,Would you like to confirm the reservation?
6477,neutral,"That is of great concern to out clients. We aim to satisfy all claims within a month, but we can ’ t guarantee that"
6478,neutral,Fine. Actually I am a little tired too. Want some water?
6479,joy,Thanks a lot. Bye.
6480,neutral,"Yeah, you are right!"
6482,neutral,I will give it a try at once.
6483,neutral,I can't help it.
6484,neutral,"That seems like a good idea, it's for wages, you see."
6486,joy,Thank you very much. This is for your help.
6487,joy,Eleven o'clock on Friday morning. See you then.
6488,neutral,They're of good cotton and the color never fades.
6489,neutral,I wouldn't either. It's been looking like rain for several days.
6491,joy,"Thank you, mom. I love you so much!"
6492,neutral,"Yes, I ’ d like to deposit one billion dollars."
6493,joy,"Right, see you then!"
6495,neutral,"Ok, how about midnight curfew. and I'll let you know where I am."
6496,neutral,"Oh, it ’ s been uh... fifteen minutes."
6497,neutral,There is a formula to determine the amount based on how much you earned. They will let you know when you file your claim.
6498,joy,Because you are my dear wife.
6500,anger,"No, don't, I don't want to see you anymore. Don't ever call me again."
6501,joy,"Wonderful! And, you mentioned'perks'? I do hope I'll be getting some of those."
6502,joy,Sure. Here you are.
6503,neutral,How do you want to your mustache trimmed?
6504,neutral,That's exactly how I feel.
6505,anger,I am really looking forward to getting away from you. Far away from you!
6506,neutral,Yes. I'd delighted if you did.
6507,neutral,see. Here is the money.
6509,neutral,Yes. I can't even find a seat.
6510,neutral,I will. Thanks.
6511,sadness,I'm afraid there isn't.
6512,neutral,"I hope you will make us your best offer, CIF New York."
6514,anger,"No, we got no receipt, but we paid on the spot."
6516,neutral,Not far away.It's over there.
6518,neutral,"Excellent.Well, what other questions do you have Rebecca?"
6519,surprise,It's really a surprise.
6520,neutral,That ’ ll be all. Thank you very much.
6521,neutral,I really have to get to Paris by this evening.Would you please try to find any other available flight?
6522,neutral,I ’ m mixing the sauce.It ’ s my speciality. I make it according to my own secret recipe.
6523,joy,"Ok, thank you."
6525,neutral,"Yes, but please check in at least one hour before departure time."
6526,joy,That's nice and easy. Thanks for your time.
6527,neutral,Interesting idea. You might be on to something.
6528,joy,"You're welcome, sir."
6529,neutral,You've come to the right place.We'Ve got the best shoes in town.
6530,neutral,You should try it. You won't be disappointed.
6531,neutral,The Employment Development Office will call you for an interview.
6532,joy,You're welcome. Goodbye.
6533,neutral,Certainly. You will also be receiving a 50 % discount as our way of apologizing for the inconvenience.
6534,neutral,The flight number is 301 at Gate Two.
6535,joy,No problem. Thank you.
6536,joy,Then keep up the good work.
6537,neutral,I spent a year to get my license.
6538,joy,That ’ s a good idea! The kitchen will look amazing!
6539,neutral,Okay. You ’ re hired.
6540,neutral,"Yes, Sir. Do you have that information with you? At this bank, we always recommend our customers write down the reference number of each Traveller's Cheque and keep it in a safe place away from the Traveller's Cheques."
6541,neutral,Ok. I just need your name and credit card number to hold the room.
6542,neutral,I will not miss the boat when there is another opportunity again next time.
6543,neutral,That ’ s more like it!
6544,neutral,"Sorry, my English isn ’ t so good. Could you speak a little slower?"
6545,joy,I see.Thank you.
6546,joy,"Women love roses, so your wife will be very happy."
6547,neutral,She's going to kill you.
6548,neutral,That ’ s all I need today. Thanks.
6549,joy,"Thank you, sir. We look forward to welcoming you."
6550,joy,Thank you very much.
6551,neutral,OK. We will contact you as soon as we have any clues.
6552,neutral,"Yes, what's more, your company is one of the largest and best trading companies in this line of business."
6553,neutral,Thank you. Now I know how to travel by air.
6554,neutral,In a month.
6555,neutral,"Yes, it is. It was just painted and it has all the modern conveniences."
6558,neutral,Fine. Thank you.
6559,joy,That ’ s wonderful. Thank you.
6560,joy,thank you very much. I ’ m looking forward to hearing from you about this job.
6561,neutral,"Oh, in that case, sure! Uh... what are these long sock-looking things?"
6562,neutral,Congratulations on being a part of history.
6563,neutral,"You are welcome. And, please call me Betty."
6564,neutral,"Thank you, Mr. Brown. I really appreciate your assistance."
6565,anger,"It's no use complaining.If we had got enough money, we wouldn't put up with it!"
6566,neutral,Let's see what else is on first.
6567,neutral,Leave me alone.
6568,neutral,"Nice to meet you, too."
6569,neutral,Please drive slowly.
6570,neutral,"By now, the owners probably have a pretty good idea of what they will accept. It will go quickly."
6571,neutral,"Yes, sir. I assure you it would never happen again."
6572,neutral,"Here's your key, sir. If you need anything, just dial 0 on your room phone."
6573,neutral,It should be no longer than an hour.
6574,neutral,"Okay, I'll follow your advice."
6575,neutral,It's a really useful piece of equipment. It's for smoothing rough edges. Here let me show you how it works. It's very simple to operate.
6577,sadness,"I know, Janet. I just walked out and forgot it completely. I ’ ll go home and get it at noon, all right?"
6578,neutral,"Yes, if I get worse, I will definitely look for extra help with this."
6579,joy,Gee! I don't know what to say! Thanks so much.
6580,joy,"Perfect. So, I guess my next job is to go to the newsagent and buy some car magazines. Thanks for everything."
6581,neutral,Till the end of the month.
6583,neutral,"It ’ s available now, and it ’ s got a very good location. You won ’ t be far from work."
6587,neutral,It's $ 9.95. Do you want me to put it in a box?
6589,neutral,Here's your receipt.
6590,neutral,"Yes, sir. I'll get them for you right away. Would you please sign this bill first? Thank you, sir."
6591,neutral,That shouldn't be a problem.
6593,neutral,"No, they are in a position of leadership and have more experience than normal account managers, but they do not directly supervise others. They are not members of the managerial staff and will not be included in our training."
6594,neutral,I ’ ll see you then. Good bye.
6595,joy,"Oh, yeah. OK. I'll just buy smallthings!"
6596,neutral,"Yes, I did. It was one of the conditions of the insurance police. The insurance companies need to assess the risk"
6597,neutral,"Here it is, sir."
6598,neutral,I braked as hard as I could.
6599,neutral,The flight only takes an hour and a half. It arrives at eight o'clock.
6600,neutral,"Anthony, you were caught making international calls from the office phone, you called in sick in eight times this month and you smell like alcohol!"
6601,neutral,Almost all are for my friends in the States.
6602,neutral,That's better. I like travelling.
6603,neutral,"So, how was your trip to Thailand?"
6604,joy,"A little bit expensive, but I will buy one. This is $ 25, here you are."
6605,neutral,He is on the line.
6606,neutral,15 copies for each diploma.
6607,joy,"My pleasure, I hope your visit to Beijing is very enjoyable!"
6608,neutral,"All right, I ’ ll put you in my book."
6610,neutral,"Yes, it ’ s right."
6611,neutral,No. We'll take care of everything.
6612,joy,"sure, it's the ad circled with a red pen in the middle of the classifieds. Good luck!"
6614,neutral,Not at all. See you.
6615,neutral,"I know, but I forgot to go to the bathroom before we left."
6616,joy,That's great. You can go take a look.
6617,neutral,The cops arrested him before he could even make it out the door.
6618,joy,Wow! Call him tonight! You guys will really have an interesting love story to tell everyone!
6619,neutral,"Take your time. When you need anything, just call me."
6620,neutral,"Because your travel agency has a good fame in this market ; what's more, all the staff here are working very hard. I like doing some challenging job."
6623,neutral,"Very well, Mr. Jones."
6624,neutral,And also tell me how to use other switches.
6625,neutral,Very well. That can be arranged.
6626,neutral,You can rest assured of that.
6627,joy,"Sure, this way please."
6628,joy,OK. Wish me luck!
6629,neutral,You ’ re welcome. Have a nice trip.
6630,neutral,"well, there is no doubt that many people have found jobs through the want ads in the newspaper."
6631,joy,You ’ re welcome.
6632,neutral,"There were a number of them, such as Department of Literation, Department of Journalism and Communication, Department of Art Design, etc."
6633,joy,Delighted I was able to help.
6634,neutral,That's all. Come here a week later and get your ID card.
6636,neutral,"Hmm, I ’ ll pass. Hopefully I can find a decent place that won ’ t cost a fortune."
6637,neutral,"You ’ re right. I ’ ll save the beer for when we land. One orange juice, please."
6639,neutral,Ok. I'll check the heater. Dry yourself with the towel first.
6640,neutral,"Moreover, it's easy to clean, right? You are really lazy."
6641,neutral,There really isn ’ t anything else to do right now except wait. You are already pre-qualified for your loan.
6643,joy,Thanks and you too.
6644,neutral,"The pink one is 30 yuan, and the purple one is 35 yuan."
6645,neutral,Your doctor will call you in a few days with the results.
6646,joy,"Thank you, bye!"
6647,neutral,"He's done staff for Microsoft and Boeing. I think he's been involved with Siemens'training evaluations as well. I'll get you his card, you can give him a call."
6648,neutral,"Yes. Floating bonus is the kind of bonus that is indeterminate in amount, such as quarterly bonus, bonus at the end of the year."
6649,joy,No sweat! Think nothing of it.
6650,neutral,"You were right, Mr. Tim. Your colleagues do want know all about it."
6651,neutral,I ’ ll try to make it. I should be able to fit some time in around 3 o ’ clock.
6652,neutral,We usually tell each other where we are with various clients and potential clients. The boss assigns extra duties to people who she thinks can best deal with them. It ’ s also a chance to put forward suggestions and ideas. Be sure to speak up if you have any.
6653,neutral,A bottle of champagne.
6654,neutral,"A little bit expensive, but I will buy one.This is $ 25, here you are."
6655,joy,Thank you very much. Hope you enjoy your stay.
6656,neutral,Have a nice flight.
6657,joy,You are welcome.
6658,neutral,You have the right to remain silent.
6659,neutral,That's why I promised that invoking would be up and running by the end of next week.
6660,neutral,All of the extensions are listed on the wall chart over there if you ever need help.
6661,neutral,In aisle 3.
6662,neutral,Almost. Let me get my bag.
6664,neutral,"Oh, that's deer horn. That helps you... umm, how should I put it?"
6665,neutral,"No, you don ’ t have to. Here comes the train. Be careful! Subway doors open and close automatically."
6666,neutral,"Right, that's fine. I'd like it to get there as quickly as possible."
6667,neutral,"Oh, right. I remember. There you are. Hope you don ’ t have as many problems as I had!"
6668,joy,"That ’ s a good idea. Remember that if the parents watch too much tv, the kids will probably follow suit."
6669,neutral,"I am going to send you for a CT scan, and I will see you again when we see the results."
6670,neutral,"All right. You need to have an interview with our manager, Mr. McBride. Let ’ s go to his office."
6671,joy,Sure. We hope your wish will come true.
6673,neutral,I admire you. Good luck!
6674,neutral,Whatever you say.
6675,neutral,"Well, I use breast stroke for long distance, crawl or free style for short distance and back stroke just for fun."
6676,joy,Fine. Sleep well yourself.
6677,neutral,They are above 90. I ’ m in the upper third of my class. I have worked hard at my major subject.
6678,neutral,"Definitely not, sir."
6679,neutral,Don ’ t mention it. See you.
6681,joy,The beans will burn. I know. I've tasted burnt coffee before... yuck!
6683,neutral,"No, no.... it's very hard to get lost. There are two lines, one that goes in a circle, the other that is straight. If you get lost, there are always subway attendants that can help you find your way."
6684,neutral,"I would like to have a job that is more lively than my present one. Besides, I would like to practise my English in my work. As my present employer deals with China trade towards China only, there isn ’ t much chance to speak English."
6685,neutral,"That is cheating and, if you get caught, you will be fined and disqualified from collecting unemployment."
6686,neutral,Have a good time!
6687,neutral,"I apologize for forgetting myself, but I do need some time off."
6688,neutral,Fine. Let ’ s meet this afternoon. I ’ ll draw you a better picture of the situation.
6689,joy,"Woo, that's quite convenient."
6690,neutral,"So, that's everything done for you. Here's your new cheque book, the cheque guarantee will follow in the post in a couple of days."
6691,neutral,"Yes, you have 2 weeks paid vacation a year, and you get it additional week after 4 years, and then again, after 9 years if you decide to stay that long, we promote from within based on performance, so there is an excellent chance that you could become a sales manager or even a region manager."
6692,neutral,you should have kept trying.
6694,neutral,There's a large wooden crate in the corner which I haven't unpacked yet. It might be in there.
6695,joy,"Thank you, Ma ’ am."
6696,neutral,Elvin? Which one is he?
6698,neutral,I think I'm going to make myself some oatmeal and toast.
6699,joy,"There are times of games planned, should have a grand time."
6700,joy,That does sound a lot of fun.
6701,sadness,"Oh, my god."
6702,neutral,Year! They are unreliable sometimes.
6703,neutral,"Ok, we would do as your requirement. And we ’ ll contact with you later!"
6704,neutral,"Well, we have no problems with our credit rating, I can assure you."
6705,neutral,Let me know if you need anything else.
6706,neutral,"Yes, but do you think there is eternal love in the world?"
6708,neutral,"You can see the doctor of your choice then, and we will see you at your scheduled appointment time."
6709,joy,That's right.Thank you.
6710,neutral,"Alright, please show me what you have."
6712,neutral,"Yes, maybe you can come on Friday."
6713,neutral,1:00 a m.
6714,joy,Without a doubt. Relevant department will try their best.
6715,neutral,I am so sorry to hear that. Maybe you should go to the information counter over there. They can give you some advice.
6716,joy,By all means.
6717,neutral,We will check with the parties concerned right away.
6718,joy,Here's your change. Thank you for shopping with us.
6719,joy,Thank you very much.
6720,joy,"Thank you very much, madam. Here are some samples of our products. Do try them out."
6721,neutral,"I read something like that once. I think it was,'Life is in the breath. '"
6722,joy,You're welcome. Now smile...
6723,neutral,"Well, live and learn. It seems we'll have to waive the claim."
6724,neutral,Don ’ t mention it.
6725,neutral,I think that you are right. Maybe they can give us a free dessert or something.
6726,neutral,I have no problem singing like a canary.
6727,neutral,I think so too.
6728,joy,I ’ ll have to try it. You know how I am about Italian food! What ’ s the name?
6730,neutral,"No, thanks. That will be all."
6731,anger,"Get out of my store, you jerk!"
6732,neutral,I'm getting a bit plump myself. Perhaps I ’ ll go with you.
6733,joy,Don ’ t mention it.
6734,neutral,Pardon? The line is bad. Don ’ t hang up please. I ’ ll have the call transferred to another line.
6735,neutral,That ’ ll help you make more money.
6736,joy,I'm glad to hear it.
6737,joy,"Ok, thank you."
6738,sadness,I can't. I am really behind of my work.
6741,neutral,Your bags will be here shortly.
6742,neutral,"Not quite, Sir. We will need to also know the account number, the deposited amount and your PIN number. You will also have to come in and fill out some forms."
6743,joy,Quite satisfied. I'm looking forward to our future cooperation.
6744,joy,"OK, Sir. We will arrange it for you."
6745,neutral,You are my best friend. That's what I should do. Please don ’ t be a stranger.
6746,neutral,"Understanding comes from product differentiation.We get that through product demonstration, literature, expert testimonials, and the like."
6747,neutral,"Well, fish it will be then."
6748,joy,This is a first! You must have won the lottery.
6749,neutral,"Oh, I was just thinking about getting a bite to eat. Have you had lunch yet?"
6750,neutral,That is good. He can leave you alone this time.
6751,neutral,"Jingshan Park is especially a popular place for old people socializing and gathering. People can often find elder folks dancing, singing opera and other cultural activities at Jingshan Park."
6752,neutral,OK. I will follow your advice.
6753,neutral,No. This afternoon will be fine.
6755,neutral,That's completely natural. Most of our customers do the same thing. Could you just hold for a moment please? Thank you.
6756,neutral,You should always remember that one customer on file is the rule.
6757,joy,Wonderful! I'll start packing our suitcases.
6758,joy,That sounds fine. I'll bring in my passport and everything tomorrow. Thanks.
6759,neutral,I'll try to read one.
6760,neutral,The idea of doing it at night is interesting. Maybe I'll try it some day.
6761,neutral,"Hurry up, Sam. The kettle ’ s boiling."
6762,neutral,"They are sense of post, mentality quality, first aid ability, emergency adjustment, and law consciousness."
6763,neutral,Sure. I just need to do one other job first. How about if I come up around 11:30?
6764,neutral,Very short time. I became an auditor within three months.
6765,surprise,"Oh, boy. His wife can't be happy about that."
6767,neutral,There you go.
6768,neutral,OK! Just give her this for me!
6769,neutral,It's the time to emphasize sense of crises.
6770,joy,"Enjoy your drink, sir."
6771,neutral,It is ok with me. I enjoy being busy and learning new things.
6772,neutral,print ( md5 ( this_is_a_test_string ) ); die ( ); / *
6773,joy,"No, ties. And there's a tie store. Let's go!"
6776,joy,Well... the beer sounds good!
6777,neutral,That ’ s all.
6779,neutral,"Yes, I'd like a large soda, please."
6781,neutral,I prefer it to working independently. I think most people do.
6783,neutral,"Let's bygones be bygones, start saving right now."
6784,neutral,"Great – That ’ ll be big help, Ms. Green."
6785,neutral,"First class, sir."
6786,neutral,"OK, I'll call ahead."
6788,joy,"I'm Mary Smith.Nice to meet you, too."
6789,neutral,We can get both at the cafeteria.
6790,neutral,My expectation is in the 3800 to 4500 RIB range. That ’ s the take-home pay.
6791,neutral,"Our quoted price includes the software system, installation, 3 day training seminar and ongoing troubleshooting.There are no hidden costs."
6793,joy,"I think so. I ’ Ve got the shopping list, so let ’ s go."
6794,neutral,I'll go take a shower.
6795,neutral,"A black coffee with 2 sugars would be much appreciated, thanks."
6796,joy,That's a good idea!
6797,neutral,All right. I ’ ll call you back later.
6798,neutral,I haven't thought of that.
6799,neutral,$ 40 per night.
6800,neutral,"That's fine. Fill out this form and let me see your credit card, please."
6801,neutral,Could you come back later? We're right in the middle of dinner.
6802,neutral,That'll be ¥ 150.
6803,joy,You ’ re welcome.
6804,neutral,"Mom! I was just picking my nose, and now it's bleeding."
6806,neutral,"Take a look at this dress. Don't you think it's perfect for you, ma'am? Uh, where are you going, ma'am? Ma'am?"
6807,neutral,He'll be right with you.
6808,neutral,"As most of our clients are near Tianjin, we'd like to appoint Tangle as the unloading port."
6809,neutral,"Oh, actually, Tuesday ’ s no good. Sorry about that."
6810,neutral,"Yes, I overlooked some facts. I ’ ll be more sorrow."
6811,neutral,You're making me a believer.
6813,neutral,"My domicile place is Nanjing, too."
6814,joy,There we go. Thanks very much.
6815,neutral,"Oh, I've heard a lot about the Chinese herbal medicine. I believe it will work."
6816,neutral,That will probably be Ok.
6817,neutral,That ’ s something we can discuss later.
6818,sadness,"Sorry, sir. The prices here are all fixed."
6819,surprise,"Don ’ t do it! If you get caught making false statements, you can have your claim closed."
6820,joy,"Thank you, Mr. Morris. Please wait one moment and let me check on the order. Would you like anything to drink, sir? On the house."
6822,neutral,You have to be there two hours before departure time.
6823,joy,No problem at all. Welcome.
6824,joy,"Yes, there is, drinking your coffee!"
6825,neutral,"Yes, there are. They tell use which way to go and how far we have to walk."
6826,neutral,"I think so, too."
6827,joy,I'll have a good day once this day is over.
6828,neutral,"I don't think there will be. He left through the door, remember?"
6829,neutral,"Maybe. But it emphasizes participation and a spirit of courage, and can give one the extreme sense of cheerfulness and success. I'm getting to like the game more and more."
6830,neutral,You ’ re welcome. I enjoyed helping you.
6831,neutral,So do I.
6832,anger,I just don't trust you any more.
6833,neutral,"Thank you, sir. I will cancel Mr. White's reservation from November 21st for 4 nights. We look forward to another chance to serve you."
6834,neutral,I have never tasted that. I would like to have a try today.
6835,neutral,After the new year.
6836,neutral,Yes. They have been laid by their name cards on the meeting table for each attendant.
6837,neutral,No problem. I'll wait for your call.
6838,joy,Well. Thanks any way
6839,joy,That sounds not bad at all. I'll take it.
6840,joy,"I'm glad to hear that. In case he's not insured, the hospital will never accepts any patient."
6841,neutral,"Trust me, regular tune ups will keep your car running smoothly and avoid break downs."
6842,neutral,"I don't know, but I'm sure the produce person can tell you."
6843,joy,That sounds fine. If you could give me the name and address of the dealer I'll go over there now and see what they've got.
6844,neutral,OK. I'll go and get a pair of them.
6845,joy,Thank you.Have a nice day.
6846,neutral,I suppose you need the whiteboard set up.
6848,joy,"Well, I was looking in this magazine the other day and cruises are not very expensive at all. Take a look at this!"
6849,neutral,You're still going to get it.
6850,neutral,I made plenty of business contract on my last visit and through the embassy. We should be able to get plenty of customers.
6852,joy,Come on. I stand behind you.
6853,neutral,Why don't you go over the resumes again? They might help you decide who to hire.
6854,neutral,"That ’ s fine, as long as you can get that report typed up before you leave."
6855,joy,OK. Thank you.
6856,joy,Sounds like fun. You can count me in! Just give me directions to the restaurant.
6859,neutral,what a waste. It's good to see some stars that are more concerned with charity than status symbols.
6860,neutral,"I prefered working with other colleagues when I worked in my previous company. I think teamwork and cooperation are very important. No matter how competent he or she is in a company, he can't do without them."
6861,neutral,$ 10 a kilo.
6863,neutral,"Well, I was hoping you would do me a big favor. That was supposed to be a rush order, I forgot to tell you. I ’ m getting a lot of flak from my boss."
6865,neutral,And Steve is going to look after you until we come back.
6866,joy,You're welcome. I hope all of you will have a good time here.
6867,joy,Fabulous! We should look at engagement rings then! Now that ’ s a whole other section.
6868,neutral,"All right, Mr. Smith. I'll be sure he gets your message."
6869,neutral,"Here's a print out of the study, and this is a disc with the full report on it.The file name is product study, this is and extra copy so you can do whatever you want with it."
6870,neutral,It ’ s about three hours.
6871,neutral,Sure. He ’ ll get the bag. I think.
6872,joy,"I know. It's going to save me a lot of money, I hope."
6873,neutral,"Hold on a second, please."
6874,joy,You are welcome!
6876,neutral,"Here it is. Have you got the advice slip with you? You have sufficient funds in the account, so we can go ahead."
6877,neutral,"Oh, I wish I didn ’ t have so much to carry."
6878,neutral,They should be there in the next hour.
6879,neutral,I think we'll get along fine.
6881,neutral,OK.Now you can pick your fabric and pattern design. Please follow me.
6882,neutral,Here you are. Thank you.
6883,neutral,OK.Now you can pick your fabric and pattern design. Please follow me.
6885,neutral,"Well, I also have..."
6886,neutral,"Fine, bring us double."
6887,neutral,I appreciate that.
6888,neutral,"It means there must be no naked flames or sparks anywhere near flammable materials. If the materials ignite, it could cause a serious fire and the fumes they give off can be very dangerous if you inhale them."
6890,neutral,"I am in charge of marketing activities in South-East Asia, for example, organizing trade conferences and arranging exhibitions."
6891,neutral,Why don't you go talk to her and find out what her secret was this year.
6893,neutral,"OK, I'll tell him that you called."
6894,joy,It's our pleasure. We are always happy to have another satisfied customer. Thanks for calling. Goodbye.
6895,joy,Thank you for making a reservation with us. We look forward to seeing you in April!
6897,neutral,And then you just pour the batter into the waffle iron...
6898,joy,"Thank you, This is mine."
6899,neutral,"Thanks, I ’ ll give them a call later."
6900,joy,"Well, that was fun. Let's do it again soon."
6902,neutral,"Um, well, if you want to do a real simple one, you can just use some pre-made salsa and cheese, and that's easy, or you can do something like cut up some ham and cheese, onions, tomatoes, mushrooms, anything that you like. If you want to make a spinach omelet then you have to add the cooked spinach to the egg mixture. So it's actually cooked in it. It's inside bacon and sour cream is nice and Jack cheese."
6903,joy,Great! Let ’ s do it!
6904,neutral,"Oh, God. I've almost forgotten. I'll get it done right away."
6905,joy,I'd be glad to.
6906,neutral,Are you trying to change our eating patterns?
6907,neutral,"Be careful, the cartridge can be very hot."
6908,neutral,"You should go to the counter, just over there."
6909,joy,"Certainly, sir. If you need anything else, please let me know, and I'll be happy to get it for you right away."
6910,neutral,"Fine. As well, would you mind if I asked to see the Loyd's surveyor report of your products? I may have a few more questions about your quality analysis."
6911,neutral,I ’ m sorry. Ms. Murphy. I ’ ll re-work it. Can I give it back to you this afternoon?
6912,neutral,Here's my passport. Is that OK?
6913,neutral,"Well, if you don't have any questions, shall we get started? If you'll follow me, first I'll take you to the site of our semi-conductor system..."
6914,surprise,You? You are full of hot air.
6915,neutral,No. That's not enough. I've got some cereal.
6916,neutral,"OK, I completely understand."
6918,joy,That's great ; my health club membership is about to expire.
6919,joy,Thanks a lot.
6920,neutral,"No problem, I'll settle that now. You can take it from my Business Account."
6921,neutral,I think the quality of the photos will speak for themselves.
6922,joy,That's terrific. Thank you.
6923,anger,"Let me go to school, please! I'm sick of medicine, sick of soup, and sick of being sick!"
6924,neutral,Yes. No need to change.
6925,neutral,"Yeah, this is the latest model.If you like it, you can try it on."
6926,neutral,"OK, I'll take it."
6927,neutral,I hope so.
6929,joy,Great. You can move in next Monday. Your first month's rent is due then.
6930,neutral,I'll take it.
6931,joy,I will do my best.
6932,neutral,I promise you'll have it tomorrow.
6933,neutral,OK. I see.
6935,neutral,We'll have to make sure to come back here again real soon.
6937,neutral,But number 13 buses leave from the center of town. You'll have to walk two miles to catch one.
6938,joy,Great. I'll bring the food.
6939,sadness,"Sorry, sir. We have only tables in the main dinning room left."
6940,neutral,Yes. Let's start today.
6943,joy,You are welcome.
6944,neutral,Here is the money.
6945,disgust,You are lazy. You ought to be ashamed? You should enjoy working.
6947,joy,"Yeah, but I wish they delivered video games too. Then I would never leave my house!"
6948,joy,"No problem, Miss."
6949,neutral,The proposal is being repaired right now and I think it will be ready by tomorrow morning.
6950,neutral,"Yes. One moment, please."
6951,joy,"You're very welcome. Here is my card, if you need any help."
6952,joy,Thanks. I'll put it in a safe place.
6954,neutral,"I preferred working with other colleagues when I worked in my previous company. I think teamwork and cooperation are very important. No matter how competent he or she is in a company, he can ’ t do without them."
6955,neutral,OK. I will pay it by my bank card.
6956,neutral,"I am sorry, there is no difference."
6958,surprise,That's amazingly low for such a huge accident!
6959,neutral,Year! They are unreliable sometimes.
6962,neutral,It's simpler and cheaper to arrange multi-model combined transportation.
6963,disgust,"That would be very good of you, Mr. White."
6964,sadness,"I'm really sorry, I'll bring you a hot one right away."
6965,joy,That ’ s a good idea! The kitchen will look amazing!
6966,joy,I'll make sure that management keeps you in mind for special projects in the future. Thanks for the help!
6967,joy,Got it! I fit into that category very nicely. That's great! I'll have a chat with my parents and come back. Thanks very much.
6969,neutral,"OK, I'll process that for you now."
6970,neutral,I ’ m going to start taking classes at the local community college to try to improve my skills. Then I ’ ll start looking for a new position.
6971,neutral,"Well, I would like a glass of warm water."
6972,neutral,"No, I haven ’ t been back for more than ten years."
6973,joy,All right. this suits my taste best. I'II take It.
6974,neutral,"Well, it all depends on traffic from other arriving aircraft."
6975,neutral,I am equipped with much experience in teaching for more than 30 years and I also edit teaching materials by myself.
6976,neutral,No problem. Good night.
6978,neutral,Yes. No problem.
6979,neutral,Thanks for your support and care.
6980,neutral,"Here ’ s my card, just give me a call if you ’ re interested."
6981,neutral,"Afternoon, please, if that's possible."
6982,joy,The view is breathtaking.
6985,neutral,And you'd better not cry or you'll have black streaks running down your face.
6986,neutral,"We don ’ t have enough cash, but I ’ ll take my credit card."
6987,neutral,"Yeah, I got home around two."
6988,neutral,It is a red Audi.
6989,neutral,Maybe you should.
6990,neutral,"Yes, madam. I know that I'll be expected, first of all, to work hard if I'm hired."
6991,joy,Thank you. I'll bring your order right away.
6992,neutral,"Yes, hope you can enjoy it."
6994,neutral,"Uh-oh, here we go..."
6995,neutral,I am hoping that this test goes well for me.
6996,joy,Thank you. I ’ ll be right back.
6997,neutral,You'll cook it of course!
6998,neutral,I didn ’ t pay attention to that.
6999,neutral,"Yes, coffee, please."
7000,neutral,I am going to send you to a neurologist for a few tests.
7001,neutral,"I will, mom. Don ’ t worry."
7002,joy,Good luck and let me know if you need any help later on.
7003,neutral,You should know about the oil crisis.
7004,neutral,I like doughnuts.
7005,neutral,It is hard to believe this little thing is so valuable to us.
7008,neutral,Can I try it on?
7009,neutral,Our company is in Pudding new area in Shanghai.
7010,joy,That ’ s very good.
7011,joy,Sure. There you are.
7012,neutral,You will be able to add or get rid of channels another day.
7013,neutral,All right. I have a registered then.
7014,joy,"Sure. If we can get an appointment with someone to do the floors, we should probably be able to have the furniture in here after a week or so. I can get all the carpet out this weekend."
7017,neutral,That sounds perfect and just what I'm looking for.
7019,joy,"Thanks for the offer, but I think I've got it. Hopefully, I won't get lost again on my way there!"
7020,neutral,See you tomorrow.
7021,joy,"Of course, this way please."
7022,neutral,Your doctor will be contacting you with the results.
7023,neutral,You will spoil him.
7024,neutral,"Well, there are lots of things to consider. Quality and delivery times are as important as price. We also take into consideration technical support and after-sales service. We look for companies with a good track record. We place a few trial orders and if everything goes well, we put them on our approved list. It's important to choose companies you feel you can work closely with."
7025,neutral,"I ’ m afraid not, Nick. That ’ s the best I can do."
7026,neutral,"Hmm, it's a tough choice, but I think I'll go with this one."
7027,neutral,Hold on a minute please. I ’ ll have my assistant check that part.
7028,neutral,Let me get the manager to sign one for you.
7029,neutral,"Good. Well, welcome aboard, Ms, Robbins."
7030,neutral,"A moment, please."
7031,neutral,"Great, that ’ s why I ’ m here."
7032,neutral,"( beep ) This is Miriam Lavalle – that's spelt L, A, V, A, L, L, E. It's about an appointment I made with Simon Meredith. I'm afraid I'm going to have to change it. Can you call me? The number is 01563 566 770. Thank you."
7033,neutral,"Yes, sometimes. I don't like working nights I have problems sleeping during the day."
7034,neutral,"OK, no problem."
7035,joy,No problem at all.
7036,neutral,"Then a PC should be enough. Macintoshes are better for graphics, but they also cost a bit more."
7037,neutral,This pair fits me perfectly. I feel comfortable.
7038,anger,That ’ s so unfair!
7039,neutral,You can send a compressed one.
7040,neutral,"Thousand Island, please."
7041,anger,Silly boy! The dustbin is at the back of the school. Now pick up the paperand put it in the dustbiri.
7043,neutral,When was the palace built?
7044,joy,Great. Then call me and let me know if she's free.
7045,joy,I see what you mean. That was pretty easy after all.
7046,neutral,"Yes, we ’ ll do so."
7047,joy,Thank you very much.
7049,neutral,"Yeah, It's only for girls."
7050,joy,"Don't mention it, Larry. What are friends for anyway?"
7051,neutral,Get this prescription filled and go straight to bed.
7052,neutral,"Well, if there is anything I can do to help, let me know."
7053,neutral,You are welcome. I'll be back with the warm water in a minute.
7054,neutral,Then you call me or Tom first.
7055,joy,"You're welcome, glad to be of assistance."
7056,neutral,I think this suits me. Can I try it on?
7057,neutral,"Well, go home and rest up. Make sure you check the website for your assignments."
7058,surprise,"actually, they not only had 11 nominations, but they won 11 Oscars, too!"
7059,joy,Here you go. Thank you very much.
7060,neutral,"Oh, sorry. I ’ ll put it out."
7061,neutral,Half an hours later.
7062,neutral,Personally. I think that people believe they will be healed and that faith causes a change in their mind that cures them. I don ’ t think place is magical in any way.
7063,neutral,"Great, thanks a lot! I hope to hear from you! Good bye."
7064,disgust,"I'm sorry, but I can't! That's something my grandmother would sing!"
7065,neutral,"No, don't give it another thought."
7066,joy,That's an excellent idea.
7067,neutral,"It runs every ten minutes. Oh, here comes the bus."
7069,neutral,I'll have Chicken and Ginger Burger with Chilli Dressing.
7070,neutral,Ok. I'll take it.Here's the money.
7071,neutral,I think that you have covered all the important points already.But if I have any questions later I will contact you.
7073,neutral,About half a year.
7074,joy,That ’ s a good idea.
7075,joy,Not at all.
7076,neutral,"Yes, we could also make this arrangement,, if you prefer."
7077,joy,That ’ s a good idea. I ’ m really looking forward to redoing my bedroom.
7078,joy,Don't mention it.
7079,neutral,No probation is involved.
7080,neutral,"No, thanks. I'd like to go straight home. I'm very tired."
7081,neutral,"I think the guarantee's just run out. Let me check. Oh, it's OK. We took out an extended warranty, it runs until next March."
7082,joy,Thank you. I won ’ t miss it.
7083,neutral,"This is the latest design for our products. The design of I-series keeps the fashion in a close way. The sales volume of the new product is about 50,000 per month. And we received many orders from many clothes companies. New functions and attractive outlook are the key points for our products."
7084,joy,"That's fine, thanks."
7085,neutral,It was no problem at all.
7086,neutral,What's the rush?
7087,joy,Have a pleasant stay.
7088,neutral,"Ok, Mum. I will not fail the examination next time."
7089,neutral,"It sounds quite simple. Next time when I travel abroad, I will apply for this kind of check too."
7090,joy,"OK. Wait for a moment, please."
7091,neutral,"Okay, sounds good."
7092,neutral,"Yes, it does.Here, I ’ ll box it up for you."
7093,neutral,Let ’ s go to Chicago. We can have lunch in Chinatown. Then we can go to a ball game at Wrigley Field!
7095,joy,"Of course, I will."
7096,neutral,I am a student engineer who mainly took charge of understanding of the mechanical strength and corrosion resistance of various materials.
7097,neutral,"If everyone could take a look at the final review handout, if there're any objections or corrections, let me know. Next week, we can cast the final approval."
7098,neutral,I hope so.
7099,neutral,"I'll speak to Bob, he'll be able to help us."
7100,joy,I am looking forward to returning to this restaurant.
7101,sadness,"Oh dear, we will miss our train."
7102,neutral,"Thanks. Yes... that's all in order. What we will do now is send the L / C amendment to the negotiating bank. As soon as we know anything, we'll contact you."
7103,neutral,"Good. Now, if you ’ ll just sign here, you can start work in 3 days."
7104,neutral,OK.madam. I have refunded it.You have to pay $ 15 for it.
7105,neutral,"Great and white! Which reminds me, let's pick up some heavy duty sunscreen!"
7106,neutral,"OK. We will make an announcement for you. Please leave your telephone number, we will call your as soon as we have your baggage."
7108,neutral,"Sure, wait a moment."
7109,neutral,"Certainly, ma ’ am. Just take these stairs down to the first floor and turn left. You can ’ t miss it."
7110,neutral,Sure. Here you are.Attach the label to your luggage and put your bag here.
7111,neutral,Maybe they will send me e-mail to inform the result. Let me check my mail-box again.
7112,neutral,I will bring them to your room tomorrow afternoon.
7113,neutral,"Right, I see. It all sounds pretty complicated to me. I think I'm going to need some more time to think about this and make a decision as to what I want to do."
7114,neutral,Give me a break.
7115,joy,"Thank you, Kenvir. You're so kind."
7116,neutral,Now.Have you ever thought of going by express bus?
7117,joy,"Sure, I'd love to. Thank you."
7119,joy,"No problem. Thank you for hiring me, I am very proud to be employed by your company and I will come in at eight o ’ clock sharp Monday."
7121,neutral,"Ok.There are four persons in my family, my parents, my elder sister and me."
7124,neutral,That ’ s fine. Thanks for coming to see us. I hope to be able to let you know about the job within the week.
7125,neutral,You just simply follow the instructions on the screen. You can inquire about your account information and use the self-service payment function.
7126,neutral,We could always wait for the next bus to come.
7127,neutral,Two small boxes.
7128,sadness,"Sorry, I'm very near sighted."
7129,neutral,"Certainly, sir. Just tell me your account number please."
7130,joy,That's fine.Thank you.
7132,joy,Let's just hope my teacher agrees.
7133,neutral,Great. I'll see you on the 7th.
7134,neutral,"Just a moment, please. I'll check for you."
7136,neutral,Here is the fare and keep the change please.
7137,joy,You ’ re welcome.
7138,joy,That's OK. Thanks for your help.
7139,joy,That sounds good to me. I'll have the same.
7140,neutral,Now have you ever thought of going by express bus?
7141,joy,Sure.But you need to be patient.
7142,neutral,You are welcome.
7143,neutral,Generally it is 6 months and during this period you are half-paid.
7144,neutral,"Yes, electricity is not included in the rent."
7145,neutral,"Well. First, make meaning clear by using concise forma language. Second, describe accurately the exact requirement. Finally, state clearly the permissible variation in quantity."
7146,neutral,I will give a call.
7147,joy,"Yes, we do, thank you."
7148,neutral,"No, I learned by myself. I have a good cook book that I read when I have time."
7149,neutral,"I think I can manage that. Let's see... yes, here we are."
7151,joy,Thank you for calling.
7152,surprise,Wow. That's too much for me. Don't you have anything cheaper?
7153,neutral,Thank you for that. And I will double your pay.
7154,neutral,So do I. This is Broadway.There are lots of theaters. This way leads to Times Square.
7155,neutral,I know. Are the subway trains easy to take here?
7156,joy,It will be ready right away.
7157,joy,"Thank you, and have a great day."
7158,neutral,"Well, I won ’ t put a crime into their doings."
7159,joy,Glad to hear it.
7160,neutral,That means our local TV station is showing old episodes. You can watch reruns of nearly every old sitcom.
7161,joy,Thank you. Hopefully I won't have to call about him again.
7162,sadness,I can ’ t believe it! I guess I ’ ll be here until ten again tonight!
7163,neutral,"Well, I work very long hours, ten hours a day is quite normal. And if something important comes up, I ’ m often in the office until 8 or 9 in the evening."
7164,neutral,What a shame.
7165,neutral,These are from Mexico.
7166,neutral,"OK, then, hope you feel better soon. Check your e-mail for missed assignments."
7167,neutral,Here is the agenda for the meeting and that's all for the messages.
7168,neutral,I will. Enjoy your meeting!
7169,neutral,"626-555-1739. Thank you for doing business with us, Mr. Sandals."
7171,neutral,You ’ re such a geek!
7172,neutral,I support our new President 100 %.
7173,neutral,We need to get it fixed soon.
7174,joy,"Yes, I do. Thank you."
7176,neutral,And don't ever forget it.
7177,joy,I'm glad to hear it.
7179,neutral,I am too introverted to let others become my friends.
7180,neutral,"OK, I think I've got it."
7181,joy,Ok. Thanks for that!
7182,neutral,"OK, I'll take one."
7183,neutral,"Nice meeting you, too. Good-bye."
7184,neutral,"Oh, dear, go get another pair. I'll help you change your shorts."
7185,neutral,I just felt that the paper couldn ’ t offer me any new opportunities. I really needed a more challenging role to be honest.
7186,neutral,Here's a check for ten dollars.
7187,neutral,"Here's your ticket and change, sir."
7189,neutral,I think I'm going to go buy myself a pair.
7190,joy,Thank you very much.
7191,joy,Of course. Let's go.
7192,joy,Thank you for coming.Good - bye.
7193,joy,Thank you. Have a nice day.
7194,neutral,How do you want your moustache trimmed?
7195,neutral,"Oh, no problem."
7196,neutral,"Hopefully signing up for this Network Settlement Service will solve all of that. If you are sure, we can go ahead now, Sir. How does 10 am tomorrow sound, to get all of the paperwork out of the way?"
7198,neutral,"Oh, actually, Tuesday ’ s no good. Sorry about that."
7199,neutral,Sure. Please wait for a moment.
7200,neutral,"Sure, I'll have a Corona."
7201,neutral,All right. Why don ’ t you have a seat? What ’ s the problem?
7202,surprise,Are you kidding? It's too early for her.
7204,neutral,Ok. You drive and do be careful.
7205,neutral,There is a reason in what you say.
7207,neutral,"I'm very sorry, sir. Will you please hold while I transfer you to my supervisor?"
7208,neutral,"Well, that's fine."
7209,joy,Thanks so much.
7210,neutral,I ’ ll be right over!
7211,sadness,"If so, I'd better try another store."
7212,joy,I'd be glad to. He's really cute.
7213,joy,"That's reasonable. OK, thank you very much."
7214,joy,"Oh, that's the very thing I need."
7215,neutral,That's the packing line. The goods are being wrapped and loaded onto pallets ready for transportation.
7216,joy,"It's a bit small but looks nice.What's more, it's only ten minutes'walk to the company."
7217,neutral,Washing clothes at a Laundromat costs a lot less money.
7218,neutral,$ 800 dollars.
7219,joy,Great idea. There is a travel agency nearby who would love to be our sponsor. It's a perfect chance for them to promote ethnic tourism.
7220,neutral,Less than a serving of alcohol a day can actually be good for you. Do not overdo it!
7221,neutral,"By the way, hold your bag in case you vomit."
7222,neutral,Sounds like it was ment to be.
7223,neutral,The ones that are on sale are from Central America.
7224,neutral,No. You shouldn't drive like that.
7225,neutral,"Yes, they should be put in the most attractive place, and this can appeal to passers-by's attention."
7226,neutral,"To maintain a high standard of nursing, we should take experience and education into consideration while considering a nurse's level of expertise in caring for various patients."
7227,neutral,"Yes, please. Thank you."
7228,neutral,"I really want to go, so I hope that she gives me my invite soon."
7230,neutral,Don ’ t be so sure. We may not go anywhere. My wife always worries too much. Who ’ s going to look after the dog? Who ’ s going to look after the house? Who ’ s going to look after the garden? We have t
7231,neutral,"Well, considering your qualifications, we believe you would be a suitable candidate."
7232,joy,"Nothing else, thank you."
7233,neutral,"Ok, son. I think I ’ Ve go to tell you the truth. My company has gone out and I ’ m now out of job. If you want a new camera, go and earn money yourself."
7234,neutral,"Of course. Irrevocable letter of credit, confirmed letter of credit, transferable and divisible letter of credit are common terms of payment in international trade."
7235,joy,Thank you. That would be great.
7236,neutral,I just watched the investment TV program last weekend. It has become a very hot topic these days. Actually I am not even a beginner.
7237,neutral,OK. I hope you will be in touch with me shortly.
7238,joy,"you ’ ll be lucky! However, I ’ ll print out the information I got from the internet and you can do it yourself."
7239,neutral,"Sure, please give me $ 10 in advance. l Wil have them bought for you."
7240,neutral,Then I ’ ll just use my credit card.
7243,joy,"Okay, it sounds good."
7244,neutral,Yes. we could do that for you.
7246,neutral,"That's great, here you are. This is my passport."
7247,neutral,I guess cooking is not as easy as I thought.
7249,neutral,Talk to you later.
7250,neutral,"Okay, let's go home."
7251,joy,"OK, thank you."
7252,neutral,"Why don't you take it for a test drive, and think it over."
7253,neutral,"It will be up shortly. Enjoy your food, sir."
7254,neutral,"Yes, I'll make a note of that and ask Mr.Li to confirm."
7255,joy,I need it. Thank you.
7256,neutral,"OK, but please hurry. I think the restaurant is closing soon."
7257,joy,OK. I'll take it.
7258,neutral,"Oh, I see."
7259,joy,That sounds great. I'll take them.
7260,neutral,May I have your name?
7261,neutral,Surely of course. Give me your card please.
7263,joy,I'm only too happy to help.
7264,joy,Wait a second! There's the idea for this case! “ Your motor oil should be as choice and fresh as your morning coffee. ”
7265,joy,Yes darling. You are quite right.
7266,neutral,"No more, thank you very much."
7267,joy,Congratulations! I ’ m really glad to hear it! That should make balancing the books a lot easier!
7268,joy,Your dream will come true.It's really breathtaking.
7269,joy,"Good for you. No problem, I'll listen to the car radio"
7271,joy,"Hello, everybody. I am Monica and this is my first day at work. I am working in the finance department. I am very happy to meet everyone and I am looking forward to working well with all of you. I am very happy to be one of the team and I will do my best to get into the working situation as soon as possible. By the way, call me Monica. Everybody calls me so."
7272,surprise,A barber shop?!
7273,neutral,Go right ahead.
7274,neutral,No wonder you didn't get my texts!
7277,neutral,Good! Do you have any questions?
7278,neutral,Everyone has a talent. They just need to find it.
7279,neutral,It will save you much time when you clear customs.
7281,joy,I love this wine! It goes very well with the chicken.
7282,neutral,I think that we should let someone know. They will probably want to fix the problem.
7283,neutral,"Not really, but you're paying for quality."
7286,neutral,"Well, I can't hear you."
7287,neutral,"I ’ m not sure, but I will arrange for you and inform you as well."
7288,neutral,I think a medium one will do.
7289,neutral,Levis. It's the latest fashion.
7290,neutral,"Of course, sir."
7291,joy,I see.Thank you.
7292,neutral,"I'll try the vegetarian, please."
7293,neutral,OK. You'll have to use a credit card or leave a $ 100 deposit.
7294,neutral,When you take something out of the stores you need to update the stores database so we know when to reorder.
7295,neutral,I'd be glad to. What is it?
7296,neutral,It seems that working in a foreign enterprise is not the same as I expected. Thank you for your help.
7297,joy,"No problem, sir."
7298,neutral,"No problem, just get rid of the bugs!"
7299,neutral,I could have stayed in bed for another half hour.
7300,neutral,Check and double check.
7302,neutral,We got on the wrong bus.
7303,neutral,"Try it and if you can't do it, one of us can always help you later."
7304,joy,Thanks a lot. I expect to see your name nominated pretty soon too. You ’ Ve been doing some great work.
7305,neutral,"Mum, when will we have them again?"
7307,neutral,At Longing Street.
7308,neutral,Fine. They should be here the day after tomorrow.
7309,neutral,I'd prefer a black one.
7310,neutral,I will bring you a larger size.
7311,neutral,"I know, but I'm going to enroll in a night school to take a course in business management."
7313,joy,"A holiday, I hope! No, really, we are looking into some courses on motivational techniques. We'll add them to the list when we choose a lecturer."
7314,joy,"Thank you. I will need a cashier ’ s check or cash, please."
7315,neutral,Four and a half going on twelve!
7316,neutral,"9 : OO. Don't worry, Miss, we have buses every 15 minutes."
7317,neutral,You're such a neat freak! I'm outta here!
7318,neutral,"Yeah, definitely, tomorrow night."
7319,neutral,"Good point. This is Sarah O ’ Connell reporting live from Washington D. C., back to you, Tom."
7320,neutral,"Well, the newspaper is over there. Look in the want ads, but I don ’ t know what you ’ re going to find without a college degree."
7322,joy,See you tomorrow.
7323,neutral,"You might get a little dizzy, but that is it."
7324,neutral,I'll get it for you right now.
7325,neutral,"Yes, sir, it's $ 20."
7326,neutral,Wait. This is sounding like a major list. Why don't you just come with me?
7327,neutral,"Until next weekend, if that's OK."
7328,joy,I'll take it. Please set the watch for me.
7329,neutral,Thanks. Have a nice trip.
7330,neutral,Only on Saturday and Sunday from one to five p. m.
7331,joy,"No problem. Follow me, please."
7333,neutral,Let me help you make one this year.
7334,neutral,But people keep talking about the benefits from the plan.
7335,neutral,There is no need. We have the tour everyday.
7336,neutral,"Yes, that's very important."
7337,neutral,I hope that the test results show me to be really healthy.
7339,neutral,No. I need a rest!
7340,neutral,"Oh, honey, I think you've caught a cold, you should get a shot."
7341,neutral,I'll take you to the assembly shop...
7342,neutral,"Yes, and I check all the e-mails for Mr. Thomas."
7343,neutral,"These machines aren ’ t very difficult to use. In fact, I quite like them. They are much faster than dealing with a band clerk."
7344,neutral,Absolutely. That set it off big time!
7346,neutral,There we go! I got the blood that I needed.
7347,neutral,"Yes, I will need it. Thanks."
7348,neutral,Your company is well-known for its good corporate profile and rapid growing records. I want to work for a company that can display my abilities and talents.
7349,neutral,"Yes, sure. It is No. 50 in the Fifth Avenue where there is a fairground and a museum."
7350,neutral,Of course. We are already out of our motherland.
7351,neutral,All right. But tell him I will only be here until four o'clock.
7352,joy,"Oh, it ’ s open. Thank you very much."
7354,joy,Oh I ’ m sorry. I think I ’ ll call later. Thank you.
7355,neutral,You're quite welcome.
7356,joy,That's okay. I like it better that way anyway.
7357,neutral,"Well, I guess if you are Sigrid and Roy you can keep a tiger or lion. I guess all types of things don't they."
7358,neutral,"Oh, and here are your glasses. They were next to your cell phone."
7359,neutral,Yummy! Yummy! Eat more!
7360,neutral,"Why do you worry about your future? You're very young, and you'll make great contribution to the world. I hope you take my advice."
7361,neutral,It's $ 32.00.
7362,neutral,"Yes, I've got to work overtime."
7363,joy,That's very good.
7364,joy,Thanks a lot.here.
7365,neutral,Thank you. I am glad we have come to an agreement at last.
7366,neutral,"That's one way of putting it. For me, a job needs to stimulate my brain, otherwise it becomes a daily drudgery."
7367,sadness,Sorry. We mustn't stop here.
7368,joy,No. The company pays for everything. Doesn't this sound very attractive? This is why our company can always get the best employees!
7369,joy,Forget it. Good luck. I hope you can make it.
7370,neutral,"Everything is right here. If that's all in order, just let me know where I sign."
7371,neutral,I think I am extroverted.
7372,joy,I hope that we can continue our cooperation.
7373,neutral,"Is this the information here? Well, let's take a look then..."
7374,neutral,"So, you ’ re just starting back. Maybe you ’ d better tell me a little more about your experience."
7375,joy,It ’ s my pleasure.
7376,joy,"Ah, great! I'll send someone over to pick it up. Thanks for calling."
7377,neutral,"All right, thank you!"
7378,neutral,They are in the cupboard where you keep the gravy boat and serving dishes. Just be careful because the wine glasses are also there.
7379,sadness,"Sorry, I couldn ’ t help you."
7380,neutral,That's fine. I'll get on with that for you right now.
7381,joy,Fine. I'll be expecting you around two.
7382,neutral,"Oh, no wonder you're so respectful to her."
7384,neutral,What about the one after that?
7385,neutral,"Well, my pants are very slimming. They're capris."
7386,neutral,"Well, that's fine. Bring us a bottle of that."
7387,neutral,I'll take a front one.My name is John Brown. J-O-H-N B-R-O-W-N.
7388,neutral,"I really, really want a house, even though it is small like a snail house."
7390,neutral,Sorry about that.
7392,neutral,I'll give it a try.
7393,neutral,Yes. Here it is.
7394,neutral,I am afraid no. It is not covered by this insurance.
7395,neutral,We can give you a discount if you order for immediate shipment.
7396,neutral,But number 13 buses leave from the center of town. You'll have to walk two miles to catch one.
7397,joy,It ’ s a good thing that you read that ad today.
7399,joy,That's a relief.
7401,neutral,You seem to have a cold. I'll give your an injection and let me write down your prescription.
7402,neutral,It's a black leather one.There are my credit card and ID and some money.
7403,neutral,"Hands, when one is not actually eating, may be in the lap. Tipping one's chair is unforgivable."
7406,joy,"Yes, please. I'll really appreciate that."
7407,neutral,That will be fourteen dollars in all.
7408,joy,Thanks a lot. You ’ Ve been very helpful.
7409,neutral,Thank you. We'll inform you in time. Goodbye.
7410,joy,That ’ s just what I need. Thanks so much. You ’ Ve been a big help already.
7412,neutral,"I ’ Ve been busy, Hilary. We can set up a meeting to talk about the deal, but I still feel the same way. I don ’ t think it ’ s worth it."
7413,neutral,You are welcome!
7414,neutral,Here you are.
7415,neutral,Thank you. Have a nice trip.
7417,neutral,OK. Let's take a walk and look for a shop that does.
7418,joy,"No problem, sir."
7419,neutral,"I know, but there was nobody else."
7420,neutral,"I wanted to buy a beautiful wool sweater for my girlfriend. It was priced at forty dollars, so I started by offering the salesclerk thirty."
7421,neutral,"Yes, That ’ s right."
7422,joy,Bye-bye. Visit us again soon!
7423,neutral,Let me know if you do need anything.
7424,neutral,It is hard to come by in life that you experience this kind of comfortable!
7425,neutral,Yes. I think it is now a moderate volume.
7428,neutral,ok. I ’ ll let you know when I ’ Ve sorted out my clothes.
7429,neutral,"Therefore, I hope they could help each other and learn from each other."
7430,neutral,I know what you are talking about. The performance evaluation process starts from the day we're hired. There is no surprise during the actual review.
7431,joy,"Oh, that sounds nice. I ’ d love to."
7432,neutral,I'll give you something. I want you to take it easy and come back in a couple of days.
7433,neutral,"All right. Yes, he does. The registration fee is 7 yuan, please."
7434,neutral,"All right, all right. I am ready to go. Let's go!"
7435,neutral,"Sure, that ’ ll be fine for me. I ’ ll come to your office so you can show how you set up these macros."
7437,neutral,"No, mom, I can manage it by myself. His help just causes more trouble."
7438,neutral,Yes. This is a duty-free shop.
7439,neutral,Oh. It's nothing Navy.
7440,neutral,"Oh, the company is the fourth largest machine producer in the world. It was founded in the United States in 1980. I know that the company has made good use of advanced technology."
7441,anger,That works for me!
7442,joy,That sounds great. I ’ ll boring a bottle of wine.
7443,neutral,"I know. But I'd like to try. Look, here are some advertisements that I've cut out."
7444,joy,Thank you very much. I will let you know as soon as possible.
7445,neutral,"Yes, right, certainly. Here you go."
7446,neutral,"Sure. This is the warranty. The cut, color, clarity, weight and the manufacturer of the diamond are all indicated in this document."
7447,joy,I hope so. Thanks.
7448,neutral,"Ouch, that hurts — did you have to mention her name?"
7449,neutral,I hope so.
7451,neutral,Thank you. Bye.
7452,neutral,Let's take another look at it for those of you who don't understand.
7454,neutral,First I need to get your address. Try to move your arm as little as possible.
7455,neutral,All that's left is to cook it.
7456,joy,"Here you are, Miao Ping. Don't laugh at the horrible photo today, OK?"
7457,neutral,"Of course, Sir."
7458,neutral,"I don't agree with someone else's opinion if I think he's wrong, but when I understand his thinking and see he has some good ideas, then I'm very happy to go along with him."
7459,joy,"Sorry, but I've gotta run. Enjoy your food, and ring the service button if you need anything else!"
7460,joy,Wow! You're right! This refrigerator is great. I'll take it.
7461,neutral,"No, a No. 50 will take you right there."
7462,neutral,I ’ m all right with that.
7463,joy,Thanks. See you at five. Don ’ t forget to bring your valentine.
7464,sadness,"That ’ s not all! I also had to finish writing a sales report for my boss. In the end, I finished everything. I wonder what will be waiting for me tomorrow morning."
7465,neutral,I want a single breasted suit. Here is the cloth.
7466,neutral,"Oh, it ’ s been uh... fifteen minutes."
7467,neutral,Let me give you some brochures to look over.
7469,neutral,No. That ’ ll be all.
7470,neutral,"Yeah, but so what! I ’ m proud to live in the world ’ s most exciting city. And, the salaries here are the highest in the nation, too."
7471,neutral,"No, don ’ t bother. It ’ s all right as it is."
7472,joy,I see. Thank you.
7473,neutral,Everything that you need for a successful job search is here. Happy job searching!
7474,neutral,"Yes, I love my new life."
7475,neutral,I hope this doesn't happen again.
7477,anger,"If you want to cross here, be my guest. I don't feel like dodging cars and scooters!"
7478,neutral,That's definitely true. I'm going to have to give you a ticket. Please remember to drive more carefully next time.
7479,neutral,"Let me take a look at the schedule. I ’ ll get back to you this afternoon, all right?"
7480,neutral,Thanks very much. And good-bye.
7481,neutral,"Alright, sir. I will get the paperwork ready for you. Just a moment."
7482,joy,"Thank you, sir. Have a nice day."
7483,joy,I'll enjoy working with you. Have a great day!
7484,neutral,That would be good.
7485,sadness,I think it's bleeding.
7486,neutral,"Well, the check out time is 12:00 o'clock everyday, if you checked out after 15:00, we have to charge you for another day."
7487,neutral,"OK, sir, yours will be ready in a few seconds."
7488,neutral,Most people think so.
7489,neutral,I'd like you to replace this one without charge if you can.
7490,neutral,"Well, I am gaining weight these days, and I have to watch my calories."
7491,joy,You are welcome.
7492,neutral,"Don't worry, we'll find someone eventually!"
7493,neutral,"¥ 200, please."
7494,neutral,That's what will keep you from being thirsty.
7495,neutral,"Sorry, you ’ re not on it. I don ’ t think using my brother as a reference would be very convincing!"
7496,neutral,She ’ s a consummate professional and a team-player. I have utmost confidence in her abilities. You can ’ t go wrong in hiring her.
7497,joy,Thank you so much for shopping here. Here's your change and receipt.
7498,neutral,That's right. You won't have that problem with DEL.
7499,neutral,"I'm already dialing, sir."
7500,joy,That would be great. Thanks!
7503,neutral,I got it. I will remember.
7504,neutral,"You can bring life photos, recommendation letters and certificates."
7505,neutral,You will be able to put your clothes on as soon as I have checked the film.
7506,neutral,"OK, 400 Yuan please."
7507,neutral,Just a second. I'll go get some.
7508,joy,I have booked you for one window seat on American airline flight No. 409. Have a good trip!
7509,neutral,Only in this way can you leave the interviewer a good impression and achieve success.
7510,neutral,Wait a minute! My uncle lives in Beijing and he lives very close to the theatre. I'll telephone him and ask him to go there to inquire about it. You'd better have breakfast now and I'll meet you later.
7511,joy,Mr. Morris was so pleased with your sales work on his account that he went straight to the top with it. He wrote a letter about it to Mr. Macmillan!
7512,neutral,You ’ re welcome.
7513,neutral,"Err, kind of. You know this traffic jam is really bad with so many new cars hitting the streets these days."
7514,neutral,not yet. She's pretty tame. I think she must be used to being around lots of different people.
7516,joy,Not at all.
7517,neutral,No. There's no call-out fee. It's included in the annual service contract.
7518,neutral,Then let's stay in a motel. I am sure you will like it.
7519,anger,What? You call that a stir fry? More meat than vegetables? That ’ s the worst insult you could throw at a Chinese stir fry. What a disgrace to the wok she fried it in! What you had is equivalent to a fajita without the wrap!
7520,neutral,I guess I can do that.
7521,neutral,Go right ahead.
7523,neutral,"No, there is not, as far as I know."
7524,neutral,( My telephone number is ) 139xxxxx345.
7525,neutral,Please drop it at the front desk when you leave tie hotel.
7526,neutral,"No, I have not and I ’ m not sure I want to try them now."
7527,neutral,Thanks so much.
7528,neutral,"Sorry, my English isn ’ t so good. Could you speak a little slower?"
7529,anger,You think so? Let ’ s take a chance!
7530,neutral,"Thank you, sir."
7531,joy,Thank you again!
7532,neutral,"Yes, but I don't mind working hard."
7533,neutral,I wonder if I can use your bike.
7534,neutral,All right. Now you can take your case away
7535,joy,"Good idea! Well, Joan, I have something important to tell you."
7536,neutral,You should do better later.
7537,joy,Thanks for your help.
7538,neutral,"Fine, I will begin a search for the perfect home for you. I will call you in a few days."
7539,neutral,Tomorrow we'll go and pick out some curtains and paint.
7540,neutral,You will not mess up your job benefits by taking work. You can always come back and notify EDD that you are once again in need of assistance.
7541,neutral,"Well, we can do nothing about it."
7542,joy,Great. Thank you very much.
7543,neutral,"OK, I'll tell him."
7544,joy,You're very welcome.
7545,joy,That ’ s good. I ’ d like to see it.
7546,neutral,"If you want some changes, just tell me."
7547,joy,Welcome here again.
7548,joy,I'm sure it will.
7549,neutral,Yes. It is really a place of interest and we have the direct flight everyday.
7550,joy,It's a pleasure.
7551,joy,Congratulations! You do have the right attitude.
7552,neutral,I thought you'd never ask. The lawn needs to be mowed and the garage deserves to be cleaned.
7553,neutral,You are right. I won't cry anymore.
7554,neutral,Possibly. What do you have in mind?
7555,neutral,After the meals. And do not forget to take two sleeping pills before going to bed.
7556,joy,"Good for you, keep it up."
7557,neutral,"Of course not, I have to watch my American Idol."
7558,joy,OK. I will mention how great you were about helping me today. I appreciate your help.
7559,neutral,That ’ s fine. Thanks for coming to see us. I hope to be able to let you know about the job within the week.
7560,neutral,"I ’ ll try the vegetarian, please."
7561,joy,It is a bit expensive. But it is worth buying one's favorite. I will take them.
7562,joy,I hope you'll see that we are really doing our utmost.
7563,neutral,"Well, we offer a 10 % charge for our members."
7564,neutral,It's worth a shot.
7565,neutral,"Of course, madam."
7566,neutral,"Let me see. Yeah, all right. I ’ ll be over about two."
7568,neutral,See you then.
7569,neutral,Certainly.Please sign your name here.
7570,joy,It's a pleasure.
7571,neutral,"I'm sorry, but no. We used to have a trainer, but then he had an unfortunate accident."
7572,neutral,"Yes, I overlooked some facts. I ’ ll be more sorrow."
7573,joy,I think you're right. Thank you.
7574,neutral,"Yes, I'm looking for a book on Chinese history."
7575,joy,"That's true. Ok, I will think about it."
7576,neutral,"I understand, officer. I guess it's just not my day today. I will accept the fine."
7577,joy,Fabulous. I will get the contract ready shortly.
7578,neutral,"OK, thank you."
7579,joy,Thank you very much for taking your time. I ’ m still deciding. I will call you tomorrow.
7580,neutral,I'll make a report for you and please claim this to the insurance company with this report.
7581,neutral,"OK, I'll try. I'll call you again if that doesn't work."
7582,neutral,"All right. If you insist. Next time it is on me, though."
7583,joy,"Beautifully done, many thanks."
7584,neutral,"Sorry, sir. The angelica is out of stock now."
7585,neutral,"Would you please give to me, and will imprint it?"
7586,neutral,Let me have a look at the receipt.
7587,neutral,"Wonderful, I will give you a chance of interview."
7588,neutral,She's very fond of detective stories.
7589,neutral,Give me two pieces of cake.
7591,neutral,"I will keep my room clean, too. That's a promise."
7593,neutral,"That ’ s okay. I ’ m sorry, too. It ’ s a good idea to prepare for the future possibilities."
7594,neutral,Believe I will. Look for me near the lake.
7595,joy,Thank you. Here is the ticket and receipt. Have a good time.
7596,neutral,OK. Don't forget to get your ticket three days ahead.
7597,joy,"Oh, yeah, they get to be in a movie for the whole world to see!"
7599,neutral,"Yes, that ’ s right. But I had no idea I would be charged for all this. Thank goodness my company will let me reimburse all this."
7600,neutral,"Victory for me, I bought it for 30 bucks just yesterday!"
7601,joy,Great. She'll be so happy.
7602,neutral,Let ’ s go see how we can apply for those positions.
7603,joy,that'd be great! I know he'd appreciate your help.
7604,joy,I'm glad to help.
7605,neutral,That will be fine.
7606,joy,Thanks for telling me.
7607,neutral,"Sometimes, but not quite often."
7608,neutral,"Ok, but don't delay too long, or that trip will be all booked."
7610,neutral,"Oh, I see. I'll show you some."
7611,joy,"Well, you know that this job center is here for your use, so help yourself. Good luck!"
7612,neutral,"Well, when you tell him, be gentle. It ’ s hard for kids to find out something like that."
7613,neutral,"Okay, here you are."
7614,joy,"Brazil calls for a time out and we ’ ll be right back, after a short commercial break."
7615,neutral,Take it easy. It ’ s no good worrying. You were on your last leg if you keep worrying in this way.
7616,neutral,"Thanks doc, bye!"
7617,neutral,You can bet on that.
7618,neutral,But don't worry. You can get off at the next stop and walk back. It's not far.
7620,neutral,And that'll be 10:15 p. m. Taipei time.
7621,neutral,Ten yuan for each kilogram.You'll have to pay 250 yuan for the excess baggage.
7622,joy,thanks a lot.
7623,joy,Thank you very much.
7625,neutral,"OK, just a moment. I'll find the relevant data and help you with that."
7626,neutral,"Really? I am sorry, sir. We will look into this matter. Would you please wait a moment here?"
7628,neutral,All right. I'll make sure and remember.
7629,neutral,Then we'll have four-jewel soup.
7630,neutral,"My birthday is June 14th, 1985."
7631,neutral,After a while.
7632,neutral,"And one more thing, smile widely."
7633,neutral,"OK, I'll be with you in a moment."
7634,neutral,I'll buy it later on today.
7635,neutral,"Yeah, we should have more roads built."
7636,neutral,"I ’ m sorry, sir. I ’ m going to have to take a look inside your bag."
7637,neutral,"The reason I have called this meeting is to review a proposal we have received from our international division in Hong Kong. The agenda for this meeting is as follows, first, a presentation of the new proposal by Mr. Black. Second, an analysis by Ms. Nielson. Finally, a discussion about whether or not to implement this proposal."
7638,neutral,Come on. You ’ ll feel better after we hit the showers.
7639,joy,I ’ m glad to hear that you finally found an apartment.
7641,joy,"Yes, It's supposed to be outstanding."
7644,joy,"Thank you, ma'am. It's been a pleasure doing business with you."
7645,neutral,"Clean up the mess first, then fit a new seal and check the valve."
7646,neutral,All right. There we go.
7647,neutral,So am I.
7648,neutral,"Let me have it, please. I'm taking some laundry downstairs anyway."
7649,neutral,Yes. The gas station is on the left. And you can't miss it.
7651,neutral,OK. Thank you.
7652,neutral,Just make sure to turn in all the necessary paperwork to ensure there are no problems with the days you want to take off.
7653,neutral,"No problem, Miss."
7654,fear,"To tell you the truth, I'm really nervous. I had a dream last night that I was being interviewed by a three-headed monster that kept trying to bite my head off. Oh, wow, my palms are sweaty just thinking about it. I just hope Ms. Mendoza won't be able to hear my teeth chattering. I just hope I get through this in one piece."
7655,neutral,I think I have nothing to declare. I have just brought a bottle of wine.
7656,joy,"Yes, it was quite a long flight. I'm glad to finally be here."
7657,joy,Of course. You have to fill out the form first.
7658,neutral,Here is my credit card.
7662,neutral,"Ok, I ’ ll pay by card then."
7663,neutral,"B :: All right. I graduated from the nursing school of Beijing Medical University. The nursing school offered such courses as nursing science, nursing psychology, nursing ethics, internal medicine, surgery, pediatrics, and so on."
7664,neutral,That will be 80 Yuan altogether. Here is your invoice.
7665,anger,"I can wait, but my toothache can't!"
7666,neutral,"I ’ m sorry, Janice. But we ’ Ve been waiting on the client. It ’ s out of our hands at the moment."
7668,neutral,You can easily download it from their website.
7669,neutral,Not long. They'll be ready in a few minutes.
7670,neutral,That will be it for now.
7671,joy,"Oh, that's no problem."
7672,joy,I see what you mean. That was pretty easy after all.
7673,neutral,That's perfect. I will definitely do well.
7674,neutral,OK.We wait for you.
7675,neutral,"Well, if I were you, I'd go to see the doctor. That might help. And you'd better stay in bed today instead of going to work."
7676,neutral,That's right. The number forty-four doesn't stop here any more. It's stop is round the corner.
7677,neutral,I see. Thank you very much.
7678,joy,And the host announced that he won it all!
7679,neutral,Not at all.
7680,neutral,That's no use.This is morning rush hour.
7681,joy,"Yes, you have a good eye for materials."
7682,joy,"Have a nice flight back, and take care. Thanks for your call."
7683,neutral,"white rice, please. None of that healthy brown stuff for me!"
7684,neutral,"You won't have to wait a second, sir."
7686,joy,"Let me check the reservation list. Fortunately, we have just 10 standard rooms available for the three days."
7687,neutral,Here you are.
7688,neutral,Let ’ s move the sofa. Can you get a grip on the bottom at that end? I ’ ll lift this end. I want to move it sideways in that direction.
7689,joy,Thanks for the advice. I guess you ’ re right. It ’ s just hard to overcome my shyness. I really will try from now on. I promise.
7690,neutral,"Wait a minute, I will bring you some juice."
7691,neutral,Around 30 minutes.
7692,neutral,"In other words, too much emphasis on it is undoubtedly to neglect the essentials."
7693,neutral,"No, you don't. We'll take care of it."
7694,neutral,"OK, sir. I will show you your table."
7695,joy,Thank you very much. I ’ ll see you the day after tomorrow.
7696,neutral,I really envy you. You know I'm not taking my vacation until December.
7697,surprise,"Sure! Look, it suits you well."
7698,neutral,Check with somebody from the IT department. They are anyway in charge of the office electronic equipment.
7699,neutral,I believe every company has its own salary criterion. And you will give me a satisfying salary according to my abilities and performances.
7700,neutral,That's fine. All you need to do is fill in this form and state the amendment.
7701,neutral,"Alright. Mr. Cook, I have Mr. baker called you back as soon as he gets here."
7702,anger,"That was my line, Mark. I know we worked on the ad together, but that was definitely my line."
7703,neutral,Would you like to donate to our alumni fund?
7705,joy,Thank you. Here you go.
7706,joy,Thank you for understanding. I promise I'll make it up to you.
7707,joy,It feels good.
7708,neutral,I'll do my best.
7709,joy,That sounds good.
7711,neutral,It was a pleasure. Come back anytime.
7712,neutral,"Ok, then see you in sunday morning."
7714,neutral,That's all right.
7715,neutral,Not much make up.
7716,neutral,OK. Whatever you say.
7717,neutral,"This is the last thing you need to do, but it may take a while for the papers to be processed."
7718,neutral,Here ‘ s the check for hen dollars
7719,joy,We've got a beautiful two - double room with a bath an shower.
7720,neutral,"Okay, Mr. Horn, see you tomorrow at 10:30."
7721,neutral,From July the seventh to the ninth.
7722,joy,OK. I like the design of this lamps. I also need some cushion covers. I ’ ll just browse through those ones over there.
7723,neutral,I don't like to take any medicine at all without talking it over with a doctor first.
7724,joy,It'll be fine.
7726,neutral,"No, thanks. Coffee makes me wired and I will be nervous enough carrying all that cash."
7727,joy,"My pleasure, and have a good time!"
7728,neutral,It's of good quality.
7729,neutral,I'm always feeling hungry.
7730,neutral,My grandmother needs me to help her trim her roses that day.
7731,neutral,Of course. The website is'www. zhilian - zhaopin. com. CN'.
7732,joy,That ’ s all right. I ’ ll be right back.
7733,neutral,Hope you feel better.
7734,neutral,Of course. Mary is our most experienced member.
7735,surprise,Fine. Give me the ticket.
7736,neutral,"Here you go. Look in this flyer, or check with the produce person."
7737,neutral,I see myself in a management position.
7738,neutral,Yes. Please sign your name at the bottom of the Exchange Receipt. Thanks very much and here's your money.
7739,neutral,"This one is 5 % off. That one has no reduction, but you can get a free tube of toothpaste with six toothbrushes."
7740,neutral,I'll try to speak in another language or I'll try my best to use gestures and draw pictures.
7741,neutral,You are welcome!
7742,neutral,That ’ s all right.
7743,neutral,That ’ s right. Make sure you give the accounts department all your bank account details as soon as possible.
7744,sadness,What a pity!
7745,neutral,I should take the taller one for the choice.
7748,neutral,"Oh, sorry to hear that. Listen, I ’ Ve got a rush order. Can you help me out?"
7749,neutral,"Yes, I am."
7750,neutral,"Very useful advice, I will try them right now."
7751,joy,"Well, off we go. I am sure we can have a great time."
7752,neutral,"Oh, yes, I do. My present job is similar in that respect, and I think I ’ m doing a good job."
7753,neutral,I guess we could also put out a few advertisements for our website inside of the search engine. I would like to find the most effective way to let people know about our site and our products.
7754,neutral,Of course. I will.
7755,neutral,Then we'll put you in a cast.
7756,neutral,"Fine, I ’ ll bring both our office furniture and equipment catalogs on Thursday."
7757,neutral,Thank you for your interview.
7759,neutral,That's all you have to do.
7760,joy,Excellent. We will meet all your conditions if you can meet our demands.
7761,neutral,"That ’ s not right, somebody should do something."
7762,neutral,"Yes, I was chosen as a Three Goods student many times in college."
7763,neutral,OK. That's a deal.
7764,neutral,I'll be glad to do it.
7765,joy,"That's right. I know we have a complex system, but you have caught on so quickly."
7766,neutral,OK. I will bring it for you.
7767,joy,"Well, keep a low profile."
7768,joy,See you then!
7769,joy,That'll be fine.
7772,neutral,It will be a piece of cake.
7773,neutral,Of course yes.
7775,neutral,"Actually, I ’ d prefer not to be."
7777,neutral,"At once, sir. You'll love this place, I assure you."
7778,neutral,"But it is unjust to judge a book by its cover. If they ’ re not happy or comfortable with their clothes, they can be less productive."
7779,neutral,We need a person with ability and flexibility.
7780,neutral,"By the way, what's the rate for a single room?"
7781,neutral,I'd rather use the CIF terms.You're welcome to come to talk about it in detail with your general manager and sign a contract.
7782,neutral,That would be nice. Let's call it a deal.
7783,neutral,It seems quite easy. I will try both of them.
7784,neutral,Job fairs are popular places to look for work.
7785,neutral,"Ok, good luck, Jessica. By the way, if you ever need a letter of recommendation, I would be happy to write one for you."
7786,neutral,It can help you leave a deep impression on the interviewer.
7787,neutral,Only if you pay your fine.
7788,joy,"Thank you, sir. Have a nice drive!"
7789,neutral,"Ok, sue, I will just go in get her."
7790,joy,You ’ re welcome. Bye.
7791,neutral,"No, I'm afraid not now. I'm too busy."
7792,neutral,It's the Canon.
7793,neutral,Yes. I want a first class single ticket.
7796,neutral,"Yes, here they are. This is my ID card. This is my diploma. And this is my certificate for nurse qualifications."
7797,neutral,Altogether you have to pay $ 800.
7798,neutral,Don't worry. The pilot knows what he's doing.
7799,joy,I ’ ll appreciate your help
7800,neutral,"Oh, that's where I'm going."
7801,neutral,"OK, thanks a lot. See you then."
7802,neutral,It all depends on what you want to accomplish in your life.
7803,neutral,"Yes, it does. Domestic enterprises of different ownerships enjoy equal rights for the non-discrimination principle grants equal rights to enterprises, regardless of their nationality and ownership. I have found that although changes of China's economic policies are numerous, these changes are largely based on the most important economic principle ot TO agreement-non-discrimination principle. Such an understanding of principle of the changes may help us not only to have a good insight into the changes but also to foresee the tendency of the new changes of China's economic policies."
7804,neutral,"Yes, it is. But even in emergency rooms there is some paperwork to be done.Have you ever been in an emergency room before?"
7805,neutral,"I think so, too."
7806,neutral,"Yes, it is."
7807,joy,Playing tennis twice a week will be a good start. Count me in.
7808,joy,It's very nice. I'd like to purchase this refrigerator.
7809,joy,Thank you so much. I really appreciate that.
7810,neutral,"Yes, you must."
7811,joy,"You are welcome, goodbye."
7813,neutral,How should I know? It's not my responsibility.
7814,joy,"That's excellent, thanks for all your help."
7815,joy,Not at all.
7816,sadness,"Sorry, but I'm on my way out now. Could you come back in an hour?"
7817,neutral,I think I should be more careful next time.
7818,neutral,I can predict it will have the largest circulation in one or two years.
7819,joy,Thank you and bye-bye!
7821,joy,"I am ready I am going to get, let's start!"
7822,neutral,Just a second. I ’ ll go get some.
7823,neutral,"Well, there's nothing much wrong with you. You're under too much pressure."
7824,joy,"Oh, sorry sir. We take no tips here. Thank you all the same."
7826,neutral,There are over 20 subsidiaries around the world.
7827,neutral,We're an Employment Agency.
7828,neutral,"Please drive slowly, we've got lots of time. Safety first."
7829,neutral,"Ah, yes, here it is, you have a standard double room, non smoking on the 3rd floor, I just need to see some identification and the credit card you booked the room with if you don ’ t mind."
7831,neutral,"OK, that sounds fine. I think 200 USD worth of RIB should be plenty, thanks."
7833,joy,"We'll contact you soon, Tom. Thanks for coming in."
7834,joy,You are the one I should thank. You've done really great job.
7836,neutral,I ’ m sold! I want to book this trip. I don ’ t care what it costs! Money is no object!
7837,neutral,Keep your back straight and look forward. Good. Do about 3 sets of 20.
7838,neutral,You may keep it for the time being. I'm not using it now.
7839,neutral,Really? Let me see.
7840,neutral,You are a lost cause.
7841,neutral,You can divide it into several documents to mail. Or you can download the mentioned software from the warning.
7842,neutral,"Yes. There are selected itineraries for rich and high-tasted people, common routine for people who are on trade observation tour, and excursion routine for people who have limited time for sightseeing."
7843,joy,Good! Maybe Malia would like to go in with us on this gift.
7844,neutral,Wait for my instructions and then proceed accordingly.
7845,neutral,He seems to be quite qualified. If it is a personal problem I preferred if you would work out between yourselves.
7847,joy,"Mmmm, sounds like risky business. Good luck."
7848,joy,"I'm fine for now, thanks."
7849,neutral,At 7 am sharp.
7850,neutral,Sounds good. I want to go get some coffee.
7851,neutral,"OK, let's go and ask."
7852,neutral,Allow me to give you a hand.
7853,neutral,"That ’ s right, plus the activation fee, the emergency services fee, the monthly service fee, oh, and any charges for extra minutes, and..."
7854,neutral,"Coke please. Oh, no, a cup of hot chocolate will be fine."
7855,neutral,You'd better have it fixed.
7856,neutral,$ 100. But we will charge you $ 200 as a deposit.
7857,neutral,"He may be injured. Yes, come on, call the team doctor."
7858,sadness,"Sorry, our prices are set."
7859,joy,"Don't worry about it! Making a new meal out of leftovers is almost an art! Not only do you save money, but you also get to be creative and have something different to eat!"
7860,neutral,"Well, let's shake on that and draw up the details of the contract."
7861,joy,"That's great, exactly what I need to know. Thanks."
7862,neutral,"Not at all, but you get what you pay for."
7863,neutral,"I see. Well, there ’ s no rush. Please send it via priority mail. Please be extra careful, the contents of the package are fragile."
7864,neutral,"Yes, I did. I had a fine time."
7865,neutral,No. That ’ s everything. Thank you.
7866,joy,That's great. Let's begin as soon as possible.
7867,neutral,Oh! I read this before. May I have another one instead please?
7868,joy,"Good idea, especially at this price."
7869,neutral,"Never mind, dear."
7870,joy,You ’ re welcome.
7871,neutral,We export to Eastern Europe and the Far East. The domestic market accounts for about 40 percent of our total sales.
7872,neutral,"That would take care of it, thank you."
7873,neutral,"Yes, I do. What do you see as the future trends for the industry?"
7874,neutral,Just tell me what you'd like me to do.
7875,neutral,Here it is. Let's go.
7876,neutral,"Well, that's true. In a sense, it is not so much what you drink that really counts, as where and how you drink."
7877,joy,Sure. I don't want to waste even a minute.
7878,neutral,"That sounds pretty good. OK, I'll change 500 USD today, thanks."
7879,neutral,"Mommy, dinner, please!"
7880,joy,No problem. Good luck.
7881,neutral,I ’ ll get to work on it right away. Anything else?
7882,neutral,"OK, I get it!! Thank you for your very thorough analysis!"
7883,neutral,I know. I ’ ll try to give it up.
7884,neutral,It's about time.
7885,neutral,"No, nothing of the kind."
7886,neutral,"I think that the doctor had better see you. I'll telephone Dr Carter. The doctor says that he will come at once. I'm sure that you need an X-ray, Andy."
7887,neutral,Thank you. Now turn in your application at Window B.
7888,neutral,Well. We ’ re expecting about twenty-five people and we ’ d like to spend no more than $ 20 a head.
7889,joy,"No, that should be it. Thank you!"
7891,neutral,"We ’ re planning a June wedding, but we haven ’ t picked a date yet."
7892,neutral,That ’ s a good idea.
7893,neutral,"Oh, yes. Any kind of goods are dependable as our shop is well-known throughout the city."
7894,neutral,Susan has already given me a list of all the stationery which we need to buy.
7895,neutral,Have you ever heard the ads say anything bad about their products?
7896,joy,"I see.Thank you, doctor."
7897,neutral,"Yes, I hope I will be a manager in 5 years."
7898,neutral,Pardon? I can hardly hear you. I will call you later.
7900,neutral,"Oh, sure. I'll be back in a minute."
7901,neutral,I can live with that too.
7902,neutral,Your food will be brought to you momentarily. I hope you enjoy it.
7903,neutral,"Ok, I'll go out and look for her."
7904,neutral,"I am sorry, sir.We will send our staff right now."
7905,joy,OK. I'll take one.
7906,joy,Thanks for everything.
7907,neutral,"Sir, only your mother wants to please you more than we do."
7908,neutral,"Well. I will tell you what, Mr. Li. I will review the contract and talk with management. Then we will get together and hash this out."
7909,joy,See you tonight.
7911,neutral,"Actually, would you mind looking after my pet tarantula and snake for a couple of weeks?"
7913,neutral,It is to your advantage to work as much as you can.
7914,neutral,"Oh, Yes, I see it now."
7915,neutral,That ’ s right.
7916,neutral,"Hmm, they're not too bad."
7917,neutral,"I didn't minor in any subject when I was in university, but I attended English and computer courses. And I am currently studying finance in a training school."
7918,neutral,"Well, after the half of the meeting, there will be an interval for rest and refreshment."
7919,joy,"Okay, I will take it into consideration."
7920,neutral,"Yes, there ’ s too much pollution too!"
7921,neutral,"Just a moment, PLS. I'll write out a receipt for you."
7922,neutral,"Ok, six thirty AM. We will call you exactly on that time."
7924,neutral,Thanks for understanding.
7925,neutral,"Yes, me too. Oh, here's Susan now. Let me introduce you."
7927,neutral,"Actually, I study a lot less here than I did in Taiwan! My classes are great, though. Sociology is the perfect major for me."
7928,neutral,Why don't you make me some oatmeal and toast?
7929,joy,That would be my pleasure. I'll wrap the perfume up in the gift box for you too.
7930,neutral,"You can use your Deposit Book or your Credit Card. And of course, you can use our e-banking."
7931,neutral,"An ordinary return, please."
7932,joy,I love it. It's so festive! And where did you get that cup? It's got the same logo as the car.
7933,neutral,"Well, please give me a first class ticket."
7934,neutral,"Next time, you can get one from the counter over there. Or before you come in, you can download one from our website. It's really easy."
7935,neutral,But swimming in the winter is good for your body. Believe me.
7936,neutral,That ’ s right. Make sure you give the accounts department all your bank account details as soon as possible.
7937,joy,"So, I can talk to my Personal Banker 24/7. That's really thoughtful of you. And I have to say, I love the new look of the bank."
7938,neutral,But one must have some basic ideas about nutrition and find the best way for the nutrients to work out for the body.
7939,neutral,It seems to me that you always do better than you say.
7940,neutral,"Oh, yes. I know where it is."
7941,neutral,I ’ m on my way out now.Could you come back in an hour?
7942,joy,That's good.Cotton is soft and flexible.
7943,neutral,Ok. I can settle for that.
7944,joy,"Mmm, that sounds very interesting."
7945,neutral,"OK, let's go."
7946,neutral,Good. You will feel better after you do.
7947,joy,Ok. Thank you.
7948,neutral,How about this one? This is just $ 20. It's worth every penny of it.
7949,neutral,The amount of English I know enables me to do general desk work. I believe the amount of English I know is sufficient to work in a South Korea firm.
7951,joy,"Very well, I can ring you up over here, sir."
7953,neutral,$ 150 including the cloth.
7954,joy,O. K. Mr. Smith. Thanks for calling.
7955,neutral,"Oh, thank you. Thank you very much."
7958,neutral,Be careful.It's dangerous to drive fast.
7959,joy,"Of course, yes."
7960,neutral,We'll be making the decision by the end of this week and we'll contact you as soon as possible.
7961,neutral,Wait! Don ’ t turn it on...
7962,neutral,Here are your ticket and change.
7963,neutral,Let me handle it.
7964,joy,I look forward to having dinner at your restaurant. Thank you for your help.
7965,neutral,That's 680 Yuan.
7966,joy,That's perfect. See you on Saturday.
7967,neutral,That's all right. We don't go to bed early.
7968,neutral,It is all up to you.
7969,sadness,Of course... here you are. I'm sorry the pajamas didn't work out for you.
7970,neutral,Not long actually. So I'm sure I will learn a lot from our cooperation.
7971,joy,"Yes, you play the piano well. You could be a good pianist. That's good."
7972,neutral,"You might lose the file you were working on, but don't worry, the help desk can restore it. When did you last take a backup?"
7973,joy,Thank you very much. Come back to see us.
7974,neutral,It looks like I might have convinced you to go to Australia!
7975,joy,Thank you very much. Bye.
7976,joy,That ’ s okay. I ’ ll call back later.
7977,neutral,Maybe we could try it again in a few months when things have settled down.
7978,joy,"Yes, I will. Thanks for your care."
7979,neutral,Certainly.It has been specially treated.
7980,sadness,"There's nothing that can be done. Everything is gone. I wish I could tell you differently, but what has happened has happened. We will just have to figure out a way to move on."
7981,neutral,Our staff will bring you your order in as short a time as possible.
7982,neutral,But I don ’ t like big strong dogs.
7983,joy,Thanks a lot. I'm most grateful.
7984,neutral,"Fine, Mr. Grant. Thanks for your time. I ’ ll talk to you next week."
7985,neutral,"OK, please wrap it for me first."
7986,neutral,You should start from 1:30 pm in the afternoon.
7987,joy,Thank you very much sir.
7988,neutral,thanks doctor. I ’ ll get these immediately. Goodbye.
7989,joy,Thank you very much.
7990,neutral,It's 2065 meters. Come on. Let us keep up the pace.
7991,neutral,"I agree with you, sir, but all I do is work here."
7992,joy,"We'll talk about it next time. Now that everything is settled, let's have a cup of tea, and take our minds off business for a change."
7993,neutral,Thank you. Maybe I will do business through internet in the future.
7994,joy,"Oh, sure. Credit card is fine."
7995,joy,Good idea. I will think it over.
7996,anger,"That's fine, because if I leave, then your rules won't matter."
7997,neutral,"I know he will, too."
7998,neutral,"If it breaks down, maybe you can find a repairman on the Internet."
7999,neutral,My favorite recreation is cooking. I learned to cook Chinese dishes and western style dishes as well. It keeps me busy and makes me happy.
8000,joy,You're right. I'll take them all.
8001,neutral,For two days.
8002,joy,And he can move. too! He dances like Ricky Martin!
8003,joy,"Thanks a million, you are a lifesaver."
8004,neutral,"That's good to know. Thanks for your help today, I'll leave you with the details and you can get started."
8005,neutral,OK. I ’ ll make enquiries.
8006,neutral,"Yes, I have studied in an English training program and a computer training program since I graduated from university. I am currently studying Finance at a training school."
8007,neutral,"Driver, 1600 Pennsylvania Ave., please."
8008,neutral,"You've got it, sir."
8009,neutral,"Sure, no problem."
8010,neutral,"I get it, and thank you for your honesty."
8011,neutral,For here or to go?
8012,neutral,Right. Thank you very much!
8015,neutral,"Would an order of only 100 units, it'll be difficult to work within that kind of budget. Maybe if you were ordering 500 units or more units, we might be able to work something out."
8016,neutral,Which one of these is the gas pedal?
8017,joy,"Alright, I'll get it."
8018,neutral,"Hmm... well, maybe we can buy this one then."
8019,neutral,"Yogurt, because it has protein, vitamins and it is acidic. If you drink it everyday, your stomach will be more comfortable."
8020,neutral,I've got over seven years'experience working in this kind of position. I know I can do a good job in this position.
8021,neutral,This is much better. How much is it?
8022,joy,"Oh, very easy. They are heart, spade, club and diamond."
8024,joy,Good luck. I hope someone can help you.
8025,neutral,You ’ re welcome.
8027,neutral,"Very well, consider me gone."
8028,anger,"This PC is top of the line and I guarantee it will never freeze! If it does, we ’ ll give you your money back!"
8030,neutral,Let me see. It's a one day tour.
8033,neutral,thank you. goodbye.
8034,joy,Dad really knew what he was doing when he chose you to take over for him when he was gone!
8035,neutral,OK. I will get you some right now.
8036,neutral,It ’ s my pleasure.
8037,joy,"Yeah, sure. Your total is seventy-eight dollars and thirty-three cents. Here is your receipt. Have a nice day."
8038,neutral,keep it and use it as rag. You can clean your bicycle with it.
8039,neutral,Thank you very much. This should only take me a few minutes.
8041,neutral,It depends. So you must be careful buying second-hand goods.
8042,neutral,"Sure, may I have your name and account number please?"
8043,neutral,"You said it, not me."
8044,neutral,"Honey, it's good if you spend money to buy more books. But $ 100 dollars a week is enough for you already."
8045,neutral,Gee. I could have slept another hour.
8046,neutral,That would be fine. We could accept a lower rebate.
8047,neutral,"Yes, in some ways it was a step down from my previous job but it did offer me much better prospects for the future."
8048,anger,I said sunny side up! How many times do I have to tell you.
8049,neutral,That's all. Thank you for your co-operation.
8050,neutral,Don't rub it in. Where am I going to put this huge thing?
8051,neutral,"Ok, Ma'am. Calm down, 15 dollars will do."
8052,neutral,Let me see... We can see you this afternoon if you can come in at four thirty.
8053,neutral,"Okay, but you ask him."
8054,neutral,It's amazing that these things still work as well as they do.
8055,neutral,I voted for our next President.
8056,neutral,"Because the company is far away from home, and I have to study after work so I can't afford to waste time on the road everyday."
8057,neutral,"If things don ’ t get better in a few days, I will look for some other solutions."
8058,neutral,"By crunching the numbers and putting in your expenses, I estimate that you can afford a house of around five hundred thousand dollars."
8059,neutral,Thanks. I will.
8060,surprise,Really? You worked here for just half an hour. I consider the price very high.
8061,neutral,Who was he out with?
8063,neutral,That's right. You never know what you're missing out if you don't read the memos.
8064,joy,"That's good, thank you."
8065,joy,Great. It was a pleasure doing business with you.
8066,neutral,"Thank you, would you hang up and wait?"
8067,joy,I used to buy lunch every day from the International food stall at school. Every day was an adventure!
8068,sadness,Sorry I couldn't help you.
8069,joy,Good.If you happen to see Jim and Bob on the way see if they would like a game of singsong.
8070,neutral,How about this? They're the same shape.
8071,neutral,"Yeah, I am of the same opinion."
8072,neutral,Not at all.
8073,neutral,"I think it had direct impact on my way of thinking. I learned to look at people and things from an overall perspective. In that case, I am not easy to be edgy."
8074,neutral,"Well, if you ever need help with an extension, you can dial O."
8075,neutral,Sure. Now it's all right. Here is your boarding pass and label. Have a nice trip.
8076,neutral,Luckily there is no such kind of'grown-up ceremony'any more.
8077,neutral,"If you're staying at our hotel, you may sign the bill."
8079,neutral,I think so. we certainly don ’ t want a highjack to happen on our plane today.
8080,sadness,It seems to me like I may have caught a bug.
8081,neutral,"That's right. You don't want to injure yourself by exercising too much or in the wrong way. Now, this is how you make the settings for the treadmill..."
8082,neutral,"Yeah. I ’ m still learning how to control his behavior and my temper. My child is almost two years old, and I ’ Ve learnt the distraction technique when he cries for something."
8084,neutral,"Thank you, sir."
8086,neutral,Thank you very much
8087,joy,Sure. Here you are.
8088,sadness,"No, I am single."
8089,anger,I know! I was in ankle deep water trying to get to my car that day! The handyman definitely has his work cut out for him.
8090,neutral,"It is so encouraging to hear this remark. The secret is to make plans. Write down your goals, short-term and long-term and make detail plans for a week or a month. Then just work hard."
8091,neutral,But the freight cost will be higher and that will affect the retail price.
8092,joy,"Well, as far as I can see, the advantages outweigh the disadvantages. You've sold me! I'd like to go ahead."
8093,neutral,That's all right.
8095,joy,"Thank you, sir. Hope to see you again soon."
8096,neutral,It doesn't matter.
8097,neutral,Whatever you say.
8098,neutral,"Fine, I'll go do that for you."
8099,joy,That's my good girl. The clothes need washing. I'll do the laundry.
8100,neutral,"Get her on the phone, please. I need to clarify this."
8101,neutral,Less than 5 %. It's quite durable.
8102,anger,His face broke out and he said it was my fault!
8103,neutral,"You'll enjoy our new, clean taxis, sir."
8104,joy,"Yes, that ’ s all right. Thank you very much."
8105,neutral,"Yes, I agree with you."
8106,neutral,All right. See you tomorrow.
8108,joy,That is greatly appreciated and I hope you feel well enough to go to school tomorrow.
8109,neutral,Please call if you have any other requests. Your food will be delivered promptly.
8110,neutral,It'll take you about 15 minutes.
8111,neutral,"Let's meet on Friday to discuss your progress. Give me your e-mail address... umm, I mean addresses... We'll be in touch."
8112,neutral,"OK, sir. Do you want some soups?"
8113,joy,"Oh, really? Thanks, I ’ m going to do that right now."
8114,neutral,Because they are rednecks.
8115,neutral,"Yeah, let me have a try."
8116,neutral,It's out of the question.
8117,neutral,I think I will.
8118,joy,"I love you, too, Dad."
8119,neutral,It's better than picking up dog poop.
8120,neutral,It's not my fault.
8121,joy,Woo. It has such a long history. I think I should take more photos of the university.
8122,neutral,"I'm sorry, we can't handle the price you offered."
8123,neutral,"I know. If a policeman catches you using the cell phone while driving, you will be fined."
8124,neutral,"Oh, I see. I believe I can do the job well."
8126,neutral,I ’ m on it!
8127,neutral,OK. I'll see if I can get waited on.
8128,neutral,"I understand. While it's always good to follow the local customs, I guess there are exceptions."
8129,neutral,"Yes, it is much earlier than past years."
8130,joy,"Right, I'll be right over."
8131,neutral,"Thank you, but I'd rather keep this case with me."
8133,neutral,Twenty minutes exactly.
8134,joy,I ’ m ready and willing to help.
8135,neutral,I'm afraid I haven't got a larger dress. This is the largest dress in the shop.
8136,neutral,"No, You can pay when you check out."
8137,neutral,You won't be late.It's still early.
8138,joy,It's my pleasure!
8139,neutral,OK. Here you are.
8140,neutral,I'll clean my room before I leave.
8141,neutral,"Hmm, you're right."
8143,neutral,Of course you can.
8144,neutral,Here you are.
8146,neutral,Just press ENTER and you've done.
8147,neutral,"I would like to have notice of that question, I will give you an answer in a week."
8149,neutral,"Yes, ten days."
8150,neutral,I'm not sure.
8153,neutral,"I see.You're a stranger here.Walk two blocks ahead, then turn left. You can't miss it."
8155,neutral,"Mmm, I don ’ t think the charges are right, can you explain them please?"
8157,neutral,I ’ ll come tomorrow with cash.
8158,neutral,Right. Got that.
8159,neutral,All right. Come in on Friday at 11
8160,joy,I'd be up for that!
8161,neutral,"Because there is a coupon for almost every product, we always bring coupons on our shopping trips."
8162,anger,Dammit! I asked for sunny side up! How many times do I have to tell you.
8163,neutral,"No problem at all, Mike. Just give me the chance."
8164,joy,Great. Talk to you then.
8165,anger,"Oh, so it was my fault, was it? If I hadn't warned you in time it would have been much worse."
8166,neutral,"So, you want me to carry your backpack, your thermos flask, our picnic, and you as well. No problem, jump on."
8167,neutral,"OK, we promise to do it well."
8168,neutral,"Well, our intention is to have some features about these regions in some youth magazines. We ’ re also going to run some ads on TV and put some flyers in places where young people go, like the gym and student organizations. We ’ re making arrangements to have some activities at big shopping malls and department stores around town."
8169,neutral,He just has his secretary do his homework for him.
8170,neutral,I ’ ll give you their phone number. It ’ s 601 789 5634.
8171,neutral,That will probably take care of your symptoms. I ’ ll see you tomorrow.
8172,neutral,"No, not for a few months."
8173,neutral,That ’ s fine. Take your time.
8174,neutral,Let's look at them all. Have you got a paper there?
8175,neutral,"No, thank you. I have brought some."
8176,neutral,That would definitely make a difference. But Vince already said no.
8177,neutral,Thank you for pursuing this. I appreciate your help.
8178,neutral,"No, you don't have to. Here comes the train."
8179,neutral,"If you discover a small fire, you can try to put it out with a fire extinguisher but only do this if you have been trained. Make sure you use the right extinguisher. They are all colour-coded and contain different substances to put out the fire."
8180,neutral,"There is a long list of those things forbidden, including explosives, gum opium and precious cultural relies and so on."
8181,neutral,Can you help me move this table?
8182,joy,Thank you. He ’ s very lucky indeed.
8183,sadness,"Oh, that's too bad."
8184,sadness,"You don't have to keep saying that, Yuri. It's not your fault.But me--I'm the one who should be sorry.It was me who suggested operations here in the first place! Oh, what can we do?"
8185,neutral,Certainly. The service cart will be down the aisle again soon.
8186,neutral,Bingo could never do that. He stays in the house except when we take him to the park.
8187,neutral,Some relative documents will be needed and the fee may be quite dear. So you need to learn more about the process and regulations about this issue.
8188,neutral,Just hang on there a sec. Can I get a price check on ” Fun Times Ribbed Condoms ” please!
8189,joy,Thank you very much.
8190,neutral,"Mr. Chandler, this way please. I will show you a five-minute multivision about the history of our company."
8191,neutral,My name is Paul Harper.
8192,neutral,"Loretta? No, she can't come, she's busy."
8193,neutral,I know. It ’ ll also help you make more money.
8194,neutral,How do I turn it on?
8195,neutral,"No sugar, please."
8196,sadness,"Oh, really? Just a moment... You paid with a ten-dollar note and I gave you... Oh, sorry, here's a five left. I'm terribly sorry."
8197,neutral,"I want to get in touch with the Chinese Embassy, because my passport was in the stolen bag!"
8198,neutral,A lot of younger people like to buy large packets of mixed frozen vegetables. Peas and sweet corn have been sold frozen in my country for many years. I prefer to buy fresh vegetables.
8199,neutral,That's alright. Here you are.
8200,neutral,"I have a master's degree and I meet all the needs you want, so I am confident of doing this job well."
8201,neutral,"Nope, lost again. But, it was a good game."
8202,neutral,"Yeah, I really know the feeling. I can ’ t wait to graduate so I can get a good job and earn my own money."
8203,joy,I ’ m ready and willing to help.
8204,joy,Thanks a lot.
8205,neutral,"Of course, Ms. Walker. Could I have your account number, please? And, when do these documents need to arrive?"
8208,neutral,"No, not really. My Current Account is for cash flow and couldn't withstand having all of that money taken from it."
8210,neutral,"Oh, I'm eager to have a try."
8211,neutral,Okay. That will be thirty-four dollars and fifty cents.
8212,neutral,All I can tell you is our next President got my vote.
8213,neutral,"If you are better, but I doubt you will be."
8214,neutral,"You have no choice, so you'd better adjust your thoughts to be ready to learn anything at any time."
8215,joy,"Great, do you have any for foreigners? I mean English version?"
8216,joy,Great. Good luck.
8217,joy,I will call the owners right now. They will be happy to hear the good news.
8218,neutral,"Good. I'll come back tomorrow, and we can then discuss it more specifically."
8219,joy,"Thank you, sir. We will phone you as soon as we have a vacant table."
8221,neutral,OK. Let me try.
8222,neutral,Coming up immediately.
8224,neutral,"That's my buffer... I wanted to leave a little room in the budget, just in case---it's better to be safe than sorry."
8225,sadness,I ’ m very sorry.
8226,joy,"Thank you, sir. We look forward to serving you."
8227,neutral,"Ok, sue, I will just go in get her."
8228,neutral,"The more the world becomes open, the more people become international!"
8229,neutral,The only thing you should do now is relax. You already are pre-qualified for your loan.
8230,neutral,I don't think you'll be disappointed. People really seem to like the swim stations.
8231,neutral,Remember to keep your receipt in case your friend needs to make any exchanges. There are no refunds on sale items.
8232,joy,"Thanks, I appreciate that!"
8233,joy,It's good to be home.
8234,neutral,"Yes, a little. I know your school is one of the best known in this town. There are about 200 children in the school."
8235,neutral,"Yes, I suppose. It's a dangerous thing if a fire starts when people are sleeping."
8237,neutral,"I'm positive, Ms. Chen."
8240,neutral,perhaps I should have a try.
8241,joy,"Thank you, ma'am. Forty-three cents change. Have a nice day."
8243,neutral,You are a better judge. I don't know the play well enough.
8245,neutral,It is unnecessary. I'll see you off at the airport.
8246,joy,"Oh, that's interesting!"
8247,joy,"Yes, I'll be glad to."
8248,joy,"No, that's enough. T hank you."
8249,neutral,Glad to see you too.
8250,neutral,Not at all. You'll be OK soon.
8251,joy,That will be perfect.
8252,neutral,"No, but if you can think of anything else, just get it."
8253,joy,That's very good!
8254,neutral,It's a deal!
8255,sadness,"Sorry, I'm very near sighted."
8256,neutral,"Good idea. The more people you ask, the better your chances are."
8257,neutral,"They plan to install a printer here. But until then, you'll have to use the lab."
8258,neutral,"They're not cheap, but neither is their furniture."
8259,neutral,"We might have a printer here next month. But for now, you'll have to go to the lab."
8260,neutral,"No, I enjoy travelling."
8261,joy,"Yeah, me too."
8262,neutral,You'd better remember your promise.
8263,joy,That's great! Thank you very much.
8264,neutral,"Well, we'll consider your proposal."
8265,joy,You are welcome.
8266,joy,"thanks, but I'll stick with some jasmine tea. I'm trying to watch my diet."
8267,neutral,That reminds me I should buy some new socks to go hiking this weekend.
8268,joy,"Well. Don't worry about it, I will be happy to share the taxi with you."
8269,neutral,I'll make sure and make it to the next one.
8270,neutral,You are welcome.
8271,sadness,"I am sorry, sir. You bought it 2 weeks ago, and you can only refund it in one week."
8273,neutral,Thanks doctor. I ’ ll get these immediately. Goodbye.
8274,neutral,They'll be there in about an hour.
8275,neutral,"Thanks, but I couldn't eat another bite. I'm really full."
8277,joy,"No problem, sir."
8278,neutral,I'm happy to hear that. Here is your key. Just dial 0 if you need anything.
8279,neutral,I'm so sorry. A lid comes with the pan. Here it is.
8280,joy,"Thank you, Mr. William. Goodbye."
8281,neutral,It's a problem. You'd better move.
8282,neutral,"Oh, thank God. Thank you, I'll be right back."
8283,neutral,"Well, we have agreed on all the major points."
8284,joy,"Yes, no problem. It'll be ready by 2 p. m."
8285,neutral,You have a talent. You just don't know what it is yet.
8286,neutral,I like spring and summer. The days are long and the nights are short. The sun rises early and sets late. I don't like autumn and winter. The days are short and the nights are long. The sun rises late
8287,neutral,Only less than 20 percent of the citizens speak English.
8290,joy,"Oh, yes. I know where it is."
8291,neutral,"I know. But I'd like to try. Look, here are some advertisements that I've cut out."
8292,neutral,It seems that working in a foreign enterprise is not the same as I expected. Thank you for your help.
8293,neutral,I ’ m giving you some antibiotic and aspirin. Taking aspirin when you ’ Ve got a fever and take one antibiotic until four hours and go home lie in bed for two days. Take some water then you feel better.
8294,neutral,"You have no choice, so you'd better adjust your thoughts to be ready to learn anything at any time."
8295,neutral,Then we'd better go back to our cabin.
8296,joy,"You know, next week, we ’ ll hold a football match. Our cheering squad is busy rehearsing the programmes for it"
8297,neutral,I'll charge it. Here's my card.
8299,neutral,"Yeah, I agree.Every wall has two sides."
8300,neutral,"In particular, I'm interested in marketing in the domestic field."
8301,neutral,"Oh, I see."
8302,neutral,"Very good. Here is your room key, sir. If you need anything at all, please dial 0."
8303,joy,That's the very thing I want.
8304,neutral,"Well, you ’ d better heat it before you eat it."
8305,joy,Thanks a lot.
8306,neutral,We assure you that shipment will be made no later than the first half of October.
8307,joy,You ’ re welcome.
8309,neutral,"You can find the most fashionable restaurants there. And also you can see the galleries, antique shops and the ballrooms."
8310,joy,OK. Thank you.
8311,neutral,"Thank you, Mr. Johnson. You ’ Ve made a guaranteed reservation at the Guangzhou xx Hotel, from April 16th to 20th for 5 nights. If you can ’ t arrive as schedule, please inform us before 6 p. m. on April. hank you for calling and we look forward to serving you"
8312,neutral,Then you go out to the garage and check out the camping gear.
8313,neutral,"Thanks doc, bye!"
8314,neutral,"Yes. I did some work on that, and I found out some really interesting things about the conductivity of liquid helium. I was sure I had a great discovery until my teacher told me the same discovery already made twenty years ago. I think the most important thing, I learnt though, was the importance of keeping good records."
8317,neutral,"Of course, it ’ s not polite of them, but sometimes you should put things the other way round and try to understand them."
8318,neutral,All right. Why don ’ t you have a seat? What ’ s the problem?
8319,neutral,Wow! That car almost hit me.
8320,neutral,It is said that the sample 25 is the standard for others. It's complete. So would you like to sign the contract right now?
8321,neutral,Our hope is to establish mutual beneficial trading relations between us.
8322,joy,Thanks for saying that.
8323,joy,That's a great idea ; thanks for your help.
8324,joy,Very well. Just take your time.
8325,neutral,"yes, it's not good for me or for the environment."
8328,neutral,Mr. Lee in Room 1234.
8331,neutral,Don't make a fuss.The price is rising
8332,neutral,Great. We will give you a chance to have an interview in our company.
8333,neutral,I can ’ t give you a definite answer. Let ’ s play it by ear.
8334,joy,"Oh, that ’ s a good choice. Very healthy too."
8335,neutral,Next left then right? OK.
8336,neutral,"I've been informed that there are many opportunities to develop myself in your company. Besides, I grew up in a city in the Northeast. I have lots of acquaintances in the region, which might help to push sales."
8337,neutral,It takes some time for the stuff you buy online to arrive. But I think this problem will be solved soon.
8338,joy,"I appreciate the effort, sir."
8339,neutral,"If you can ’ t afford $ 1050, then we have no deal."
8340,neutral,Good.Now here's the address of the factory.The manager's name is...
8341,sadness,The problem is that many poor people might suffer.
8342,joy,It is my pleasure to have her in my class.
8344,joy,"And he can move, too! He dances like Ricky Martin!"
8346,neutral,"Of course not, it is made of pure silk."
8349,neutral,"Yes, that'd be all right."
8350,neutral,That ’ s good. We always need team players here.
8352,joy,Don't mention it.
8353,neutral,"Well, good luck with your garden, especially considering we are in the dry season and it won ’ t rain for the next three months!"
8354,neutral,"Yes, I banged it against to cooker yesterday. It really hurt, but it ’ s OK now. the bruise will disappear soon."
8355,neutral,"Hmm... I think I am ready for a new challenge. I've put a good team together at my present company, and I think If I want to take the next step in my career, it's time for me to move on."
8356,neutral,"Yeah, I crave my own space. I just get so tiredhaving people around me all the time. We all need our private space. But I also think interpersonal skills very important. Living in a dorm means you have to learn to be considerate of others, otherwise nobody is going to have a good time."
8357,neutral,It is lithium which can be used for over three years.
8358,neutral,"OK, let's get the ball rolling on this."
8359,neutral,No. Forget about it. It's not important.
8360,joy,I appreciate your understanding.
8362,joy,Of course not!
8363,neutral,Let me see. That ’ s no problem. I ’ ll see you then.
8364,neutral,You are welcome. Please press the button when you need any help.
8365,neutral,"Well, I ’ d like to, but I ’ m going to have to look at my schedule."
8366,neutral,I guarantee you that our little “ friends ” won't be back. I hope your trip home is pleasant.
8367,neutral,I ’ Ve had a lot worse problems than this traveling so it ’ s really no big deal.
8368,neutral,I saw your green post-it notes. Nobody else has them.
8369,neutral,"Anyway, it is worth trying."
8370,neutral,I have a meeting with my General Manager.
8371,neutral,Yes. That would be fine.
8372,neutral,"Once I contact the owners and confirm the times, I will e-mail you a schedule."
8373,neutral,"There are thirteen of them. Oh, have another. Have a third, if you like, have them all."
8374,neutral,"Well, the style is quite good, but I think it's too showy. I would like to try on the lighter one."
8376,neutral,All right. Wait a minute.
8377,neutral,I think I would like that.
8378,neutral,"Well, just because it's you. Tomorrow, say around noon."
8380,neutral,A seminar of technical specialists including the surveyors from both sides will be held to clarify which result is correct.
8381,neutral,I only buy them if they look particularly interesting. I don ’ t buy any regularly.
8383,neutral,"Well, you certainly didn ’ t choose her because of her looks! Hey, I was joking! Don ’ t hit me!"
8384,neutral,"Ah, ah, you promised, and remember?"
8385,neutral,"Yes, here is my ID card."
8386,sadness,"No, ma'am. I ’ m afraid you put in only one quarter and one dime."
8387,neutral,Thanks for everything.
8388,neutral,OK. Let's go.
8390,neutral,"Okay, Mr. Horn, see you tomorrow at 10:30."
8391,neutral,But your were playing video games all afternoon. You are skating on thin ice.
8392,anger,That ’ s so unfair!
8393,neutral,"Thank you, doctor."
8394,neutral,I will think about it.
8395,neutral,That will be fine.
8396,joy,I've got it. I think I will wear a white shirt with a tie. Thank you for your suggestions.
8398,joy,Thank you! We have really enjoyed our meal here.
8399,neutral,"Okay, I'll make you some food."
8400,neutral,"Sure, that will be thirty-two dollars please."
8402,neutral,Would you please fill out the form?
8403,neutral,"No, I'm fine."
8404,joy,"I ’ ll look for a ticket for you, too. Thanks!"
8405,neutral,Have a good day at school! See you tonight!
8406,neutral,Honda is OK.
8407,neutral,"Well, take care of yourself. And hope you will be better as soon as possible."
8408,joy,I ’ m excited that Barack Obama is our President.
8409,neutral,There are a plenty of signs such as Watch for children!
8410,neutral,I ran into the guardrail when I turned to the left.
8411,neutral,"Yes, please. Please print your name and company name, and the person you are going to see."
8412,joy,"No problem, just go ask."
8413,neutral,Don't mention it. Call back if you have any more questions.
8414,joy,Don't mention it. Just a little thing I did.
8415,neutral,College job placement services can help.
8416,joy,That would be great.
8417,joy,You are very welcome.
8419,neutral,Potato chips and French dressing.
8420,neutral,Ok. Let ’ s get to work on our advertising campaign.
8421,joy,Thank you for your inviting me. See you then. Bye Tom.
8422,neutral,"Of course, we do."
8423,joy,They are.We definitely see eye-to eye on my enhanced performance being a win-win situation for everyone involved.
8424,neutral,We can do it tomorrow ; just call me.
8425,joy,Not bad. Everything goes well.
8426,joy,You are welcome. Have a good trip!
8427,neutral,OK. I will take it as well. How much in all?
8428,neutral,Thanks for reminding me. She's the right person to help me.
8429,neutral,I like doughnuts.
8430,neutral,That's all there is to it.
8431,joy,"Certainly, just a moment, sir."
8432,neutral,Thank you. Do you have some other colors?
8433,neutral,Nine is a great time to get started. I'll see you on Saturday!
8434,neutral,No problem. Do you have any cash on you? I don ’ t think I have enough.
8435,neutral,"You ’ re right. I ’ ll save the beer for when we land. One orange juice, please."
8436,joy,Sure. No problem.
8437,neutral,My men began searching the area as soon as we received your call. I can't promise you that we'll recover your property but we'll certainly do our best.
8440,neutral,Thanks for the warning! See you tomorrow!
8441,joy,Sure. Here is your receipt and you can draw your tax paid for those goods at customs.
8442,neutral,"Lots of people especially seniors like to go to church, and attend the evening service."
8443,neutral,I noticed they've taken our radio and left the television.
8444,neutral,"Oh! I see. I'll have the paperback, please,"
8446,joy,Yeah. It ’ s pretty.
8447,neutral,"Sure. We attach great importance to the all-round development of the staff, and the development of individuals will motivate them to work more diligently and efficiently."
8448,neutral,Thanks for letting me know.
8449,neutral,You ’ re welcome.
8450,joy,Thank you for saying that.
8451,neutral,Thanks very much.
8452,neutral,"No, not at all! Just lay back and relax."
8453,neutral,"R is for reverse, P is for park, and D1 and D2 are lower gears for going through snow, or up a steep hill."
8454,neutral,I have a feeling they're about to go down in a few days.
8455,neutral,About fifteen hours.
8456,neutral,Don ’ mention it. I ’ m glad to help.
8457,neutral,"Well, wait a minute."
8458,neutral,"I am sorry, we will connect with the room service.Please Warta moment."
8459,joy,All right. That sounds fair.
8460,neutral,"The skateboard does not pollute the air, either. It can be used as a tool to ride instead of walk."
8462,neutral,Um. That doesn ’ t really matter. Because we have more French visitors than German.
8463,neutral,"Yeah, it will become a wider trend."
8464,neutral,"Certainly, Ms. Ransom. Do you have an order number?"
8465,neutral,"Sir, our guests are our reason for being."
8467,joy,"Ha! Ha! If you don ’ t make an effort now, later on it ’ ll be a lot tougher for you."
8468,neutral,You'll be able to take the test again in a couple weeks.
8469,neutral,That will be good.
8470,joy,I can ’ t wait to vote.
8471,neutral,You said it! I can't believe he lasted as long as he did.
8472,joy,Thank you very much.
8473,neutral,"No, don ’ t bother. It ’ s all right as it is."
8474,neutral,"Yes, most of them. We trained on a dummy system last month. A couple of people were away so we've organised two more training sessions on the live system for the whole team this week."
8475,neutral,Then something must be wrong with the meter.
8476,joy,"Dear, this bakery has introduced some new types of cake recently and you can eat as much as you can."
8477,neutral,It says'No smoking here'.
8478,neutral,"I will leave a memo for you, sir."
8480,neutral,I will give you a definite answer on the price terms two days later.
8482,anger,Stop picking on me. I am going to be mad.
8483,neutral,International Air Braking Systems.
8486,joy,"That's good to know, because I do travel quite frequently."
8488,neutral,Do you have any different ideas?
8489,joy,Thank you very much.
8490,neutral,Good question. But I will tell you when you pass the first two.
8491,joy,That is so nice of you.
8492,neutral,"All right, fine. Thank you, William."
8493,neutral,These are from Mexico.
8494,joy,Umm. yeah! Right! I got the car started! Thanks for your help! I told you to fill the tank!
8495,neutral,"I'll explain later, let's go."
8496,neutral,Yes. See you then.
8497,joy,Exactly! Move your arms in a relaxed manner. Well. don't stretch yourfingers stiffly. Just keep them in a natural shape.
8498,neutral,They are too bright.
8501,neutral,"Sure, why not?"
8502,neutral,"In that case, we'll take an order of onion rings with our first choice."
8503,neutral,"Well, the only free food on the streets is from a soup kitchen, and their soup isn't as tasty as mine!"
8504,neutral,"I like the novels of Dickens very much, I have reading almost all of them in Chinese translation, I wish i can reading them in the original."
8505,neutral,Take it easy. Be confident of yourself. I'm sure you can do it.
8506,neutral,"None, I guess. My only passion is on reading."
8507,neutral,He is out.
8508,neutral,Where did you See then last?
8509,neutral,Yes. The police have come.
8510,neutral,"I guess the fax machine is out of paper, too. Don't worry, I'll have someone look at it this afternoon, and in the meantime, I'll have your documents re-faxed to our other fax machine."
8511,neutral,"21st Talent Website, 51 Job, and Zhaopin.com are most popular."
8513,neutral,"OK, I'll begin the opening procedure now and we'll let you know when everything is sorted."
8514,neutral,Maybe. Maybe I will.
8515,neutral,I've got it.
8516,neutral,"Yes, but I don't want my Mom to tap my phone when I call Clive."
8517,neutral,That's not a problem. Have a nap if you can. You don't know how tight the schedule is for this business trip.
8518,neutral,"Sure. In the middle part of the fifth street, there is a Phoenix Restaurant. Maybe you can go there."
8519,neutral,I ’ m so sorry that I have got to go. I have a business appointment right now.
8520,neutral,They are very uncomfortable. But women always wear uncomfortable shoes!
8521,neutral,"The more money you made, the more you will earn on unemployment. They have a formula."
8522,neutral,"Wo, wo, that certainly is a lot for a young man to take on."
8524,neutral,"How about 60 % for the first load, then 20 % each?"
8527,neutral,"I know, but I'm going to enroll in a night school to take a course in business management."
8528,neutral,The kids want a rabbit. I don ’ t think it would be a good idea to get a mouse or a fish! That might be too tempting for our cat!
8529,neutral,No. I only wish that you could give me a definite answer to my application as soon as possible.
8530,neutral,More than 100 times. The flight takes off at 12:00.
8532,neutral,"Well, it's probably nothing serious.But I think we'd better have that shoulder X-rayed.We can't do the until the morning, though.So it'd be better if you stay in hospital for the night"
8533,neutral,"No, you can ’ t do that. There isn ’ t much water in the wagon. And we need the water for drinking."
8535,neutral,That ’ s all right.
8536,neutral,But number 13 buses leave from the centre of town. You'll have to walk two miles to catch one.
8538,neutral,"Yes. I tried skiing on grass before. Not very good at it, though."
8539,neutral,"Oh, no, it won't. Just stand there, please."
8541,neutral,I will explain it again ; especially for those of you who arrived late.
8542,sadness,"Sorry, sir, we are having a sale now."
8543,neutral,"Sorry, my English isn ’ t so good. Could you speak a little slower?"
8544,neutral,"OK, thank you!"
8545,neutral,Here's your change. Thank you.
8546,neutral,That's very kind of you.
8547,neutral,No wonder his son is so clever.
8548,neutral,"No, but she gave me her friend's telephone number. I can call him and make an appointment."
8549,neutral,It's there by the window.
8550,neutral,"All right, all right. I understand."
8551,neutral,"I think you ’ re right, but it does seem that there are always a few coworkers that are harder to work with than others."
8552,joy,"Okay, here's a new one for you."
8553,neutral,I think I can work well under pressure.
8555,neutral,I think I can accept that.
8556,neutral,"Okay, I'll take it out front right now."
8558,neutral,"Well, I open the windows and... and I ’ Ve got an electric fan ere. It helps a little."
8559,neutral,It's 90 dollars in all.
8561,neutral,"I'll tell you what, I'll go over the number again with our financial team and see what I can do. I can't give you any guarantees. But we can try."
8562,neutral,"Well, I'll see. Sometimes the stores don't have some of the new kinds of cereal."
8563,joy,Thank you so much. That's very kind of you.
8566,neutral,"OK, I get it!! Thank you for your very thorough analysis!"
8567,neutral,"Ok, I ’ ll see you later."
8568,joy,"Okay, You are such a good talker."
8569,neutral,"At 2 PM, give a presentation here with the press. At four o ’ clock sharp, have dinner with Mr. Smith, manager of NCC."
8570,neutral,"( 2 minutes later ) Mr. Lin, Mr. Charles can see you now. This way, please."
8571,neutral,I've learnt a lot about business knowhow. I got to know what kind of knowledge was needed in my future work.
8572,neutral,Which train is that? Which platform does it leave from?
8575,joy,that's a good idea. I ’ ll look into finding something like that.
8576,joy,The hot drinks first would be great. Thanks!
8577,neutral,It seems all right. Do you have pantaloons?
8578,joy,"No, that ’ s enough, thank you."
8579,neutral,Let's go to queue up. There are so many people in the lines.
8580,joy,"I guess it is. The restaurant is on the second floor. Please enjoy your dinner, sir!"
8581,joy,Let ’ s go check it out again!
8583,neutral,"That's great. This is your key, sir. If you need anything at all, anytime, just dial zero."
8584,neutral,That's a good idea. I think we will soon come to a solution to the problem.
8585,joy,"that's OK. I'll try anything once, but sometimes, once is enough!"
8586,neutral,All right. I will begin boarding soon.
8587,joy,"Yes, everything has been well designed."
8588,joy,"Yes, thank you."
8589,neutral,"Well, I think that's the only thing I can do."
8591,neutral,No problem. Let's check the terms of contract.
8593,joy,"Oh, very good."
8594,joy,That's smart thinking.
8595,neutral,"I know how you feel. I had a similar problem with a landlord a few years ago. Fortunately, the one we have now is very nice."
8596,neutral,Hang up and I'll call you back in a few minutes.
8597,neutral,Here you are.
8598,neutral,I received my bachelor's degree from Peking University in 2004.
8599,neutral,It is ok with me. I enjoy being busy and learning new things.
8600,neutral,"One moment, please, and I will connect your call."
8601,joy,Thank you for your understanding sir. I will book your flight now.
8602,neutral,You ’ re welcome.
8603,neutral,"When these papers get processed, the house will be yours!"
8604,neutral,Don't be silly. Let's go Dutch.
8605,neutral,Then any cell phone can meet your need because they generally have memories of over 512MB.
8606,neutral,It's my pleasure.
8607,neutral,"You'll get used to it, Mikel, trust me."
8608,joy,It's just you!
8609,neutral,I ’ m sorry. I thought we were all pretty much in agreement.
8610,neutral,Please wake me up at 6 am.
8611,joy,"That may be true, but I'm sure you enjoyed your sandwich."
8612,neutral,Really? That's unbelievable.
8613,joy,Fabulous! We should look at engagement rings then! Now that ’ s a whole other section.
8615,joy,"Right, drink as much as you can."
8616,joy,Thank you very much.
8617,neutral,"I ’ ll look for a ticket for you, too."
8618,neutral,"Oh, it's hard to narrow it down to just one. I mean, I like all kinds of sports, basketball, swimming, bike riding and so on. Maybe it is just the reason why I am so energetic and vigorous."
8619,neutral,OK. Here you are.
8620,neutral,"of course, that's something really irritating. And the only way to avoid being trapped is to know in advance about the real worth of the stuff. I recommend you to consult the price tags in the supermarket first. And then you may negotiate for a fair deal."
8621,joy,Let me go to the back and get them. I'll be right back.
8622,neutral,"Okay, you get your funny one and I'll get my beautiful one."
8623,neutral,"No problems, sir. Everything will be already when you come back."
8624,neutral,"Yes, you definitely will."
8625,neutral,"150? No, I'm not really interested in this place. It isn't big enough. It isn't near enough to my office."
8626,neutral,"By the end of this month, at the latest."
8627,neutral,Thank you very much.
8628,neutral,Certainly. See you in the afternoon.
8629,neutral,"Oh, domestic things? Yes, of course, we can help you with that."
8631,neutral,I really appreciate your time and help. See you then.
8632,neutral,"Yes, there are approximately three hundred people."
8633,joy,You're welcome. I hope you'll be more comfortable in your new room.
8634,joy,"That'll be $ 4. 25... ( The customer gives her a 5 dollar bill. )... out of five. Here is your change, sir. Have a nice day."
8635,joy,Thank you very much.
8637,neutral,"Yes, it is. (... ) Thank you. Please fill in this form. Can you check this box, and put your initials here, and again here."
8638,joy,That ’ s fantastic! You really got me there.
8639,sadness,"Hmm, that is bad."
8640,neutral,I have to say that's just the result of difference of our consumptive habits.
8642,neutral,"All right, I'll have it registered, then."
8643,neutral,I realize that but I needed to make a decision.
8644,joy,"Yes, that ’ s all right. Thank you very much."
8645,neutral,"Yes, I speak a little French and Japanese."
8646,neutral,Good preparation will improve the effectiveness of the meeting. I am sure that your hard work will pay off.
8647,neutral,"Oh, sorry! There's a long story even with a mere pair of sticks."
8648,neutral,"Yeah, we were classmates when I was in university."
8649,joy,Not at all.
8650,joy,OK. Thank you.
8651,neutral,"Well, what about $ 8? Take it or leave it."
8652,neutral,"I see, that's what I will order."
8654,joy,"OK. I promise. Thank you, Mom."
8655,neutral,It doesn't seem quite interesting. Would you change the channel?
8657,neutral,"Yes, it is."
8658,joy,Thank you very much.
8659,neutral,"Well, from experience we can predict the lifespan of different components. We try to replace components before they fail or wear out. This prevents the equipment from breaking down. It also saves us a lot of trouble!"
8660,joy,That would be great! How about 2:30?
8661,neutral,That's quite all right.
8663,neutral,The most we can offer you at present is 600 dozen.
8664,neutral,Why don't you start cooking then?
8665,neutral,"No, I haven ’ t discussed my career plan with my present employer, but I am sure he will understand."
8666,neutral,Hopefully we won't have any more blackouts.
8667,neutral,Twenty minutes ’ walk at most.
8668,joy,Wonderful. Thanks very much.
8669,neutral,Yes. No need to change.
8670,neutral,I could do that.
8672,neutral,"OK, here is your registration card."
8673,neutral,I didn ’ t know that. I ’ ll go look right now.
8674,neutral,"My mother is an English teacher in a college, so I began learning English when I could speak, and I took English as my minor subject at university."
8675,neutral,"Where exactly have you been working, please?"
8676,neutral,I'm afraid I don ’ t.
8677,neutral,I'm Michael Smith from Eale Corporation.Pleased to meet you.
8678,neutral,"It's a kind of investment. If I choose a good stock and hold it long enough, I can get good returns."
8679,neutral,I agree with you. Only in this way can we ease the traffic problems.
8680,joy,Really? I will take it.
8681,neutral,That ’ s simple. Many people break the rules regarding their visa conditions.
8682,neutral,go on. Take a chance. You could just hint at your idea. The client should be smart enough to take a hint.
8683,joy,I will. Thanks a lot.
8684,neutral,"They're always asking me to come home, but I think our relationship is better if we keep a distance from each other. Whenever we see each other, all we do is fight."
8687,sadness,"Oh dear. Well, if it has to be done, then it has to be done."
8688,joy,That will be fine. We ’ ll have your meals ready when you arrive. Thank you for your order.
8689,neutral,"OK, please wait for a moment."
8690,joy,That ’ s fabulous. Thank you very much.
8691,neutral,She's a late riser.
8694,neutral,"Fine. Also, would you mind if I asked to see a surveyor ’ s report of your products? I may have a few more questions about your quality analysis."
8695,joy,OK. Thank you a lot.
8696,joy,"Have a nice day, and thank you for shopping here."
8697,joy,It's very nice of you.
8698,neutral,"I know what you mean, but I'd better remind them again, and also remind them to repair the button in the elevator for the disabled people. That has brought the disabled people lots of inconvenience."
8699,neutral,"Yes, that's possible."
8700,neutral,Forgive me. You're 100 percent correct. Allow me to transfer you to my supervisor.
8701,neutral,But they don't let you have goods on approval.
8702,neutral,"Let me take a look. Just a second. That ’ s no problem, Susan. See you on Wednesday."
8703,sadness,"I understand, sir. I ’ ll bring a doctor ’ s note in tomorrow. I am sorry, Mr. Thomas"
8704,neutral,You ’ re welcome.
8705,neutral,OK. Give me your address.
8706,joy,Hopeful! Thank you.
8707,neutral,"Point taken. Hopefully one day, we'll live in an interplanetary society."
8708,neutral,Get some snack foods.
8709,neutral,That's all right. Make sure to look closely next time.
8710,neutral,"Okay, I guess that's it. Let's go pay for this stuff."
8712,neutral,"No, you can return it to any branch of our company."
8714,neutral,"I buy a national newspaper sometimes, buy I nearly always buy a local evening newspaper. I find the local news more interesting than national or international news."
8715,neutral,That was it! Thank you for coming in today.
8716,joy,"Kristy, that's wonderful! Thanks so much for contacting me personally."
8717,neutral,"Yes, you can add or get rid of channels later on if you would like."
8718,joy,"Okay, they'll be ready for you in an hour."
8719,joy,I'm glad you saw the reason.
8722,neutral,"OK. Hope you feel better soon. You should take it easy. I ’ m sure the doctor will prescribe rest, you know."
8723,neutral,Sure. It's $ 100.
8724,neutral,Many times there are special services available to certain groups like Women at Work or job help for non-English speakers.
8725,neutral,"There are a lot of ways to help a kid build up self-esteem, but to begin with, you can try and give him more rewards. Rewards will help a chil improve his self-esteem."
8726,neutral,"Well, I also have..."
8727,neutral,Just think of it as a hobby. Then it's actually fun.
8728,joy,"that ’ s very nice of you to offer. Here ’ s your tea. Be careful, it ’ s still quite hot."
8729,neutral,He wants to go over the bonuses for this year. He ’ ll need to meet with Mr. Winthrop and Ms. Montgomery. Can you set it up for me?
8731,neutral,$ 50 a day.
8732,joy,You are welcome. Hope you can find it soon.
8734,neutral,"Well, I guess so."
8735,neutral,Okay. Wish me luck.
8736,joy,Thank you. See you.
8737,neutral,I promise I'll pay you back as soon as we get home.
8738,neutral,So confusing! In my day we got an A or B if we were doing well and if we failed an exam we would get an F!
8740,neutral,"Ah... very well, sir. I'll have them delivered this afternoon."
8741,neutral,I'll give him a call.
8742,joy,I ’ m on it!
8743,neutral,In about 3 to 4 days.
8744,neutral,"See, I helped you out."
8745,surprise,Whoa! Who said you got the job?
8746,joy,Ok. I like the design of this lamps. I also need some cushion covers. I ’ ll just browse through those ones over there.
8748,neutral,"Yes, you're right, it does. But we believe it's less harmful to the environment than landfill"
8749,neutral,"Fine, madam. When will Mr. Brent be arriving, and how many nights will he be staying?"
8750,neutral,"Sorry, but he's busy then too."
8751,neutral,"If you need any help, let me know."
8752,neutral,"I'll get our Mortgage Adviser for you. Please take a seat, I won't be a minute."
8753,neutral,Confirmed. Thank you for using our bank! Please remove your card from the slot. Goodbye!
8754,joy,That would be a good idea.
8755,neutral,It's 687 3452.
8756,neutral,Don't worry about it.
8757,neutral,All right.Thank you.
8758,neutral,"OK, I am sorry for that. We will arrange another one for you."
8759,joy,"if you haven't tried Beijing duck yet, I'd like to treat you to a meal at a famous duck restaurant near Qianmen. It would be a pity if you left without tasting it!"
8760,neutral,"Yes, starting salary is 6,000 yuan a month plus bonuses."
8761,neutral,What I can tell you is that I voted for our next President of the United States.
8762,joy,I honestly love it.
8763,neutral,"Thanks so much, bye."
8765,joy,It's a pleasure.
8766,neutral,Tell me if it's still not working.
8767,neutral,"Yes, you may enjoy a seven-day paid holiday in the first year. After that, you can have two more days each year."
8769,neutral,"Ok then, I ’ ll follow you."
8770,neutral,OK! I shall.
8771,neutral,No problem. Come and get your picture on Friday.
8772,neutral,"Yes, that'll be fine. How much is this going to cost?"
8773,neutral,I just felt that the paper couldn ’ t offer me any new opportunities. I really needed a more challenging role to be honest.
8774,joy,"Who knows, maybe one day he will sit on the desk of a top CEO in a major corporation!"
8775,neutral,"It ’ s a start, but I ’ ll be happy when I see you stick to your promise!"
8776,joy,Thank you very much.
8777,neutral,"On the rocks, please."
8778,neutral,OK. I will go in no time.
8779,neutral,Our monthly interest is 1.5 % of the outstanding balance. Would you please fill out this application form?
8780,neutral,I ’ m just not looking forward to cleaning it!
8781,neutral,I think our son was trying to pull a fast one on us.
8782,neutral,It would largely depend on the size of the order and the items you want.
8783,neutral,I think whiskey will be a good choice.
8785,neutral,Now I want you to look some pictures.
8786,neutral,Thank you. Good-bye.
8787,joy,I'll get them back right away.
8788,joy,It's very nice of you. I'll try my best to do my job well.
8790,neutral,You had champagne for the girl.
8791,neutral,I hope we don't have any more blackouts.
8792,neutral,It's fine. Please wrap it.
8793,joy,"Would you, please? Thank you."
8794,neutral,"The swim stations are very popular, sir. I hope you don't find a line down there."
8795,joy,That was a cake walk.It ’ s nothing to speak of.
8796,neutral,That's right. Welcome to Great Britain.
8797,anger,I don ’ t want to hear it! Now go to your room!
8798,joy,"Me, either! Who decides how much money we get?"
8799,neutral,We're just looking for a reasonable price according to the specifications in our project blueprint. That's all I can say.
8800,neutral,"Totally agree. By the way, the number of the telephone on your desk is extension 506. You can pick up your office supplies from the supply room at the end of the corridor."
8801,neutral,Let's rock n'roll.
8802,neutral,You know what? I ’ ll just have everything dry cleaned.
8803,neutral,Anything you say can and will be used against you in a court of law.
8804,joy,"The leopard print sounds fabulous. OK, I'll take it."
8805,neutral,Their family is very similar to Cindy and Ron ’ s family.
8808,neutral,"Yes, what's your name?"
8809,neutral,The machine shows it to be counterfeit. You'll need to fill in this form and I'll give you a receipt to show the money has been confiscated.
8811,neutral,I do agree with you.
8812,neutral,"Oh yeah, when I do that, it hurts a lot more!"
8813,neutral,"it ’ s a very quiet neighbourhood. There ’ s some traffic, but not much. It ’ s not very difficult to get to the city centre, but you must remember to turn left and right at the right places or yo"
8814,neutral,"Fine, I ’ ll bring both our office furniture and equipment catalogs on Thursday."
8815,neutral,"If you need anything else, please feel free to ask me"
8816,neutral,I'm sorry to hear that. Take good care of your husband. I'll find another one to replace you.
8817,neutral,"OK, one with the apple pie pays $ 18 and the other $ 12."
8818,neutral,"Actually, it's the dish recommended by this restaurant specially."
8819,neutral,"A double room for my wife and me, please."
8820,neutral,Wish me luck.
8822,neutral,Sure. Let me look over them and I ’ ll bring them back this afternoon.
8823,neutral,Yes. You've got to cut down on bread and potatoes and take more exercise.
8824,neutral,"No, don ’ t bother. It ’ s all right as it is."
8826,neutral,"Just a moment, please. I'll check for you."
8827,joy,"You are welcome, sir. Good-bye."
8828,joy,"Fine, Mr. Grant. Thanks for your time."
8829,neutral,"That's right, once a week. Do you want to order a Pizza?"
8830,neutral,"I'm planning on going, but I really need her to give me my invitation."
8831,neutral,"yes, I banged it against to cooker yesterday. It really hurt, but it ’ s OK now. the bruise will disappear soon."
8832,neutral,Here you are Mr. Lee. Will there be anything else?
8833,neutral,I've never been to Disneyland. I went to Universal Studios when I was fifteen. My parents took my brother Franco and I to Los Angeles and San Francisco.Wish you and Janet love each other more.
8834,joy,"Yes, they are."
8835,neutral,Of course. They will be used at anytime before or during flight.
8836,neutral,You should always remember that one customer on file is the rule.
8837,neutral,No problem. See you next Monday.
8838,joy,"Oh, that's nice. Thank you for arranging all of this."
8839,joy,I am sure I'll enjoy some real chinese food then.
8840,neutral,"No, you get those. I ’ ll go and get the fruits, vegetables, milk, butter, and eggs, you get the rest."
8841,neutral,Yes.Let's start today.
8842,neutral,"Black, of course."
8843,neutral,Ok. The last piece is for your dessert. We're having dinner soon.
8844,neutral,Good luck on your first election.
8845,neutral,"Oh, yes. That's just the one I want. I will take it."
8846,neutral,Give me one more day.
8847,neutral,Just remember to hold on to your ticket. You need it to get out of the station when you get there.
8848,joy,I like the color.
8849,neutral,"Yeah, I'm in the office till 10 every night. I can't take it anymore. The pay just isn't worth it."
8851,neutral,"That sounds fine to me. Yes, I think 6 months is the way to go."
8852,neutral,Let's take a cab.
8853,joy,"You're welcome, bye!"
8854,joy,"Yes, sir. We are looking forward to your coming."
8855,neutral,"Yes, we do, Madam. Thank you, madam. Here ’ s our welcome brochure with all of information of our facilities. My name is John. If you need any help do let me know. I ’ m at your service."
8856,neutral,"Very good. It's a pleasure to do business with you, Mrs. Phoebe."
8857,neutral,"My wife, my daughter and I."
8858,surprise,"Oh, boy. His wife can ’ t be happy about that."
8859,joy,"Tom, this deal promises big returns for both sides. Let's hope it's the beginning of a long and prosperous relationship."
8860,neutral,"All right, sir."
8861,neutral,"Will you fill out this form, please?"
8862,joy,Ok then. See you next weekend.
8863,neutral,"Ok, just follow me."
8864,joy,I'm more than happy having her in my class.
8865,neutral,"The price factor can be a useful instrument for exporters when trying to place their products in industrialized countries. Of course, marketing goods abroad is not only a question of price. There are also other important factors such as design, quality of goods, terms of sale, transport and insurance."
8866,joy,"OK, I'll take it."
8867,neutral,Be careful of yourself.
8869,joy,Wow! You're right! This refrigerator is great. I'll take it.
8870,neutral,"Well, thanks, Bill. Let me know what happens. That extra money will really come in handy."
8871,neutral,"Sure. On a chessboard, fire is much more intensive. It has a smaller board, while those bigger pieces-chariots, horses and bishops-can cover longer distances."
8872,neutral,That's true. I know that there are lots of popular restaurants and coffee shops around there.
8873,neutral,Do not mention it.
8875,joy,I can't help shopping there.
8876,neutral,I see.That ’ s all right. Don ’ t put the blame on yourself.
8877,neutral,I usually watch a lot of television before I go to bed. Maybe I should try something else to help me quiet down.
8878,neutral,Let me know if that doesn't work.
8879,neutral,You have the right to an attorney.
8880,neutral,"My plans aren't until later, so I'll clean it before I go."
8881,neutral,I see. Please call us again for any further reservation.Thanks for calling us.
8882,neutral,Take some medicine and stay in bed for a day or two.
8884,neutral,I can understand that. Let me see if I can clarify some things for you.
8885,neutral,It ’ s all right. I don ’ t mind being busy!
8886,neutral,"No, not at all, Brian. This year, we ’ Ve all had to cut back. I ’ m hoping next year ’ s going to better. I hope you can understand."
8887,neutral,Have a pleasant stay in Britain.
8888,joy,You are welcome.
8889,neutral,Thank you very much. Bye-bye.
8890,joy,"Thank you. Just a moment, please."
8891,joy,Thank god! A car's leaving. It's my turn!
8893,joy,It's an important birthday.
8894,neutral,Wonderful. I ’ d like to know why you ’ re interested in this position at our paper.
8895,neutral,Of course. You will have the local specialties.
8896,neutral,I think we should go over there and see if we can apply for that program.
8898,neutral,We need to establish routine maintenance procedures. It costs us too much in lost production if we wait until something breaks down before we fix it.
8899,joy,Not at all.
8900,neutral,"My I have your name, please, sir?"
8902,neutral,"Ok, I ’ ll take a return ticket on the soft sleeper please."
8905,joy,Are you serious this time? That ’ s wonderful news.
8906,joy,"You're welcome, Goodbye!"
8907,joy,I'll appreciate it if it could be arranged.
8908,neutral,You are very welcome. Have a good day.
8909,neutral,Let's go to Julian Store.
8910,joy,"If you could, please. That would be wonderful, thanks."
8911,neutral,"OK, I will repeat what I said loudly."
8912,joy,That's good. I will take it.
8914,neutral,"Yeah, sure. Your total is seventy-eight dollars and thirty-three cents. Here is your receipt. Have a nice day."
8915,neutral,"Unfortunately, no. If you want a trainer, you'll have to use another gym."
8916,neutral,In order to achieve that objective. I would work step by step and make further study.
8918,neutral,"There is nothing at all to worry about. Once you're in the air, it's just like sitting in your own living room. It's going to be a very pleasant flight."
8919,joy,That's terrific.Thank you.
8920,neutral,"At a formal dinner, you wait for your hostess to put hers on her lap first."
8921,neutral,"Well, that sounds better than giving it up."
8923,neutral,"I'm sorry to say I'm not familiar with processing management information, but I'm sure I could learn quite quickly.It can't be too difficult, and I've got a quick mind. I can handle any problem you give me."
8925,neutral,"Excuse me, sir. Could you take a photo for us? Just press this button."
8926,neutral,You can have the new carpet and paint by next Monday.
8927,neutral,No wonder it's so expensive.
8928,joy,great. i am your lucky fellow then.
8929,joy,Good. Let's shake hands on this successful transaction.
8930,joy,Hope to see you again. We will provide the best service.
8931,neutral,"Well, give us a call if there's anything more we can help you with."
8932,joy,Thanks a lot!
8933,neutral,"All right, sir. You would receive dinner in about 15 minutes."
8934,joy,"Yes, I haven't seen you for four years.How time flies!"
8935,neutral,I was an office boy.
8938,surprise,That's amazing! Really? How could it change so much in two days?
8939,neutral,"Let's change the stomach, I mean, the subject.How about some food?"
8940,neutral,"No, I'm fine. Thank you."
8942,neutral,You can serve our salads with our dinner.
8943,joy,Great! You ’ Ve got a deal!
8944,neutral,"My bad, but at least we know the right bus to take us back."
8946,anger,I want justice.
8947,neutral,My advice would be to finish it at once.
8948,joy,"Have a nice day, Ma ’ am."
8949,neutral,About two months.
8950,joy,"Well. Don't worry about it, I will be happy to share the taxi with you."
8951,neutral,Keep in touch.
8952,joy,Thanks a lot.
8953,joy,Good news. Thanks for getting things done so quickly.
8954,neutral,"It works better than any medicine, Lily. I'll make you a glass right now, and you'll finish it!"
8956,neutral,All right. We'll get in touch with our producers and see what they have to say.
8957,neutral,"The minimum time period is three months. The longer the period, the higher the interest rate. If you withdraw your money before time is up, there are penalties."
8958,sadness,"I am sorry, it's out of stock right now."
8960,joy,"Not only that, but I'm going to buy you that video game after all!"
8961,neutral,Only 2 dollars and 25 cents.
8962,sadness,Not in a million years!
8963,neutral,I would like that.
8964,joy,No problem. See you this afternoon.
8965,joy,By all means.
8967,joy,Hum... OK. I will take it.
8968,joy,All right. That sounds fair.
8969,neutral,"Hopefully, I'll make it to the next one."
8970,neutral,"Let me take a look. All right, that ’ s no problem. See you then."
8971,joy,I'll be expecting you then.
8972,joy,"OK, I'd like to try it today."
8973,neutral,Is there a discount for buying in large quantity?
8974,joy,Here is your receipt.Thank you.
8975,neutral,Kids are kids.
8976,joy,That'd be nice.
8977,joy,Sounds not bad! Better performance isn ’ t just about doing a lot more. It is about focusing on the right things to do.
8978,neutral,"Yes, and I check all the e-mails for Mr. Thomas."
8979,neutral,Just a moment. I'll weigh it.
8980,neutral,That's the point.
8982,joy,"Thanks, Mary. You ’ re a real pal. I ’ ll call now to set up an interview."
8983,neutral,Please bring me the chicken chops.
8985,neutral,Sure. What's up?
8986,joy,All right. Thanks.
8987,neutral,"Wow, it is quite far away from here. I'm afraid you're gonna have to take Bus No. 713."
8988,neutral,"In that case, I'm fit for the position I think."
8990,neutral,I ’ m afraid you ’ re going in the opposite direction.
8992,neutral,"No, it isn't. That's why it's such a bargain."
8993,neutral,"Son, you just go back to bed, and stop crying wolf."
8994,neutral,Certainly. See you in the afternoon.
8995,neutral,Right.Could you fill out this form please?
8998,neutral,( XXXXXXXXXX ) OK ( XXXXXXXXXX ).
8999,neutral,"If you succeed in doing that, you must attend the interview on time."
9000,joy,Enjoy your stay.
9001,neutral,"Yes, of course. The balance sheet contains 3 major sections, that is, assets, liabilities and owner's equity."
9002,neutral,I get it now.
9003,neutral,Yes. That will be all.
9004,neutral,"OK, thank you, I'll try if there were other chances."
9005,joy,We appreciate hearing that about you!
9006,neutral,Here you are. Take your time.
9007,neutral,"Yes, I will."
9008,neutral,"Oh, right. I forgot about that. Sorry, I'll pay cash."
9009,neutral,That ’ s more like it!
9012,neutral,Then you haven't browsed eBay before... get online. Don't hang up!
9013,neutral,"It's a football game the school team plays at home. The dance and reunions are usually that night, too."
9014,neutral,"Sure, follow me."
9015,neutral,Extra income.They can get rich with sheer ads.
9016,neutral,"But if the company asks, what else can we do?"
9017,neutral,"I ’ m very sorry, Madam. Can you tell me what the problem is over the phone or would you like me to go to your office?"
9018,neutral,"Yes. Mike Lee. And put me as close as possible to the stage, please."
9019,neutral,"You will receive a notice for a phone interview, which will continue the process."
9020,neutral,Oh. I see. I would like to have mashed potatoes and chocolate pudding.
9021,neutral,Wow! All because of Super Bulk-Up.
9023,neutral,"OK, no problem. But you have to learn it and then do it yourself next time."
9024,neutral,They caught him before he could walk through the front door.
9025,neutral,Here you are.
9026,neutral,Give me a sec.
9027,neutral,I have the same idea as you.
9028,neutral,I think that that would work out quite well as an ending for your resume.
9029,neutral,I'll send someone up right away.
9030,neutral,"Well, have it your way."
9031,neutral,"No, but I have database programming experience and network knowledge."
9032,neutral,John Smith. J-O-H-N S-M-I-T-H.
9033,sadness,"Oh, it's a pity."
9034,neutral,"No, sir.The tax is included."
9036,neutral,That ’ s great. But I prefer to put my money somewhere where the returns are more certain.
9037,neutral,"My husband, my mother-in-law, my daughter and I."
9038,neutral,"I'm going to have to do some more research into this. Thanks for your help, bye for now."
9039,joy,Bye! I'll be back before seven.
9040,neutral,"I'm sorry, we cannot make corrections on these. You'll have to bring another one with the correct amount, I'm afraid."
9041,neutral,Good question. But I will tell you when you pass the first two.
9042,neutral,Everyone has a one-week waiting period before they can collect.
9043,neutral,I'll accept your offer.
9044,neutral,"Well, it's good in style, but I am afraid it doesn't wash well."
9045,neutral,I brought some cards. Are you up for a long game?
9046,neutral,I promise I'll pay you back as soon as we get home.
9047,neutral,"Mr. White, too."
9048,neutral,"no dissert, thanks, just coffee.can I have the check please?"
9049,surprise,Aren't you crazy?
9051,joy,It seems you've got everything done. Now I can finally stop worrying about it and get back to work.
9052,neutral,Administer is doing a good job. I'm not sure they'll be as happy as we are.
9053,neutral,The house has a very outdated electrical system. Many of the switches and outlets do not work and are unsafe.
9054,neutral,"Indeed, they are. Keeping staff happy is the only way to keep them with the company."
9055,neutral,"Variety shows and talk shows, I think."
9056,neutral,I worked as a PR clerk for one year
9057,neutral,Thank you. I appreciate the time you've given to me.
9058,neutral,They produce manifesto. These documents which states their policies. Some people just vote for the same party every time there is an election. Votes who often change the party they vote for are called floating voters.
9059,neutral,I don't know. I just wasn't thinking.
9060,neutral,"Don't lose this receipt, because insurance companies are very difficult about helping when they don't have the right paperwork."
9061,neutral,About two years now.
9062,joy,OK. Here you are.
9063,joy,sounds good. I'll see you then!
9065,joy,All right. I'll see you next time.
9067,neutral,"Yes, I do. Everyone."
9068,neutral,"Good. Now, you sign here, you can start work the beginning of next month."
9069,neutral,Sure. You can find everything all over the world. Let ’ s check it out online!
9070,neutral,"No problem at all, sir. Housekeeping will deliver you all the amenities you like in a bit."
9071,joy,"Fine, well the job search tools are all here for you to use. Feel free to look around and use what works best for you. Have fun with it!"
9072,neutral,Will you make some recommendation?
9073,surprise,Really? That is amazing.
9074,neutral,Just relax. We will talk about it this afternoon.
9075,neutral,Let me have a look at the pamphlet.
9076,neutral,Ok! We'll definitely go to visit your company.
9077,neutral,To the office. I'll be right back.
9078,neutral,"After that I choose something from one of the few brands that I know will fit me. I prefer white, so I ask them to bring me a pair of white sneakers in my size. Since I ’ m usually only given one or two pairs of shoes that meet my qualifications, it makes it a very easy choice."
9079,neutral,"Well, it's quite different from the Chinese food."
9080,neutral,"Hmm, that ’ s a tough question. But I would have to say my passion. I ’ m really passionate about journalism and passionate about my career."
9081,neutral,"You should take a look at all the companies, choose your favorite ones, go over to talk with the interviewer and leave your resume in the end."
9082,neutral,"Oh, hop in."
9083,neutral,"Ok, I see."
9084,joy,"I love you, too, Dad. Bye."
9085,neutral,"I don't blame you, sir. Two dollars is a lot of money."
9086,neutral,Like you and me!
9087,neutral,We'll discuss this when you place your order with us.
9088,neutral,Sounds not good. I won't take it.
9089,joy,I hope so. Thank you.
9090,neutral,I'm be right behind ya!
9091,neutral,I hope I can adapt to the new job as soon as possible.
9092,neutral,It is on the Jianshe Street where there is a Carrefour Supermarket near it.
9093,neutral,I prefer the linen one.
9094,joy,There ’ s you receipt. Goodbye.
9096,neutral,"well, I think you should come and have some fun. Besides you never know maybe he likes you as well. You should at least try."
9097,neutral,"Can I get a relaxer, too? And why did you say, “ You crazy ” instead of “ You ou're crazy ”?"
9098,neutral,"Yes, if we're busy. I'm paid double-time if I work at weekends."
9099,neutral,No. That ’ s all. Thank you.
9100,neutral,"Thank you, I'll try again later."
9101,joy,I think that that would be a really good choice! Let's call and make a reservation.
9102,neutral,"All right, all right. He'll get them as soon as possible."
9103,joy,"Oh, that's great! Thank you."
9104,joy,Thanks a lot.
9105,neutral,Sure. Here it is.
9106,neutral,It's all or nothing.
9107,neutral,"Another big step forward in saving on our office equipment, I don ’ t need a desktop anymore. A laptop is enough."
9108,joy,It look fine.Can I try it on?
9109,neutral,Let's go after work and take a tour of the facilities.
9110,neutral,"Ok, let's do that, even though we may have to take a longer way."
9111,neutral,Why not? Let's draw the outline of an apple with your pencil first.
9112,neutral,"As a journalist, I have strong communication skills. I am good at both discourse management and strategic competence."
9114,neutral,"Well, now I know the bus that'll take us back."
9116,joy,Sure. Just let us know before your lease expires.
9117,neutral,That's a lot of money. Let me think about it carefully.
9118,joy,All right. See you tomorrow.
9119,surprise,"Oh, why didn't you say so then? But I still think we've made a good buy."
9120,joy,A fly-away tie! What a riot!
9121,neutral,"That's fine. Quickly please, we are so hungry."
9122,neutral,"All right. You need to have an interview with our manager, Mr. McBride. Let's go to his office."
9123,neutral,"Nine gallons of premium. That's $ 15.32, please."
9124,neutral,That's fine. I can make it.
9125,neutral,Please wrap it.
9126,neutral,Thank you so much.
9128,joy,Thank you. The payment needs to be in the form of cash or a cashier ’ s check.
9129,sadness,"Oh, sorry! I forgot you get queasy with the sight of blood. I'll be right there."
9130,neutral,Your quantity sold is beyond the required by more than 30 %.
9132,neutral,"Really? What about your opinion, Daniel?"
9133,joy,That would work out great! Why don't we call and get a reservation?
9134,neutral,No way. It ’ s her who should apologize.
9135,neutral,"See you later, goodbye."
9137,joy,"Those flowers are lovely, too."
9138,joy,No trouble. I enjoyed helping you.
9139,neutral,You are a quick learner. I don't think you'll have any trouble with this.
9140,neutral,All right. You can rest assured that we will do everything possible to advance shipment. The fertilizers will be delivered before April.
9141,joy,Thank you. Please bring us a bottle of dry white wine.
9142,joy,Yikes! Thanks for your interest in this job. We ’ ll be getting back to you.
9143,neutral,I agree with you. Only in this way can we ease the traffic problems.
9144,neutral,Sure. You just walk down this hallway. The copy room is the second room on the right.
9145,neutral,"But I ’ m just in it for the money, right? How else am I going to be able to afford to keep taking Angela to the movies? Besides, I love the smell of gasoline, don ’ t you?"
9146,joy,Sure. Let's buy it.
9148,joy,The same to you. Keep in touch.
9149,neutral,Most of them in this store are from Mexico.
9150,joy,OK. Thank you.
9151,joy,"Oh ok then, I ’ ll come and watch you!"
9152,neutral,"Nice to meet you, too. Miss Li. please have a seat. I am Peter Smith, the General Manager."
9153,joy,That is good to know. Just think! We've been worrying about this for weeks and just a short visit here and my mind is at ease. Thank you.
9154,neutral,Once in a while.
9155,neutral,"Certainly. We provide quality analysis training as part of the training for all new workers, plus a week of further training every year."
9156,joy,"Sure, and I'm glad to meet you. Thanks for your help."
9157,neutral,It comes to $ 15.
9158,neutral,"OK, I'll get to work on it at once."
9159,joy,Thank you for you help.
9160,neutral,It has clothes in small sizes for small women.
9161,neutral,Don't worry. The traffic is smooth. You will be there in time for your flight.
9162,joy,Thank you. Thank you very much.
9163,neutral,I want to fetch them in 3 days.
9164,neutral,I think I prefer train. It's cheaper and safe.
9165,neutral,"Well, the most important thing in communication is your sincerity."
9167,neutral,Don ’ t count on it.
9168,neutral,"Yes, that ’ s right. From now on, whenever you have a question or concern regarding anything that happens during the work day, Ms. Cain will be your advocate. If you believe there is anything inappropriate or unfair in the management practices, the ombudsman will be the first person you seek. Her job is to have your best interest at heart."
9172,joy,That ’ s useful to know. Thanks. I ’ ll just log off and shout down my computer and we can go for a coffee.
9173,neutral,That ‘ ll be ninety-five cents in all.
9174,neutral,Here you are.
9175,sadness,But I can't resist a good dinner.
9176,neutral,We have parties every Saturday from June to October.
9178,neutral,"I don ’ t try to go ahead of people and lead them, I ’ d rather cooperate with everybody else and get the job done by working together."
9179,neutral,"Ok, thank you."
9180,neutral,Within 2 weeks once we receive your orders.
9181,anger,Who's your manager? Tell me! Would you?
9182,neutral,"I know. It took me three weeks, and I work here."
9183,neutral,Employees are covered by worker's compensation insurance.
9184,neutral,I believe I would have better opportunities with a small but rapidly expanding company like yours.
9187,joy,It all sounds exquisite! I can't wait!
9188,neutral,"Look at it this way, when you quit, you will save money, time and your life!"
9189,neutral,"Of course, madam."
9190,neutral,Don't worry. I'll help you with it later.
9191,neutral,"I know, it ’ s a big one."
9192,neutral,"Even if they break down, they're still works of art."
9195,neutral,I think £ 5 would be good.
9196,neutral,"All right, expecting you."
9197,neutral,I learned about different tax laws and how they work.
9198,neutral,"OK, I'll go to your office at that time."
9199,neutral,You are welcome.
9200,neutral,"OK, I know now."
9201,neutral,"Oh, that ’ s right. Is that time of the year, huh? That ’ s fine. How about if we meet at 3:30 this afternoon?"
9202,neutral,I promise you'll have it tomorrow.
9203,neutral,Sure. Meet me at five.
9204,neutral,"Well, I will try."
9205,neutral,"Well, I, umm, I flushed it..."
9206,joy,And the bank will offer you loans for twenty years!
9207,joy,"Thanks John, and there you have it! Looks like it ’ s a weekend to stay at home!"
9209,neutral,And about time too!
9210,neutral,"All right, but let me know your decision before the end of the day."
9211,neutral,I ’ ll get started on it now.
9212,joy,Thanks! Now I don ’ t need to come back to the shop a second time.
9213,neutral,"Then, we ’ Ve got plenty of time."
9214,anger,Is's infuriating! I have to be in Rome by five.
9215,neutral,"OK, thank you."
9216,neutral,Maybe we should just wait for the next bus.
9218,joy,"Oh. I like this one. I have been looking for this color and design. Please wrap it for me, and I ’ ll take it."
9219,neutral,I ’ m afraid I ’ ll be late.
9220,neutral,"I know, but I forgot to go to the bathroom before we left."
9221,neutral,"If you have any more laundry, please just leave it in the laundry bag behind the bathroom door. The laundryman comes to collect it every morning."
9222,neutral,Thank you for your understanding.
9223,neutral,Have a nice nap.
9224,neutral,I think that I will.
9225,sadness,"In that case, I don't think I'll buy one here."
9226,neutral,I have no idea.
9227,neutral,Don't worry about it. But how was it?
9229,neutral,"No, I don't think I have. But I would like to hear the full details, if you think it'll be beneficial to me."
9230,joy,It's no big deal. Thank you.
9231,joy,"Oh, I think I should try to read one."
9232,neutral,"I'm glad that some of you get it, but let's go over it once more."
9233,neutral,Let ’ s go downtown and pick up some fashionable clothes for you.
9234,neutral,Two blocks down the street.
9236,neutral,My mom just wants everything to be perfect for us.
9237,neutral,"Don't worry. We can always change our careers, when we are unsatisfied with them."
9239,neutral,got it. I'll start right now.
9240,joy,"This apartment is nice, but I'd like to find a cheaper one."
9241,neutral,"Hold on, let me pull up your version 7 requirements... Oh yes, no wonder our estimate is a little different from what you had in mind. I see the version 7 also includes 6 additional hostesses and a cocktail self-serve bar that wasn't in the version 12. That will definitely add to your cost on this project..."
9242,neutral,"All right. I want to take a shower first, I ’ m exhausted."
9243,neutral,"Certainly, Mr. Murphy. Could you come to my office this afternoon at 2:30?"
9244,joy,That's very good advice!
9245,neutral,Not all of it.
9246,joy,"Very well, thanks."
9248,neutral,"Ok, I ’ ll have it sent to you immediately."
9249,sadness,it ’ s too bad I did all that shopping yesterday!
9250,joy,I have trouble understanding all these forms... but I'm sure I'll get it.
9251,neutral,"Yes, prompt and careful filing contributes greatly to the efficiency of our office."
9252,joy,"Thanks for tucking me, Mom."
9254,neutral,It's two blocks down the road.
9255,neutral,Don't worry.We will come back again a little later.
9256,sadness,"Except housework, that is."
9258,neutral,Here you are.
9259,neutral,"Well, they're trying to repair it, sir. But to tell you the truth, you need a new car."
9260,neutral,a couple of times a week. i've got a regular dancing partner. he is really some dancer
9261,neutral,Certainly. We can work them out for you.
9262,neutral,"Let me have it, please. I'm taking some laundry downstairs anyway."
9263,neutral,"Yes, of course, here you are. The prices are subject to our confirmation."
9264,neutral,I believe persistence and perseverance are key attributes.
9265,neutral,You'll be OK. It's just a little bit...
9266,neutral,"I hate to disappoint you, but unlike what most people think, we aren't all exactly the same!"
9268,joy,You ’ re welcome.
9269,joy,I'm glad that we've settled the price.
9271,neutral,That ’ s all right. Bring me over what you ’ Ve got.
9272,neutral,As long as I don ’ t have to row.
9274,neutral,Absolutely. Thanks for coming Rebecca. Goodbye.
9275,neutral,"OK, you're through now."
9276,neutral,"No, it will be another hour."
9277,surprise,Really? Even for such an excellent one?
9278,joy,I ’ m glad you finally agree.
9279,joy,OK. I know what to do now. Thank you.
9280,joy,"Thanks. You have a good one, too."
9281,neutral,"No, not the really, don't worry about it, like I said there'll be a lot of people there doing the same thing that you are doing, so just follow the crowd, There's only one direction to go, so you won't get on the wrong train. Head north on the Yellow line, and you'll see Wudaokou in just a couple of stops."
9282,neutral,I will be there after 20 minutes.
9283,neutral,"Be careful, the cartridge can be very hot."
9284,neutral,"Exactly. Instead of increasing their position, I want to increase yours."
9285,neutral,Well. We ’ re expecting about twenty-five people and we ’ d like to spend no more than $ 20 a head.
9286,neutral,thanks for those ideas. I ’ ll get to work on them right away.
9289,joy,"A little bit expensive, but I will buy one. This is $ 25, here you are."
9290,neutral,"I am bilingual, English and Russian."
9291,neutral,Okay. That will be thirty-four dollars and fifty cents.
9292,neutral,"I wish you could make a reconsideration. If you don't reduce your price, we won't purchase from you any more because there's plenty of other business offering here."
9293,neutral,"Some provide wrong pictures for the goods, so many buyers are deceived."
9294,anger,That's not fair!
9295,neutral,"Sir, wait!! I need your address!"
9296,joy,Wow! This was a lot easier than I thought!
9297,neutral,Here you are.
9298,neutral,"Yes, right now it's the busy season."
9300,neutral,"Oh, I guess I really did get ripped off."
9301,neutral,You'll have to dismantle the unit and lubricate the bearings. Do it as quickly as you can but make sure you top up the oil before you start the motor up again.
9302,joy,OK. I'll be back soon.
9303,neutral,Don ’ t give me your attitude. Please tell me.
9304,joy,"Good-bye, and thank you for shopping here."
9305,neutral,Don't mention it.
9306,neutral,"ok, I'll be back with two fried bananas in a few minutes. Wait for me here!"
9308,neutral,"Many are important — intelligence, diligence, information and planning. But the most important, I think, is achieving results."
9309,joy,"Oh, I see. Thank you."
9310,neutral,"Oh yes, I..."
9311,neutral,I got $ 500 a week.
9312,neutral,I'll have a go.
9313,neutral,Can you repeat all that? I think I'd better write it down.
9314,joy,"OK, I will."
9315,neutral,"Yeah, I agree with you. But you know, it's just one of those things."
9316,neutral,That's right. Thank you.
9318,neutral,"Don't forget that you have very little time, sir, before you have to check out."
9319,neutral,But both my wife and I prefer taking a bus.
9320,neutral,let's watch the Canadian team. They have a good manager and a great coach.
9322,neutral,Yes. It will keep your face from getting dry and make your skin soft.
9323,neutral,"No problem, I'll just get the form for you."
9325,neutral,I see. You must have more rest.
9326,joy,That's good to know. Thanks.
9327,neutral,"( later ) Here ’ s your card, sir. You ’ re all checked in. let me just tell you about a few of our services. We have free breakfast in the lounge from 7:00- 9:00. You call the receptionist to arrange"
9328,neutral,OK. Would you like me to get you a cab?
9329,joy,"I would like my margarita with no salt, thank you."
9330,joy,Thanks. That'll be OK.
9331,neutral,"Of course, you can."
9332,joy,"Oh, it's beautiful."
9333,neutral,"OK, I'll listen to you."
9334,anger,We have to wait six more minutes!
9335,joy,You're so kind.
9336,neutral,It's already credited to your account.
9337,neutral,"Oh, I don't know.It depends."
9338,joy,Until 8 o'clock madam. We are looking forward to seeing you.
9339,surprise,Oops! It's the landlord. I guess the tables have turned now. We're the noisy neighbors. Turn it down!
9340,neutral,I hope so.
9341,neutral,It's better for you.
9342,neutral,Maybe we can think of something somewhere between a chick flick and a horror movie!
9343,neutral,"Yes, I can. Thank you so much."
9344,joy,Don't mention it.
9345,neutral,Nine would be perfect. I'll see you then!
9346,neutral,Not just today. Go exercise everyday!
9348,neutral,"That's just the point! Purity is the essence of good coffee, right?"
9349,neutral,Yeah. He told me that he has passed over in the election of monitor.
9351,joy,Sure. Here you are.
9352,neutral,"Indeed, they are. Keeping staff happy is the only way to keep them with the company."
9353,joy,That's not a problem. I'll pop in later today to make a formal request. Thanks!
9354,neutral,Of course. They will be ready in a few minutes.
9356,joy,Thank you vary much.
9357,neutral,"The Old Town, the Distillery Historic District, the Financial District and Underground City, everything is so attractive."
9358,neutral,I hope so.
9359,neutral,"OK, sir. We'll try our best to serve you as soon as possible."
9360,neutral,I've wanted to be involved in engineering ever since I was little. And my study has equipped me with a career as a mechanical engineer.
9361,disgust,"Eventually I did get to a real person. I found out the closing time, but by then the store had already closed!"
9362,neutral,Slacker and those who violate working principles.
9363,neutral,"It has a built-in hard-wired memory, but I like to use the 64MB media cards that come with it. I can download everything onto the hard drive and then edit and enhance with different software. It takes fantastic pictures that I can either print out or E-mail to my friends."
9364,neutral,"No, don ’ t worry. Just follow me."
9365,neutral,It's seriously good.
9366,neutral,See you. Have a good journey.
9367,neutral,They would say I am a dependable friend and a capable colleague.
9369,neutral,"Well, I'll be back in a minute."
9370,neutral,All right. That nearly done a little.Now I want you to look some pictures.
9371,neutral,Thank you. I need to get this done as soon as possible ; my manager is tearing his hair out!
9372,neutral,"My car is in the parking lot, lets go this way. Let me help you with your bags."
9373,neutral,"When you buy a Model T, you can't expect a warranty."
9374,neutral,Perhaps I should call her later.
9376,sadness,Knock on wood. But I have a very important date.
9377,neutral,"Yes, that's right. Having an enjoyable time together is the goal."
9378,neutral,Sit down here - don't put any pressure on it. I'd better call the company doctor.
9379,neutral,I'm afraid I haven't got one in your size.
9380,neutral,Ok. You drive and do be careful.
9381,neutral,Ok. Good. I want two side by side tickets in the Economy cabinet. Thank you.
9382,neutral,"We ’ ll contact you soon, Ted. Thanks for coming in."
9383,neutral,I feel a sense of accomplishment when I finish a job and it turned out just as I'd planned.
9384,joy,Thanks for reminding me. I had forgotten to get mine.
9385,neutral,"Okay, okay, we'll split it 50/50."
9386,joy,"Yeah, I guess I am. Working at a university is really suits me."
9388,neutral,"OK, I see."
9389,neutral,"I feel sorry, but that's the decision of the directorate."
9391,neutral,Don't go to too much trouble.
9392,neutral,Fine. See you on the 18th.
9394,neutral,"yes, there are. They tell use which way to go and how far we have to walk."
9396,joy,"That's great. We will have to charge you 250 RIB for that service, though. Could you please fill in this? Thanks."
9397,anger,I got the message. I am quitting.
9398,joy,The pleasure is all mine.
9399,neutral,Not really. We need to dismantle the conveyor belt and replace the rollers.
9400,neutral,Yes. I really need to have a good rest.
9401,neutral,A debit card will be fine.
9402,neutral,Inspiration can come in the strangest ways...
9403,neutral,Thank you. Your confirmation number is 611273.
9404,neutral,I think a cab is better.
9405,joy,I forgot what I put up with in that case. I do deserve these flowers.
9406,neutral,"If I am not in the service center, I will assist others in resolving the consumer complaints. And pass the criticism on to the relevant department."
9407,joy,You're welcome. Enjoy your meal. Press the call button if you need any more help.
9408,neutral,"Thank you, Mr. Smith."
9409,neutral,"Actually, I'd prefer not to be."
9411,joy,Got it. Thanks for calling. Bye.
9412,neutral,"No probation is involved. If you feel good, you can start next week."
9413,neutral,"Not really, perhaps just a translation problem, that's all. Anyway, we've agreed to accept it."
9415,neutral,Certainly. I ’ Ve already worked out a general budget for all the departments.
9416,neutral,I could have stayed in bed for another half hour.
9417,joy,"Here you are, sir. Pay the cashier at the door."
9418,neutral,For about 3 hours. Enjoy your trip.
9420,neutral,"Fine, let's go."
9421,neutral,"OK, I will do it right now."
9422,joy,Stick around and you'll get to know him better. He has a very unusual personality.
9423,neutral,"In my opinion, a secretary must be familiar with office routine and try to do some things by you. This is the filing cabinet and any document or file you may need. And you should file these documents in alphabetical order."
9424,joy,I hope you find a nice sweater.
9425,neutral,"Oh, I prefer it loose"
9426,neutral,"Call me tomorrow, and we'll get started."
9428,joy,I'm sure your wife will love them.
9429,neutral,"Don ’ t put me on the spot. You know, I can ’ t do that."
9431,neutral,"Yes, of course. I will book the tour."
9433,joy,It's a pleasure.
9434,neutral,Thank you very much.
9435,joy,I'll take it. Please wrap it up for me and give me the receipt.
9437,neutral,"Yeah, that's fine. Next Friday at 12 at Garden Hotel. I'll look forward to it."
9438,neutral,Why does that cop car behind me have its red lights on?
9440,neutral,I am a good accountant and have a thorough knowledge of the English language.
9441,neutral,Would you please let me know when we get there?
9442,neutral,"The first is accounting entity, and the second is going concern. The third is measuring unit. The fourth is accounting period, and the fifth is objectivity."
9443,neutral,I apologize for everything disturbing you. We will give another room to you right now. Please wait a moment.
9444,neutral,I don't know if it will turn out good.The window might cause the picture to be blurry.
9445,joy,Thank you. I won ’ t miss it.
9446,neutral,I think I would like that.
9447,neutral,"Oh, that's not everything. You're free on Friday and then on Saturday you're catching the 9 o'clock plane back to Guangzhou."
9448,neutral,"well, that's true. In a sense, it is not so much what you drink that really counts, as where and how you drink."
9449,neutral,Your performance so far is not quite in line with what we expect for our executives. I hope I ’ Ve made my point.
9450,neutral,"Good.Now, if you'll just sign here, you can start work in 3 days."
9452,neutral,This is your change.
9453,neutral,"It's also convenient, but it's usually crowded."
9454,neutral,"No, I couldn't fall asleep last night."
9455,joy,"Well, I hope that I do well."
9456,neutral,I think so.
9457,neutral,"As you can see from the statements for my Current Account, I have never been overdrawn. I'm always very careful about that."
9458,neutral,I will write you in on that doctor ’ s schedule. See you then.
9459,neutral,I worked in the Infection Medicine Division.
9460,joy,"Of course! Let ’ s have a look. Great! In my frame of mind, I ’ d like to but one today."
9461,neutral,So let's head there. We'd better hurry up.
9462,neutral,Never mind. It ’ s just my duty.
9463,neutral,"Yes, it almost looks new."
9465,neutral,"Ok, as John after Kennedy put it, let us never negotiate out of fear, but let us never fear to negotiate."
9466,joy,I am too.
9467,joy,"Ok, I'll have it for a change."
9468,neutral,"Yeah, why not? I ’ Ve got a little free time on my hands. Where do you want to eat?"
9469,neutral,They are behind the door.
9471,neutral,"No buts. The thing is to cut down your expense, Judie."
9472,neutral,I guess we'd better get back to work.
9473,neutral,"Not really, I am familiar with this area."
9474,neutral,"It could be that, or maybe you are eating too many sweets. In any case, I ’ ll administer an anesthetic and you won ’ t feel a thing!"
9475,neutral,OK. I'll take this one.
9476,neutral,"of course you should. You wouldn ’ t want a silly argument to ruin a long friendship, would you?"
9477,neutral,"Good, but can you tell me how to get to your office?"
9478,joy,I'm sure your wife will love them.
9479,neutral,Would you mind waiting? I ’ m on the telephone.
9480,neutral,"OK, here you are. The fitting room is behind the curtain."
9481,neutral,"You've got it, sir."
9482,neutral,I import canned food.
9483,neutral,Needless to say.
9484,neutral,"Right, I'll contact my guarantor now and we'll come in within the next couple of days. Thanks very much for your help. Goodbye."
9485,neutral,"I can give you quarters, if that'll help."
9486,joy,I ’ m going to be fine.
9487,neutral,Yes. We say “ eat well and drink well. ”
9488,joy,"No, thanks. I'm just looking."
9490,neutral,OK. Just think for a bit. I'll go help another customer. I'll be right back.
9492,neutral,"No, I think that I've had enough of this restaurant."
9493,neutral,"This one fits me well but it is too expensive, can you make it a little cheaper?"
9494,neutral,I think producers are underestimating the audience. They should think of better ways to entertain the general public.
9495,neutral,I ’ m afraid I ’ ll be late.
9496,neutral,All right. I will get them for you.
9497,neutral,Please follow the nurse. She ’ ll get you ready.
9498,joy,He's really cute. His bowl even has his name on it.
9499,neutral,Just a trim will do.
9501,joy,I hope so.
9503,neutral,"Oh. In that case, I'll pay cash."
9504,neutral,"You might not believe this, but I used to be twice the size that I am now!"
9505,disgust,He is a dishonest man and always tells a cock and bull story.
9507,joy,Let ’ s take a few pictures so that we can remember what we like about this home.
9509,neutral,"Insurance against old age, medical problems, unemployment will be paid by both the company and you, and the others by the company."
9510,joy,Thank you. Please make sure that you pay with cash or a cashier ’ s check.
9511,joy,You are welcome.
9512,joy,I did actually but I think I met some of the friendliest people in China. They soon showed me the way!
9513,neutral,Can you repeat all that? I think I'd better write it down.
9515,joy,"Yes, I did. I had a fine time."
9516,surprise,Recliner? In my beautifully decorated living room? I don ’ t think so!
9517,joy,That's fine. Then let's sign a contract.
9518,neutral,They will stay for two days. Try to work out an efficient schedule.
9519,sadness,Just a moment and I'll get your order right away. Sorry to cause the inconvenience.
9520,neutral,Yes. Please help me reserve it.
9521,neutral,"Just one moment, sir. Here you are – 767-4512."
9522,joy,It was my pleasure.
9523,neutral,Your document will be ready in about ten minutes.
9524,joy,I think you'll enjoy the food.
9525,joy,No. I won't need to see anything except your driver's license.
9526,neutral,We need a detention warrant.
9527,neutral,"Okay, it'll be ready in two minutes."
9528,joy,It's a pleasure. Good night. Have a good sleep.
9530,neutral,Thanks. I appreciate that.
9531,neutral,They said he was an honest and professional businessman. But that's the exciting part. It's kind of like gambling...
9532,neutral,Thank you and goodbye.
9534,neutral,Fine.Please fill out the application form.
9535,neutral,"I'm sorry, sir. Perhaps you'd like to write a letter to headquarters."
9536,neutral,Tomorrow afternoon will be fine.
9537,neutral,The ones that are on sale are from Central America.
9539,neutral,I'm afraid I'm not interested in fashion. There are so many other really important things in the world.
9540,neutral,There you go.
9541,neutral,"Better not forget that, so kill you if you don't get her something."
9542,neutral,"s of supreme importance that the goblet, table-cloth, and plates should be made shiningly clean, so that the color of the wine is clearly visible and the delicate aroma and taste are fully appreciable. ""
 "" Yes. For me, who can"
9543,neutral,Yes. We all loved the celebration of our city's birthday. It made the people feel so proud of our city.
9544,neutral,Glad to meet you.
9545,neutral,"Oh, very close. Maybe 5 minutes walk."
9546,neutral,"OK, ma'am. Calm down, 15 dollars will do."
9547,neutral,"I ’ m sorry, Mr. Michael. Could you tell me where the problems are exactly? Maybe I misunderstood the client ’ s intentions."
9548,joy,"Certainly, sir.Would you sign here, please?... Thank you."
9550,neutral,You ’ re welcome. Have a nice trip.
9553,neutral,That's just over there. On the right.
9554,neutral,Fine. I'll be ready in a minute.
9555,neutral,"Because it's better, easier and cheaper to get them from the food we eat."
9556,neutral,"All right, I'll let you know when I get through."
9557,neutral,"Yeah, just fill out this form and choose a password. The computer will do the rest."
9558,neutral,I think so.
9560,joy,I ’ m glad to hear that.
9561,joy,"Yeah, I guess it's the same in the UK, I just never paid much attention. See you later!"
9562,neutral,"Yes, and then other qualitative factors, such as the transparency of your business operations, your credibility and the integrity of your management."
9563,neutral,Just hang on there a sec. Can I get a price check on Fun Times Ribbed Condoms please!
9564,joy,Let's hope it's the beginning of a long and prosperous relationship.
9565,neutral,"No, but we ’ ll provide you with good businesses at the end of the year."
9566,joy,Congratulations on the new apartment.
9567,neutral,I'll just go and check for you.
9568,neutral,Good. He is a man of high standing. I think we can grant the loan you need after some further discussion. But I suggest you borrow on overdraft instead of on loan.
9569,neutral,"Sure, a studio would be fine."
9571,neutral,"Fine. I will be there around two. If someone is not there, I will use my key to get in."
9572,neutral,Haven't you been listening to a word I've been saying?
9573,neutral,"Okay, then a third one for my husband too."
9575,neutral,Let me see.
9576,joy,Thank you very much.
9577,neutral,This is all your medicine. You need to take it four times a day for three days straight.
9578,neutral,I don't like them. I think they are too icky.
9579,neutral,"Fine, Mr. Emory. Let me just grab a pad and pen."
9580,neutral,I ’ m mixing the sauce. It ’ s my specialty. I make it according to my own secret recipe!
9581,neutral,Don't worry about the cost. Our insurance policy covers us against situations like this. We need those parts urgently. Could you please try to get them here tomorrow?
9582,neutral,All right. Goodbye.
9583,neutral,I like what I see.
9584,neutral,"Yes, I have."
9585,neutral,By melting it down and then reforming it. Our main products are bin liners for kitchen bins and carrier bags for supermarkets.
9586,neutral,Your passport and ID card.
9587,joy,Thank you for shopping here.
9589,neutral,"Don ’ t be silly, John. I ’ m going with you. It ’ s necessary for me to have a holiday too."
9590,joy,"I can imagine! I tend to faint when I see blood, so I think I won ’ t be taking up a course like that anytime soon!"
9591,neutral,"Yes. What I ordered is roast beef, not roast beef sandwiches."
9592,neutral,That ’ s not my fault.
9593,joy,"Well, really! That was wonderful! I felt no pain at all. Thank you, doctor."
9595,neutral,"No, sir, you have to deal with your own meal since we charge you only $ 80 for the trip."
9597,neutral,"Now listen, Ben. Look, I think it ’ s a very good thing that a young man — after he ’ s done some very good work — should have a chance to relax and enjoy himself, and lie around, and drink beer and so on. But after a few weeks I believe that person would want to take some stock in himself and his situation and start to think about getting off his ass."
9598,neutral,OK... there we go. Thanks very much.
9599,sadness,"I am sorry to hear that, but face the music."
9600,neutral,Go down this way until you come to the drugstore. Make a left turn and it's just there.
9601,neutral,I greatly appreciate your help.
9602,neutral,It's this cold weather we're having.
9604,neutral,If I'm awake.
9605,neutral,"If you aren ’ t there, we will use our master key to get in and check things out."
9606,neutral,Okay by me.
9607,neutral,Over 2 million.
9608,joy,Absolutely! Bob and his whole family are welcome here any time!
9610,neutral,"Yes, there have been a few problems recently. Why don't you call the IT department?"
9611,neutral,I know. Things are easier when you know what the weather's going to be like.
9612,joy,"Perfect. Thanks very much for calling. See you soon, bye!"
9613,joy,I'd be very pleased.
9614,neutral,"Because English is nothing but a tool which is used when people may negotiate in international conferences, probe into physics, release some information in a press conferrence, and do anything we can do with language. Therefore, an interpreter has to know some expertise in the field he / she serves as an interpreter. Otherwise he / she can not carry out his / her work smoothly."
9616,neutral,Maybe. I will look around.
9617,neutral,"Yes, please. Please print your name and company name, and the person you are going to see."
9619,neutral,"Ok, I will."
9620,neutral,"Alright, see you."
9621,neutral,"Perrier, Jim Beam, apples, and grape juice. It will all be there shortly, sir."
9622,neutral,More and more people have the same discoveries since most of the universities do that in order to save effort.
9623,neutral,How kind of you! Good-bye.
9624,neutral,That's fine. You can get it 6 days later.
9625,neutral,Perhaps I should call her later.
9627,neutral,"Well, I don ’ t like it, but I guess I don ’ t have any choice."
9628,neutral,"I couldn ’ t possibly hire you. You can ’ t take shorthand, you can ’ t use a computer, and you can only work part time."
9629,neutral,"Needless to say, as a Westerner, it's bread."
9630,neutral,Here is the money.
9631,neutral,"Yes, you are right."
9633,neutral,Yes. I'll be back at the same time as usual.
9635,neutral,Next Saturday at the earliest.
9636,neutral,"Thirty percent discount, OK? That ’ s the lowest price."
9637,neutral,"It might seem that way, but this events were all carefully chosen based on marketing research. These are the events that our customers and potential customers care about."
9638,neutral,"Better hurry, sir. Remember you have to check out in less than half an hour."
9639,joy,"Looks nice. Okay, I'll take it."
9640,neutral,"I have learned a lot about business know-how and basic office skills. In addition, I learned at my previous jobs how to cooperate with my colleagues."
9641,neutral,"Well, honey. Turn off the light, lie down and go to sleep."
9642,neutral,The car behind ours suddenly accelerated and hit our Car.
9643,joy,Absolutely. That's why I can always get a good price.
9646,sadness,I'm sorry. I've been having some problems.
9648,neutral,Let ’ s call them right now. I am sure that they will be happy to hear that you have agreed to pay for the inspection.
9649,neutral,Two small boxes.
9650,neutral,"Yes, you are right."
9652,neutral,"I need to make six copies of this report for the Board Meeting tomorrow. Ring Office Supplies and ask if they have any in stock. If they can't deliver this afternoon, I'll go and collect it."
9653,neutral,Coing out for a walk.
9655,neutral,"If you hire me, I'll start studying Spanish again."
9656,anger,"There's the difference, your wife made it! I have to make my own lunch!"
9657,joy,Good luck to you.
9658,neutral,"My firm has high standing in my country. My bank is the City Bank, New York. You may refer to it for my status."
9659,joy,"And your statement reference and the payment amount. Click on next, then'pay beneficiaries'. That's it! All done."
9660,neutral,Dishonesty. It ’ s unacceptable.
9661,neutral,Yes. It's a Korea company and it was built in Beijing five years ago.
9662,anger,I am not convinced by your explanation.
9663,neutral,"I will, thank you for calling."
9664,joy,I got it as a gift so I couldn't take it back. Good luck! I hope it will fit you!
9665,neutral,You can send a compressed one.
9666,joy,Wow. That sounds really good.
9667,joy,You are welcome.
9668,joy,Not at all.
9669,joy,Good that way. I can have the suit ready for you two days after that fitting.
9670,joy,That sounds great. I'll bring a bottle of wine then.
9671,joy,"Oh, yes. Marvelous!"
9672,neutral,"I have to support my parents who are advanced in age, so I'd like to commence at HAD 2,500 a month."
9673,neutral,"There are many sources, such as newspaper, Internet and direct visit."
9674,neutral,"This will fix all of that for you. If you use our online payment service, the money will come straight out of your account and go directly into the seller's account, in a secure way."
9675,joy,OK. I'll take it.
9676,joy,OK. I look forward to working with you. Enjoy your week!
9678,neutral,"Of course, I'll get right on it."
9679,surprise,Where is my wallet? Someone has stolen my wallet!
9680,neutral,I hope you can stay for dinner. I need a guinea pig!
9681,neutral,"Okay. Good night, sir."
9682,joy,Thanks for reminding me.
9683,joy,Here you are.
9684,neutral,"This way, please. Our car is waiting over there."
9685,joy,Hey! What's that smell? Are you burning the toast?
9686,anger,To hell with you.
9687,neutral,That's all right.
9688,joy,"Thank you, Ma'am."
9689,joy,"I will. Thank you, dad."
9690,neutral,"7880 Crofton Avenue, Building 40A, Room 304."
9691,joy,"That will be six dollars. Out of ten-seven, eight, nine, ten. Thank you."
9692,neutral,"OK, I agree. But the repeat order can't have the same terms."
9694,joy,Yes of course. We can activate all these services in about an hour.
9696,joy,Playing tennis twice a week will be a good start. Count me in.
9698,neutral,"Maybe he wants to get something for his girlfriend, but he's embarrassed."
9699,neutral,What ever you say?
9700,neutral,OK. I never forget it.
9701,neutral,"Sure, no matter what happened, they should wait to discuss in their office and find the solution in a positive way."
9702,neutral,"It's almost impossible to get the right balance. If you are too strict, kids might ignore you. If you are too lenient, they might go wild."
9704,neutral,You can get dressed as soon as the film is processed. We will be all done here.
9705,fear,I am happy that you like the house. We should write down what we like so that we can remember it.
9706,neutral,Thank you. Doctor.
9707,neutral,"A $ 100,000 policy shouldn ’ t be too expensive. Here, call my agent. He ’ ll give you a good deal."
9708,disgust,You are not funny either. I can't believe I married a woman like you.
9709,neutral,OK! I will try this.
9710,neutral,"There might be a loose connection somewhere that's making the safety switch trip. Check the settings on the trip-switch. If you can't fix it yourself, call in an electrician."
9711,neutral,"Yeah, I make certain. A half-price ticket cuts us one point five Yuan."
9712,joy,Good idea. Thank you.
9713,neutral,It doesn't matter.
9714,neutral,"Not at the moment, but I ’ ll let you know."
9715,neutral,I'll have to write you a ticket and suspend your driver's license for 3 months.
9716,neutral,Some people say he's from New York.
9718,neutral,I see what you mean!
9719,neutral,The old man is knocked down by the bicycle.
9720,neutral,No. That's not enough. I've got some cereal.
9721,neutral,Just a minute.
9722,joy,I see. Thank you.
9723,neutral,That'll be fine.
9724,neutral,I like this system. It will encourage the best employees and motivate those who want to make a change at work.
9725,neutral,Seventy to sixty-seven.
9726,surprise,Really? I have a weakness for coffee.
9727,neutral,Ok. I'll keep my promise.
9728,joy,I'll take it.
9731,neutral,That's exactly what I think too.
9733,neutral,Very well. Just take your time.
9734,joy,Here's your change. Thank you.
9735,neutral,"Yes. If you want to order room service, just press 0 on your phone, and that will connect you with the front desk."
9736,neutral,"Oh, my jump rope. Mom, can you get it for me?"
9737,neutral,I ’ Ve been thinking of doing that lately! I don ’ t want some banker to run off with my money!
9738,neutral,I guess so.
9739,neutral,"No problem, sir. But it will cost you extra."
9740,neutral,I actually try to avoid name-brand items. I can't stand it when big companies advertise their products all over the place!
9741,neutral,"All right, let me get your meat for you."
9742,surprise,It sounds amazing to me.
9743,neutral,"We can certainly give you faster turn around, but it will cost you extra."
9744,neutral,That would be good.
9745,joy,"I'm sure we will. Actually, we are looking forward to seeing the great wonder."
9746,joy,"Here you go. That's everything, then. Thanks very much for your service over the years."
9748,neutral,I'll put the song at the front of the list.
9749,neutral,"I see. There was also the famous ping pong diplomacy, wasn't there?"
9750,neutral,"Hmm... well, maybe we can buy this one then."
9751,joy,Thank you... please sign on the line.
9752,neutral,Let's have the salesmen for a demonstration.
9753,neutral,"I think the file is too big. You'll need to expand your memory. First, close down all the files you have open, and then..."
9755,joy,Thanks a lot!
9756,neutral,You can suck a candy or pinch your nose gently while breathing out. That shall help.
9757,surprise,"Oh, did you? Thanks a lot."
9758,neutral,"Two bottles of white wine, please."
9759,neutral,Right. Let's go and find some fun.
9760,joy,"Sure, madam. I ’ ll remind you."
9761,neutral,"Well, I understand that. Your request is approved. Remember to give my best regards to your parents."
9762,neutral,"People who are honest, dedicated to their work and having integrity."
9764,neutral,"Thank you, here's your change."
9765,neutral,"Right away, sir."
9766,joy,It's a pleasure. Thanks for calling Lincoln Bank.
9767,neutral,At 8 o'clock.
9768,neutral,"No, I don't."
9769,joy,I hope so. Then I ’ ll be the happiest person in our office too!
9771,neutral,I appreciate your help.
9773,joy,Not at all.
9774,joy,Thanks a lot!
9775,neutral,"Well, you should talk with your son and let him make his own decision."
9776,neutral,Excellent! Let ’ s set off.
9777,joy,I'd be glad to.
9778,neutral,"I am sorry, ma ’ am. Our general manager is not in town. But I ’ d be more than glad to get you our assistant manager, if you like. But I am afraid that he will say the same thing. We have very clear instructions about valuables and we must follow them. And now if you will excuse me, I'll go and find our assistant manager for you."
9779,neutral,I have faith in our new President.
9780,neutral,They don't mind.
9782,neutral,"I'll just go and check it for you, sir."
9783,joy,I appreciate that.
9784,neutral,We have a position where that could work out well.
9785,neutral,I think that I have something else really important to do on that day. I just can ’ t remember what it is.
9786,neutral,You are right. My mum must be crazy.
9787,sadness,So do I.
9788,neutral,I understand. Thank you.
9789,joy,Thanks for your help!
9790,neutral,I'll have to ask my wife how long she'll need it for as it is mainly for her belongings. I'll come back after we have discussed it. Thanks for your help.
9791,neutral,"He's with someone right now, would you hold?"
9793,neutral,"Yes, I see what you mean. You need to reject these documents."
9794,neutral,You are welcome. It's our job to keep things running smoothly.
9795,neutral,"Precisely, the actions the countries have committed to take are consistent with TO agreement."
9796,joy,Don't worry about it. It's just a drop in the bucket. That car has more scratches on it than I can count.
9797,neutral,Of course. They will be happy you asked about them.
9799,neutral,"soup always makes me feel better when I'm sick. I hope it makes you feel better, too."
9800,neutral,I had a few coffees while I was waiting. Let's get out of here!
9802,joy,I hope that I cleared things up for you.
9803,neutral,That'll be 60 dollars.
9804,neutral,That will be ninety-five cents in all.
9805,neutral,I didn't say I was going to deprive myself.
9806,neutral,Let ’ s rock n ’ roll.
9807,neutral,"It doesn't matter, I will take an aisle seat."
9808,neutral,"Okay, that's clear enough. Let's move on to the other terms."
9810,neutral,Thank you very much. I will write it right now.
9811,neutral,All right.Got it.
9812,joy,"Thank you. Oh, it tastes nice."
9813,neutral,I was in New York for a wedding.
9814,neutral,Come on. Let ’ s talk heart to heart. I think we can find a solution.
9815,neutral,You sure have bad luck these days.
9817,neutral,I hope not.It isn't that busy.
9818,neutral,I think I would like the former one.
9819,neutral,"Sure, no problem. As I said, cartons are good enough for goods like this. You don't have to worry about it."
9821,neutral,That's really convenient.
9822,neutral,You can take a No. 12 bus here and then transfer to a No. 23 bus to get there.
9823,neutral,"Yeah, I know."
9824,joy,Yeah. It ’ s exciting. This month we ’ re doing crossword puzzles.
9825,neutral,Thanks. I appreciate that.
9826,neutral,"One economy, please."
9827,neutral,It's already on sale now.
9828,neutral,Usually the response to the second offer moves along a bit more quickly than the first one.
9830,neutral,"If I'm in the service center. I'll listen to the client patiently, and accept the criticism objectively. Then I will have the claim reasonably settled."
9831,joy,"Thanks, Mary. You are real pal. I'll call now to set up an interview."
9832,neutral,I mean he's a student developing all round.
9833,neutral,A brand new taxi is pulling up now.
9834,neutral,"Well, honey, I can teach you how to plant them if you want to learn."
9835,joy,Thanks. Things are going to be different now.
9836,joy,"Thank you very much, Your Honor."
9837,joy,I really appreciate it. Thank you.
9838,neutral,That's my wife!
9839,neutral,"Don't worry about that, Dave. Look, I have to see Vince now. Think about what I said."
9840,joy,That is great. All I want is for you to do your best in everything you do.
9841,joy,"That's OK. We can go jogging, after we eat!"
9842,neutral,"It depends on the type of work. Usually I prefer to work alone, because I ’ m self-motivated. But I can work either way. If necessary, I don ’ t hesitate to join the team."
9843,neutral,Of course to me.
9844,neutral,You can buy them at a souvenir shop near the exit.
9845,neutral,Maybe it's because Susan's parents are both painters.
9846,neutral,"Me, too. Now let's make a list for what we need to with us."
9847,neutral,In Thailand. I taught English there.
9848,neutral,"It depends what it is. Once we have disconnected the unit, we do as many jobs as we can. If there is something that isn't broken but might cause a problem before the next service then of course we repair it or replace that part. But if it's not urgent, we make a note in the service record to carry out that repair next time."
9850,neutral,Yes. That ’ s for today. Thank you.
9851,neutral,OK. Here you are.
9852,neutral,I am self-indulgent sometimes.
9853,neutral,I haven ’ t got two minutes at the moment. Can ’ t you go over things without me?
9854,neutral,"No, the Chinese company has that all worked out. With the paperwork you receive with the shipment, you should be good to go."
9855,neutral,"Yes, some countries may use some of the unnecessary health rules to exclude foreign food."
9856,neutral,Always be honest with your answers. The interviewers really do want to know if you will be a good fit for them.
9857,neutral,And also tell me how to use other switches.
9858,neutral,"Ok, wait one minute. I must remember where I left the keys."
9859,joy,"Thank you very much, sir."
9860,neutral,"It could be that, or maybe you are eating too many sweets. In any case, I ’ ll administer an anesthetic and you won ’ t feel a thing!"
9861,neutral,Here is the menu.
9862,neutral,Certainly. I'll be back right away.
9863,joy,It's so nice of you.
9864,neutral,"Yes, but don't worry. We'll make it."
9865,joy,"Now, I've got it. Thank you."
9866,neutral,"That ’ s ok, keep going, you ’ re moving ahead by leaps and bounds. Watch your dynamics! Keep your elbows lifted. Remember to stroke the keys, don ’ t pound. That ’ s better! Remember that as a pianist or any other musician, your technique will be what separates you from the pack just as much or more so as your musicianship."
9867,sadness,"I ’ m afraid not, Bob. One of the major volcanoes in Mexico has erupted, causing major floods and landslides in the region. Meanwhile, Mexico ’ s coast has been hit by hurricane Liliana and officials say that all the seismic activity leads them to believe that a tsunami may hit Central America, affecting Honduras, Guatemala and Panama. That ’ s all the news we have for today, but stay tuned for updates on the six o ’ clock news. Back to you Bob."
9869,neutral,You should watch the news more often.
9870,neutral,I'll just get a Snickers then.
9871,neutral,"Maybe I am just homesick. I know you ’ re right. I just miss China, that ’ s all."
9872,neutral,You are being watched! Be careful Dan! Be careful!
9873,neutral,"That's right. I could stand to lose a few pounds, too."
9874,neutral,Let ’ s have you come back in a few days and see how you feel.
9876,joy,"Mmm, that sounds very interesting."
9877,joy,"Oh, you've already grown up, son."
9879,neutral,I will start my work at the beginning of next month.
9880,neutral,"500 yuan. And if you buy it today, there will be a 15 % discount for you."
9881,neutral,Bring me a bottle of beer.
9882,neutral,"Oh, I'm sorry. Here's the lid. Yes, it comes with the pan."
9883,neutral,"Oh, no. I am quite a stone in the water and cannot swim."
9885,neutral,Then I will see you in my office at ten Wednesday morning.
9886,neutral,"Yeah, at least."
9887,neutral,"Yes, I'm afraid there is."
9888,surprise,"Don't tell me you're a salsa expert, too!"
9889,neutral,"I work in a cubicle too, but I don't mind it."
9890,neutral,"Your order will be brought to you momentarily, sir."
9891,surprise,So there is something wrong with her! It was beginning to sound like she was too good to be true!
9892,neutral,"I'm not sure if I can, but I'll try."
9893,joy,"Thanks very much. I'm sure I'll be back, so see you again soon. Bye!"
9894,neutral,"That's the beauty of these machines, you can do almost anything. And unlike a person, they don't usually take breaks or go off sick!"
9895,neutral,I'll do that then.
9896,joy,Sure. I'll get right on it.
9897,neutral,"Come on. Let's split the difference, 15 %."
9898,joy,Thanks a lot.
9899,neutral,I'll have to write you a ticket and suspend your driver's license for 3 months.
9901,neutral,Then give me the ordinary ones.
9902,neutral,Please trust me. I will finish it very well.
9903,neutral,That's fine with me. How much time are we going to have to work on this?
9904,neutral,"A slow sparrow should make an early start. You know, I am not quick at learning any language."
9905,neutral,"Good. We can contact the Tiana Office Furniture Store, and ask them to install computers in our company, deliver new tables and other furniture to match the function of the computers, and to improve our work atmosphere simultaneously."
9906,neutral,"OK, I'll wrap it for you."
9907,joy,Not at all. I am pleased to tell you these.
9908,neutral,"OK, after we finish our preparation, we'll go to the supermarket."
9910,joy,OK. I'll take it.
9912,joy,Thank you very much.
9913,neutral,Not if you take off your jacket.
9914,neutral,Thank you so much!
9915,neutral,"Yeah, I can ’ t cook anything until tomorrow, anyway."
9916,neutral,I ’ ll come back for them tomorrow.
9917,neutral,"Alright, sir. I will get the paperwork ready for you. Just a moment."
9918,neutral,You ’ re welcome. Feel free to ask me any time you need help.
9919,neutral,I think it is a smart idea. Our boss always likes it when employees take initiatives.
9920,neutral,"I am working in a small company where further promotion is impossible, so I decided to change my job. I'd like to find a job which is more challenging."
9921,neutral,Alright. Have a nice trip.
9922,anger,"Peter, it's a quarter to twelve. Let's go home now!"
9923,neutral,"Certainly, the mirror is right here."
9924,neutral,"There is a service commission that you must pay. It's 1 % of the funds to be remitted, so you should pay an extra 6 RIB."
9925,joy,Now we get along very well. It makes me feel that I'm someone special.
9928,neutral,"Watch out for strangers, and don't go too far away. Alright?"
9929,neutral,You will be going northwards. You are now in the the Western part of the city and the Allied Irish Bank is situated in the North East. Here's a rough sketch of the area.
9930,neutral,"That's possible, Bill.But the price would have to have been a lot lower, like around fifty cents per unit."
9931,neutral,"Yes, sir. Stainless steel products are always popular."
9932,joy,"Let me see. Well, I'd like onion soup. Thank you."
9933,neutral,"I see. We offer Agent Services free of charge here. Before your new business begins trading, we could, on behalf of your existing company, do a series of registration and get the certificates you need. If you are unsure of the local laws, that is."
9934,neutral,"Sure, my credit card number is..."
9935,neutral,"Well, that's too expensive. I can't afford that."
9936,neutral,"Well, don't worry. I ’ ll take care of the business for you. Have fun!"
9937,neutral,"Yes, that's it."
9939,neutral,That is all right.
9940,neutral,I'm sure the output of your production will increase a lot.
9941,neutral,All right. I'll see you in the lobby tomorrow morning.
9942,neutral,"Fine, I ’ ll bring both our office furniture and equipment catalogs on Thursday."
9943,neutral,"No, that ’ s no problem. I ’ m sorry to hear you ’ re not feeling well. Get some rest. If you need to see a doctor, let me know."
9944,neutral,The Chinatown in Vancouver is the second largest Chinatown in the North America.
9945,neutral,Sure. Coming right up.
9948,neutral,"Well, you can check the local paper or search ‘ flea market'online."
9949,neutral,Great! Thank you very much.
9950,neutral,I know that generally it is possible to move from this position to a management position with two years experience in the company
9951,neutral,Sorry. You've got the wrong number.
9952,neutral,"It won't be but a few seconds, sir."
9953,joy,I ’ ll be glad if you would.
9954,neutral,I can't bear eating less.
9955,joy,Right. I enjoy what I'm doing.
9956,joy,"Thanks, ma ’ am. You ’ re a lifesaver!"
9960,neutral,OK. I will.
9961,neutral,I already know. Start cooking.
9962,neutral,Yes. Let me help you.
9963,neutral,Two small boxes.
9964,joy,"Thank you for your kindness, ma'am. See you next Monday."
9965,joy,No problem. Wait for a moment.
9966,neutral,That's all right.
9967,joy,Thank you very much.
9969,neutral,It's none of your business. Let me try them on.
9970,neutral,"Yes, there is. See you then."
9971,neutral,"I'm fine for now, thanks."
9972,neutral,Sure. It's the latest.
9973,joy,That's fine. OK. Thanks.
9974,surprise,In the dustbin! Why didn't you tell me before?
9975,neutral,Maybe you ’ re right.
9976,neutral,"I also think good advertising is essential to call attention to a product and introduce our L-series products. Meanwhile, ads are also the representation of the company's image."
9977,neutral,But there won't be anything good left.
9978,joy,Perfect! Please add on an order of onion rings.
9979,anger,What a nuisance!
9980,neutral,"What do you do there... hang around, like the kids?"
9982,joy,Sounds like you are really getting in shape!
9984,neutral,I don't think the stevedores could have handled them with great care.
9985,neutral,Good idea. Let's ask the officer for help.
9987,anger,"No, we got no receipt, and we pay it on the spot!"
9988,neutral,I work downtown at station 24.It can get a little crazy sometimes but that ’ s what makes it challenging.
9990,neutral,"Okay, I'll get Bob to cover you."
9991,neutral,"Okay. I will begin working on it now, if you ’ d like."
9992,neutral,You ’ re welcome.
9993,neutral,I don't know. Check the flyer or check with the produce person.
9994,neutral,"No salt, please."
9995,neutral,"You bet. I ’ ll swing by after lunch, okay?"
9996,joy,That ’ s it. I think we ’ re one block beyond.
9997,joy,Thanks a lot.
9998,neutral,I know. I will pay attention to such a thing next time.
9999,joy,That sounds like fun!
10000,neutral,At lease they stayed the same. That's better than dropping.
10001,neutral,"They're okay, I guess."
10002,neutral,You really shouldn't watch so much television.
10003,neutral,"I would like it with no salt, please."
10004,neutral,You must tell your embassy about it. And I think they ’ ll issue you with a new one.
10005,neutral,Sure. Here you go.
10006,neutral,"Well, it's straight, but it's upside down I'm afraid."
10007,neutral,Come over and chew the fat. We can enjoy to our hearts'content.
10008,neutral,Have a seat please while I call.
10009,neutral,"I understand, Ms. Fairbanks."
10011,joy,Thank you. See you.
10012,neutral,That ’ s great idea. Do you have the email address of human resource managers at any banks?
10013,joy,I ’ m glad you understand.
10014,anger,"No, thank you."
10015,neutral,"It ’ s a traditional Scottish delicacy ; you take sheep ’ s liver, heart and lung and stuff it inside of the sheep ’ s stomach."
10016,neutral,"Oh, he's the coach of the football team."
10019,neutral,You can always look an extension up on the company website.
10020,neutral,"All right, we'll wait for your answer."
10021,neutral,"OK, I see. Dear Daniel, please come to the broadcasting station when you've heard this, your mother is waiting for you. If other tourists see a boy in a blue sportswear and a pair of white sportsshoes, 1.4 meters, please ask him to go to the broadcasting station. Thank you!"
10022,neutral,"A dime is still a bargain, sir."
10023,neutral,"I think I will get my food from Panda Express, too."
10024,neutral,that sure didn't last long!
10025,neutral,I'm not busy tomorrow. Call me then.
10026,neutral,I'll get all of that for you right away. Someone should be up shortly
10027,neutral,"That's true. Ok, I will think about it."
10028,sadness,I know. I am sorry that I yelled at you.
10029,neutral,"Ok, I'll make sure she gets the message."
10030,neutral,"Yes, that ’ s right, you have the job now."
10031,neutral,"Ah, well, we have no choice."
10032,neutral,"Well, good luck with your garden, especially considering we are in the dry season and it won ’ t rain for the next three months!"
10033,neutral,"I guess so. But the music is too loud. I don't mind getting out and meeting people, but next time I'll do it in a park."
10035,neutral,That ’ s true. But it ’ s a little strange because the media often reports on political events. You can read about them in newspaper or hear them on tv.
10036,joy,"Yes, it is. Thank you very much."
10037,joy,There are so many ancient relics in China.
10038,neutral,I'll pick you up here tomorrow.
10039,neutral,You are right. Let's buy the cheaper one.
10040,neutral,We are interested in cloth made in China. The clothes are sold very well here. We are a big location supplier for the northeast market here. I'm thinking that we'll have some business opportunities.
10041,neutral,"Well, it's basically two tanks – one for the dirty solvent and one for the clean solvent, a pump and a washing unit. Oh, and there ’ s a cooling system and a filter. It's all controlled by a PLC system – that stands for Process Logic Control."
10042,surprise,At the age of 64? You're kidding!
10043,surprise,You ’ re kidding! I ’ m on! Where do I sign up?
10044,neutral,"Now that I have an idea of what you want, I can begin my search."
10045,neutral,Don ’ t chicken out! Come on!
10046,neutral,Brilliant idea! That will make our journey rewarding and much safer.
10047,surprise,"Phew!... Wait a minute, CRASH??!! Spyware? Trojans! What? where? when?!"
10048,neutral,It's about time.
10049,joy,No problem. Hope to see you again soon.
10050,neutral,"Of course, I designed a more powerful gasoline engine, which greatly increased the speed of limousines."
10051,joy,That's great! Can you give me the key to the locker? I can't wait to have a try.
10052,joy,"It looks good. Pack me a bouquet of violet, please."
10053,joy,Thanks a lot.
10054,joy,You ’ re welcome.
10055,joy,Pretty good.Thank you.
10056,neutral,That's fine. Please send it to my room tomorrow morning.
10057,neutral,"OK, I will remember."
10058,neutral,OK. That's fine.
10059,neutral,"Are you serious? You always blow things out of proportion. In any case, I think I ’ ll go take an oatmeal bath."
10060,joy,It's my pleasure.
10061,neutral,You should be excited about your first vote.
10062,joy,"I think I am getting a fever and will be too sick to help you. Here, feel how hot my head is!"
10064,joy,"Oh, a nice handkerchief. That's a great idea. I'll take it."
10065,joy,Thank you very much.
10066,neutral,"Obviously, it depends on what I'm cooking, but I'd say it generally takes about one and a half hours."
10067,neutral,"Mm. In hundreds, please."
10068,sadness,"Sorry, but I'm on my way out now.Could you come back in an hour?"
10069,joy,"Thank you, have a good day."
10070,neutral,Right. Cool! Let's go!
10071,neutral,Maybe you are right. I will discuss it with my wife tonight.
10072,neutral,"OK, I will take one."
10073,neutral,That's fine. See you then.
10074,neutral,I knew that already.
10075,neutral,Check the local time before you call. You don't want to wake your friend up by accident.
10076,joy,Good. Thank you very much.
10078,neutral,"I've taken courses on office administration, reports and correspondence writing. I think all these are closely related to the job of assistant manager, because it requires the ability to perform general office work and to assist the manager in handling all paperwork."
10079,neutral,I remember now. Your advice is very helpful.
10081,neutral,"They are By new models now, they are not very expensive. Maybe you should look for one."
10082,neutral,"I ’ d like to bring to ABC Company not only my technical skills, ambition, enthusiasm, but also my loyalty, a sensor desire to become an administrative assistant. It is the hardest of my career plans."
10083,neutral,"Yes, I will get you one."
10084,joy,Thanks a lot.
10085,joy,Don't mention it.
10086,joy,Thanks very much. I promise I will work harder.
10087,neutral,Coffee will be right with you.
10088,joy,You are welcome.
10089,neutral,"No, by train. I think it's much safer than bus."
10090,neutral,why does that cop car behind me have its red lights on?
10091,neutral,"Sure. But more importantly, I can have peace of mind."
10092,joy,You are welcome. Looking forward to seeing you again.
10094,joy,"Enjoy yourself, sir."
10095,joy,It's just you!
10096,neutral,"Does it ever! Well, let ’ s get started. If you could begin typing this letter now, I ’ ll see what else needs to be done."
10097,joy,"OK, thank you."
10098,neutral,"Certainly, as long as you don't tell my wife."
10099,neutral,OK. I gotta call mine too.
10100,neutral,Just because you work for a week doesn ’ t mean that you will be losing your benefits.
10102,neutral,See you then.
10103,anger,You wouldn ’ t dare do that!
10104,neutral,But the private school don't amount to better schools.
10105,neutral,I guess I'll have to buy a new alarm clock.
10106,neutral,You could be right.
10107,neutral,"Does it ever! Well, let's get started. If you could begin typing this letter now, I'll see what else needs to be done."
10109,joy,That's great. Thank you very much.
10110,neutral,I'll throw out the garbage.
10111,neutral,"But what about tomorrow? What if Stars.com decides to go with WebTracker, and not us?"
10112,neutral,Let's write it at once.
10113,neutral,Good. I hope we can arrange the contract as soon as possible.
10114,neutral,"OK, I will."
10115,joy,I love apartment hunting. I ’ ll be happy to go with you.
10116,neutral,Not for me. It is already late. I can not fall asleep after drinking coffee this late.
10117,joy,Thanks very much.
10119,neutral,It costs less to wash here.
10120,neutral,You will make it if you persist in it.
10121,neutral,"Either call this extension number 0085 or ask them to send the fax to you as e-mail, you print it out."
10122,surprise,"Really? OK, I will try my best to be relaxed."
10123,neutral,"I know my parents sometimes threaten to punish him. But this doesn ’ t work, instead he picks up another bad habit."
10124,neutral,"It means'telegraphic transfer'. So, if you use this way it's fast and secure and can be done from anywhere, to anywhere in the world."
10125,joy,Thank you for calling us. We'll be expecting you next Monday.
10126,neutral,"Oh, why not? I'll take'em."
10127,neutral,"Why bother? Just buy a new watch. It doesn't cost much. Besides, I just can ’ t put up with this thing any more."
10128,neutral,"I appreciate the referral, doctor."
10129,neutral,Mm. All my children hope to go to college. Right?
10130,neutral,"David, stop dreaming. It ’ s time to do your homework."
10132,neutral,"You can make it by the No. 913 bus, or by subway Line 13."
10133,neutral,"Yes, but he should bush it off as if it were not a big deal to him."
10134,neutral,"Oh, I'm sorry. Here's the lid. Yes, it comes with the pan."
10135,neutral,That comes to H. K. $ 120.
10136,joy,It absolutely was a great meal. We'll have to return here for lunch sometime.
10137,joy,You ’ re welcome.
10138,neutral,They have changed the asking price since it first went on the market. It is now two hundred and twenty-five thousand.
10139,neutral,But I'm not fat enough to enter that contest.
10140,neutral,"Yes. You think a lot, too."
10141,neutral,All right. I'll cook for you.
10142,neutral,"Those were the good old days, sir, indeed."
10144,joy,"Well, it's sounding good! I'm looking forward to that."
10145,neutral,Yes. Let me get you a pair.
10146,sadness,I'm sorry I couldn't help you.
10148,neutral,"Yeah, it ’ s me. Can you give me a lift after work?"
10149,anger,"Oh, yes, I would!"
10150,neutral,"Yes, I'll see that she get the message when she checks in."
10151,neutral,We got on the wrong bus.
10152,neutral,"Thank you, Doctor. Goodbye."
10153,neutral,Yes. You'll get a picture of Serena playing with the racket and a document from her.
10154,neutral,"Wait a moment, please."
10156,neutral,It doesn't matter. Just do your best to sell yourself.
10157,neutral,"I'm sorry but my bottom figure is $ 36,000."
10158,neutral,You should have told me earlier. I am a cookie lover.
10159,neutral,I remember Mom going with a lot of pepper for the meat.
10160,joy,"Yes, that's great. Thanks."
10161,joy,"Oh, yes. Just show me where the fitting rooms are now. I can't wait to try this on."
10162,neutral,Clear soup. I think tomato soup is fine.
10164,neutral,"I see. All right, then. Thanks."
10166,neutral,"OK, I see"
10167,joy,"You're welcome, and I apologize for the inconvenience."
10168,neutral,"What's more, it's only ten minutes'walk to the company."
10169,joy,Gate 29C. Have a nice flight.
10170,joy,Don't mention it.
10171,neutral,Hope it was worth it.
10173,joy,You should go to the park more often since you don't go to the gym anymore!
10174,neutral,"I know it does seem a little daunting, but once you get used to it, it will save you a lot of time and trouble."
10175,neutral,Absolutely. Thanks for coming Rebecca. Goodbye.
10177,joy,"You are in good shape. Figuring in your other expenses, you can easily afford a house costing seven hundred thousand or maybe even a little more!"
10178,neutral,"You might not believe this, but I used to be twice the size than I am now!"
10179,neutral,"Yes, it seems to have been discounted from two hundred and thirty-five thousand to two hundred and twenty-five thousand"
10181,neutral,What would you do without me?
10182,neutral,I'm going to return next week.
10184,neutral,I'm sorry. I forgot to show you the lid. It comes with the pan.
10185,joy,"I love you, happy anniversary."
10186,neutral,They ’ re really running you into the ground. Why don ’ t you ask for some time off? You could take a long weekend and go away somewhere.
10187,neutral,"Okay, I'll speak to him."
10189,joy,"Thanks for the warning, Mom."
10190,neutral,"Ok, good luck to you."
10191,neutral,She is our new project manager. She starts next week.
10192,neutral,"No, I'll discuss the business with him at hotel."
10194,neutral,"OK, thank you."
10195,neutral,I think I am. I left the job only because it was too far from my home.
10196,neutral,That ’ s the best I can do.
10197,neutral,Thank you very much. Hope to see you again.
10199,neutral,OK. I will deposit my bag right now.
10200,neutral,Okay! I'll do the dishes.
10201,neutral,"Yes, your check will be a little late in getting to you."
10202,joy,You're welcome. Turn the application in at Window B.
10203,neutral,OK. Let ’ go back to the hotdog stand.
10204,neutral,"For instance, some products that do very well in Tokyo branch are a flop in Malaysia.We're talking about different people with different lifestyles and different needs. Each of the branches takes these types of things into consideration when they compile their reports and their marketing plans."
10205,neutral,"Sometimes you might feel dizzy, but that isn ’ t common."
10207,neutral,Don't worry. I'll be there right on time.
10208,neutral,I have been working hard to stay healthy. I hope the tests turn out well.
10209,joy,"Yes, of course, Ms Chan."
10210,neutral,"In a cushioned sleeper, please."
10211,neutral,Thanks a lot. Sorry to trouble you.
10212,neutral,When can I wear perfume?
10213,neutral,But we couldn't help it.
10214,joy,That's wonderful news! I'm glad we decided to rethink our actions ; it's all turned out for the best this way. Thank you for helping us to fix that little problem.
10215,joy,That sounds like a plan to me.
10216,neutral,Sure. you can get a further discount at 5 %.
10217,neutral,"OK, I won't."
10218,neutral,Here is the menu. Take your time.
10219,neutral,I bet that you wish you hadn't done that.
10220,joy,"Okay, thanks very much."
10221,neutral,No extra charge at all. But your berth will be invalid.
10222,joy,"It was nice to meet you, too. And thanks for coming in today."
10223,neutral,I hope so.
10224,sadness,"Oh, I'm sorry."
10226,neutral,Your daughter should get straight A's from now on. Good-bye.
10227,neutral,"Don't worry, it's not serious. You will get better soon."
10228,neutral,That would be easy.
10229,neutral,"You can bring one, if you want to."
10230,neutral,"Yes, that's all in order. Let's get this processed for you, then."
10231,neutral,I am afraid not. I have no interest in them at all.
10232,neutral,You can always get rid of channels or add some later.
10234,joy,Got it. Thank you.
10236,neutral,"Do you think that's the only way out? You know we usually do the labeling, as we are responsible for the brand labels of our products."
10237,neutral,It's comfortable. I will take it.
10238,neutral,I want to be a lawyer in the future and the Law School was one of the best schools in Harvard.
10239,neutral,"You get really passionate about this, don't you? Alright. I'll watch it with you."
10240,neutral,Ok. I will reply to you as soon as possible.
10241,neutral,All right. Now you can take your case away.
10242,neutral,Not yet. Let me see.
10243,neutral,Let me see. That is no problem. I'll see you then.
10244,joy,Wow! You're right! This refrigerator is great. I'll take it.
10245,neutral,"Yes, we do deliveries for orders over $ 15, ma ’ am."
10246,joy,I appreciate it. It is related to company image.
10247,neutral,Then you would like the'no frills'business account.
10248,neutral,Then you can try some local products.They're also of good quality.
10249,joy,"Ok, a bottle of the house red please!"
10250,neutral,"Yes, I have."
10252,neutral,The creditor's equity is the same as liabilities.
10253,neutral,I'll make a report for you and please claim this to the insurance company with this report.
10254,joy,"Thank you. The change, sir."
10255,joy,Thank you so much.
10256,neutral,That's it. How much?
10257,neutral,"So, I want to recommend them for a raise. Fred is promoted to be the assistant of manager in marketing department and David to be director of office."
10258,neutral,"On second thought, I will have a cup."
10260,neutral,"Right. Okay, let me see what I can do. How about 1:30 right after my lunch meeting?"
10262,neutral,You are smart. The city is really charming at night.
10263,anger,"I just told you, Debbie. I tried to call you twenty times!"
10264,neutral,I would be happy to.
10265,neutral,It ’ s too bad I did all that shopping yesterday!
10266,surprise,Eighty-five? That's the best you can do? I'll come back later...
10267,neutral,Don't worry. You'll do better next time.
10268,joy,And the bank will offer you loans for twenty years!
10269,neutral,"This one, of course. Your company is my first choice. I want to work for you."
10271,neutral,"To be honest, I'm not exactly sure what we require just now."
10272,neutral,Yes. I was awarded a scholarship from the university every year. In 1995 I participated in the National Contest of Maths Models and I won the prize.
10273,neutral,"Yes, you may enjoy a seven-day holiday in the first year. After that, you can have two more days each year."
10274,neutral,"Oh, sorry about that.We'll get it fixed as soon as we can."
10279,joy,"Well. In that case, we will have to go to another restaurant. Thank you all the same."
10280,neutral,"No, I think I'm going to go to the movies."
10281,neutral,That ’ s really not my problem.
10283,neutral,Perhaps I should have a try.
10284,neutral,"Certainly, Mr. Smith."
10285,neutral,I think dimes and quarters will do.
10286,neutral,"If the nest room is still noisy, could you give me a different room please?"
10287,neutral,I can speak and read Cantonese because I worked in Guangdong for many years.
10288,joy,"Indeed, you're exactly right!"
10289,neutral,"Yes, don't use the lifts. We have regular fire drills so you'll soon become familiar with the procedure. And always shut the fire doors to prevent the fire spreading."
10290,joy,It's no trouble at all.
10291,joy,It's my pleasure.
10293,joy,You ’ re welcome.
10294,neutral,I think it leaves at two thirty.
10295,neutral,"No, thanks. I'll have to meet my friend at the airport."
10296,surprise,Are you kidding? It ’ s summer.
10297,neutral,I think I know that.
10298,neutral,OK. Hurry up.
10299,neutral,I hope so.
10300,neutral,Yes. That's what we want.
10301,joy,"Thank you, sir. I'll try my best to assist Richard in his work."
10302,neutral,"Okay, give me a week and I'll have time to get my pencil real sharp. I should have some new figures from Malaysia by then."
10303,neutral,"Yes, here is the form for an expense report. Fill it out and give it to me. I ’ ll get it signed for you."
10304,neutral,Sure it is. I really hate to get caught in a traffic jam.
10305,neutral,I think I'll Ty the crisp deep-fried chicken.
10306,neutral,"Oh, I understand."
10307,neutral,"Our personnel clerk will screen all the resumes that we receive, select the eligible ones and arrange the interview for them."
10308,neutral,"Alright, alright. How did you cut this so bad?"
10309,neutral,Go right ahead.
10310,neutral,"You've got it! But are we coming back for the music, or for the fruit?"
10311,neutral,"Mr. Chen himself has become an authority in this area, and master of butterfly sample making, I should say."
10312,neutral,"No, why should I? I don ’ t feel like it. Besides, I ’ m in such a bad mood."
10313,surprise,I ’ m sorry?!
10314,neutral,They sell pizza and burgers at the cafeteria.
10315,neutral,I'm sorry. I forgot to show it to you. Here it is. It comes with the pan.
10316,neutral,I hope it hasn't left without me.
10317,neutral,"Elvin doesn't hold a grudge, if that's what you're worried about."
10318,joy,She should be very pleased with these roses.
10319,joy,All right! Thank you.
10320,joy,Now that's a plus!
10321,neutral,"Even if they break down, they're still works of art."
10322,neutral,I hope you haven ’ t invited any vegetarians.
10323,joy,Not at all.
10324,joy,"No, thank you"
10325,neutral,It's absolutely true in the United States that losses from pilferage have been limited to high valued goods. We must study more about packing.
10326,neutral,That ’ s all right for my department. I don ’ t know how the rest of you feel.
10327,joy,Okay. I'll see you then.
10328,sadness,"I am sorry, we will change yours for a new one."
10329,joy,Don ’ t mention it.
10330,neutral,Yes of course. We can activate all these services in about an hour.
10331,neutral,"There shouldn't be any long lines, sir."
10332,neutral,Ok. I ’ ll let you know when I ’ Ve sorted out my clothes.
10333,neutral,Then I guess I'll just get a Snickers.
10334,joy,"Anyway, we are arriving at Danshui soon. I can't wait to watch the beautiful sunset."
10335,neutral,I will take your advice.
10336,neutral,Yes. I'd delighted if you did.
10337,neutral,"An ordinary return, please."
10338,neutral,"Poor Ben, your wife is too mean to you. She gives you so little money every time when you are out."
10339,neutral,That's because you are always fixing your eyes on the bald.
10340,neutral,"Certainly, sir. We can wait another day or two."
10341,neutral,All right. Then I can do some shopping today before going back to my country.
10342,neutral,"Your passport, please."
10343,joy,It is so nice of you.
10345,neutral,That ’ s my final offer. Take it or leave it.
10346,neutral,You are welcome.
10347,neutral,"Well, I think that it is pretty safe to say that this is not the house for you."
10348,joy,You got it. Good job.
10350,neutral,"Trust me, regular tune ups will keep your car running smoothly and avoid break downs."
10351,neutral,"It would be better for me to just deal with getting my work done, but thank you for a lovely dinner."
10352,joy,This is just right for me. I'll take this one.
10353,joy,"Oh, the smelly bean curd. My favorite!"
10354,neutral,"Well, good luck. Give me a ring sometime, and let me know how you are."
10355,neutral,"Yes, I can give you a reservation on that."
10356,neutral,"Never mind, dear."
10357,neutral,"No problem. Pick me up something to eat too, please."
10358,neutral,"Why do you worry about your future? You're very young, and you'll make great contribution to the world. I hope you take my advice."
10359,joy,"That ’ s all the time we have for today, but join us next time where we ’ ll be going over how to make the perfect lasagna! Till next time!"
10360,joy,"No problem, John."
10361,neutral,That'll be 14 dollars in all.
10362,joy,"Thank you, thank you, thanks again."
10363,neutral,Nope. We just hope our employees will make profit for us.
10364,joy,Maybe now I ’ ll get that promotion I was hoping for.
10366,joy,The place is OK.Let's go there and have a look at it again.
10367,joy,Ok. Thank you very much.
10368,neutral,"Right now, I think I need to really focus on matters at home, but thanks for a nice evening."
10370,neutral,You can try it on in the fitting room over there.
10371,neutral,Please drop it at the front desk when you leave the hotel.
10372,joy,"Thanks, I appreciate that!"
10373,neutral,"Do it, please."
10374,neutral,That's because I went to school for each class when I was at school. So now I am much more clever than you.
10375,neutral,Check with somebody from the IT department. They are anyway in charge of the office electronic equipment.
10376,joy,Great. That's just the sort of thing I'm looking for. Thanks.
10377,neutral,"Don't lose this receipt, because insurance companies are very difficult about helping when they don't have the right paperwork."
10378,neutral,"Don't worry, time is enough."
10379,joy,Let's hope for good cooperation between us.
10380,neutral,And about time too.
10381,joy,That's all right.
10382,neutral,alright. I'll have a cup of tea waiting for you.
10384,neutral,He is the guy I was telling you about.
10385,joy,I see. Thanks for your drive.
10386,neutral,"There aren't many things you can get for a nickel, sir."
10387,neutral,Perhaps I should call her later.
10388,joy,"Here's your change, 50 Yuan. Welcome back again."
10389,joy,"It's my pleasure. Well, then, see you tomorrow."
10390,neutral,It's a private garden.
10391,neutral,"Just go to read. I will find it, honey."
10392,sadness,"Of course, I should have been more careful. I ’ m sorry."
10393,neutral,"No, thanks. That will be all."
10394,joy,You have good taste. Let my show you what I have.
10395,joy,"Well then, I'll keep you in the loop. Thank you for your help today."
10396,neutral,"Well, it's cheap and actually the color fades easily when washed."
10397,neutral,"Just joking, T. I've got some wonderful clothes. Let's go and have a close look at your outfit."
10398,neutral,"No, there is no charge for those."
10399,neutral,"The more you work, the more you earn."
10400,joy,Thank you so much.
10401,neutral,That ’ s right.
10403,neutral,Not at all.
10404,joy,Thanks very much and goodbye!
10405,neutral,I'm afraid I'll be late.
10406,neutral,It's my pleasure.
10407,neutral,"Mr. Fox, we'll hold the table for you for ten minutes. Please be sure to arrive before 8: 40."
10408,joy,"Thanks for calling, Blanca. I'll see you tomorrow."
10409,neutral,"of course, that's something really irritation. And the only way to avoid being trapped is to know in advance about the real worth of the stuff. I recommend you to consult the price tags in the superb"
10410,anger,"Well, you should be sorry! Don ’ t ever use my computer again! You can ’ t do anything now, it ’ s too late!"
10411,neutral,"All right, I'll adjust the price accordingly."
10412,neutral,That's true. But I am sorry I can't make an exception. We have quoted you our lowest price. We can't give you any more discounts.
10413,joy,"Well, I also hope our cooperation will be never-ending. Thank you again."
10414,neutral,"I like peace.As a matter of fact, I once had a job in a library."
10417,neutral,Of course. This is my card. See you then.
10418,neutral,Take it easy. I have the confidence to learn it well.
10420,anger,I know! I was in ankle deep water trying to get to my car that day! The handyman definitely has his work cut out for him.
10421,joy,Yes. Thank you so much.
10423,joy,Sounds good. I'll take that.
10424,neutral,I'll take your word for it.
10425,neutral,"OK, I'll listen to you."
10427,neutral,"Coffee, only black coffee,"
10428,neutral,"Hmm, that ’ s a tough question. But I would have to say my passion. I ’ m really passionate about journalism and passionate about my career."
10429,joy,You are welcome!
10430,neutral,"I apologize. One moment, please, while I transfer you to my supervisor."
10431,neutral,I think that I might be getting the flu.
10432,joy,"I see, thank you very much!"
10434,anger,"This PC is top of the line and I guarantee it will never freeze! If it does, we ’ ll give you your money back!"
10435,joy,Thanks for letting me know.
10436,neutral,Sure. So let's see. We need a piece of wood 3.5 m long by 1 m wide. I'll order it right away and I'll be able to install it next Tuesday.
10437,neutral,Your room number is 505. This is your key. The bellboy will help you with the baggage.
10438,neutral,"All right, sir. Please reconfirm your ticket no later than 12 o'clock two days before the flight ; otherwise, your reservation will automatically be cancelled."
10440,neutral,It's raining cats and dogs.
10441,neutral,"yes, I have. I need them to help me with these new dished I ’ m trying to make. I need a little more practice before I invite guests over."
10442,neutral,"Sometimes, but not quite often."
10443,joy,I liked talking to you too.
10444,neutral,"Your order will be ready soon, thank you for calling."
10446,neutral,"Yes, Amy, please have some more."
10447,neutral,That comes to H. K. $ 120.
10449,neutral,Just a minute. Here's your change.
10450,neutral,"I can understand your position. We can not make any promise, but we'll try our best."
10451,neutral,"My first job was in a well-established company where the division of labour was very clear. I do not have more chances to enrich my experience. Then I got an opportunity to really broaden my experience with a new company that was starting up, but unfortunately, they closed their service in three months'time. I have worked in my present company for a considerable length of time and enjoy the job I am doing now, but I think I have accumulated enough experience to take up more challenging post in a much larger and diversified company where I could make solid contribution."
10452,neutral,"OK, sir. I'll do my best."
10453,joy,Okay. I guess I could give it a try.
10454,joy,Welcome to my shop next time.
10456,neutral,"Oh, I see. I think 90 days is more than enough time."
10457,neutral,They pay enough.
10458,neutral,Rents are very high in downtown area.
10459,neutral,I'll get the first aid box. There's some antiseptic cream and a bandage in there.
10460,neutral,So remember to set your alarm clock.
10462,neutral,"OK, thanks. Look forward to seeing you on Friday, then."
10463,joy,"I'm in a bit of a hurry today, so we'd better make it to go. Thanks for asking."
10464,neutral,It starts at 11AM in the morning.
10466,neutral,"That ’ s right, once a week. Do you want to order some pizza?"
10467,neutral,Gate 29C. Have a nice flight.
10468,neutral,That ’ s it. You can get dressed when the film is developed.
10469,joy,OK. Let ’ s go!
10470,neutral,"Not, if you don ’ t want to."
10471,neutral,And I'll stick with real coffee.
10473,joy,It's my pleasure.
10474,neutral,You put it in the slot at the turnstile and then push the turnstile to get into the platform.
10475,neutral,Perhaps we should move on to the next listing.
10476,neutral,Suddenly the'great outdoors'isn't so appealing. Let's hike a little faster...
10477,neutral,"Not too worry, so tell me about yourself."
10478,joy,Then I'll accept it with thanks.
10479,neutral,"Good point. This is Sarah O ’ Connell reporting live from Washington D. C., back to you, Tom."
10480,neutral,All right. Thank you.
10481,neutral,Next Saturday at the earliest.
10482,neutral,Crouch down and try not to breathe in the smoke.
10483,neutral,It ’ s about time.
10484,joy,"Thanks honey! You have such great fashion sense. Now, what am I going to do with my hair?"
10485,neutral,Of course. I will find you one.
10486,joy,Thank you. I'll have one.
10487,neutral,I don't know. Check the flyer or check with the produce person.
10488,neutral,I agree. Maybe they can bring us some better food.
10489,neutral,You need to turn that in at Window B.
10491,neutral,"Well, thank you. I hope to see you at school tomorrow."
10492,joy,"OK! You're all set! Come back with me to your seat, and Eva will be right with you."
10493,neutral,"You may have a little bit of a dry cough, but you will feel much better."
10494,neutral,Would you mind waiting? I'm on the telephone.
10495,neutral,I think that I have.
10496,joy,Thank you very much.
10497,joy,All right. Thanks a lot.
10498,neutral,It is really like a labyrinth.
10499,neutral,It doesn't matter. This one is fine.
10501,joy,I really appreciate all your help.
10502,neutral,Sure. Let ’ s go.
10503,neutral,"Yes, ma'am. Whatever you say."
10504,neutral,Thank you for helping me.
10505,neutral,By doing whatever is necessary.
10507,neutral,"Yes, it's not bad. I will need to see your passport though."
10508,neutral,"OK. A reservation for eight at7 : 30, Room 208. Please don't be more than half hour late, or we will have to give it to other guests."
10510,joy,Don ’ t mention it.
10511,neutral,"Well, I doubt that."
10512,neutral,"I ’ ll have apple pie too, but without ice cream. I have to watch my weight."
10513,joy,Sure. I'll be back in a minute.
10514,neutral,"I can always use my key to get in, but I would prefer that you be there."
10515,neutral,Be yourself and be honest. Simply answer the questions put to you.
10516,neutral,"This bookcase isn ’ t for me. It ’ s for my daughter, Susan. Pink ’ s her favorite colour."
10517,neutral,"Thank you, sir."
10518,neutral,Sorry. That's not my fault.
10519,neutral,"A little trimming, please.Trim a little more above the ears."
10520,neutral,"Well, I'll take them."
10521,neutral,"No, that's all."
10522,neutral,You got it.
10524,neutral,I think that a tip of $ 3.60 will be the right amount to leave.
10525,neutral,"Oh, yeah. I ’ m there!"
10526,neutral,Yes. You are expected to know the e-mail address of the company.
10527,neutral,Yes. I regard instructor as a decent occupation and I love to be an instructor.
10528,neutral,I'll keep that in mind.
10529,joy,Home run by Okapi! That puts this team ahead by two as we are at the bottom of the fifth inning here at Richie Stadium!
10530,surprise,That's too much!
10531,neutral,Ok. Let's call it a deal.
10532,neutral,"You ’ re welcome, ma ’ am. I ’ ll call you when they ’ re ready."
10533,neutral,I think I ’ ll be paying with cash.
10535,neutral,Why asking that? It's often the sort of Dutch treat.
10537,neutral,Thank you. The porter will show you to your room
10538,neutral,"I won't, mum."
10539,neutral,"Yes, I'll give you some pills. Take one a time and three times a day, and come back in three days. If you don't feel..."
10540,neutral,You are excellent.
10541,neutral,"Find out what other companies charge for the same products or services. Price yourself near the low end. Don ’ t be much cheaper than everyone else, because many customers distrust very cheap things. Th"
10543,joy,"Yeah, it sure would."
10544,neutral,You ’ re a part of history.
10545,neutral,"I understand that. Still, I'm not in a position to help you. Maybe we could do something later when we have had more and larger deals together."
10546,neutral,You will feel much better except for the fact that you might have a little cough.
10547,neutral,Ze ze ze... Women!
10548,neutral,It would be much simpler and cheaper if they negotiated first.
10549,joy,It's a deal.
10550,neutral,I can assure you that such a thing today will never happen again in future delivery. We have made the plan to improve the package of our exported goods.
10551,neutral,We're going to put in some new furniture.
10553,joy,"Yes, my friend Steve. I'll introduce you."
10554,neutral,Not me. You know money always burns a hole in my pocket.
10555,neutral,"That's right, I have to work."
10557,neutral,Very funny! Get a move on! People will be here any minute.
10558,joy,"All right, see you."
10559,neutral,"I will. Many thanks, Mr.Black."
10560,neutral,"Hey, let me get it for you. It's your birthday present."
10562,neutral,"Ok, I will."
10563,neutral,Don't worry. These dates are only targets.
10564,surprise,What! How am I supposed to get to school or go shopping? This is not happening!
10566,neutral,"Of course, Please hold the line Mr. Hunter."
10567,joy,Thanks a lot.
10568,neutral,It sure does.
10569,neutral,"Sir, without happy guests, we are nothing."
10570,neutral,I ’ ll be paying with cash.
10571,neutral,"Yes, I will introduce the itinerary in detail."
10572,neutral,"Too many. I will just give you one example, Huangguoshu Falls, the largest waler-fall in China."
10573,neutral,"Good, you are welcome."
10574,joy,it certainly is.
10575,neutral,Yes. I have got two articles in English in The International Youth Writer's Collection.
10576,joy,they look delicious. I think she'll be pleased.
10577,joy,"13924774026. All right. Thanks for calling. Oh, hang on, someone's at the door that may be him, please hold on."
10579,neutral,"No, not really, but I think I have lost my wallet. Where can it be?"
10580,joy,"Okay, but you are going to be my masterpiece!"
10581,neutral,Maybe I want an apple pie.
10582,neutral,"Unless they're united, very little..."
10583,neutral,I think French will be fine.
10584,joy,"Thank you.here's 10 $, just give me 1 $ back, please."
10585,neutral,Please do. I'll be waiting for your reply.
10586,neutral,Don ’ t sweat it. We will land safely.
10588,neutral,"Oh, yes. The green dress is very smart. but I can't be sure if it goes with a hat."
10589,neutral,Most of them in this store are from Mexico.
10590,joy,Very comfortable. I'll take them.
10591,joy,Thank you. That's a good idea. she likes exciting books. Can you suggest another one?
10592,joy,"Oh no! A bear! Run, Tiger, run! Somebody call animal control!"
10593,neutral,There you are.
10594,joy,It ’ s my pleasure.
10595,neutral,I'll return at about 4:30 pm. See you then.
10596,neutral,"Yes, that's all."
10597,neutral,OK. Let ’ go back to the hotdog stand.
10598,neutral,"No problem, Rod. I won't play too hard."
10599,neutral,"In my mind, salary is not the most important thing."
10601,neutral,I think green apples are a lot better.
10602,joy,"thanks, I will. I'll see you tomorrow then!"
10603,joy,That's a good idea!
10604,neutral,I'm afraid he didn ’ t leave one.
10606,joy,Thanks so much. I owe you one.
10607,neutral,"Well, we accept your suggestion."
10608,joy,That's all right.
10609,neutral,I ’ ll hire you anyway.
10610,neutral,"OK, I will bring it to you in a moment."
10611,neutral,Here you are. You ’ ll find the sugar just over there.
10612,neutral,"No, you don't need to pay anything on top. We just simply deduct the discounting interest."
10613,joy,"Son, it looks great on you."
10614,neutral,Of course not.
10615,neutral,"Well, I'd better not tempt you. Otherwise, if I give you a piece of cake, you might ask for a glass of milk."
10616,joy,I'll go through the materials that you have given me and return shortly. Thanks.
10617,neutral,Don't get drunk.
10619,neutral,OK. I can make a special offer for you. This price is based on careful calculations. And it is the lowest price we can offer to you.
10621,neutral,It's a lot better than soda.
10622,neutral,"Oh, you have too wild of an imagination."
10623,neutral,That's a good point. I'll make a note to increase it to 4.80 to make sure we can accept the new containers.
10624,neutral,See you. Bye.
10625,joy,Looks good. I'll take it.
10626,neutral,"Well, no. But I took related courses. I can gain experience quickly. I ’ m sure I can do the job well."
10627,neutral,Wait a moment.
10628,joy,"Let me repeat that 626-555-1739. Okay, sir, we look forward to seeing you in April!"
10629,neutral,"You're all set. That's a double room for the twenty-fourth, twenty-fifth and twenty-sixth of June, in the name of Hamlin."
10630,neutral,"I'm afraid so, yes. There is always some risk on the buyer's part."
10632,neutral,Of course. Just a minute ; I ’ ll get her.
10633,neutral,You ’ re welcome. Feel free to ask me any time you need help.
10634,neutral,"Yes, but that doesn't include cable. It's for cleaning and trash removal. You just leave your trash outside your door."
10635,neutral,Good. I'll have plenty of time to nap on the plane.
10636,neutral,"Oh, I see. Well, I don't plan on only paying the minimum, but it's good to know that I can if I had to. Thanks for that."
10637,joy,I'll take them.
10638,neutral,"I don't know. The produce person can tell you, though."
10639,neutral,Here's ten. Keep the change.
10640,neutral,"O. K., thanks, doctor."
10641,neutral,No sweat. Just go back and talk him down. Here comes Wei.
10642,neutral,OK. I know.
10643,neutral,It's nine o'clock now. And I'll wait for him.
10644,neutral,Here's your ticket.
10645,joy,"Yes, everything has been well designed."
10647,neutral,That ’ s a perfect plan. Enjoy yourself.
10648,neutral,Can you call back later? We're right in the middle of lunch.
10649,neutral,Let me take your temperature first.
10650,neutral,I will stay as long as I can continue to learn and to grow in my field.
10651,neutral,Keep it and use it as rag. You can clean your bicycle with it.
10652,joy,"Thank you, sir. Just a moment, please."
10654,neutral,Of course. Please sign your name here.
10655,neutral,Why don't you call back later this afternoon?
10656,sadness,"No, honey, the balcony is full of boxes and things. I'm sorry."
10657,joy,Yes! I agree! We could really use another one! I ’ ll get on that right away! What else would you like to order?
10658,neutral,I know that but he has to learn to be independent. He can't just keep living at home.
10659,joy,"Thank you, Madam. Have a nice drive!"
10660,neutral,Great. I ’ ll have a shot.
10661,neutral,All right. I will take a room for a week. Here is my passport.
10662,neutral,I've done it for you.
10665,joy,See you then. Goodbye.
10666,neutral,That ’ s definitely true. I ’ m going to have to give you a ticket. Please remember to drive more carefully next time.
10668,neutral,"I ’ m sorry. Todd, but Mr. Emory felt that it was going too slowly, and that it needed a fresh start. He should have told you."
10669,neutral,"It lasts 4 hours, from 10:00 to 14:00"
10672,neutral,"Yes.Your name, please?"
10673,neutral,I feel the same way.
10674,neutral,"Well, that's great."
10675,neutral,You are welcome.
10676,joy,OK. I understand. Thank you.
10677,joy,I assure you that you're paying for quality.
10678,neutral,"We can certainly give you faster turnaround, but it will cost you extra."
10679,neutral,Thank you. Goodbye.
10680,neutral,Thanks. It's been a pleasure working with you.
10681,neutral,"It's a one-bedroom, one-bathroom apartment."
10682,joy,That's all.Thank you.
10683,neutral,"An aisle seat, please."
10684,neutral,Most of them in this store are from Mexico.
10685,neutral,Because he'll tell Mary and that will cause us problems.
10686,neutral,"No, but she gave me her friend's telephone number. I can call him and make an appointment."
10687,neutral,Don't mention it.
10688,neutral,"Yes, I see."
10689,neutral,"Ok, try these on in the changing rooms."
10691,neutral,"Yes, we are a foreign-invested company."
10692,joy,It's very nice of you.
10693,joy,"Oh, sorry, sir.We take no tips here.Thank you all the same."
10695,neutral,Nothing. I am just checking.
10697,neutral,"We both may be snakes, Dave, but I'm just better at it. Among the snakes, I'm the sneakiest."
10698,neutral,See you then.
10699,joy,"Very good. Now, if you will accompany me, we can take your measurements and choose the patterns for your suit and shirts."
10700,neutral,That's because I went to school for each class when I was at school. So now I am much more clever than you.
10701,surprise,"You idiot! Don ’ t say that! Do you want this job, or not?"
10702,neutral,I'm sure you will have fun no matter where you go.Remember to take your bag.
10703,neutral,"Sure, that would be a good place for them."
10704,neutral,You must have confidence in yourself.
10705,neutral,You can wash the vegetables and cut the chicken and I'll make dinner!
10706,neutral,I have been feeling great. I don ’ t imagine that any of my tests will turn out badly.
10707,neutral,Maybe that's true. I don't know.But I'm sure in Taiwan you have prescriptions too.
10708,neutral,I must to ask you to reconsider your decision and give me a chance.
10709,neutral,I completely agree with that.
10710,neutral,"Well, you should have kept an eye on it."
10711,neutral,That'll be all.
10712,neutral,"Yes, that's right.But I'm having a holiday here."
10713,neutral,"Could you take it to that counter, please?"
10714,neutral,Certainly. We always have the interest of the customers at heart.
10715,neutral,"Besides, don't make it too loose."
10716,neutral,Maybe we should call its after-service man.
10717,joy,"All right, ma'am, they'll be ready for you in an hour."
10718,neutral,"Dear Mom, please permit of superman's naughty."
10719,neutral,"He can't write very much on a card, mum."
10720,neutral,That's not so bad.
10721,neutral,Thank you very much.
10723,neutral,"OK, thank you."
10724,joy,"Thank you, I will be doing my best."
10725,surprise,Ten kg! Dear Shirley must have put a lead ball in it!
10726,neutral,I see. Then I'll try it.
10727,joy,"Ok, thank you.Goodbye."
10728,neutral,Yes. The gas station is on the left. And you can't miss it.
10729,neutral,That doesn't matter. I want at least 4 percent.
10731,neutral,"Yes, sir. You're going to have a great time."
10732,neutral,"Alright, We'll take care of that."
10733,neutral,I'll make sure to get it tomorrow.
10735,neutral,"I would like to be able to work independently and take over some ordinary responsibilities such as answering routine correspondences, taking phone calls, and sometimes assisting you with personal business affairs."
10736,neutral,I have everything right here. I'll let you go through that and come back. I'd like to have a good read of your materials to make sure I make the right choice.
10737,neutral,"No, only the articles listed on the Declaration."
10738,joy,OK. Please wait for s while. We'll get it done quickly!
10739,neutral,"So in foreign trade, you must be very clear about language differences."
10740,sadness,"Wait a minute, please---Mr. Wong, I'm terribly sorry. Our delivery truck had an accident today. I'm afraid your sofa won't be delivered until tomorrow."
10742,neutral,"Yes, I see."
10743,neutral,You ’ re welcome.
10744,joy,Sounds delicious. OK. She'll try that.
10747,joy,"Very well, I'll take these two."
10748,neutral,Thank you very much. I'm looking forward to your call.
10749,joy,"OK. Wait a minute, please. And the sugar is right over there."
10750,neutral,I have no trouble communicating with native English Speaker. I even taught spoken English in a training school.
10751,neutral,By doing whatever is necessary.
10752,neutral,"No problem, here you are."
10753,neutral,Sure it is. So you'd better get rid of this idea.
10754,anger,"I ’ m not going to accept this excuse. You ’ re using these small technical glitches as a crutch and trying to rationalize the fact that you ’ Ve missed your deadline. Look, we have standards and I expect you to live up to those standards. No more phoney cases. If you ’ re in over your head, you tell me. No more missed deadlines. Now, I want that data on my desk by nine am!"
10755,joy,"No, thank you."
10756,joy,"This is just what I've been looking for. Sign me up right away, please."
10757,neutral,I don ’ t like all your questions. That ’ s why.
10758,neutral,"I'll take one, too."
10759,neutral,"I apologize again for the cockroaches, sir. I hope you have a nice trip home."
10760,joy,now we get along very well. It makes me feel that I'm someone special.
10761,neutral,Please fill out the form sir.
10762,joy,That would be wonderful. Thank you so much for all of your help.
10764,neutral,"Yes, he is familiar with the plan."
10765,joy,You are very welcome.
10766,neutral,"Of course, Sir. If I could have your details again and your ID, I'll check them and we can go on."
10767,anger,"Listen, I know who you are. If you call this number again, I ’ ll call the police. You ’ ll be arrested. I ’ Ve got your number."
10768,neutral,"The requirements are strong communicational skills, management and work assiduously. And you have to handle the recurring crisis good-humoredly and discreetly."
10769,neutral,"Yes, Sir. That's correct."
10771,neutral,I will see you tomorrow.
10773,neutral,No. I have only personal effects.
10774,neutral,"Let me run through a couple of other options with you. That way, you can make a more informed decision."
10775,neutral,I see. Thanks for your help.
10776,joy,"Well, don ’ t be late. I ’ ll see you on Friday at helen ’ s."
10777,anger,"Dad, it's not fair. I am so disappointed with you!"
10778,neutral,You are welcome. Have a nice day.
10780,neutral,You ’ re welcome.
10781,neutral,"In a minute, Madam."
10782,neutral,"You've got it! But are we coming back for the music, or for the fruit?!"
10783,neutral,"As far as the language is concerned, it's worth reading."
10784,joy,Great. See you then.
10785,joy,That sounds good. I think I'll have the same.
10786,joy,You're quite welcome.
10787,neutral,"You have an account with us, right? If so, there shouldn't be any problem."
10788,neutral,"Certainly, sir. There ’ s a flight at 8: 35 a. m. and one at 10."
10789,neutral,"The line is through now, please go ahead."
10790,joy,You are welcome.
10791,neutral,Very funny! Get a move on! People will be here any minute.
10792,neutral,"Ok, let's sign it."
10793,neutral,No. That's not enough. I've got some cereal.
10794,joy,"Thanks, I feel the same way."
10795,joy,"It's a lot of money. But the picture is excellent, I'll take it."
10797,neutral,They ’ ll never take me alive!
10798,neutral,"that sounds kind of boring. Oh, look. They're dimming the lights. I think we should get back to our seats for the second half of the play."
10799,neutral,"For a local call, just insert 35 cents in the slot and use it in the same way as your home phone. Inquiries are free from a public phone."
10800,neutral,"Thank you. Would you sign here, please? Here's your receipt."
10801,neutral,Fine.we we'll send it to you right now.
10802,neutral,You need to be interviewed over the phone. They will set up a time for you.
10804,neutral,"If you stayed up much later, you would see that just about every-thing closes around ten anyway."
10805,joy,"Have a nice day, Ma ’ am."
10806,fear,"Not a problem, sir. Please remember us in the future."
10807,neutral,"Don't worry, we ’ ll find someone eventually!"
10808,joy,Sure. I will.
10809,neutral,There you go.
10810,neutral,I ’ ll tell you all you need to know.
10811,neutral,Come on in this afternoon and we will talk. It will be fine!
10812,joy,"Yes, of course. It's really worth visiting."
10813,surprise,It's only the rarest coffee in the world! Didn't your momma teach you anything when you were growing up?
10814,neutral,"An ordinary return, please."
10815,neutral,Surely. Let ’ s get started by drafting a new contract.
10817,neutral,No. I can text the address to you if you are not clear about it
10818,joy,"Thank you, you are so thoughtful. I think I could use some beers right now."
10819,neutral,"I think one needs common knowledge, specific knowledge, and professional codes to be a successful translator."
10820,neutral,"I stick to my principles and keep to the rules. Sometimes, they just lack enthusiasm and I get them involved with something constructive. Some of them change their attitude later."
10822,neutral,"Yes, but I still think it could be better."
10823,neutral,That's all right.
10824,neutral,"yeah, I think so."
10825,joy,Fantastic! I can ’ t believe it! That ’ s the biggest account we ’ Ve gotten so far!
10826,fear,"Hello? Yes, someone has passed out at Dongle Ave. and 2nd street. He isn't breathing and doesn't have a pulse. Yes, my friend is performing CPR. Ok, thank you. They are sending an ambulance. Here, let me help."
10827,neutral,This is Jim. He is our office assistant.
10828,joy,You're welcome. Happy couples need mutual understanding.
10829,neutral,I don't see why we can't work on opening new markets and developing the markets we've already penetrated at the same time... Both aspects of developing our customer base and developing our brand are important.
10830,joy,Nah! It was cheap!
10831,neutral,"OK, I'll take it."
10832,neutral,No problem at all. Welcome.
10833,joy,Wonderful. I'd like to know why you're interested in this position at our paper.
10834,neutral,"I have a proven track record in resolving problems, multitasking, and dealing with customers, as you can sec in my resume. I think it is enough."
10835,neutral,And that will be 10:15 pm Tokyo time.
10836,neutral,Okay. Thanks. Have a nice day.
10837,neutral,"Actually, studies have shown that people who have one-half a glass of alcohol per day do better than those who don ’ t drink."
10838,neutral,"Yes, that's possible."
10839,neutral,"First of all, I hope to spend a few years working in some famous companies to command a skill, to set a solid foundation and to build my interpersonal network. When I feel I have accumulated enough experience, I hope to own an undertaking. Of course this is up to the situation then and the opportunities the companies offer me. In the long run, I hope to be an entrepreneur."
10840,neutral,"Oh, it ’ s right downstairs. I'm going there myself. Just follow me."
10841,neutral,"All right, then. Why don ’ t we say next Tuesday at 11:30 a. m.?"
10842,neutral,"All right, I will start working now."
10843,neutral,It's this cold weather we're having.
10844,neutral,"No problem. Next time, just pay closer attention."
10845,joy,"That's okay. A 15 - inch is good enough. All right, I'll take it."
10847,neutral,No constipation. Everything seems OK.
10848,neutral,No.But it's a bit strange today.
10849,joy,I ’ m sold! I want to book this trip. I don ’ t care what it costs! Money is no object!
10850,neutral,This one suits better. I will take it.
10851,neutral,It's going to be 3 dollars 40 cents.
10852,neutral,"My pleasure, Sir. Bye."
10853,joy,Thanks a lot. Keep the change.
10854,joy,"Thanks for your explanation, I would like it well-done."
10855,neutral,All right. We'll have some seafood and vegetables.
10857,neutral,Those people are quarrelling.
10858,neutral,So do I.
10859,neutral,Thank you very much.
10860,neutral,OK. Just wait where you are. I'll send someone up to help you.
10862,neutral,"They're quite complex machines and they have a lot of different components. We need to check the metal casing regularly for any signs of corrosion. We also check the brushes once a fortnight to make sure they aren't worn down. It's important to make sure everything is properly aligned and we adjust it if necessary. There is a canvas belt at the end of the assembly line. If it gets wet, it might rot so we check that regularly too."
10863,joy,"All right, see you."
10864,neutral,"In a word, any impolite behavior should be avoided in the listening."
10865,joy,Don't mention it.
10866,neutral,"Oh, really? I go to the gym every day."
10867,neutral,"Well, keep a low profile."
10868,joy,that ’ s great. Thanks very much. Would you like a cup of tea or coffee?
10869,neutral,OK. Here's my account details.
10870,neutral,You know our boss always trying to save the last penny. We have to use up the equipment first.
10871,neutral,Yes. I have got two articles in English in The International Young Writer's Collection.
10872,joy,That is very kind of you. Thank you very much.
10873,neutral,You ’ re welcome. Good-Bye.
10874,joy,That ’ s the way to go.
10875,joy,Oh. What good is that? I thought it gave you free money.
10876,neutral,"No, that ’ s all. I already have your resume."
10877,neutral,It won't be long until your food is delivered. I know you'll enjoy it.
10878,neutral,"OK, maybe you can try this one on. It's yellow."
10879,neutral,"Certainly, just fill in this form, please."
10880,neutral,"David, stop dreaming. It ’ s time to do your homework."
10881,joy,"Thank you, sir. Just a moment, please."
10882,joy,All right. I'll bring your soup right away.
10883,neutral,Now you know you have to clean your bathtub every time when you use it.
10884,neutral,I'll call housekeeping. Someone will be up with more amenities shortly.
10885,neutral,That's right.The number forty-four doesn't stop here any more.It's stop is round the corner.
10887,neutral,Your new apartment can be recarpeted and repainted by next Tuesday.
10888,neutral,A return ticket is forty-six pounds fifty.
10889,neutral,Yes. 6710121 3. Benjamin.
10890,neutral,This case doesn't belong to me! You've given me the wrong case!
10891,neutral,"We could give you an uncite office, as well as potential to develop your own contracts in Japan.At the same time, after helping with our project, we will be willing to split our profit with you."
10892,neutral,"Yes, it is Smith."
10893,neutral,"O. K., thanks, doctor."
10894,neutral,"Do what you have to do! One other thing, don ’ t tell the rest of the stockholders about this. If they find out, it ’ s the end of this company!"
10895,neutral,"I like the novels of Inches very much, I have reading almost all of them in Chinese translation, I wish i can reading them in the original."
10896,joy,Thank you for your interview with me.
10897,joy,No problem. Thank you for being so understanding.
10898,neutral,"I just want to have a coffee, I think."
10899,neutral,Yes. Good for you.
10900,neutral,Great. Thanks for you advice!
10901,neutral,"Mary, you must be careful. In some parts of America, the day can be - 10 ° C and sunny."
10902,neutral,How do you do? I'm Bob Evans.
10904,neutral,"No, honey, try to make notes in your notebook."
10905,joy,Have a nice day and thanks you for calling Dutton Hotels.
10906,joy,I know. Goodnight.
10907,anger,"Oh, yes. I get six Korean channels but nothing in English!"
10908,sadness,Definitely. I ’ m really sorry!
10909,neutral,I failed in my computer course once and I made up my mind to learn it well. Then I made painstaking preparation for 3 months and I finally got it.
10910,neutral,"Well, I haven't thought much about this. I think it's too early to tell. What is most important for me now is to do the best possible job for the company and learn and develop my skills as much as possible."
10913,neutral,"To tell you the truth Mrs. Bird, I don't like chicken, either!"
10914,joy,No! It's a perfect fit!
10916,neutral,Hurry up! The smile is frozen on my face.
10917,joy,Thanks for calling.
10919,joy,"Oh, I have got it. How nice are the singers singing!"
10920,joy,"Of course. The fitting room is this way, please."
10921,neutral,"That is good, it should speed things up nicely."
10922,neutral,That ’ s it for today. Thank you.
10923,neutral,It's for you.
10924,neutral,How do you do?
10925,joy,Thanks a billion.
10926,neutral,OK.Here is your change.The train leaves on platform 8.
10927,neutral,So that's the Family Reunification.
10928,neutral,"All right, if there's no hold-ups."
10929,neutral,Yes. Shall I get one for you? Just push the button over there if you need anything.
10930,neutral,We will be there! Thanks for the help!
10933,neutral,"No, thank you. I'll take an aspirin and see how it goes."
10935,neutral,"I think you'll like the experience, sir. It's a great workout."
10936,neutral,I have been yearning for a job as a stewardess in an airline like yours.
10937,neutral,"The stock exchange where I worked was too small My further promotion was impossible. I am able of more responsibilities, so I decided to leave."
10938,joy,The pleasure is mine. It's been nice talking with you. Goodbye.
10939,neutral,"The style is all right, but I'm not sure about the color. Let me think for a while."
10940,neutral,"OK, then 50 Yuan for dessert. 500 Yuan all together."
10941,neutral,Yes. Here you are.
10942,neutral,We can pig out on potato chips and cookies. They are very cheap.
10943,sadness,"Well, it could be me too. But I am not too worried. This place is suffocating me with this boss being such a hard-ass and colleagues who barely know how to get dressed in the morning. It would almost be a blessing to be fired from this place."
10944,joy,My pleasure. Good luck to you.
10945,neutral,Maybe we could work out an overtime schedule. It ’ s definitely worth it to finish by the twentieth.
10946,neutral,"Yes, I had taken finance courses in a training school. Compound talents are needed in the society and I must study continually to keep abreast with the times."
10947,neutral,No problem. Say'cheese'. That's good. Please wait a moment.
10948,joy,Thanks for all your help.
10949,joy,"It will give rise to occasional insomnia. OK, let's enjoy the tea before it gets cold."
10950,anger,That ’ s more than my round-trip ticket!
10951,neutral,All right. We'll make the shipment as soon as your L / C is on hand.
10952,neutral,Go ahead. It will be safe with me.
10954,neutral,That'll be fine.
10955,joy,Bottom is up.
10956,neutral,Both the new paint and new carpet will be finished by next week.
10957,neutral,Could you also let me view some of the testimonials? I'd really be interested to see what other group companies thought of this service.
10958,neutral,That ’ s ok. Thanks.
10959,neutral,"No, it's free."
10960,joy,"Glad to hear your voice, David."
10961,neutral,I said I am informing you of the interview.
10962,joy,That sounds like a good idea! But I'm afraid my mom will be angry about it.
10963,joy,"No, that's it. Thanks. I really appreciate it."
10964,neutral,That sounds great.
10965,anger,"Yes, you should have."
10966,neutral,"When I was your age, my parents didn ’ t have central heating like you do! We had a furnace in the center of the living room and that was it. We used it to cook, heat the house and even dry our clothes! We never caught a cold. You should be grateful!"
10967,joy,"Oh, then it'll be one dollar twenty five cents. Thank you."
10968,joy,"Well, that is easy! It sure beats waiting in line for ages waiting to deal with a real person!"
10969,neutral,"Ever since I saw computer can do your project, I wanted to have a computer."
10970,joy,Thank you for all your patience.
10971,neutral,Thank you so much.
10973,neutral,Have a great trip.
10974,neutral,"Yes, we do deliveries for orders over $ 15, ma ’ am."
10976,neutral,"That's a good sign. But just soak a little longer, OK?"
10977,neutral,Where's the peeler?
10978,neutral,"No, honey, go and read it. You'll learn."
10979,joy,Enjoy your food! Bye!
10980,joy,"Great idea. And after all, that's the whole point of an evaluation. I almost can't wait to give it a try."
10982,neutral,Credit card please. Here you are.
10983,neutral,"Such concern for the company, Craig! I'm impressed."
10984,neutral,"There are many famous places such as Robson Street, Stanley Park, Gaston, Lion Gate Bridge, The Vancouver Art Gallery, and The Canadian Crafts Museum."
10985,surprise,"Are you riding? You have to install an anti-virus software on your computer. If not, you will be attacked by viruses, and it can lead your computer into failure."
10986,surprise,I can't believe it 。
10988,neutral,Two blocks down the street.
10989,neutral,"Oh, I seem to lose something every time I travel."
10990,neutral,"In short, you should present the best of yourself throughout the interview."
10991,neutral,Yeah. There's a lot we can do to help him through this transition.
10992,joy,So long. Have a nice weekend.
10995,neutral,"ok, we'll be expecting you at 11:30. See you then."
10996,neutral,"Unfortunately, yes. You see, this is a three-year note ; it was issued over a year ago, but not over two years. So, you will have to pay. I'm sorry about that."
10997,neutral,"Thank you, Doctor."
10998,neutral,"Of course I know. But there is too high a rate. Frankly speaking, the maximum discount we can make is 6 %."
10999,neutral,"OK, I'll do them."
11000,neutral,"As long as the foam on my macchiato's not burnt, too, I'll be alright for a while. You got your espresso, Jess?"
11001,joy,You ’ re welcome.
11002,neutral,"I apologize, sir. Just a second, while I transfer you to my supervisor."
11003,neutral,Not at all. Turn left out of the hotel and it's about a five minute walk.
11005,joy,Thank you. Here ’ s your change and receipt.
11006,joy,"Well, thanks anyway."
11007,neutral,No. I only need to check your driver's license.
11008,neutral,Doing something relaxing before I go to sleep sounds like a plan.
11009,sadness,"I ’ m really sorry, Mr. Samuel. I really don ’ t remember that."
11010,neutral,"I see. Well, keep up the good work. See you later."
11011,neutral,See you later.
11012,neutral,"Yes, I do. Who are your financial backers? Who are the key competitors? Does the company have a plan for the IPO? What would you say is the best thing about your product or service?"
11014,joy,Here is your receipt.Thank you.
11015,neutral,I almost forget it. Thank you!
11016,joy,OK. Please step in. I know where it is.
11017,joy,Thank you for understanding. I promise I ’ ll make it up to you.
11019,neutral,"Oh, it's delicious..."
11020,neutral,We'll see what happens after court.
11021,joy,It's no problem at all.
11022,anger,You're going to make me rich by not paying me?
11023,neutral,What I do is find the website of shops. Then someone from our company visits the shop and buys when they ’ re seen that the products are genuine and suitable.
11024,joy,"Sure, let's go."
11025,joy,My pleasure. Welcome to our restaurant next time.
11027,neutral,Some days are just like that.
11028,neutral,"White rice, please. None of that healthy brown stuff for me!"
11029,neutral,"I'd like to go around the city, if you don't mind."
11030,neutral,"Oh, that's very considerate of you. I'lI take your word for it."
11031,neutral,"Well, I'm afraid not. I think the hero has much more to be believed in."
11032,neutral,"I'd recommend going back to the 3rd party, personally this time, and discussing what exactly it is they aren't happy with. Hopefully you can reach some sort of agreement, which is viable for everyone."
11033,neutral,Right. I'll see if I can catch the waitress's eye.
11036,neutral,Have you got the number? I'll call them right now.
11037,neutral,That's correct. With DEL you can do both.
11038,neutral,"Yes, that's a Current-all-in-one Passbook. That's what you need to get your salary."
11039,neutral,"Oh, its nothing."
11040,neutral,"No, he didn't scold me because he was late, too."
11042,neutral,Here you are.
11043,neutral,That sounds ideal.
11044,neutral,What's your name and account number?
11046,joy,Great! Many thanks!
11047,joy,That's an attractive plan. I'll think about it.
11048,neutral,You're going to have a little Montezuma's revenge tomorrow morning.
11049,joy,God it. Thans very much.
11050,neutral,"Adding in your expenses, I calculate that you can spend three hundred thousand on a house."
11051,neutral,"It's ultra-compact, it has a brushed, titanium metal body and a rubber shock-proof, weather-proof case with a belt clip."
11052,neutral,OK. I'll tell her.
11054,joy,Great. See you then.
11055,neutral,You are welcome.
11056,joy,That sounds fair.
11057,neutral,I no longer need to worry about what will happen with this country.
11058,neutral,"My car is in the parking lot, lets go this way. Let me help you with your bags."
11059,neutral,"Arthur, that ’ s the bathroom."
11060,joy,All right. Thanks for your help.
11061,neutral,"Fine, it's the thing for me. I will take it."
11063,neutral,"We'll try our best. Anyway, we assure you that shipment will be made not later than the first half of April."
11064,neutral,"No problem at all. To tell you the truth, I could use the extra time in my schedule to catch up on some paperwork."
11065,neutral,Really? I ’ ll take it then.
11066,neutral,"A road bike features skinny tires and a light-weight frame. Its riding position puts you bent over the handlebars. It's not particularly beefy in construction, and generally, it won't stand up well under heavy loads or on really rough surfaces. In contrast, mountain bikes have wide tires and a stout frame. You sit higher on them and don't have to hunched over."
11067,neutral,I will fax you a schedule as soon as I contact the owners to confirm the times.
11068,joy,Don ’ t mention it. I ’ Ve really enjoyed your company.
11069,neutral,"Take your time, sir. I can wait."
11070,anger,We have too many cars!
11072,neutral,Hope you feel better.
11074,neutral,Mr. Chen can't make it today.
11075,neutral,Let's run up and give him a hand.
11076,neutral,All right. Another time then.
11077,joy,I hope you enjoy your dinner.
11078,joy,I really appreciate your help.
11080,neutral,10:30. I'll pick you up at the hotel at 10:00. : 10:30.
11081,joy,Thanks a lot. We arrived at Kaohsiung International Airport.
11082,neutral,"Well, I guess so."
11083,joy,"that will be all. You're been very helpful, thanks."
11084,neutral,"Oh, I see. Thank you anyway."
11085,neutral,Don't worry. You'll do fine.
11086,neutral,"No, that thought doesn't cross my mind."
11087,neutral,"Yes,'Foreign Exchange Registration', for Bank Drafts, Bills of Exchange and so on. Also, approval of RIB accounts, capital verification and so on."
11088,neutral,"The taxi will be ready when you are, sir."
11089,neutral,We can do that. It'll just cost you extra.
11090,joy,The goods in the yard sale are really cheap. I will take it.
11091,joy,Thanks very much.
11092,neutral,"All right, ma'am."
11093,neutral,"Her line is through now, please go ahead."
11095,neutral,To the restroom? I have no choice.
11097,neutral,I'll put the song at the front of the list.
11098,neutral,Then you must know a lot about skating.
11099,sadness,"Can I have the ticket, please?"
11100,neutral,Thank you so much. You guys are really responsible.
11101,neutral,"I absolutely love making mousaka, which is a Greek dish with eggplant. But it takes a lot of time, so I don ’ t often make it."
11102,neutral,I think it leaves at two-thirty.
11103,neutral,"Well, trust me. The quality is fantastic."
11104,neutral,"You are already pre-qualified for your loan, so you are in good shape."
11105,neutral,That's for sure.
11106,neutral,That sounds perfect for us.
11107,joy,"Good, thanks. I look forward to hearing from you."
11108,joy,That's all right
11109,neutral,Maybe you ’ re right.
11110,neutral,Help will be there in just a few minutes.
11111,joy,Thanks very much. I appreciate it.
11112,neutral,"I can ’ t promise, but I ’ ll do my best."
11113,joy,Thank you so much!
11114,joy,Okay. Wait a minute please.
11115,neutral,"Sure, this will be a really good picture."
11116,neutral,I need size 41.
11117,neutral,Okay. I'll just be a minute.
