Sr No.,Utterance,Speaker,Emotion,Dialogue_ID,Utterance_ID,Season,Episode,StartTime,EndTime,Dialogue Act,turn_index
1,also I was the point person on my company's transition from the KL-5 to GR-6 system.,Chandler,neutral,0,0,8,21,"00:16:16,059","00:16:21,731",s,0
2,You must've had your hands full.,The Interviewer,neutral,0,1,8,21,"00:16:21,940","00:16:23,442",o,1
3,That I did. That I did.,Chandler,neutral,0,2,8,21,"00:16:23,442","00:16:26,389",ag,2
4,So let's talk a little bit about your duties.,The Interviewer,neutral,0,3,8,21,"00:16:26,820","00:16:29,572",s,3
5,My duties? All right.,Chandler,surprise,0,4,8,21,"00:16:34,452","00:16:40,917",ag,4
6,"Now you'll be heading a whole division, so you'll have a lot of duties.",The Interviewer,neutral,0,5,8,21,"00:16:41,126","00:16:44,337",s,5
7,I see.,Chandler,neutral,0,6,8,21,"00:16:48,800","00:16:51,886",ag,6
8,But there'll be perhaps 30 people under you so you can dump a certain amount on them.,The Interviewer,neutral,0,7,8,21,"00:16:48,800","00:16:54,514",o,7
9,Good to know.,Chandler,neutral,0,8,8,21,"00:16:59,477","00:17:00,478",s,8
10,We can go into detail,The Interviewer,neutral,0,9,8,21,"00:17:00,478","00:17:02,719",o,9
11,No don't I beg of you!,Chandler,fear,0,10,8,21,"00:17:02,856","00:17:04,858",dag,10
12,"All right then, we'll have a definite answer for you on Monday, but I think I can say with some confidence, you'll fit in well here.",The Interviewer,neutral,0,11,8,21,"00:17:05,025","00:17:13,324",o,11
24,"Hey, Mon.",Chandler,neutral,2,0,3,6,"00:05:50,350","00:05:51,433",g,0
25,Hey-hey-hey. You wanna hear something that sucks.,Monica,neutral,2,1,3,6,"0:05:52,435","0:05:53,897",q,1
26,Do I ever.,Chandler,joy,2,2,3,6,"0:05:53,897","0:05:55,743",oth,2
27,Chris says they're closing down the bar.,Monica,sadness,2,3,3,6,"0:05:57,023","0:05:58,734",s,3
28,No way!,Chandler,surprise,2,4,3,6,"0:05:58,734","0:05:59,774",dag,4
29,"Yeah, apparently they're turning it into some kinda coffee place.",Monica,neutral,2,5,3,6,"00:05:59,942","00:06:02,152",s,5
30,Just coffee! Where are we gonna hang out now?,Chandler,disgust,2,6,3,6,"00:06:02,362","00:06:07,157",q,6
31,Got me.,Monica,sadness,2,7,3,6,"00:06:04,489","00:06:07,157",oth,7
32,Can I get a beer.,Chandler,neutral,2,8,3,6,"0:06:07,367","0:06:08,035",q,8
33,"Hey, did you pick a roommate?",Monica,neutral,2,9,3,6,"0:06:08,035","0:06:10,019",q,9
34,You betcha!,Chandler,joy,2,10,3,6,"0:06:10,161","0:06:10,973",oth,10
35,Is it the Italian guy?,Monica,neutral,2,11,3,6,"0:06:10,973","0:06:12,167",q,11
47,Hey!,Rachel,surprise,4,0,3,11,"0:20:23,931","0:20:24,891",g,0
48,Hi!,Ross,joy,4,1,3,11,"0:20:24,891","0:20:25,028",g,1
49,What are you doing here?,Rachel,surprise,4,2,3,11,"00:20:25,140","00:20:26,265",q,2
50,"Ah y'know, this building is on my paper route so I...",Ross,neutral,4,3,3,11,"00:20:26,433","00:20:29,185",s,3
51,Oh.,Rachel,neutral,4,4,3,11,"0:20:29,394","0:20:30,771",b,4
52,Hi.,Ross,neutral,4,5,3,11,"0:20:30,771","0:20:30,873",g,5
53,Hi.,Rachel,neutral,4,6,3,11,"0:20:30,873","0:20:31,135",g,6
54,How'd did it go?,Ross,neutral,4,7,3,11,"00:20:31,188","00:20:32,230",q,7
55,"Oh well, the woman I interviewed with was pretty tough, but y'know thank God Mark coached me, because once I started talking about the fall line, she got all happy and wouldn't shut up.",Rachel,joy,4,8,3,11,"00:20:32,397","00:20:40,446",s,8
56,I'm so proud of you.,Ross,joy,4,9,3,11,"0:20:40,614","0:20:41,991",ap,9
57,Me too!,Rachel,joy,4,10,3,11,"0:20:41,991","0:20:43,543",ag,10
58,"Listen, I'm ah, I'm sorry I've been so crazy and jealous and, it's just that I like you a lot, so...",Ross,sadness,4,11,3,11,"00:20:44,284","00:20:53,584",ap,11
66,Good job Joe! Well done! Top notch!,Chandler,joy,6,0,8,22,"00:12:24,315","00:12:27,526",ap,0
67,You liked it? You really liked it?,Joey,surprise,6,1,8,22,"0:12:28,194","0:12:29,796",q,1
68,"Oh-ho-ho, yeah!",Chandler,joy,6,2,8,22,"0:12:29,796","0:12:31,501",ans,2
69,Which part exactly?,Joey,neutral,6,3,8,22,"0:12:31,655","0:12:33,657",q,3
70,The whole thing! Can we go?,Chandler,neutral,6,4,8,22,"0:12:33,657","0:12:36,243",ans,4
71,"Oh no-no-no, give me some specifics.",Joey,anger,6,5,8,22,"00:12:36,368","00:12:38,746",c,5
72,"I love the specifics, the specifics were the best part!",Chandler,joy,6,6,8,22,"00:12:38,954","00:12:43,000",o,6
73,"Hey, what about the scene with the kangaroo? Did-did you like that part?",Joey,neutral,6,7,8,22,"00:12:43,209","00:12:48,255",q,7
74,I was surprised to see a kangaroo in a World War I epic.,Chandler,surprise,6,8,8,22,"00:12:49,298","00:12:54,929",ans,8
75,You fell asleep!!,Joey,anger,6,9,8,22,"00:12:55,930","00:12:56,931",s,9
76,There was no kangaroo!,Joey,anger,6,10,8,22,"0:12:58,432","0:12:59,809",s,10
77,They didn't take any of my suggestions!,Joey,anger,6,11,8,22,"0:12:59,809","0:13:03,196",s,11
97,What've you been up to?,Chandler,neutral,9,0,2,5,"00:01:51,903","00:01:54,738",q,0
98,"Oh, you know, the usual, teaching aerobics, partying way too much.",Jade,neutral,9,1,2,5,"00:01:54,948","00:02:01,203",ans,1
99,"Oh, and in case you were wondering, those are my legs on the new James Bond poster.",Jade,neutral,9,2,2,5,"00:02:01,621","00:02:07,459",s,2
100,Can you hold on a moment? I have another call. I love her.,Chandler,joy,9,3,2,5,"00:02:10,547","00:02:14,758",s,3
101,I know.,Ross,neutral,9,4,2,5,"00:02:13,091","00:02:14,758",ag,4
102,I'm back.,Chandler,neutral,9,5,2,5,"0:02:16,261","0:02:16,903",s,5
103,"So, are we gonna get together or what?",Jade,neutral,9,6,2,5,"0:02:16,903","0:02:19,185",q,6
104,"Um, absolutely. Uh, how 'bout tomorrow afternoon? Do you know uh, Central Perk in the Village, say, five-ish?",Chandler,neutral,9,7,2,5,"00:02:19,347","00:02:25,561",ans,7
105,"Great, I'll see you then.",Jade,neutral,9,8,2,5,"00:02:25,770","00:02:28,647",ag,8
106,Ok. Ok. Having a phone has finally paid off.,Chandler,joy,9,9,2,5,"00:02:32,318","00:02:34,528",s,9
107,"Even though you do do a good Bob impression, I'm thinkin' when she sees you tomorow, she's probably gonna realize, ""Hey, you're not Bob.""",Ross,neutral,9,10,2,5,"00:02:36,823","00:02:43,620",o,10
108,"I'm hoping that when Bob doesn't show up, she will seek comfort in the open arms of the wry stranger at the next table.",Chandler,neutral,9,11,2,5,"00:02:47,375","00:02:52,337",o,11
127,Hey!,Chandler,neutral,12,0,6,4,"00:09:47,295","00:09:49,045",g,0
128,Hey! So Estelle lined up a bunch of auditions for me tomorrow and I'll have my health insurance back in no time.,Joey,joy,12,1,6,4,"00:09:47,295","00:09:56,177",s,1
129,"That's great, but shouldn't you be on the toilet right now?",Chandler,disgust,12,2,6,4,"00:09:57,346","00:10:00,890",q,2
130,What?!,Joey,surprise,12,3,6,4,"0:10:04,312","0:10:05,647",q,3
131,What's wrong with you?,Chandler,disgust,12,4,6,4,"0:10:05,647","0:10:06,929",q,4
132,Nothing!,Joey,neutral,12,5,6,4,"00:10:07,023","00:10:08,023",ans,5
133,"Well, I-I got this blinding pain in my stomach when I was lifting weights before, then I uh passed out and uh, haven't been able to stand up since.",Joey,fear,12,6,6,4,"00:10:08,190","00:10:18,575",s,6
134,"But um, I don't think it's anything serious.",Joey,neutral,12,7,6,4,"00:10:18,743","00:10:21,536",o,7
135,This sounds like a hernia. You have to¬óyou-you go to the doctor!,Chandler,surprise,12,8,6,4,"00:10:21,704","00:10:24,706",o,8
136,"No way! ¬ëKay look, if I have to go to the doctor for anything it's gonna be for this thing sticking out of my stomach!",Joey,fear,12,9,6,4,"00:10:24,874","00:10:31,463",dag,9
137,That's a hernia.,Chandler,disgust,12,10,6,4,"00:10:34,842","00:10:36,009",s,10
138,Why did I have to start working out again? Damn you 15s!,Joey,anger,12,11,6,4,"00:10:36,177","00:10:41,556",q,11
149,Get Out!,Ross,anger,15,0,9,23,"00:42:09,652","00:42:13,488",c,0
150,"Ross, can I talk to you for a minute?",Charlie,neutral,15,1,9,23,"00:42:15,032","00:42:16,908",q,1
151,"Yes, please! So, what's going on?",Ross,neutral,15,2,9,23,"00:42:17,117","00:42:23,998",ans,2
152,"Uh, well... Joey and I broke up.",Charlie,sadness,15,3,9,23,"00:42:26,126","00:42:29,754",s,3
153,"Oh my God, wh-what happened?",Ross,surprise,15,4,9,23,"00:42:30,464","00:42:35,885",q,4
154,"Joey is a great guy, but we're just... so different! I mean, during your speech he kept laughing at homo erectus!",Charlie,sadness,15,5,9,23,"00:42:36,053","00:42:44,561",ans,5
155,I knew that was him!,Ross,anger,15,6,9,23,"00:42:42,059","00:42:44,561",o,6
156,"Anyway I just, uh, I think it's for the best.",Charlie,sadness,15,7,9,23,"00:42:46,313","00:42:50,108",o,7
157,"Hey, you ok?",Ross,neutral,15,8,9,23,"0:42:51,068","0:42:52,950",q,8
158,I guess.,Charlie,sadness,15,9,9,23,"0:42:52,950","0:42:55,208",ans,9
159,There was hum... there was another reason that I thought it was time to end it with Joey.,Charlie,neutral,15,10,9,23,"00:42:57,866","00:43:05,915",s,10
160,I started to realize that I was having feelings for someone else.,Charlie,neutral,15,11,9,23,"00:43:06,667","00:43:12,547",o,11
203,How did it go with Erin?,Rachel,neutral,20,0,7,7,"00:10:56,155","00:10:59,157",q,0
204,"Oh, unbelievable! We had the best time!",Joey,joy,20,1,7,7,"00:10:59,408","00:11:01,368",s,1
205,"Yay!! Oh so, you're not, you're not mad at us anymore?",Phoebe,joy,20,2,7,7,"00:11:01,535","00:11:06,164",q,2
206,No!,Joey,joy,20,3,7,7,"0:11:02,703","0:11:03,538",ans,3
207,No!,Joey,joy,20,4,7,7,"0:11:03,538","0:11:04,760",ans,4
208,No!,Joey,joy,20,5,7,7,"0:11:04,760","0:11:05,303",ans,5
209,You guys were totally right!,Joey,joy,20,6,7,7,"0:11:05,303","0:11:06,298",o,6
210,This is so much better than the first time we went out.,Joey,joy,20,7,7,7,"00:11:06,374","00:11:08,625",o,7
211,Y'know?,Joey,neutral,20,8,7,7,"00:11:08,625","00:11:08,834",oth,8
212,"That was so awkward, we were really nervous.",Joey,neutral,20,9,7,7,"00:11:08,834","00:11:11,378",o,9
213,Didn't you sleep together?,Phoebe,neutral,20,10,7,7,"0:11:11,629","0:11:12,811",q,10
214,"Yeah, that really calms me down.",Joey,neutral,20,11,7,7,"0:11:12,811","0:11:14,723",ans,11
220,How does she do that?,Monica,surprise,21,0,1,4,"00:01:49,275","00:01:51,485",q,0
221,I cannot sleep in a public place.,Ross,neutral,21,1,1,4,"00:01:51,653","00:01:54,822",o,1
222,Would you look at her? She is so peaceful.,Monica,joy,21,2,1,4,"00:01:54,989","00:02:00,994",q,2
223,Oh! What what what! ...Hi.,Phoebe,surprise,21,3,1,4,"00:02:01,162","00:02:03,622",g,3
224,"It's okay, y'know, you just nodded off again.",Ross,neutral,21,4,1,4,"00:02:03,790","00:02:05,958",s,4
225,What's going on with you?,Monica,surprise,21,5,1,4,"00:02:06,126","00:02:08,127",q,5
226,I got no sleep last night!,Phoebe,anger,21,6,1,4,"0:02:08,294","0:02:09,587",ans,6
227,Why?,Ross,neutral,21,7,1,4,"0:02:09,587","0:02:09,991",q,7
228,"My grandmother has this new boyfriend, and they're both kind of insecure in bed.",Phoebe,disgust,21,8,1,4,"00:02:10,088","00:02:17,177",ans,8
229,"Oh, and deaf.",Phoebe,neutral,21,9,1,4,"00:02:17,345","00:02:18,887",oth,9
230,"So they're constantly, like, having to reassure each other that they're having a good time.",Phoebe,neutral,21,10,1,4,"00:02:20,682","00:02:24,726",s,10
231,You have no idea how loud they are!,Phoebe,disgust,21,11,1,4,"00:02:24,894","00:02:26,937",s,11
270,"Oh God, this is so nerve wracking! How-how do you do this?",Ross,surprise,26,0,5,18,"00:09:41,414","00:09:44,958",q,0
271,"Well, unfortunately, I don't get many callbacks so",Joey,neutral,26,1,5,18,"00:09:45,126","00:09:48,128",ans,1
272,Is it a good sign that they asked us to hang around after the audition?,Carol,surprise,26,2,5,18,"00:09:49,046","00:09:51,715",q,2
273,Who knows?,Joey,neutral,26,3,5,18,"00:09:51,882","00:09:53,508",s,3
274,"Okay uh, we have narrowed it down to Raymond, Ben, Kyle, and Joey. The rest of you, thank you very much.",The Casting Director,neutral,26,4,5,18,"00:09:55,219","00:10:02,976",s,4
275,Yes!! I knew it!! Bye-bye! So long! Later!,Ross,joy,26,5,5,18,"00:10:03,144","00:10:13,403",g,5
276,Oh this is great! I might actually get to play Ben's dad!,Joey,joy,26,6,5,18,"00:10:15,281","00:10:17,824",s,6
277,Yeah!,Ross,joy,26,7,5,18,"00:10:17,824","00:10:18,743",b,7
278,"Actually, that can't happen.",The Casting Director,neutral,26,8,5,18,"00:10:18,743","00:10:20,243",dag,8
279,"Yeah because you all have such different looks, we're putting you with Raymond and Kyle with Ben.",The Casting Director,neutral,26,9,5,18,"00:10:20,411","00:10:25,665",o,9
280,So it'll be either you two or you two.,The Casting Director,neutral,26,10,5,18,"00:10:25,833","00:10:28,585",o,10
281,"Man, this is gonna be kinda weird.",Joey,sadness,26,11,5,18,"00:10:29,920","00:10:35,508",dag,11
308,"This is my father, Paul Stevens. Dad, this is Ross Geller.",Elizabeth,neutral,30,0,6,21,"00:04:19,342","00:04:23,262",s,0
309,It-it's great to meet you Paul.,Ross,joy,30,1,6,21,"00:04:23,429","00:04:25,847",g,1
310,I usually prefer Elizabeth's boyfriends to address me as Mr. Stevens.,Paul,neutral,30,2,6,21,"00:04:26,015","00:04:29,476",o,2
311,"Of course, of course, Mr. Stevens.",Ross,neutral,30,3,6,21,"00:04:30,812","00:04:33,021",ag,3
312,"So Ross, what your problem?",Paul,anger,30,4,6,21,"00:04:33,189","00:04:37,901",q,4
313,Eh-wh¬óExcuse me?,Ross,surprise,30,5,6,21,"00:04:39,862","00:04:41,113",ans,5
314,Why can't you get a girlfriend your own age?,Paul,anger,30,6,6,21,"00:04:41,281","00:04:43,282",q,6
315,That's funny. Umm¬Ö. It's not funny.,Ross,fear,30,7,6,21,"00:04:43,992","00:04:52,374",ans,7
316,I,Paul,neutral,30,8,6,21,"00:04:49,706","00:04:52,374",oth,8
317,Okay.,Ross,neutral,30,9,6,21,"0:04:52,542","0:04:52,844",oth,9
318,"I can, I can see that.",Ross,neutral,30,10,6,21,"0:04:52,844","0:04:55,338",s,10
319,"Umm, but I think if you give me umm, one chance I can, I can change your mind.",Ross,fear,30,11,6,21,"00:04:55,461","00:05:00,799",o,11
329,Ooooohh!,Joey and Chandler,surprise,32,0,1,12,"00:10:59,992","00:11:01,034",oth,0
330,"Oh yeah, I'm sure. And all of a sudden his hands weren't the problem anymore.",Phoebe,neutral,32,1,1,12,"00:11:01,202","00:11:14,005",o,1
331,Was it...?,Monica,surprise,32,2,1,12,"00:11:18,386","00:11:19,487",q,2
332,"Oh, boy scouts could have camped under there.",Phoebe,neutral,32,3,1,12,"00:11:19,595","00:11:22,097",ans,3
333,"""Ooo,"" what?",Rachel,surprise,32,4,1,12,"0:11:24,225","0:11:26,687",q,4
334,Uma Thurman.,Phoebe,neutral,32,5,1,12,"0:11:26,687","0:11:26,829",ans,5
335,Oh!,Monica,surprise,32,6,1,12,"0:11:26,936","0:11:28,021",oth,6
336,The actress!,Ross,surprise,32,7,1,12,"0:11:28,021","0:11:28,166",s,7
337,Thanks Rach.,Ross,neutral,32,8,1,12,"00:11:31,023","00:11:32,732",g,8
338,So what are you gonna do?,Chandler,surprise,32,9,1,12,"0:11:34,652","0:11:35,824",q,9
339,You have to tell her!,Ross,joy,32,10,1,12,"0:11:35,824","0:11:36,658",o,10
340,You have to tell her!,Ross,joy,32,11,1,12,"00:11:36,779","00:11:39,531",o,11
407,Happy?! Is that what I'm supposed to be Vic? Happy?,Kate,anger,39,0,3,19,"00:11:00,868","00:11:03,912",q,0
408,"Well, why don't you tell me what you're supposed to be!",Joey,anger,39,1,3,19,"0:11:05,623","0:11:07,515",q,1
409,Huh?,Joey,surprise,39,2,3,19,"0:11:07,515","0:11:08,269",b,2
410,Because I sure as hell can't figure it out!,Joey,anger,39,3,3,19,"00:11:08,376","00:11:10,835",s,3
411,I talk to you and nothin'.,Joey,anger,39,4,3,19,"00:11:11,003","00:11:13,421",s,4
412,"You look at me, and it's nothin'.",Joey,anger,39,5,3,19,"0:11:13,589","0:11:15,258",s,5
413,Nothing.,Joey,anger,39,6,3,19,"0:11:15,258","0:11:16,114",oth,6
414,"Tasty! I'm really starting to feel like you guys have a history, it's-it's nice.",The Director,joy,39,7,3,19,"00:11:23,057","00:11:30,021",o,7
415,I have a question about this scene.,Kate,neutral,39,8,3,19,"0:11:30,189","0:11:31,941",s,8
416,Yes?,The Director,neutral,39,9,3,19,"0:11:31,941","0:11:32,589",ag,9
417,"Well, I don't understand why Adrienne's attracted to Victor.",Kate,disgust,39,10,3,19,"00:11:32,692","00:11:37,112",q,10
418,"Peel the onion. First of all, he's good looking.",The Director,neutral,39,11,3,19,"00:11:37,279","00:11:43,743",ans,11
426,I can't,Phoebe,anger,40,0,8,4,"00:04:36,859","00:04:40,237",dag,0
427,Yeah! You gotta tell a girl before you tape her. Such a rookie mistake.,Joey,anger,40,1,8,4,"00:04:40,405","00:04:43,532",o,1
428,Y'know who has a great video camera?,Chandler,neutral,40,2,8,4,"0:04:47,996","0:04:50,008",q,2
429,Greg and Jenny?,Phoebe,neutral,40,3,8,4,"0:04:50,008","0:04:51,709",ans,3
430,Do you still wanna call ¬ëem? I wanna call ¬ëem.,Monica,neutral,40,4,8,4,"0:04:52,417","0:04:54,879",q,4
431,Let's call ¬ëem.,Chandler,neutral,40,5,8,4,"0:04:54,879","0:04:55,020",ans,5
432,Yeah! Ask them if they brought their friends any souvenirs!,Joey,joy,40,6,8,4,"00:04:55,169","00:04:57,421",s,6
433,Hello? Eighth street deli?,Monica,neutral,40,7,8,4,"00:05:04,095","00:05:06,471",g,7
434,"Hey, hang up! You get food poisoning just talkin' to that place.",Joey,disgust,40,8,8,4,"00:05:06,681","00:05:10,726",s,8
435,"Uh sorry, wrong number.",Monica,fear,40,9,8,4,"0:05:10,977","0:05:12,187",ap,9
436,Here you go.,Chandler,neutral,40,10,8,4,"0:05:12,187","0:05:14,079",s,10
437,Hello? It's the deli again!,Monica,surprise,40,11,8,4,"00:05:16,566","00:05:19,609",s,11
441,"Gotta go. I miss you too, I love you, but it's getting real late now",Mr. Tribbiani,sadness,41,0,1,13,"00:04:41,281","00:04:49,162",s,0
442,"Hey Ma. Listen, I made the appointment with Dr. Bazida, and... Excuse me? Did you know this isn't Ma?",Joey,surprise,41,1,1,13,"00:04:45,493","00:04:56,503",q,1
443,Her name's Ronni. She's a pet mortician.,Mr. Tribbiani,neutral,41,2,1,13,"00:05:05,680","00:05:09,891",ans,2
444,Sure. So how long you been...,Joey,neutral,41,3,1,13,"00:05:14,147","00:05:18,358",q,3
445,"Remember when you were a little kid, I used to take you to the navy yard and show you the big ships?",Mr. Tribbiani,neutral,41,4,1,13,"00:05:20,486","00:05:28,994",s,4
446,Since then?!,Joey,surprise,41,5,1,13,"0:05:25,158","0:05:26,076",q,5
447,"No, it's only been six years.",Mr. Tribbiani,neutral,41,6,1,13,"0:05:26,076","0:05:29,058",ans,6
448,I just wanted to put a nice memory in your head so you'd know that I wasn't always such a terrible guy.,Mr. Tribbiani,neutral,41,7,1,13,"00:05:29,203","00:05:34,333",o,7
449,...Joe.,Mr. Tribbiani,neutral,41,8,1,13,"0:05:37,003","0:05:37,462",oth,8
450,Y'ever been in love?,Mr. Tribbiani,neutral,41,9,1,13,"0:05:37,462","0:05:39,410",q,9
451,...I d'know.,Joey,neutral,41,10,1,13,"00:05:41,049","00:05:42,090",ans,10
452,Then y'haven't. You're burning your tomatoes.,Mr. Tribbiani,neutral,41,11,1,13,"0:05:44,844","0:05:47,514",s,11
510,"Well, not really.",Ross,neutral,49,0,6,18,"00:12:56,692","00:12:57,859",oth,0
511,"I mean technically it's-it's not against the rules or anything, but it is frowned upon.",Ross,neutral,49,1,6,18,"00:12:58,027","00:13:02,197",s,1
512,"Especially by that professor we ran into last night, Judgey von Holierthanthou.",Ross,anger,49,2,6,18,"00:13:02,364","00:13:06,951",s,2
513,"Well Ross, you be careful now. You don't want to get a reputation as y'know Professor McNailshisstudents.",Monica,joy,49,3,6,18,"00:13:10,039","00:13:15,001",o,3
514,Yeah. What-what should I do?,Ross,fear,49,4,6,18,"0:13:17,963","0:13:19,590",q,4
515,"Well Ross, it seems pretty clear.",Joey,neutral,49,5,6,18,"0:13:19,590","0:13:21,456",ans,5
516,I mean what's more important?,Joey,neutral,49,6,6,18,"0:13:21,550","0:13:22,677",q,6
517,"What people think or how you feel, huh?",Joey,neutral,49,7,6,18,"0:13:22,677","0:13:25,161",q,7
518,"Ross, you gotta follow your heart.",Joey,neutral,49,8,6,18,"0:13:25,262","0:13:26,534",ans,8
519,Joey that is so sweet.,Monica,joy,49,9,6,18,"0:13:26,534","0:13:28,570",ap,9
520,Hey.,Chandler,neutral,49,10,6,18,"00:13:33,771","00:13:36,314",g,10
521,"Hey-hey-hey! So, how did it go with Dana? Any reason I should leave a block of time open say Thursday?",Joey,neutral,49,11,6,18,"00:13:36,482","00:13:40,235",q,11
561,I know.,Monica,neutral,52,0,3,21,"00:12:55,000","00:12:56,232",ag,0
562,"Ooh, I have to tell you something.",Phoebe,joy,52,1,3,21,"00:12:56,400","00:12:57,942",s,1
563,What?,Monica,neutral,52,2,3,21,"0:12:58,360","0:12:58,992",q,2
564,But I can't tell you.,Phoebe,neutral,52,3,3,21,"0:12:58,992","0:13:00,878",ans,3
565,"Okay, but wouldn't it be easier if you had to tell me something that you could tell me.",Monica,neutral,52,4,3,21,"00:13:02,490","00:13:13,917",o,4
566,"Well, sure in a perfect world. But, no, I promised I wouldn't tell, and I swore to like all my gods.",Phoebe,neutral,52,5,3,21,"00:13:06,202","00:13:13,917",s,5
567,Okay. Does it have to do with Ross and Rachel?,Monica,neutral,52,6,3,21,"00:13:15,544","00:13:18,922",q,6
568,No.,Phoebe,neutral,52,7,3,21,"00:13:19,089","00:13:20,256",ans,7
569,Does it have to do with Joey?,Monica,neutral,52,8,3,21,"0:13:20,424","0:13:21,676",q,8
570,No.,Phoebe,neutral,52,9,3,21,"0:13:21,676","0:13:22,578",ans,9
571,Does it have to do with-with Chandler and that sock that he keeps by his bed?,Monica,neutral,52,10,3,21,"00:13:22,676","00:13:26,262",q,10
572,"No, but let's come back to that later!",Phoebe,neutral,52,11,3,21,"00:13:28,599","00:13:30,433",ans,11
582,"One pregnant woman at a time, please! I just want you to be okay.",Joey,disgust,54,0,8,10,"00:19:18,574","00:19:27,123",o,0
583,So forcing her to marry Bobby is gonna make that happen?,Rachel,sadness,54,1,8,10,"00:19:27,291","00:19:29,876",q,1
584,"Maybe! Well! Well¬Öso-so uh, what kind of music does Numb Nuts¬óOh forget it! I can't!",Joey,anger,54,2,8,10,"00:19:30,043","00:19:40,803",ans,2
585,"Joey, I am scared to death about this.",Dina,fear,54,3,8,10,"00:19:40,971","00:19:43,764",s,3
586,"But I really think I can do it, I'm just gonna need some help.",Dina,fear,54,4,8,10,"00:19:43,932","00:19:46,642",o,4
587,And Bobby's gonna be here the whole time.,Dina,neutral,54,5,8,10,"00:19:46,810","00:19:50,771",s,5
588,"You bet I am! And to answer your earlier question, we're straight-up gangster rap.",Bobby,joy,54,6,8,10,"00:19:50,939","00:19:55,943",s,6
589,"Look, Rachel's told me how much easier you've made all this on her. Why can't you do that for me?",Dina,anger,54,7,8,10,"00:19:59,698","00:20:07,445",q,7
590,Because! ¬ëCause¬Ö ¬ëCause you're my baby sister!,Joey,sadness,54,8,8,10,"00:20:07,623","00:20:09,582",ans,8
591,And you're my big brother!,Dina,joy,54,9,8,10,"00:20:09,750","00:20:11,250",s,9
592,"I mean, you're my favorite guy in the whole world.",Dina,neutral,54,10,8,10,"00:20:11,418","00:20:14,670",o,10
593,I'm not even scared to tell mom and dad.,Dina,neutral,54,11,8,10,"0:20:14,838","0:20:17,174",s,11
685,"Sorry, I just don't like the idea of when I say ""I do,"" he's thinking, ""Yeah, I'd do her too!""",Chandler,anger,64,0,7,16,"00:02:15,301","00:02:20,180",o,0
686,Well then we still have a problem.,Monica,neutral,64,1,7,16,"0:02:22,350","0:02:24,082",s,1
687,Yeah!,Chandler,neutral,64,2,7,16,"0:02:24,082","0:02:25,209",ag,2
688,With what?,Phoebe,neutral,64,3,7,16,"0:02:25,209","0:02:25,442",q,3
689,"Well, we're trying to find someone to perform our wedding and they're all either boring or annoying or y'know, can't stop staring at the ladies.",Monica,neutral,64,4,7,16,"00:02:25,562","00:02:32,359",ans,4
690,Oo! You should have one of us do it!,Phoebe,joy,64,5,7,16,"00:02:35,864","00:02:37,781",o,5
691,"Phoebe, we're getting",Monica,neutral,64,6,7,16,"00:02:37,991","00:02:41,118",s,6
692,No! No! It's-it's uh a real thing! Anyone can get ordained on the Internet and perform like weddings and stuff!,Phoebe,joy,64,7,7,16,"00:02:41,995","00:02:47,833",o,7
695,I call it!!,Joey,joy,64,8,7,16,"00:02:48,084","00:02:49,085",s,8
696,What?! No! It was my idea!,Phoebe,anger,64,9,7,16,"00:02:50,628","00:02:52,629",dag,9
697,Guys thank you very much but neither of you is marrying us.,Chandler,neutral,64,10,7,16,"00:02:52,797","00:02:56,133",s,10
698,Does calling it not mean anything anymore?!,Joey,anger,64,11,7,16,"00:02:56,301","00:02:58,468",q,11
706,"That was supposed to be a good thing, I forget why.",Phoebe,neutral,66,1,3,6,"00:14:22,611","00:14:25,947",s,0
707,"Just listen, Monica, I, do you know, okay, do you know, I couldn't sleep for like a month because I got like a dot of ink on one of the sofa cushions.",Phoebe,neutral,66,2,3,6,"00:14:28,117","00:14:35,623",s,1
708,"Well, you-you coulda just turned the cushion over.",Monica,neutral,66,3,3,6,"00:14:36,166","00:14:38,459",o,2
709,"Yeah, I would've except I had a big spaghetti stain on the other side.",Phoebe,neutral,66,4,3,6,"00:14:38,669","00:14:41,661",ag,3
710,What?!?!,Monica,surprise,66,5,3,6,"00:14:41,964","00:14:42,964",q,4
711,"Okay, this is what I'm talking about, this. I-I need to live in a land where people can spill.",Phoebe,neutral,66,6,3,6,"00:14:43,257","00:14:48,761",ans,5
712,You can spill. In the sink.,Monica,neutral,66,7,3,6,"00:14:50,055","00:14:53,641",o,6
713,"Aw, honey it's not your fault, y'know this is who you are, and I love you, and I want us to be friends, and if I keep living here I don't see that happening.",Phoebe,sadness,66,8,3,6,"00:14:58,939","00:15:04,819",s,7
714,"I love you, too.",Monica,joy,66,9,3,6,"00:15:06,947","00:15:09,324",s,8
715,"Aww, good. What?",Phoebe,joy,66,10,3,6,"00:15:06,947","00:15:13,703",q,9
716,What? I'm just said.,Monica,sadness,66,11,3,6,"00:15:15,497","00:15:16,998",s,10
717,"No you're not, you're wondering which cushion it is.",Phoebe,neutral,66,12,3,6,"00:15:17,791","00:15:20,460",s,11
829,"OK, you've got to promise that you'll never, ever tell Ross that I told you.",Joey,neutral,81,0,1,7,"00:11:33,150","00:11:37,946",s,0
830,About what?,Monica,neutral,81,1,1,7,"0:11:38,155","0:11:40,950",q,1
831,He's planning your birthday party.,Joey,neutral,81,2,1,7,"0:11:40,950","0:11:41,092",ans,2
832,Oh my God! I love him!,Monica,joy,81,3,1,7,"00:11:42,743","00:11:44,577",s,3
833,You'd better act surprised.,Joey,fear,81,4,1,7,"00:11:44,829","00:11:46,287",o,4
834,About what?,Phoebe,neutral,81,5,1,7,"0:11:46,539","0:11:47,381",q,5
835,My surprise party!,Monica,joy,81,6,1,7,"0:11:47,381","0:11:48,773",ans,6
836,What surprise party?,Phoebe,surprise,81,7,1,7,"0:11:48,773","0:11:48,918",q,7
837,Oh stop it. Joey already told me.,Monica,joy,81,8,1,7,"00:11:49,041","00:11:53,086",s,8
838,"Well, he didn't tell me.",Phoebe,neutral,81,9,1,7,"00:11:53,713","00:11:55,213",s,9
839,"Hey, don't look at me. This is Ross's thing.",Joey,neutral,81,10,1,7,"00:11:55,881","00:11:58,758",s,10
840,This is so typical. I'm always the last one to know everything.,Phoebe,anger,81,11,1,7,"00:11:59,009","00:12:02,303",o,11
901,This sucks! I didn't know I had to stay up all night before I went to this stupid sleep clinic! I'm so tired!,Joey,anger,89,0,4,20,"00:09:22,478","00:09:29,651",o,0
902,It's 6:00.,Chandler,neutral,89,1,4,20,"00:09:31,195","00:09:33,151",s,1
904,Hi!,Rachel,joy,89,2,4,20,"00:09:34,448","00:09:35,824",g,2
906,"Yeah, Rach, I think you're handling that really well.",Joey,neutral,89,4,4,20,"00:09:41,163","00:09:43,498",o,3
907,Handling it?,Rachel,neutral,89,5,4,20,"00:09:44,458","00:09:45,917",q,4
908,"What do you mean, handling it?",Rachel,joy,89,6,4,20,"0:09:46,085","0:09:47,097",q,5
909,There's nothing to handle.,Rachel,joy,89,7,4,20,"0:09:47,097","0:09:48,219",s,6
910,"Now, maybe I would have a problem with this if it wasn't for me and Joshua.",Rachel,neutral,89,8,4,20,"00:09:48,337","00:09:52,757",o,7
911,"Y'know, they're not gonna get married anyway!",Rachel,anger,89,9,4,20,"0:09:52,925","0:09:55,136",o,8
912,What?,Chandler,surprise,89,10,4,20,"0:09:55,136","0:09:56,593",dag,9
913,Come on!,Rachel,anger,89,11,4,20,"0:09:56,679","0:09:57,472",dag,10
914,They rushed into this thing so fast it's ridiculous!,Rachel,disgust,89,12,4,20,"0:09:57,472","0:10:00,734",o,11
932,My drinking?,Rachel,neutral,94,0,4,9,"00:11:38,948","00:11:40,198",oth,0
933,"Oh, I must've said that after you left.",Joanna,neutral,94,1,4,9,"00:11:41,617","00:11:44,244",o,1
934,Said what? Exactly.,Rachel,fear,94,2,4,9,"00:11:45,579","00:11:46,955",q,2
935,That you enjoyed the occasional drink¬Öing binge.,Joanna,neutral,94,3,4,9,"00:11:47,123","00:11:48,915",ans,3
936,"Oh my God!! Ohh, that is it! I'm leaving! You are just a horrible person!",Rachel,disgust,94,4,4,9,"00:11:52,211","00:11:58,299",s,4
937,Wait-wait-wait-wait-wait-wait-wait-wait!!,Joanna,fear,94,5,4,9,"00:11:54,964","00:11:58,299",c,5
938,If you're gonna get all sensitive about it!,Joanna,anger,94,6,4,9,"00:11:58,467","00:12:01,386",s,6
939,I don't want to lose you.,Joanna,sadness,94,7,4,9,"00:12:01,554","00:12:02,929",o,7
940,"What if I, create a position for you?",Joanna,neutral,94,8,4,9,"00:12:03,097","00:12:05,640",q,8
941,I'll make you an assistant buyer in this department.,Joanna,neutral,94,9,4,9,"00:12:05,808","00:12:08,810",ans,9
942,Say more things like that.,Rachel,joy,94,10,4,9,"00:12:10,229","00:12:12,731",c,10
943,"You can have your own office, and a raise! Effective tomorrow.",Joanna,joy,94,11,4,9,"00:12:13,524","00:12:16,526",o,11
948,Monica? You gonna be very proud of me. I just got us dates with two unbelievably cute nurses.,Rachel,joy,95,0,5,3,"00:04:00,782","00:04:04,409",s,0
949,Oh my!,Joey,surprise,95,1,5,3,"00:04:04,619","00:04:05,953",oth,1
950,They're male nurses.,Rachel,neutral,95,2,5,3,"00:04:07,372","00:04:09,206",s,2
951,Not in my head.,Joey,neutral,95,3,5,3,"00:04:09,374","00:04:11,291",dag,3
952,"Anyway, they want to take us out Saturday night! What do you say?",Rachel,joy,95,4,5,3,"00:04:12,001","00:04:15,671",q,4
953,Umm. Umm. Umm. I don't think so.,Monica,joy,95,5,5,3,"0:04:21,386","0:04:22,304",dag,5
954,What?,Rachel,surprise,95,6,5,3,"0:04:22,304","0:04:23,451",q,6
955,What are you talking about?!,Rachel,surprise,95,7,5,3,"00:04:23,638","00:04:25,097",q,7
956,You-you're the one who's been telling me to get over Ross and move on.,Rachel,anger,95,8,5,3,"00:04:25,348","00:04:29,059",s,8
957,"I'm moving on, and you're moving on with me.",Rachel,neutral,95,9,5,3,"00:04:29,310","00:04:31,395",s,9
958,"Come on, give me one good reason why you don't wanna go.",Rachel,neutral,95,10,5,3,"0:04:35,566","0:04:38,069",c,10
959,"Umm, why don't you give",Monica,neutral,95,11,5,3,"0:04:38,069","0:04:38,213",s,11
977,Hey!,Chandler,joy,99,0,7,19,"0:05:24,907","0:05:25,575",g,0
978,Hey!,Monica,joy,99,1,7,19,"0:05:25,575","0:05:26,813",g,1
979,Y'know I'm-I'm really glad we decided not to sleep together before the wedding.,Chandler,joy,99,2,7,19,"00:05:26,909","00:05:30,495",s,2
980,"Oh boy, me too!",Monica,joy,99,3,7,19,"00:05:30,705","00:05:32,998",ag,3
981,Y'know I was thinking if we had a¬Öa big fight and uh we broke up for a few hours,Chandler,neutral,99,4,7,19,"00:05:33,541","00:05:38,211",o,4
982,Yeah?,Monica,fear,99,5,7,19,"00:05:38,379","00:05:39,522",b,5
983,"Technically we could have sex again. What do you think, bossy and domineering?!",Chandler,neutral,99,6,7,19,"00:05:38,379","00:05:46,136",q,6
984,"The wedding is off, sloppy and immature!",Monica,anger,99,7,7,19,"00:05:46,304","00:05:48,972",ans,7
985,That's me! Come on!,Chandler,joy,99,8,7,19,"00:05:49,140","00:05:50,474",dag,8
986,"Okay. But wait, we can't. My Cousin Cassie is in the guest room, we're supposed to have lunch.",Monica,neutral,99,9,7,19,"00:05:50,641","00:05:54,144",o,9
987,"Well, get rid of her, obsessive and shrill.",Chandler,neutral,99,10,7,19,"00:05:54,312","00:05:56,438",o,10
988,Shrill?! The wedding is back on!,Monica,anger,99,11,7,19,"00:05:57,440","00:05:59,900",s,11
1053,"Okay, I've got some Ones, you wanna put them in her panties?",Monica,neutral,109,0,4,14,"00:14:05,594","00:14:10,348",q,0
1054,"No thanks, Mom!",Chandler,disgust,109,1,4,14,"00:14:10,516","00:14:12,934",ans,1
1056,"Ha-ha, it's not my baby, ha-ha-ha!",Phoebe,anger,109,3,4,14,"00:14:25,030","00:14:27,740",s,2
1057,"Very good, so good.",Monica,joy,109,4,4,14,"00:14:30,160","00:14:33,454",a,3
1058,"I really, really enjoyed it. Very exotic.",Phoebe,joy,109,5,4,14,"00:14:33,622","00:14:38,042",s,4
1059,"Well, I just checked our messages and Joshua didn't call.",Rachel,sadness,109,6,4,14,"00:14:38,711","00:14:41,963",s,5
1060,I mean you'd think he'd be worried about me not showing up at his club.,Rachel,sadness,109,7,4,14,"00:14:42,131","00:14:45,550",o,6
1061,"Ugh, you know what makes it so much worse, Ross is all happy in Vermont!",Rachel,sadness,109,8,4,14,"00:14:45,718","00:14:50,513",s,7
1062,Come on! Look where you are!!,Phoebe,joy,109,9,4,14,"00:14:50,681","00:14:53,641",s,8
1063,"When you get a sec, another round of daiquiris.",Monica,neutral,109,10,4,14,"0:14:55,102","0:14:57,034",s,9
1064,"Remember, a virgin for me please.",Phoebe,neutral,109,11,4,14,"0:14:57,034","0:14:58,986",s,10
1065,Oh! And don't let me leave without getting the name of that carpet guy.,Monica,neutral,109,12,4,14,"00:14:59,106","00:15:02,400",o,11
1081,Wow thanks!,Joey,joy,111,0,7,1,"00:09:11,801","00:09:14,177",g,0
1082,Joe?,Chandler,fear,111,1,7,1,"0:09:17,848","0:09:18,810",oth,1
1083,Yeah!,Joey,joy,111,2,7,1,"0:09:18,810","0:09:20,452",b,2
1084,"Uh, you've had a lot of sex right?",Chandler,neutral,111,3,7,1,"00:09:20,601","00:09:26,439",q,3
1085,"When? Today? Some, not a lot.",Joey,surprise,111,4,7,1,"00:09:29,527","00:09:36,199",ans,4
1086,"Well, it's just the reason that I'm asking is because I kind of eh, uh, I was unable to¬óI mean I really wanted to, but I couldn't¬Ö.",Chandler,fear,111,5,7,1,"00:09:41,956","00:09:48,920",s,5
1087,"There huh¬óhmm, there-there was an incident.",Chandler,fear,111,6,7,1,"00:09:49,130","00:09:51,298",s,6
1088,"Don't worry about that man, that happens.",Joey,neutral,111,7,7,1,"00:09:52,758","00:09:55,844",o,7
1089,It's happened to you?,Chandler,surprise,111,8,7,1,"0:09:56,304","0:09:57,606",q,8
1090,Yeah! Once.,Joey,neutral,111,9,7,1,"0:09:57,606","0:09:59,654",ans,9
1091,"Well, what'd you do?",Chandler,surprise,111,10,7,1,"0:10:00,182","0:10:01,104",q,10
1092,I did it anyway.,Joey,neutral,111,11,7,1,"0:10:01,104","0:10:03,938",ans,11
1147,I don't know.,Joey,neutral,119,0,5,17,"0:14:47,928","0:14:48,471",s,0
1148,But I can see through your sheet.,Joey,neutral,119,1,5,17,"0:14:48,471","0:14:50,735",s,1
1149,"Yeah, yeah, that's her.",Joey,neutral,119,2,5,17,"0:14:53,475","0:14:55,237",s,2
1150,But y'know what?,Joey,neutral,119,3,5,17,"0:14:55,237","0:14:56,356",oth,3
1151,"Doesn't matter, I'm never gonna get to meet her anyway.",Joey,sadness,119,4,5,17,"00:14:53,475","00:14:58,354",o,4
1152,Why?,Monica,neutral,119,5,5,17,"00:14:56,478","00:14:58,354",q,5
1153,"Because it's impossible to find her apartment! She lives in some like of hot girl parallel universe, or something.",Joey,sadness,119,6,5,17,"00:14:58,522","00:15:04,527",ans,6
1154,"What are you talking about? She obviously lives on the second floor, seventh apartment from the left!",Monica,surprise,119,7,5,17,"00:15:05,446","00:15:10,633",q,7
1155,No. No. No. She lives on the,Joey,neutral,119,8,5,17,"00:15:10,701","00:15:14,662",dag,8
1156,"No, those first two windows, that's the lobby.",Monica,neutral,119,9,5,17,"00:15:14,830","00:15:18,082",s,9
1157,"And y'know the other one over there, that's the stairway.",Monica,neutral,119,10,5,17,"0:15:18,292","0:15:20,878",s,10
1158,You've been counting wrong.,Monica,neutral,119,11,5,17,"0:15:20,878","0:15:21,827",s,11
1184,"And y'know what, I just realised, in the last year I've only gone out with two guys, Richard and Julio.",Monica,surprise,122,0,3,18,"00:06:44,320","00:06:53,120",s,0
1185,"You gotta help me out here, you gotta set me up, you gotta get me back in the game.",Monica,fear,122,1,3,18,"00:06:49,492","00:06:53,120",o,1
1186,"Well, that shouldn't be a problem. I mean I work in fashion and all I meet are eligible straight men.",Rachel,neutral,122,2,3,18,"00:06:53,287","00:06:57,374",dag,2
1187,"Pete, can I get you something else?",Monica,neutral,122,3,3,18,"00:07:01,337","00:07:02,712",q,3
1188,"Yeah, a slice of cheesecake and-and a date if you're given' ¬ëem out.",Pete,neutral,122,4,3,18,"00:07:02,880","00:07:05,757",ans,4
1189,Haven't you and I covered that topic?,Monica,neutral,122,5,3,18,"00:07:06,342","00:07:08,218",q,5
1190,"Hmm, come on, you just said to her that you¬Ö.",Pete,neutral,122,6,3,18,"00:07:08,386","00:07:11,930",ans,6
1191,"Aww, the only reason you want to go out with me because my blond wig, and the big boobs, and the fact that I serve you food.",Monica,joy,122,7,3,18,"00:07:08,386","00:07:15,475",o,7
1192,"Well, if that were true, I'd dating my Aunt Ruth.",Pete,joy,122,8,3,18,"00:07:15,643","00:07:18,228",s,8
1193,And the two times we went out were just plain awkward.,Pete,disgust,122,9,3,18,"00:07:20,064","00:07:26,111",s,9
1194,"Come on, you think she should go out with me, don't you?",Pete,neutral,122,10,3,18,"00:07:24,235","00:07:30,574",q,10
1195,"Well, I mean, are you sure you want to go out with her?",Rachel,neutral,122,11,3,18,"0:07:28,364","0:07:34,046",q,11
1212,I know I miss you too. I can't wait to see you. I love you. Bye.,Ross,joy,124,0,5,6,"00:10:12,194","00:10:16,156",s,0
1213,"Okay, what is in here? Rocks?",Chandler,surprise,124,1,5,6,"00:10:16,699","00:10:18,366",q,1
1214,"No-no, this is my collection of fossil samples.",Ross,neutral,124,2,5,6,"00:10:18,993","00:10:21,911",ans,2
1215,"So, rocks.",Chandler,disgust,124,3,5,6,"00:10:22,288","00:10:23,955",oth,3
1216,"I'm really gonna miss this apartment. Y'know, Ben-Ben took his first steps right over there.",Ross,sadness,124,4,5,6,"00:10:33,591","00:10:39,638",s,4
1217,"Ohh. Hey, remember when I ran into this thing and it kinda knocked me out a little?",Joey,joy,124,5,5,6,"00:10:40,765","00:10:44,392",s,5
1218,"I loved this place! To tell you the truth, I wish I didn't have to move.",Ross,joy,124,6,5,6,"00:10:46,187","00:10:50,899",o,6
1219,"Uhh, are you saying that you're not entirely happy about this?",Joey,surprise,124,7,5,6,"00:10:51,067","00:10:56,321",q,7
1220,"Well, I mean if uh, if Emily gave me a choice",Ross,sadness,124,8,5,6,"00:10:56,530","00:10:59,032",ans,8
1221,You,Joey,neutral,124,9,5,6,"00:10:59,241","00:11:01,326",oth,9
1222,Why?,Ross,neutral,124,10,5,6,"00:11:01,869","00:11:04,996",q,10
1223,"Hey, you guys! Look what I found in the giiiiiiift shop. Get up! Get up! Get up!",Joey,joy,124,11,5,6,"00:11:05,456","00:11:12,712",c,11
1233,"Morning's here! Sunshine is here! The sky is clear, the morning's here! The morning's here!",The Singing Man,joy,126,0,4,19,"00:00:06,756","00:00:22,271",oth,0
1234,HEY!! Do you,Rachel,anger,126,1,4,19,"00:00:24,941","00:00:28,527",q,1
1235,Oh come on! Morning's here! Morning's here! The morning is here! Sunshine is here!,The Singing Man,joy,126,2,4,19,"00:00:29,029","00:00:36,160",oth,2
1236,I,Rachel,neutral,126,3,4,19,"00:00:44,377","00:00:46,420",oth,3
1237,Are you kidding? I love that guy! Morning's here! Morning is here¬ó,Joey,joy,126,4,4,19,"00:00:56,181","00:01:03,187",ans,4
1238,Stop it! I will kill you. I hate the fact that my room is so small.,Rachel,anger,126,5,4,19,"00:01:03,354","00:01:12,738",o,5
1239,"Hey, I have all the space I need. Just do what I did.",Monica,neutral,126,6,4,19,"00:01:12,906","00:01:15,616",s,6
1240,"Monica, you don't even have a bed, you sleep in a ball on the floor!",Rachel,anger,126,7,4,19,"00:01:15,784","00:01:19,661",s,7
1241,Y'know what? I am,Monica,neutral,126,8,4,19,"00:01:21,581","00:01:23,749",s,8
1242,I'm sorry. I'm so sorry.,Rachel,sadness,126,9,4,19,"00:01:27,837","00:01:29,713",ap,9
1243,Okay.,Monica,neutral,126,10,4,19,"00:01:29,881","00:01:31,757",oth,10
1244,"See, this is a",Joey,neutral,126,11,4,19,"00:01:31,925","00:01:33,258",oth,11
1282,Hi Joey! What are you doing here?,Rachel,joy,130,0,7,5,"00:06:00,902","00:06:03,362",q,0
1283,"Uhh, well I've got an audition down the street and I spilled sauce all over the front of my shirt. You got an extra one?",Joey,neutral,130,1,7,5,"00:06:03,529","00:06:12,496",q,1
1284,"Yeah, sure. Umm¬Öhere.",Rachel,neutral,130,2,7,5,"00:06:08,701","00:06:15,582",ans,2
1285,Great. You got anything that's not,Joey,disgust,130,3,7,5,"00:06:15,833","00:06:20,587",q,3
1286,"Yeah, I don't think so Joe.",Rachel,neutral,130,4,7,5,"00:06:22,507","00:06:24,174",ans,4
1287,"All right, I guess this will be fine.",Joey,neutral,130,5,7,5,"00:06:26,386","00:06:27,886",o,5
1288,"Hey, listen umm, what-what are you doing tonight?",Rachel,neutral,130,6,7,5,"0:06:28,054","0:06:30,406",q,6
1289,"Nothing, why?",Joey,neutral,130,7,7,5,"0:06:30,406","0:06:31,490",ans,7
1290,How would you feel about taking out my assistant Tag? I'll pay.,Rachel,neutral,130,8,7,5,"00:06:31,641","00:06:35,769",q,8
1291,"Huh, Rach I got to say it's gonna take a lot of money for me to go out on a date with a dude.",Joey,disgust,130,9,7,5,"00:06:35,937","00:06:40,190",ans,9
1292,I'm not asking you to go on a,Rachel,neutral,130,10,7,5,"00:06:41,692","00:06:44,611",s,10
1293,Really? ¬ëCause I could kinda use the money.,Joey,surprise,130,11,7,5,"00:06:44,779","00:06:47,739",o,11
1342,"Okay, I have to tell you something that I have never admitted during our entire friendship!",Rachel,anger,138,0,5,12,"00:11:52,795","00:11:55,964",s,0
1343,"But, when we were in high school I made out with James Farrell even when I knew that you liked him!",Rachel,anger,138,1,5,12,"00:11:56,132","00:12:00,343",s,1
1344,"Wow, that feels so good to get off my chest!",Rachel,joy,138,2,5,12,"0:12:00,511","0:12:02,388",o,2
1345,"Okay, you go!",Rachel,anger,138,3,5,12,"0:12:02,388","0:12:03,876",c,3
1346,My turn? What-what are you talking about?,Monica,surprise,138,4,5,12,"00:12:05,349","00:12:07,892",q,4
1347,"Ugh, Monica, I know about you and Chandler.",Rachel,disgust,138,5,5,12,"00:12:08,102","00:12:12,313",ans,5
1348,What?!,Monica,surprise,138,6,5,12,"00:12:13,441","00:12:14,482",q,6
1349,"I overheard you guys on the phone the other day, and you said, ""I'll just tell Rachel that I'm doing laundry for a couple of hours.""",Rachel,neutral,138,7,5,12,"00:12:14,650","00:12:21,531",ans,7
1350,"And he said, ""Laundry?",Rachel,neutral,138,8,5,12,"0:12:21,741","0:12:23,410",s,8
1351,Is,Rachel,neutral,138,9,5,12,"0:12:23,410","0:12:24,852",oth,9
1352,Well. Sounds like you're writing yourself a little play there Rach. Wow! Let me know how that one turns out.,Monica,joy,138,10,5,12,"00:12:36,756","00:12:44,304",s,10
1353,"Well, I wouldn't know because I got so freaked out that I hung up the phone.",Rachel,anger,138,11,5,12,"00:12:44,472","00:12:51,603",s,11
1389,"Oh, Danielle! I wasn't expecting the machine... Give me a call when you get a chance. Bye-bye. Oh God!",Chandler,surprise,145,0,1,20,"00:05:09,309","00:05:21,320",s,0
1390,That's,Monica,neutral,145,1,1,20,"00:05:25,116","00:05:28,535",oth,1
1391,"Hey, I've been honing!",Chandler,anger,145,2,1,20,"00:05:29,162","00:05:30,871",s,2
1392,What was with the dishes?,Ross,neutral,145,3,1,20,"00:05:31,831","00:05:32,998",q,3
1393,"Oh, uh..",Chandler,fear,145,4,1,20,"0:05:33,166","0:05:33,959",b,4
1394,I want her to think I might be in a restaurant.. y'know?,Chandler,fear,145,5,1,20,"0:05:33,959","0:05:36,229",ans,5
1395,"I might have some kind of life, like I haven't been sitting around here honing for the past few hours.",Chandler,anger,145,6,1,20,"00:05:36,336","00:05:42,966",o,6
1396,"Look look! He's doing it again, the guy with the telescope!",Monica,surprise,145,7,1,20,"00:05:43,301","00:05:52,934",s,7
1397,Oh my God! Go away! Stop looking in here!,Phoebe,anger,145,8,1,20,"00:05:45,720","00:05:52,934",c,8
1398,"Great, now he's waving back.",Monica,disgust,145,9,1,20,"00:05:53,102","00:05:55,729",s,9
1399,"Man, we gotta do something about that guy.",Joey,disgust,145,10,1,20,"00:05:57,148","00:05:58,815",o,10
1400,"This morning, I caught him looking into our apartment.",Joey,disgust,145,11,1,20,"00:05:58,983","00:06:01,318",s,11
1408,Y'know they say a watched pot never beeps.,Monica,neutral,146,0,3,14,"00:11:29,814","00:11:33,149",s,0
1409,"It's just y'know, been a couple of hours, and she hasn't called. Not that I even care, y'know.",Phoebe,sadness,146,1,3,14,"00:11:38,948","00:11:46,538",o,1
1410,Phoebe why don't you just call her? You obviously want to.,Monica,neutral,146,2,3,14,"00:11:44,328","00:11:48,790",o,2
1411,You think you know me so well.,Phoebe,anger,146,3,3,14,"00:11:48,958","00:11:50,959",s,3
1412,"Well, don't ¬ëcha wanna?",Monica,neutral,146,4,3,14,"0:11:51,127","0:11:52,128",q,4
1413,Yeah.,Phoebe,neutral,146,5,3,14,"0:11:52,128","0:11:54,017",ans,5
1414,"Okay, well I do know you.",Monica,neutral,146,6,3,14,"0:11:55,131","0:11:56,633",ag,6
1415,That's what I said.,Phoebe,neutral,146,7,3,14,"0:11:56,633","0:11:58,887",a,7
1416,Well so?,Monica,neutral,146,8,3,14,"0:12:01,053","0:12:01,805",q,8
1417,I can't.,Phoebe,sadness,146,9,3,14,"0:12:01,805","0:12:03,147",ans,9
1418,I can't.,Phoebe,sadness,146,10,3,14,"0:12:03,147","0:12:03,683",ans,10
1419,"She dumped me, I mean I totally trusted her and then one day it was ¬ëOkay, bye Pheebs' gone.",Phoebe,sadness,146,11,3,14,"00:12:03,764","00:12:11,020",s,11
1421,"Ok, bye. Well, Monica's not coming, it's just gonna be me and Rachel.",Ross,neutral,147,0,1,5,"00:07:08,803","00:07:12,389",s,0
1422,"Oh. Well, hold on camper, are you sure you've thought this thing through?",Chandler,neutral,147,1,1,5,"00:07:13,766","00:07:16,852",q,1
1423,It's laundry. The thinking through is minimal.,Ross,neutral,147,2,1,5,"00:07:17,103","00:07:20,272",ans,2
1424,"It's just you and Rachel, just the two of you? This is a date. You're going on a date.",Chandler,joy,147,3,1,5,"00:07:21,399","00:07:26,027",q,3
1425,Nuh-uh.,Ross,fear,147,4,1,5,"00:07:27,864","00:07:28,989",ans,4
1426,Yuh-huh.,Chandler,joy,147,5,1,5,"00:07:31,325","00:07:32,576",dag,5
1427,"So what're you saying here? I should shave again, pick up some wine, what?",Ross,surprise,147,6,1,5,"00:07:33,703","00:07:37,539",q,6
1428,"Well, you may wanna rethink the dirty underwear.",Chandler,disgust,147,7,1,5,"00:07:37,790","00:07:41,126",ans,7
1429,This is basically the first time she's gonna see your underwear¬óyou want it to be dirty?,Chandler,surprise,147,8,1,5,"00:07:42,420","00:07:46,548",q,8
1430,No.,Ross,neutral,147,9,1,5,"00:07:50,887","00:07:52,179",ans,9
1431,"Oh, and uh, the fabric softener?",Chandler,neutral,147,10,1,5,"00:07:53,639","00:07:55,807",q,10
1432,"Ok, ok, now what is wrong with my",Ross,anger,147,11,1,5,"00:07:56,017","00:07:58,810",q,11
1495,"No real-, honey, really it's fine, just g-go with Susan.",Ross,neutral,153,0,3,6,"00:09:15,304","00:09:21,851",s,0
1496,"Really, I, no, I think girls night out is a great idea.",Ross,joy,153,1,3,6,"00:09:20,768","00:09:25,146",o,1
1497,"Okay, okay, bye",Ross,neutral,153,2,3,6,"00:09:27,233","00:09:28,858",g,2
1498,So what are they doing?,Phoebe,neutral,153,3,3,6,"0:09:29,402","0:09:30,487",q,3
1499,"I don't know, something girlie.",Ross,joy,153,4,3,6,"0:09:30,487","0:09:32,851",ans,4
1500,"Hey, you're early.",Phoebe,neutral,153,5,3,6,"00:09:36,659","00:09:37,909",o,5
1501,What are you doing with the lamp?,Monica,surprise,153,6,3,6,"00:09:38,160","00:09:40,078",q,6
1502,I'm just taking it to be re-wired.,Phoebe,neutral,153,7,3,6,"00:09:40,580","00:09:51,965",ans,7
1503,"Oh, well don't take it to the same place you took the stereo, ¬ëcause they've had that thing for over a week.",Monica,disgust,153,8,3,6,"00:09:44,333","00:10:00,015",o,8
1504,"No, no, Mr. Heckles no one is making any noise up here.",Phoebe,neutral,153,9,3,6,"00:09:56,512","00:10:00,015",s,9
1505,You're disturbing my oboe practice.,Mr. Heckles,anger,153,10,3,6,"00:10:00,558","00:10:02,934",s,10
1506,You don't play the oboe!,Phoebe,anger,153,11,3,6,"0:10:03,311","0:10:04,523",s,11
1517,Ross?,Mona,neutral,155,0,8,5,"0:20:39,238","0:20:39,781",s,0
1518,Yeah?,Ross,neutral,155,1,8,5,"0:20:39,781","0:20:40,456",b,1
1519,Hey it's Mona! From the wedding.,Mona,joy,155,2,8,5,"00:20:40,572","00:20:43,074",g,2
1520,Oh hi!,Ross,joy,155,3,8,5,"0:20:43,242","0:20:44,953",g,3
1521,Hi!,Mona,joy,155,4,8,5,"0:20:44,953","0:20:45,907",g,4
1522,Wow! Uh¬Öhow are you?,Ross,surprise,155,5,8,5,"00:20:47,371","00:20:49,497",q,5
1523,"I'm good except umm, you still owe me a dance.",Mona,neutral,155,6,8,5,"00:20:49,665","00:20:56,170",ans,6
1524,"Oh that's right. Well uh, would you be interested in seeing a Ukrainian film?",Ross,joy,155,7,8,5,"00:20:51,458","00:20:56,170",q,7
1525,Oh you're serious. Sure!,Mona,surprise,155,8,8,5,"00:20:58,465","00:21:00,383",ans,8
1526,Great! Well umm,Ross,joy,155,9,8,5,"00:21:01,885","00:21:04,178",oth,9
1527,I think I might need one more cup of coffee.,Mona,neutral,155,10,8,5,"00:21:05,180","00:21:07,390",o,10
1528,"Sure! Uh, let me get it for ya.",Ross,neutral,155,11,8,5,"0:21:07,557","0:21:09,101",ag,11
1568,Hi.,Ross,neutral,160,0,3,14,"0:05:29,162","0:05:29,714",g,0
1569,"Hi, sweetie!",Rachel,joy,160,1,3,14,"0:05:29,714","0:05:30,891",g,1
1570,Hello.,Ross,neutral,160,2,3,14,"00:05:30,997","00:05:32,956",g,2
1571,"Hi, Ross.",Mark,neutral,160,3,3,14,"00:05:33,124","00:05:34,374",g,3
1572,"Yeah, huh.",Ross,neutral,160,4,3,14,"00:05:34,542","00:05:35,959",b,4
1573,I?ve got some bad news.,Rachel,sadness,160,5,3,14,"0:05:37,295","0:05:38,922",s,5
1574,What?,Ross,fear,160,6,3,14,"0:05:38,922","0:05:39,530",q,6
1575,"I can get a quick bite to eat, but then I have to come back up here.",Rachel,neutral,160,7,3,14,"00:05:39,630","00:05:41,965",ans,7
1576,"Come on sweetie! You?ve had to work late every night for the past two weeks, what is it this time?",Ross,sadness,160,8,3,14,"00:05:42,133","00:05:48,305",q,8
1578,"But work comes first! Oh hey, but that?s sad about you though, what happened? Burn out? Burn all out, did ya?",Ross,joy,160,10,3,14,"00:05:48,473","00:05:57,689",q,9
1579,"Nooo, he?s leaving for a better job.",Rachel,neutral,160,11,3,14,"00:05:59,609","00:06:01,735",ans,10
1580,"Oh well that?s great, so I guess this is ah, this is good bye then. Huh? Good bye.",Ross,joy,160,12,3,14,"00:06:01,903","00:06:06,740",g,11
1635,"¬ëCause every time I see your face, I can't help but fall from grace. I know.....",Singer,joy,167,0,3,14,"00:00:10,135","00:00:18,100",oth,0
1636,Wow! This girl is good.,Joey,surprise,167,1,3,14,"00:00:18,268","00:00:19,852",o,1
1637,"Oh-ho yeah! A song with rhyming words. Oo, I never thought of that before.",Phoebe,anger,167,2,3,14,"00:00:20,020","00:00:23,856",s,2
1638,I like her.,Chandler,neutral,167,3,3,14,"00:00:26,192","00:00:27,234",o,3
1639,Why? Because she can sing and play guitar and do both at the same time?,Phoebe,neutral,167,4,3,14,"00:00:27,402","00:00:31,655",o,4
1640,"Well, that's pretty much all I'm looking for from these people.",Chandler,neutral,167,5,3,14,"00:00:32,741","00:00:35,492",s,5
1641,Look at you. All jealous.,Monica,anger,167,6,3,14,"00:00:36,369","00:00:38,412",s,6
1642,"Yeah Pheebs, come on, you two have completely different styles. Y'know, she's more.. y'know, and you're more",Ross,neutral,167,7,3,14,"00:00:38,580","00:00:47,880",o,7
1643,Say you'll stay beside me,Joey,sadness,167,8,3,14,"00:00:49,247","00:00:52,801",oth,8
1644,"Okay, see, see, everyone else is happy she's done.",Phoebe,anger,167,9,3,14,"00:00:57,807","00:01:01,018",s,9
1645,"Okay, my next song's called: Phoebe Buffay, What Can I Say.",Singer,neutral,167,10,3,14,"00:01:02,979","00:01:08,692",s,10
1646,"I Really Loved When We Were Singing Partners, And I Shouldn't Have Left You That Way.",Singer,neutral,167,11,3,14,"00:01:05,815","00:01:12,321",o,11
1648,"Yes, hello.",Ross,neutral,168,0,5,24,"0:05:44,177","0:05:45,309",g,0
1649,I have a question.,Ross,neutral,168,1,5,24,"0:05:45,309","0:05:46,226",s,1
1650,"Umm, I used your pen to draw on my friend's face.",Ross,neutral,168,2,5,24,"00:05:46,346","00:05:51,558",s,2
1651,A beard and a moustache.,Ross,neutral,168,3,5,24,"00:05:52,393","00:05:54,478",s,3
1652,Thank you.,Ross,neutral,168,4,5,24,"00:05:57,190","00:05:59,358",g,4
1653,"No,",Ross,neutral,168,5,5,24,"00:06:00,526","00:06:02,694",dag,5
1654,What?! What else did he say?,Rachel,surprise,168,6,5,24,"00:06:24,300","00:06:26,134",q,6
1655,"Umm, he said he thought I was funny.",Ross,neutral,168,7,5,24,"00:06:26,344","00:06:29,596",ans,7
1656,"So¬Ö Okay, look-look umm, let's just go downstairs, we'll have some fun, and you will forget all about it.",Ross,neutral,168,8,5,24,"00:06:31,599","00:06:38,230",o,8
1657,"Ross, no! There is",Rachel,anger,168,9,5,24,"00:06:38,439","00:06:41,525",dag,9
1658,"Oh, come on! Rach, it's-it's not that bad.",Ross,neutral,168,10,5,24,"00:06:41,734","00:06:43,819",o,10
1659,"Ross, I am a human doodle!!",Rachel,anger,168,11,5,24,"00:06:44,070","00:06:46,071",s,11
1671,Oh my God!!! What are you doing?!!,Monica,surprise,170,0,3,6,"00:12:38,674","00:12:41,843",q,0
1672,"You said, you wanna come in for some lemonade?",Joey,neutral,170,1,3,6,"00:12:42,136","00:12:44,846",ans,1
1673,So?!,Monica,disgust,170,2,3,6,"00:12:45,055","00:12:46,347",q,2
1674,"Whoa, ah!! We're you just gonna give me some lemonade?",Joey,surprise,170,3,3,6,"00:12:47,892","00:12:51,269",ans,3
1675,Yeah huh!! Cover yourself up!,Monica,disgust,170,4,3,6,"00:12:51,937","00:12:53,021",c,4
1676,"Oh right, right.",Joey,neutral,170,5,3,6,"00:12:53,522","00:12:54,731",ag,5
1677,"I don't believe this! When someone asks you in for lemonade, and to you that means they wanna have sex?",Monica,disgust,170,6,3,6,"00:12:54,982","00:13:00,528",q,6
1678,Well usually...yeah!,Joey,surprise,170,7,3,6,"00:13:00,696","00:13:03,656",ans,7
1679,"Well, not just lemonade, iced tea, sometimes juice.",Joey,neutral,170,8,3,6,"00:13:03,866","00:13:06,034",s,8
1680,"Well, sorry, I just, I thought you liked me.",Joey,neutral,170,9,3,6,"00:13:07,870","00:13:12,040",o,9
1681,I'm such a jerk.,Joey,sadness,170,10,3,6,"00:13:12,249","00:13:14,083",s,10
1682,"It's okay. I suppose it could happen to anyone, not anyone I know, but... By the way I can still see it.",Monica,neutral,170,11,3,6,"00:13:16,337","00:13:23,009",o,11
1721,We did?,Joey,neutral,175,0,1,9,"0:07:55,224","0:07:55,850",q,0
1722,You owe me 20 bucks.,Monica,joy,175,1,1,9,"0:07:55,850","0:07:58,290",s,1
1723,Thank you. Thank you so much!,Rachel,joy,175,2,1,9,"00:07:58,394","00:08:00,896",g,2
1724,"Chandler, here you go, got your traditional Thanksgiving feast, you got your tomato soup, your grilled cheese fixin's, and your family size bag of Funyuns.",Monica,neutral,175,3,1,9,"00:08:01,063","00:08:09,237",s,3
1725,"Wait, wait, Chandler, this is what you're havin' for Thanksgiving dinner?",Rachel,surprise,175,4,1,9,"00:08:09,405","00:08:12,032",q,4
1726,"What, what, what is it with you and this holiday?",Rachel,anger,175,5,1,9,"00:08:12,200","00:08:14,784",q,5
1727,"All right, I'm nine years old.",Chandler,neutral,175,6,1,9,"00:08:16,204","00:08:17,496",ans,6
1728,"Oh, I hate this story.",Ross,sadness,175,7,1,9,"00:08:17,663","00:08:19,331",o,7
1729,We just finished this magnificent Thanksgiving dinner.,Chandler,neutral,175,8,1,9,"00:08:19,499","00:08:21,416",s,8
1730,"I have--and I remember this part vividly--a mouthful of pumpkin pie, and this is the moment my parents choose to tell me they're getting divorced.",Chandler,sadness,175,9,1,9,"00:08:26,005","00:08:30,091",s,9
1731,Oh my god.,Rachel,surprise,175,10,1,9,"00:08:30,259","00:08:31,635",b,10
1732,Yes. It's very difficult to appreciate a Thanksgiving dinner once you've seen it in reverse.,Chandler,sadness,175,11,1,9,"00:08:31,802","00:08:36,223",o,11
1759,Yeah.,Rachel,neutral,179,0,7,22,"0:13:30,893","0:13:31,995",ans,0
1760,"You're an Aquarius, huh?",Policeman,neutral,179,1,7,22,"0:13:31,995","0:13:34,073",q,1
1761,I bet you're a Gemini.,Rachel,neutral,179,2,7,22,"0:13:35,773","0:13:37,455",q,2
1762,Nope.,Policeman,neutral,179,3,7,22,"0:13:37,455","0:13:38,121",ans,3
1763,Taurus?,Rachel,neutral,179,4,7,22,"0:13:38,317","0:13:38,949",q,4
1764,Nope.,Policeman,neutral,179,5,7,22,"0:13:38,949","0:13:39,619",ans,5
1765,Virgo?,Rachel,neutral,179,6,7,22,"0:13:39,735","0:13:40,987",q,6
1766,Nope.,Policeman,neutral,179,7,7,22,"0:13:40,987","0:13:41,613",ans,7
1767,Sagittarius?,Rachel,neutral,179,8,7,22,"0:13:42,071","0:13:42,155",q,8
1768,Yep.,Policeman,neutral,179,9,7,22,"0:13:42,155","0:13:43,845",ans,9
1769,"I knew it! I knew it, ahh¬Ö.",Rachel,joy,179,10,7,22,"00:13:43,948","00:13:46,407",s,10
1772,You're not gonna speed anymore right?,Policeman,neutral,179,11,7,22,"0:13:46,575","0:13:49,137",q,11
1781,Hey!,Monica,joy,180,0,8,24,"0:02:27,844","0:02:28,971",g,0
1785,I can't believe this is taking so long. How are you doing?,Monica,sadness,180,4,8,24,"00:02:29,220","00:02:32,098",q,1
1786,Oh not bad. Do you know that feeling when you're trying to blow a Saint Bernard out your ass?,Rachel,sadness,180,5,8,24,"00:02:32,265","00:02:37,478",ans,2
1787,Weirdest thing. Did I hear¬ó¬óMother of God it's true!,Chandler,surprise,180,6,8,24,"00:02:40,565","00:02:45,987",s,3
1788,Chandler Bing!,Janice,surprise,180,7,8,24,"00:02:46,904","00:02:50,908",oth,4
1789,Janice,Joey,surprise,180,8,8,24,"00:02:51,075","00:02:52,076",oth,5
1790,"Not just Janice, Janice in labor, contracting and everything.",Ross,joy,180,9,8,24,"00:02:52,243","00:02:56,789",s,6
1791,"Oh, this should be easy. I have a very wide pelvis. You remember Chandler.",Janice,neutral,180,10,8,24,"00:02:58,249","00:03:01,586",o,7
1792,Janice I didn't even know you were pregnant! Who's the unwitting human who's essence you've stolen?,Chandler,surprise,180,11,8,24,"00:03:07,258","00:03:13,473",q,8
1793,It's you. This is yours.,Janice,neutral,180,12,8,24,"00:03:15,516","00:03:19,604",ans,9
1794,What?!,Chandler,surprise,180,13,8,24,"00:03:20,146","00:03:21,397",q,10
1795,Look how nervous he gets! We haven't slept together in years!,Janice,joy,180,14,8,24,"00:03:21,564","00:03:25,234",s,11
1802,"Hey, what's up?",Monica,neutral,182,0,5,10,"00:06:55,456","00:06:57,666",q,0
1803,I just saw Danny getting on the subway with a girl and he had his arm around her.,Rachel,sadness,182,1,5,10,"00:06:57,834","00:07:02,921",ans,1
1804,"Oh, honey, I'm sorry.",Monica,sadness,182,2,5,10,"00:07:03,089","00:07:04,506",ap,2
1805,"Well, you should be, this is all your fault! You meddled in our relationship!!",Rachel,anger,182,3,5,10,"00:07:04,757","00:07:11,596",o,3
1806,You had no relationship!!,Monica,anger,182,4,5,10,"00:07:11,764","00:07:13,598",dag,4
1807,"No, but I was doing my thing and everything was going according to the plan!",Rachel,anger,182,5,5,10,"00:07:13,766","00:07:18,603",dag,5
1808,"Oh God, stop with the plan!",Monica,anger,182,6,5,10,"00:07:18,771","00:07:22,149",c,6
1809,"So what, so what you saw him with a girl?",Monica,neutral,182,7,5,10,"00:07:22,316","00:07:25,444",q,7
1810,Who cares?!,Monica,anger,182,8,5,10,"0:07:25,611","0:07:27,363",o,8
1811,That doesn't mean anything!,Monica,anger,182,9,5,10,"0:07:27,363","0:07:27,585",s,9
1812,"Now look, you're going to go out on a date with Danny and you're going to be so charming he's gonna forget all about that stupid subway girl.",Monica,neutral,182,10,5,10,"00:07:27,697","00:07:33,577",o,10
1813,She was kinda stupid.,Rachel,neutral,182,11,5,10,"00:07:34,787","00:07:36,913",s,11
1819,Hi.,Phoebe,neutral,183,0,2,4,"00:09:52,592","00:09:53,925",g,0
1820,Phoebe!,Duncan,surprise,183,1,2,4,"0:09:54,343","0:09:55,315",g,1
1821,Ta-da.,Phoebe,joy,183,2,2,4,"0:09:55,315","0:09:56,264",g,2
1822,Hey.,Duncan,neutral,183,3,2,4,"0:09:57,346","0:09:58,139",g,3
1823,Hi.,Phoebe,neutral,183,4,2,4,"0:09:58,139","0:09:58,830",g,4
1824,"Ahh, look at you, you look great.",Duncan,joy,183,5,2,4,"00:09:59,098","00:10:01,308",o,5
1825,"Do I? Thank you, so do you.",Phoebe,neutral,183,6,2,4,"00:10:01,684","00:10:03,810",o,6
1826,Thanks.,Duncan,neutral,183,7,2,4,"0:10:04,186","0:10:05,688",g,7
1827,Sparkly.,Phoebe,neutral,183,8,2,4,"0:10:05,688","0:10:06,938",s,8
1828,"So, wow, this is pretty wonerful, huh.",Phoebe,joy,183,9,2,4,"00:10:09,025","00:10:15,572",o,9
1829,Mr. major capades guy.,Phoebe,neutral,183,10,2,4,"00:10:10,318","00:10:15,572",oth,10
1830,"I, I remember when you were just, like, King Friday in Mr. Roger's Ice is Nice.",Phoebe,neutral,183,11,2,4,"00:10:16,824","00:10:21,494",o,11
1839,"Hi Joey it's Jane Rogers, can't wait for your party tonight.",Jane,joy,184,0,9,20,"00:05:46,751","00:05:49,462",o,0
1840,"Listen, I forgot your address, can you give me a call?",Jane,neutral,184,1,9,20,"0:05:49,629","0:05:52,341",q,1
1841,"Thanks, bye.",Jane,neutral,184,2,9,20,"0:05:52,341","0:05:54,322",g,2
1842,Hey!,Joey,joy,184,3,9,20,"0:05:55,676","0:05:56,344",g,3
1843,Hey!,Rachel,joy,184,4,9,20,"0:05:56,344","0:05:57,613",g,4
1844,What's happening?,Joey,joy,184,5,9,20,"00:05:57,720","00:05:58,888",q,5
1845,"Yeah, it's a real shame you can't make it to that one-woman show tonight.",Rachel,sadness,184,6,9,20,"00:05:59,138","00:06:03,351",o,6
1846,"Oh, I'd love to, but I gotta get up so early the next day and so, you know me, work comes first",Joey,neutral,184,7,9,20,"00:06:03,518","00:06:10,441",s,7
1847,"Oh, yeah, yeah, yeah...",Rachel,neutral,184,8,9,20,"00:06:06,729","00:06:10,441",ag,8
1848,"""Hi Joey, it's Jane Rogers can't wait for your party tonight""",Message,joy,184,9,9,20,"00:06:11,943","00:06:15,488",s,9
1849,Stupid Jane Rogers!!,Joey,anger,184,10,9,20,"00:06:17,281","00:06:19,575",o,10
1850,You are having a party tonight??,Rachel,surprise,184,11,9,20,"00:06:20,576","00:06:22,578",q,11
1861,Who's this from?,Rachel,surprise,185,0,1,24,"0:08:26,547","0:08:27,319",q,0
1862,"Oh, that's Ross's.",Chandler,neutral,185,1,1,24,"0:08:27,319","0:08:28,553",ans,1
1863,Oh... Oh my God. He remembered.,Rachel,surprise,185,2,1,24,"00:08:34,805","00:08:38,892",s,2
1864,Remembered what?,Phoebe,neutral,185,3,1,24,"00:08:39,101","00:08:40,310",q,3
1865,It was like months ago.,Rachel,surprise,185,4,1,24,"00:08:40,520","00:08:42,229",ans,4
1866,"We were walking by this antique store, and I saw this pin in the window, and I told him that it was just like one my grandmother had when I was a little girl.",Rachel,sadness,185,5,1,24,"00:08:42,438","00:08:49,819",ans,5
1867,Oh!,Rachel,surprise,185,6,1,24,"00:08:50,029","00:08:51,029",b,6
1868,I can't believe he remembered!,Rachel,surprise,185,7,1,24,"00:08:50,029","00:08:53,365",s,7
1869,"Oh, it's so pretty. This must have cost him a fortune.",Phoebe,surprise,185,8,1,24,"00:09:01,290","00:09:07,420",o,8
1870,I can't believe he did this.,Monica,surprise,185,9,1,24,"00:09:04,460","00:09:07,420",s,9
1871,"Come on, Ross? Remember back in college, when he fell in love with Carol and bought her that ridiculously expensive crystal duck?",Chandler,neutral,185,10,1,24,"00:09:07,630","00:09:16,555",s,10
1872,What did you just say?,Rachel,surprise,185,11,1,24,"00:09:14,887","00:09:16,555",q,11
1898,"I'm telling you, something's wrong! My brother does not stay out all night.",Monica,fear,189,0,5,12,"00:09:12,760","00:09:15,887",o,0
1899,Maybe we should check the trash chute.,Joey,neutral,189,1,5,12,"00:09:16,055","00:09:18,181",o,1
1900,Ross couldn't fit down the trash chute.,Rachel,neutral,189,2,5,12,"00:09:19,809","00:09:22,143",s,2
1901,"That's right, he almost could. Which is exactly how I got stuck there.",Joey,neutral,189,3,5,12,"00:09:22,353","00:09:27,315",ag,3
1902,Hey!,Phoebe,neutral,189,4,5,12,"0:09:28,985","0:09:29,957",g,4
1903,There he is!,Rachel,joy,189,5,5,12,"0:09:29,957","0:09:30,415",s,5
1904,Oh my God! Where the hell have you been?!!,Monica,anger,189,6,5,12,"00:09:30,528","00:09:34,447",q,6
1905,"Just, y'know out.",Ross,neutral,189,7,5,12,"00:09:35,283","00:09:37,534",ans,7
1906,"Ohh, out, oh God, I don't know why we didn't think to check there!",Rachel,anger,189,8,5,12,"00:09:37,743","00:09:42,289",o,8
1907,What were you doing?,Phoebe,neutral,189,9,5,12,"00:09:42,665","00:09:43,999",q,9
1908,"I uh, went to a bar. And then I just uh, just walked around for a while.",Ross,neutral,189,10,5,12,"00:09:44,208","00:09:50,630",ans,10
1910,He hooked up! He hooked up with someone.,Joey,surprise,189,12,5,12,"00:09:55,845","00:10:00,390",s,11
1989,"Rachel, we're sorry for pushing those guys on you.",Phoebe,sadness,199,0,6,19,"00:20:44,618","00:20:47,245",ap,0
1990,Oh that's all right!,Rachel,joy,199,1,6,19,"0:20:47,412","0:20:48,264",s,1
1991,"Y'know, I ended up having a really good time.",Rachel,joy,199,2,6,19,"0:20:48,264","0:20:50,186",s,2
1992,"Y'know, the charity was a big success and they raised a lot of money and awareness.",Rachel,joy,199,3,6,19,"00:20:50,290","00:20:54,752",s,3
1993,So what was it for anyway?,Chandler,neutral,199,4,6,19,"00:20:54,920","00:20:57,338",q,4
1994,I wanna say a disease.,Rachel,neutral,199,5,6,19,"00:20:58,298","00:21:00,466",ans,5
1995,Hey!,Joey,surprise,199,6,6,19,"0:21:02,719","0:21:03,281",g,6
1996,Hey!,All,surprise,199,7,6,19,"0:21:03,281","0:21:03,979",g,7
1997,I just got this really weird message from Ross. He said turn on,Joey,neutral,199,8,6,19,"00:21:04,096","00:21:08,432",s,8
1999,"Oh my God, look! That's Elizabeth!",Phoebe,surprise,199,9,6,19,"00:21:13,438","00:21:16,607",s,9
2000,Oh-oh Professor Geller.,Rachel,neutral,199,10,6,19,"00:21:24,700","00:21:28,244",s,10
2001,"Ahh, to be 13 again.",Joey,neutral,199,11,6,19,"00:21:30,580","00:21:33,040",o,11
2023,Hey!,Chandler,joy,202,0,6,5,"0:16:55,848","0:16:57,809",g,0
2024,How do you feel?,Phoebe,neutral,202,1,6,5,"0:16:57,809","0:16:58,343",q,1
2025,"Well, let's just say that Krog will be fully equipped to destroy the universe again in twelve to fourteen hours.",Chandler,neutral,202,2,6,5,"00:16:58,434","00:17:04,272",ans,2
2026,"Okay, so I",Phoebe,neutral,202,3,6,5,"00:17:05,816","00:17:08,860",oth,3
2027,And protected them from a tornado?,Chandler,neutral,202,4,6,5,"00:17:11,113","00:17:13,990",q,4
2028,Oh my God.,Monica,surprise,202,5,6,5,"00:17:17,786","00:17:18,870",oth,5
2029,"I know, the babies are asleep.",Phoebe,neutral,202,6,6,5,"00:17:19,038","00:17:21,664",s,6
2030,"Phoebe, what, what happened here?!",Monica,surprise,202,7,6,5,"00:17:22,332","00:17:24,417",q,7
2031,I did it! I took care of the babies all by myself!,Phoebe,joy,202,8,6,5,"00:17:24,585","00:17:27,420",ans,8
2032,But my apartment!,Monica,surprise,202,9,6,5,"0:17:27,588","0:17:31,634",oth,9
2035,Is not as important as the fact that Phoebe took care of the babies all by herself.,Chandler,neutral,202,12,6,5,"00:17:34,595","00:17:38,389",s,10
2036,"You're right, you're right I shouldn't freak out.",Monica,neutral,202,13,6,5,"00:17:39,725","00:17:42,518",ag,11
2090,"Oh, and I can also speak a little French. Voulez-vous coucher avec moi ce soir? Why? What did I say?",Monica,joy,207,0,3,15,"00:14:12,393","00:14:21,192",q,0
2091,"Well, you just asked if I wanted to go to bed with you tonight.",Mischa,neutral,207,1,3,15,"00:14:21,360","00:14:24,779",ans,1
2092,Oh my God! No wonder I get such great service at Cafe Maurice.,Monica,surprise,207,2,3,15,"00:14:28,534","00:14:33,872",s,2
2093,"Knock, knock, knock, knock, hi.",Phoebe,neutral,207,3,3,15,"00:14:32,454","00:14:33,872",g,3
2094,"Um, could you please tell Sergei that um, I was fascinated by what Boutros Boutros Gali said in the New York Times.",Phoebe,neutral,207,4,3,15,"00:14:34,123","00:14:42,088",s,4
2095,You didn't say Boutros Boutros Gali.,Phoebe,neutral,207,5,3,15,"0:14:45,676","0:14:47,698",s,5
2096,Boutros Boutros Gali.,Mischa,neutral,207,6,3,15,"0:14:47,698","0:14:48,557",oth,6
2097,He says he was too.,Mischa,neutral,207,7,3,15,"00:14:53,058","00:14:54,225",s,7
2098,Interesting.,Phoebe,neutral,207,8,3,15,"00:14:54,393","00:14:56,311",o,8
2099,So I was wondering....,Mischa,neutral,207,9,3,15,"00:14:57,521","00:14:59,772",oth,9
2100,"Okay, ah, before you get all talky again, umm, could you also please tell Sergei that I really like his suit.",Phoebe,joy,207,10,3,15,"00:14:59,940","00:15:09,282",s,10
2101,"Eh, he said, thank you very much, he thinks you look very pretty tonight, your hair, golden like the sun.",Mischa,joy,207,11,3,15,"00:15:22,838","00:15:28,343",s,11
2110,so we finally get to the top of the mountain and airhead here forgets the camera!,Danny,disgust,208,0,5,10,"00:15:09,575","00:15:15,496",s,0
2111,"Oh, y'know the same thing happened to me one time.",Joey,neutral,208,1,5,10,"00:15:15,506","00:15:18,666",s,1
2112,When did that happen to you?!,Chandler,surprise,208,2,5,10,"00:15:19,960","00:15:22,670",q,2
2113,Don't you remember when we were jogging in the park and we saw that really pretty bird and wanted to take a picture¬óI didn't have my camera!,Joey,neutral,208,3,5,10,"00:15:23,088","00:15:29,427",ans,3
2114,"Oh yeah. First off all, chasing the Churo guy isn't jogging.",Chandler,disgust,208,4,5,10,"00:15:29,595","00:15:33,056",o,4
2115,"Oh, this is so good you have got to try it.",Krista,joy,208,5,5,10,"00:15:34,725","00:15:38,019",o,5
2116,"Oh, damn! I got it on my pants.",Danny,anger,208,6,5,10,"0:15:49,031","0:15:51,242",s,6
2117,"Here, I'll get it.",Krista,neutral,208,7,5,10,"0:15:51,242","0:15:52,177",s,7
2118,We'd better take these pants off upstairs or that stain's gonna set.,Krista,neutral,208,8,5,10,"00:16:01,335","00:16:03,586",o,8
2119,Yep. I'm gonna wear these on our date tonight.,Danny,joy,208,9,5,10,"0:16:03,754","0:16:05,506",ag,9
2120,"Oh, great!",Rachel,surprise,208,10,5,10,"0:16:05,506","0:16:07,062",oth,10
2121,"Okay, bye! Oh my God!!",Chandler,joy,208,11,5,10,"00:16:08,092","00:16:10,677",g,11
2140,"So Chandler, your parents must've been thrilled when you told them you were engaged.",Mrs. Geller,joy,211,0,7,2,"00:09:26,023","00:09:29,734",o,0
2141,"Oh yeah, I should probably call them.",Chandler,neutral,211,1,7,2,"00:09:29,986","00:09:32,195",o,1
2142,I remember when we first got engaged.,Mr. Geller,joy,211,2,7,2,"00:09:33,239","00:09:35,490",s,2
2143,"Oh, I don't think I ever heard that story.",Chandler,neutral,211,3,7,2,"0:09:35,700","0:09:37,222",o,3
2145,"Well, I'd gotten Judy pregnant. I still don't know how that happened.",Mr. Geller,joy,211,5,7,2,"00:09:38,077","00:09:43,999",s,4
2146,You don't know how that happened?! Your dog thought my diaphragm was a chew toy!,Mrs. Geller,disgust,211,6,7,2,"00:09:44,166","00:09:48,503",s,5
2147,What a sweet story.,Chandler,neutral,211,7,7,2,"00:09:51,507","00:09:53,258",o,6
2148,"Well, at least you're not hearing it for the first time at your fifth grade Halloween party.",Monica,disgust,211,8,7,2,"00:09:54,343","00:09:57,220",s,7
2149,What?! They wanted a scary story!,Mr. Geller,surprise,211,9,7,2,"00:09:57,471","00:09:59,097",s,8
2150,"Anyway, we're really excited about our wedding plans, and well I guess pretty soon we'll be making a big withdrawal from the Monica wedding fund.",Monica,joy,211,10,7,2,"00:10:00,725","00:10:09,190",s,9
2151,What?,Monica,surprise,211,11,7,2,"0:10:12,278","0:10:13,154",q,10
2152,"You tell her Jack, I can't do it.",Mrs. Geller,fear,211,12,7,2,"0:10:13,154","0:10:14,981",ans,11
2192,"Okay, Mon, back me up here.",Ross,neutral,218,1,4,11,"0:12:18,112","0:12:19,338",c,0
2193,"Where you work the uh, waiters eat with the waiters, right?",Ross,neutral,218,2,4,11,"00:12:19,488","00:12:22,657",q,1
2194,"And the chefs eat with the other chefs, right?",Ross,neutral,218,3,4,11,"00:12:22,867","00:12:25,368",q,2
2195,I eat by myself in the alley because everybody hates me.,Monica,sadness,218,4,4,11,"00:12:25,661","00:12:29,998",ans,3
2196,"Look, Ross, really it's-it's no big deal.",Joey,neutral,218,5,4,11,"00:12:32,293","00:12:38,339",o,4
2197,"Y'know you wear a white coat, I wear a blue blazer, if that means we can't be friends at work, then so be it.",Joey,sadness,218,6,4,11,"00:12:35,880","00:12:42,302",o,5
2198,"Y'know, hey I understand.",Joey,neutral,218,7,4,11,"0:12:42,511","0:12:43,683",s,6
2199,Y'know?,Joey,neutral,218,8,4,11,"0:12:43,683","0:12:43,984",b,7
2200,"Hey, when I'm in a play and you're in the audience, I don't talk to you, right?",Joey,neutral,218,9,4,11,"00:12:44,221","00:12:48,933",s,8
2201,"So it's y'know, it's uh, it's cool.",Joey,neutral,218,10,4,11,"00:12:49,852","00:12:52,187",o,9
2202,I'll see you tomorrow.,Joey,neutral,218,11,4,11,"00:12:52,438","00:12:53,938",s,10
2203,"Yeah, when we're in the audience he doesn't talk to us, but he does wave.",Rachel,neutral,218,12,4,11,"00:12:57,067","00:13:00,069",s,11
2204,You did look like an idiot.,Chandler,joy,219,0,5,8,"00:06:44,612","00:06:46,780",o,0
2205,"Hey, I wasn't the only one who looked like an idiot.",Joey,neutral,219,1,5,8,"0:06:47,949","0:06:50,202",o,1
2206,All right?,Joey,neutral,219,2,5,8,"0:06:50,202","0:06:50,606",b,2
2207,"Remember when Ross tried to say, ""Butternut squash?""",Joey,joy,219,3,5,8,"00:06:51,285","00:06:53,912",s,3
2208,"And it came out, ""Squatternut buash?""",Joey,joy,219,4,5,8,"00:06:54,080","00:06:57,499",s,4
2209,Yeah that's the same.,Ross,neutral,219,5,5,8,"00:06:59,919","00:07:02,170",o,5
2210,That's it. That's my worse Thanksgiving.,Monica,sadness,219,6,5,8,"00:07:04,006","00:07:05,799",o,6
2211,Oh wait! That can't be the one Rachel's talking about. She didn't even know that happened. So which one was it?,Phoebe,neutral,219,7,5,8,"00:07:05,967","00:07:13,723",q,7
2213,"Umm, I-I really don't want to tell this story.",Monica,sadness,219,8,5,8,"00:07:13,891","00:07:16,351",ans,8
2214,"Oh, come on Monica, reliving past pain and getting depressed is what Thanksgiving is all about.",Chandler,neutral,219,9,5,8,"00:07:16,519","00:07:21,648",o,9
2215,"Y'know, for me anyway.",Chandler,sadness,219,10,5,8,"0:07:22,859","0:07:24,381",oth,10
2216,"And of course, the Indians.",Chandler,sadness,219,11,5,8,"0:07:24,381","0:07:25,783",s,11
2231,Bing! Ho! And the Bing-ette!,Doug,joy,222,0,8,11,"00:03:38,593","00:03:41,970",oth,0
2232,"Honey, you remember my boss Doug right?",Chandler,neutral,222,1,8,11,"0:03:42,138","0:03:44,307",q,1
2233,"Yes, hi.",Monica,neutral,222,2,8,11,"0:03:44,307","0:03:44,886",ans,2
2234,"Hi. So good news, the divorce is final. I signed the papers this A.M.",Doug,joy,222,3,8,11,"00:03:44,974","00:03:49,394",s,3
2235,"I didn't know you and Carol were getting divorced, I'm sorry.",Chandler,sadness,222,4,8,11,"00:03:49,562","00:03:52,022",s,4
2236,"Sorry? Finally chewed my leg out of that bear trap. Hey, congratulations to you guys though!",Doug,joy,222,5,8,11,"00:03:52,190","00:04:01,365",g,5
2237,No leg-chewing for us sir.,Monica,neutral,222,6,8,11,"00:03:56,653","00:04:01,365",s,6
2238,"Oh well, give it time.",Doug,neutral,222,7,8,11,"00:04:01,532","00:04:03,200",o,7
2239,"So the divorce, the marriage, we've got a lot to celebrate.",Doug,joy,222,8,8,11,"00:04:04,452","00:04:08,622",o,8
2240,How about we all go out to dinner tomorrow night?,Doug,neutral,222,9,8,11,"00:04:08,790","00:04:11,667",q,9
2242,"Tomorrow night it is then, I should be out of court by six.",Doug,joy,222,11,8,11,"00:04:17,548","00:04:25,847",ans,10
2243,They keep throwing these sexual harassment cases at me and I keep knocking them out of the park!,Doug,joy,222,12,8,11,"00:04:20,551","00:04:25,847",s,11
2251,"Now maybe you just like wanna but the whole duck in there! Who cares, y'know? Now I got the legs",Emeril,neutral,223,0,5,4,"00:12:18,279","00:12:24,409",oth,0
2252,"How many times have I told you guys, you",Chandler,neutral,223,1,5,4,"00:12:27,121","00:12:32,167",o,1
2253,Hi Chandler.,Monica,neutral,223,2,5,4,"0:12:33,043","0:12:33,895",g,2
2254,Hey!,Chandler,neutral,223,3,5,4,"0:12:33,895","0:12:34,772",g,3
2255,"Uh, listen, I need that broiling pan that Joey borrowed the other day.",Monica,neutral,223,4,5,4,"00:12:34,879","00:12:37,714",s,4
2256,"Oh that was yours? Uh, yeah, we used it when the duck was throwing up caterpillars.",Chandler,sadness,223,5,5,4,"00:12:37,882","00:12:47,432",s,5
2257,William Sonoma,Monica,neutral,223,6,5,4,"00:12:44,430","00:12:47,432",oth,6
2258,Expect it in 4-6 weeks.,Chandler,neutral,223,7,5,4,"00:12:47,600","00:12:49,225",s,7
2259,"Umm, hey, umm, Joey's gonna be at the telethon for the rest of the day, we have the whole place to ourselves.",Chandler,neutral,223,8,5,4,"00:12:50,936","00:12:59,277",s,8
2260,"Yeah, so?",Monica,neutral,223,9,5,4,"00:12:57,777","00:12:59,277",q,9
2261,"Well I just, thought maybe you'd wanna book some time with the best you'd ever had.",Chandler,neutral,223,10,5,4,"00:12:59,445","00:13:04,574",ans,10
2262,"Y'know what, champ? I think I'll pass.",Monica,neutral,223,11,5,4,"00:13:05,618","00:13:09,037",o,11
2272,Ugh. Ross!,Carol,disgust,225,0,3,17,"00:21:58,608","00:22:00,735",g,0
2273,Hi! Sorry I'm late. Were you sleeping?,Ross,neutral,225,1,3,17,"00:21:58,608","00:22:03,446",q,1
2274,"Ahh, nooo!!",Carol,joy,225,2,3,17,"00:22:02,000","00:22:03,446",ans,2
2275,"Oh, great!",Ross,joy,225,3,3,17,"00:22:03,613","00:22:04,989",o,3
2276,"Listen, oh I had to get you a whole new battery.",Ross,neutral,225,4,3,17,"00:22:06,158","00:22:09,452",s,4
2277,"I got you the best one I could, ¬ëcause that's not where you want to skimp.",Ross,neutral,225,5,3,17,"00:22:06,158","00:22:11,495",s,5
2278,"You're a genius, Ross.",Carol,joy,225,6,3,17,"00:22:11,705","00:22:12,830",o,6
2279,"Yeah, well it came to about $112, but what the hell, just call it an even 110?",Ross,neutral,225,7,3,17,"00:22:13,081","00:22:20,629",s,7
2280,"Okay, I'll pay you tomorrow.",Carol,neutral,225,8,3,17,"00:22:18,587","00:22:20,629",s,8
2283,"So they ah, they all took off, it was pretty hard watching them go, y'know?",Ross,sadness,225,9,3,17,"00:22:20,839","00:22:26,635",s,9
2284,"Yeah, okay, bye.",Carol,neutral,225,10,3,17,"00:22:26,887","00:22:28,471",g,10
2285,So I'm gonna take off then!,Ross,neutral,225,11,3,17,"00:22:32,517","00:22:34,769",s,11
2286,"Hey! Oh right, tonight was your party.",Rachel,surprise,226,0,5,7,"00:18:30,192","00:18:33,194",s,0
2287,"Oh wow, you look great! Glad you could make it.",Danny,joy,226,1,5,7,"00:18:33,403","00:18:35,530",o,1
2288,"Oh well, y'know, the gala had to end sometime.",Rachel,neutral,226,2,5,7,"00:18:35,739","00:18:39,492",s,2
2289,"Don't go anywhere, I'll be right back.",Danny,neutral,226,3,5,7,"00:18:39,660","00:18:41,577",c,3
2290,"Yeah, sure. All right, whose court is the ball in now?",Rachel,neutral,226,4,5,7,"00:18:41,745","00:18:47,708",q,4
2291,I thought there wasn't a ball?,Monica,neutral,226,5,5,7,"00:18:48,293","00:18:49,919",q,5
2292,"Oh, come on! He's glad that I came, he doesn't want me to go anywhere, balls flying all over the place!",Rachel,neutral,226,6,5,7,"00:18:51,880","00:19:01,681",o,6
2293,"Rachel, this is my friend Tom.",Danny,neutral,226,7,5,7,"00:19:00,055","00:19:01,681",s,7
2294,"Oh, go on! You telling people about me?",Rachel,surprise,226,8,5,7,"00:19:04,726","00:19:07,937",q,8
2295,You two could really hit it off! I'm gonna go mingle.,Danny,joy,226,9,5,7,"00:19:08,147","00:19:12,859",o,9
2296,So you work at,Tom,neutral,226,10,5,7,"00:19:14,820","00:19:19,365",s,10
2297,"Yeah, okay, at ease solider!",Rachel,neutral,226,11,5,7,"00:19:25,122","00:19:28,040",c,11
2325,"Okay, that's a fire. Oh yeah. Oh yeah.",Ross,neutral,231,0,3,15,"00:10:11,027","00:10:15,405",s,0
2326,"Excuse me, I'm sorry, I'm gonna have to call you back, I've got a Schemp in my office.",Rachel,neutral,231,1,3,15,"00:10:15,573","00:10:19,200",ap,1
2327,What are you doing?,Rachel,neutral,231,2,3,15,"0:10:22,455","0:10:23,837",q,2
2328,I'm sorry.,Ross,neutral,231,3,3,15,"0:10:23,837","0:10:24,589",ap,3
2329,"But ah, hey, oh, somebody's off the phone, how ¬ëbout a glass of wine by the fire, I could get it going again.",Ross,neutral,231,4,3,15,"00:10:24,707","00:10:31,296",o,4
2330,"Ross you're not listening to me, I don't have time to stop.",Rachel,neutral,231,5,3,15,"00:10:31,464","00:10:35,050",o,5
2331,"Come on Rach, you don't have what, ten minutes?",Ross,neutral,231,6,3,15,"0:10:35,217","0:10:37,189",q,6
2332,I don't have ten minutes!!,Rachel,anger,231,7,3,15,"0:10:37,189","0:10:38,183",ans,7
2333,"What? Sophie, does she have ten minutes?",Ross,neutral,231,8,3,15,"0:10:38,304","0:10:39,889",q,8
2334,"Hey, Ross!!! I told you I don't!",Rachel,anger,231,9,3,15,"0:10:39,889","0:10:42,063",ans,9
2335,"Don't yell at me okay, this is the most I've seen you all week.",Ross,sadness,231,10,3,15,"00:10:42,183","00:10:45,644",c,10
2336,"Look, I cannot do this right now, okay, I've got a deadline, would you just go home, I'll talk to you later.",Rachel,neutral,231,11,3,15,"00:10:45,811","00:10:52,233",s,11
2386,Hey!,Joey,joy,236,0,4,23,"00:09:08,214","00:09:09,256",g,0
2387,"So, what are you guys in the market for? We've got uh, scarves, tulip post cards...",The Vendor,neutral,236,1,4,23,"00:09:11,842","00:09:16,471",q,1
2388,Check this out? Huh? Yeah. That's the stuff. What do you think?,Joey,neutral,236,2,4,23,"00:09:11,842","00:09:20,850",q,2
2389,"Well, I don't have to buy that, ""I'm with stupid"" T-shirt anymore.",Chandler,neutral,236,3,4,23,"00:09:21,018","00:09:24,396",ans,3
2390,"Well, I like it. Here you go.",Joey,neutral,236,4,4,23,"00:09:25,982","00:09:27,941",s,4
2391,"All right, look, you're not really gonna buy that are you? Don't you think you've embarrassed me enough for one day?",Chandler,anger,236,5,4,23,"00:09:28,109","00:09:31,861",q,5
2392,"Oh, I embarrass you?",Joey,surprise,236,6,4,23,"00:09:32,029","00:09:33,488",q,6
2393,How can I answer that when I'm pretending I don't know you?,Chandler,neutral,236,7,4,23,"00:09:33,656","00:09:36,700",q,7
2395,Oh really? Then how come no one here is wearing them?,Chandler,neutral,236,9,4,23,"00:09:40,663","00:09:44,833",q,8
2396,They're all tourists.,The Vendor,neutral,236,10,4,23,"00:09:45,001","00:09:47,252",ans,9
2397,"All right, look, if you insist on wearing that, in public, y'know, you're gonna spend the rest of the afternoon all by yourself.",Chandler,disgust,236,11,4,23,"00:09:48,087","00:09:55,176",o,10
2398,Oh yeah? If you're gonna make me choose between you and the hat? I choose the hat.,Joey,neutral,236,12,4,23,"00:09:55,344","00:10:04,311",o,11
2442,"Oh... Mike's sister just invited me to a party tonight, he's gonna be there.",Phoebe,anger,241,0,9,22,"00:01:22,916","00:01:27,044",s,0
2443,"And she was like ""Oh, don't worry!",Phoebe,sadness,241,1,9,22,"0:01:27,212","0:01:31,404",s,1
2444,I asked him.,Phoebe,neutral,241,2,9,22,"0:01:31,404","0:01:31,696",s,2
2445,"He's totally ok with seeing you!"".",Phoebe,anger,241,3,9,22,"0:01:31,696","0:01:31,852",s,3
2446,So now I have to go so he'll think that I'm totally ok with seeing him!,Phoebe,joy,241,4,9,22,"00:01:31,925","00:01:35,761",s,4
2447,"Which you're not, because you've totally hung up on him!",Rachel,anger,241,5,9,22,"0:01:35,929","0:01:37,491",o,5
2448,Exactly!,Phoebe,neutral,241,6,9,22,"0:01:37,491","0:01:38,810",ag,6
2449,And you're gonna want him to eat his heart out so you're gonna have to look fabulous!,Rachel,neutral,241,7,9,22,"00:01:38,932","00:01:42,351",o,7
2450,"I didn't even think about that! Aaargh,",Phoebe,anger,241,8,9,22,"00:01:42,519","00:01:47,689",o,8
2451,"Hey Pheebs, I'm-I'm taking Charlie shopping, why don't you come and I'll help you find something.",Rachel,neutral,241,9,9,22,"00:01:48,274","00:01:54,404",o,9
2452,"Ok, that'll be great!",Phoebe,joy,241,10,9,22,"00:01:51,194","00:01:54,404",ag,10
2453,"Oh, ain't that nice? The three of you trying on slutty lingerie together.",Joey,disgust,241,11,9,22,"00:01:54,572","00:02:00,119",o,11
2463,"Oh, great!",Phoebe,joy,245,0,7,18,"00:06:51,202","00:06:52,500",oth,0
2464,"We couldn't keep our eyes off each other all night and then every once and a while y'know, he'd kinda lean over and stroke my hair and touch my neck.",Phoebe,joy,245,1,7,18,"00:06:51,202","00:06:59,292",s,1
2465,"Okay, stop it Phoebe, you're getting me all tingly.",Monica,joy,245,2,7,18,"00:06:59,460","00:07:01,503",c,2
2466,"All I could think of was y'know, ""Is he gonna kiss me? Is he gonna kiss me?""",Phoebe,joy,245,3,7,18,"00:07:03,131","00:07:06,216",s,3
2467,And did he?,Monica,neutral,245,4,7,18,"00:07:06,384","00:07:09,136",q,4
2468,"I'm a lady Monica, I don't kiss and tell. But this hickey speaks for itself.",Phoebe,joy,245,5,7,18,"00:07:06,384","00:07:11,638",ans,5
2469,"Okay-okay, I got it. I got it.",Monica,neutral,245,6,7,18,"00:07:11,806","00:07:13,849",s,6
2470,I just like him so much that I just feel like I've had 10 drinks today and I've only had six.,Phoebe,joy,245,7,7,18,"00:07:14,267","00:07:19,938",s,7
2471,"Oh, I haven't had that feeling since I first started going out with Chandler.",Monica,joy,245,8,7,18,"00:07:21,399","00:07:26,570",s,8
2472,"Wow, I'm never gonna have that feeling again, am I?",Monica,sadness,245,9,7,18,"00:07:21,399","00:07:31,283",q,9
2473,You sound like a guy.,Phoebe,disgust,245,10,7,18,"00:07:26,863","00:07:31,283",o,10
2474,"No, a guy would be saying, ""I'm never gonna get to sleep with anyone else.""",Monica,disgust,245,11,7,18,"00:07:31,451","00:07:35,495",o,11
2499,Remember I had to leave the room the other day when you had that roast chicken?,Rachel,neutral,249,0,8,9,"00:02:03,123","00:02:06,041",q,0
2500,Yeah. But I thought that was because I put the whole thing on my hand and made it walk across the table.,Joey,neutral,249,1,8,9,"00:02:06,209","00:02:14,967",ans,1
2501,"Anyway, it just doesn't seem worth it to make a whole turkey for just three people. Okay? It's a lot of work.",Monica,neutral,249,2,8,9,"00:02:12,090","00:02:17,010",o,2
2502,But you gotta have turkey on Thanksgiving!,Joey,joy,249,3,8,9,"00:02:17,262","00:02:19,555",s,3
2503,"I mean, Thanksgiving with no turkey is like-like Fourth of July with no apple pie!",Joey,sadness,249,4,8,9,"00:02:19,722","00:02:24,685",o,4
2504,Or Friday with no two pizzas!,Joey,sadness,249,5,8,9,"00:02:24,853","00:02:28,105",o,5
2505,All right fine! If it means that much to you! But just¬óthere's gonna be a ton left over.,Monica,sadness,249,6,8,9,"00:02:29,149","00:02:32,734",ag,6
2506,No there won't! I promise I will finish that turkey!,Joey,joy,249,7,8,9,"00:02:32,902","00:02:35,487",s,7
2507,"All right, you're telling me you can eat an entire turkey in just one sitting?",Monica,neutral,249,8,8,9,"00:02:35,697","00:02:39,616",q,8
2508,That's right!,Joey,joy,249,9,8,9,"0:02:39,784","0:02:40,535",ans,9
2509,¬ëCause I'm a Tribbiani!,Joey,joy,249,10,8,9,"0:02:40,535","0:02:42,371",s,10
2510,And this is what we do!,Joey,neutral,249,11,8,9,"0:02:42,371","0:02:45,895",s,11
2529,Where exactly is your zoo?,Ross,neutral,252,0,1,21,"00:14:10,182","00:14:11,891",q,0
2530,"Well, it's technically not a zoo per se, it's more of an interactive wildlife experience.",Dr. Baldhara,neutral,252,1,1,21,"00:14:12,059","00:14:17,730",ans,1
2531,"Let me ask you some questions about, is it, uh, Marcel?",Dr. Baldhara,neutral,252,2,1,21,"00:14:18,691","00:14:21,317",s,2
2532,Yes.,Ross,neutral,252,3,1,21,"00:14:21,861","00:14:23,069",ag,3
2533,"Does he, uh, fight with other animals?",Dr. Baldhara,neutral,252,4,1,21,"00:14:23,237","00:14:25,238",q,4
2534,"No-no, he's, he's very docile.",Ross,neutral,252,5,1,21,"00:14:26,240","00:14:28,324",ans,5
2535,Even if he were... cornered?,Dr. Baldhara,neutral,252,6,1,21,"00:14:28,492","00:14:31,744",q,6
2536,"Well I, I don't know. Why?",Ross,neutral,252,7,1,21,"00:14:34,790","00:14:37,250",ans,7
2537,"Uh, how is he at handling small objects?",Dr. Baldhara,neutral,252,8,1,21,"00:14:37,418","00:14:40,461",q,8
2538,"He can hold a banana, if that's whatcha mean...",Ross,neutral,252,9,1,21,"00:14:41,714","00:14:44,340",ans,9
2539,"How about a hammer, or a small blade?",Dr. Baldhara,neutral,252,10,1,21,"00:14:45,676","00:14:48,469",q,10
2542,Otherwise it's just cruel.,Dr. Baldhara,neutral,252,13,1,21,"00:15:00,608","00:15:02,901",o,11
2549,My specimen is in the room and I just want to thank whoever knocked on the door while I was in there.,Chandler,neutral,253,0,9,21,"00:17:29,256","00:17:35,720",s,0
2550,Really helped speed the process along!,Chandler,joy,253,1,9,21,"00:17:35,888","00:17:38,014",o,1
2551,Janice!,Chandler,surprise,253,2,9,21,"0:17:41,060","0:17:42,061",oth,2
2552,You're not... gone?,Chandler,surprise,253,3,9,21,"0:17:42,061","0:17:43,811",q,3
2554,Sid is still in his room.,Janice,neutral,253,4,9,21,"00:17:44,938","00:17:46,230",ans,4
2555,I don't allow porn at home so this is like a vacation for him.,Janice,joy,253,5,9,21,"00:17:46,398","00:17:50,777",s,5
2556,So did you do it?,Janice,surprise,253,6,9,21,"0:17:52,196","0:17:53,658",q,6
2557,Did you make your deposit?,Janice,neutral,253,7,9,21,"0:17:53,658","0:17:55,034",q,7
2558,Yeah! yeah... The hard part is over!,Chandler,joy,253,8,9,21,"00:17:55,157","00:17:59,452",ans,8
2559,"That's not the hard part honey! The hard part is what comes next, I mean aren't you worried about the results?",Janice,fear,253,9,9,21,"00:17:59,620","00:18:04,165",q,9
2560,I haven't... I haven't even thought about the results yet... I just assumed that everything was gonna be ok.,Chandler,joy,253,10,9,21,"00:18:04,374","00:18:09,337",ans,10
2561,"Oh! Well, you know what? It probably is.",Janice,neutral,253,11,9,21,"00:18:09,505","00:18:11,798",o,11
2572,"What we did was wrong. Oh god, I just had sex with somebody that wasn't alive during the Bicentennial.",Monica,disgust,255,0,1,22,"00:12:32,084","00:12:38,965",s,0
2573,I just had sex.,Young Ethan,neutral,255,1,1,22,"00:12:40,718","00:12:43,094",s,1
2574,"Ethan, focus. How could you not tell me?",Monica,surprise,255,2,1,22,"00:12:45,181","00:12:48,516",q,2
2575,"Well, you never told me how old you were.",Young Ethan,neutral,255,3,1,22,"00:12:48,684","00:12:51,352",ans,3
2576,"Well, that's different. My lie didn't make one of us a felon in 48 states. What were you thinking?",Monica,disgust,255,4,1,22,"00:12:51,520","00:12:59,527",q,4
2577,I wasn't thinking. I was too busy fallin'...,Young Ethan,joy,255,5,1,22,"00:12:56,442","00:12:59,527",ans,5
2578,Don't say it.,Monica,fear,255,6,1,22,"0:12:59,695","0:13:00,747",c,6
2579,...in love with you.,Young Ethan,joy,255,7,1,22,"0:13:00,747","0:13:01,829",s,7
2580,Really?,Monica,surprise,255,8,1,22,"00:13:03,365","00:13:04,783",q,8
2581,Sorry.,Young Ethan,sadness,255,9,1,22,"00:13:04,950","00:13:06,951",ap,9
2582,"Well,fall out of it.",Monica,anger,255,10,1,22,"00:13:07,745","00:13:09,162",s,10
2583,"You know, you shouldn't even be here, it's a school night.",Monica,anger,255,11,1,22,"00:13:09,330","00:13:12,749",o,11
2588,"That's right, still no baby! Come on people! Please make some room!",Rachel,sadness,256,0,8,22,"00:01:08,890","00:01:14,437",s,0
2589,"Uh sweetie, maybe you'd be more comfortable here?",Ross,neutral,256,1,8,22,"00:01:14,604","00:01:19,025",o,1
2590,You. Like you haven't done enough.,Rachel,anger,256,2,8,22,"00:01:20,193","00:01:27,408",o,2
2591,"Look, I-I know how miserable you are, I wish there was something I can do.",Ross,neutral,256,3,8,22,"00:01:28,576","00:01:32,914",s,3
2592,I mean I wish I were a seahorse.,Ross,neutral,256,4,8,22,"00:01:33,081","00:01:35,208",o,4
2593,"Because with seahorses it's the male, they carry the babies.",Ross,neutral,256,5,8,22,"00:01:38,920","00:01:43,049",s,5
2594,"And then also umm, I'd be far away in the sea.",Ross,anger,256,6,8,22,"00:01:45,802","00:01:49,556",s,6
2595,God. I have never been so uncomfortable in my entire life!,Rachel,joy,256,7,8,22,"00:02:04,404","00:02:09,659",s,7
2596,"Oh I know, I've been there. I remember toward the end",Phoebe,neutral,256,8,8,22,"00:02:09,909","00:02:12,287",s,8
2597,"Oh Phoebe, that's a great story.",Rachel,neutral,256,9,8,22,"0:02:12,453","0:02:13,955",o,9
2598,Can you tell it to me when you're getting me some iced tea?,Rachel,sadness,256,10,8,22,"0:02:13,955","0:02:16,500",q,10
2599,"Oh God, get out!",Rachel,anger,256,11,8,22,"0:02:20,295","0:02:21,630",c,11
2623,"What's the matter, Pheebs?",Joey,neutral,260,0,3,25,"00:14:19,692","00:14:21,109",q,0
2624,She cancelled! My namesake cancelled on me!,Phoebe,anger,260,1,3,25,"00:14:21,277","00:14:23,736",ans,1
2625,What?!,Joey,surprise,260,2,3,25,"0:14:23,904","0:14:26,496",q,2
2626,"Yeah, she clamed she had to go out of town suddenly.",Phoebe,sadness,260,3,3,25,"0:14:26,496","0:14:26,636",ans,3
2627,"She's avoiding me, she doesn't want to tell me where my Father is.",Phoebe,sadness,260,4,3,25,"00:14:26,740","00:14:30,118",s,4
2628,"She knows, and she won't tell me.",Phoebe,sadness,260,5,3,25,"00:14:30,286","00:14:31,536",s,5
2629,"Aww Pheebs, that sucks!",Rachel,sadness,260,6,3,25,"00:14:31,704","00:14:33,872",o,6
2630,"Yeah, well, don't ¬ìAww Pheebs, that sucks!¬î me yet.",Phoebe,sadness,260,7,3,25,"00:14:31,704","00:14:38,751",s,7
2631,Where ya going?,Chandler,neutral,260,8,3,25,"00:14:38,919","00:14:40,962",q,8
2632,"Well, she's out of town so, there's gotta be something in her house that tells me where my Father is.",Phoebe,neutral,260,9,3,25,"00:14:38,919","00:14:44,507",ans,9
2633,"Uh, Pheebs, some people call that breaking and entering.",Ross,fear,260,10,3,25,"00:14:44,675","00:14:47,927",s,10
2634,"Well, are any of those people here?!",Phoebe,anger,260,11,3,25,"00:14:48,095","00:14:51,222",q,11
2658,Hey.,Chandler,neutral,264,0,6,17,"00:09:26,732","00:09:27,816",g,0
2659,Chandler. I sensed it was you.,Ross,neutral,264,1,6,17,"00:09:27,984","00:09:33,655",s,1
2660,What?!,Chandler,surprise,264,2,6,17,"00:09:35,491","00:09:36,992",q,2
2661,Unagi. I'm always aware.,Ross,neutral,264,3,6,17,"00:09:37,660","00:09:41,705",s,3
2662,"Okay, are you aware unagi is an eel?",Chandler,joy,264,4,6,17,"00:09:41,872","00:09:44,833",q,4
2663,What's up?,Ross,neutral,264,5,6,17,"0:09:46,711","0:09:47,383",q,5
2664,I can't figure out what to make Monica.,Chandler,neutral,264,6,6,17,"0:09:47,383","0:09:49,507",s,6
2665,"Oh, why don't you make her one of your little jokes.",Ross,anger,264,7,6,17,"00:09:49,630","00:09:52,048",o,7
2666,I'm going crazy! Okay? Do you have any thing around here that looks homemade?,Chandler,fear,264,8,6,17,"00:09:52,216","00:09:56,219",q,8
2667,Y'know what?,Ross,neutral,264,9,6,17,"0:09:57,096","0:09:57,938",q,9
2668,She'd-she'd love this.,Ross,neutral,264,10,6,17,"0:09:57,938","0:09:59,785",s,10
2669,"Uh, it's an exact replica of Apollo 8.",Ross,neutral,264,11,6,17,"0:09:59,890","0:10:02,018",s,11
2736,"The stripper stole the ring!! The stripper stole the ring!! Chandler! Chandler, get up! Get up! The stripper stole the ring!",Joey,surprise,274,0,4,22,"00:10:05,271","00:10:11,943",s,0
2737,What?,Chandler,surprise,274,1,4,22,"0:10:12,111","0:10:12,583",q,1
2738,The ring is gone!,Joey,surprise,274,2,4,22,"0:10:12,583","0:10:14,117",ans,2
2739,Ugh.,Chandler,disgust,274,3,4,22,"0:10:14,238","0:10:16,170",b,3
2740,"Just a sec, give me a minute to wake up for this¬óAh-ha-ha!!",Chandler,neutral,274,4,4,22,"0:10:16,170","0:10:24,756",s,4
2741,You lost the ring!,Chandler,joy,274,5,4,22,"0:10:21,871","0:10:23,013",s,5
2742,You're the worst best man ever!,Chandler,anger,274,6,4,22,"0:10:23,013","0:10:24,752",o,6
2743,"Dude, this isn't funny!",Joey,anger,274,7,4,22,"0:10:25,791","0:10:27,210",o,7
2744,What am I gonna do?!,Joey,fear,274,8,4,22,"0:10:27,210","0:10:28,113",q,8
2745,"I go to bed last night, everything's cool!",Joey,joy,274,9,4,22,"00:10:28,210","00:10:30,170",s,9
2746,"I wake up this morning, the stripper's gone and the ring is gone!",Joey,fear,274,10,4,22,"00:10:30,338","00:10:33,381",s,10
2747,You slept with the stripper?,Chandler,surprise,274,11,4,22,"0:10:33,549","0:10:34,759",q,11
2749,What difference does that make?!,Ross,anger,275,0,5,11,"00:14:48,679","00:14:51,306",q,0
2750,"Well, I'm just¬óif the paste matches the pants, you can make yourself a pair of paste pants and she won't know the difference!",Joey,anger,275,1,5,11,"00:14:51,473","00:15:00,231",ans,1
2751,"Joey, do you have a minute?",Rachel,neutral,275,2,5,11,"00:14:58,981","00:15:00,231",q,2
2752,"Dude, what am I gonna",Ross,fear,275,3,5,11,"00:15:00,399","00:15:01,858",q,3
2753,"Uh, Rachel's here, so good luck man, let me know how it works out.",Joey,anger,275,4,5,11,"00:15:02,026","00:15:05,069",s,4
2754,"Oh, Joey, I have such a problem!",Rachel,fear,275,5,5,11,"00:15:07,114","00:15:10,325",s,5
2755,"Oh well, you're timing couldn't be better. I am putting out fires all over the place.",Joey,neutral,275,6,5,11,"00:15:10,492","00:15:19,918",s,6
2756,"Okay. Okay. Okay. Joey, I have",Rachel,neutral,275,7,5,11,"00:15:15,956","00:15:19,918",oth,7
2757,"What-what is it, what is it?",Joey,neutral,275,8,5,11,"00:15:20,085","00:15:21,252",q,8
2758,"Oh my God, it's so huge, but you just have to promise me that you cannot tell anyone.",Rachel,surprise,275,9,5,11,"00:15:21,420","00:15:24,631",ans,9
2759,"Oh no, no-no-no-no! I don't want to know!",Joey,fear,275,10,5,11,"00:15:24,798","00:15:28,134",s,10
2760,"Yes! Yes! Yes, you do want to know! This is unbelievable!",Rachel,anger,275,11,5,11,"00:15:28,302","00:15:30,803",dag,11
2786,"Whoa-whoa, Treeger made you cry?",Joey,surprise,279,0,4,4,"00:02:51,880","00:02:54,715",q,0
2787,Yes! And he said really mean things that were only partly true.,Rachel,sadness,279,1,4,4,"00:02:55,383","00:02:59,720",ans,1
2788,I'm gonna go down there and teach that guy a lesson.,Joey,anger,279,2,4,4,"00:03:00,930","00:03:02,723",s,2
2789,"Joey, please don't do that. I think it's best that we just forget about it.",Monica,fear,279,3,4,4,"00:03:02,974","00:03:05,475",o,3
2790,"That's easy for you to say, you weren't almost just killed.",Rachel,anger,279,4,4,4,"00:03:05,685","00:03:09,605",s,4
2791,"All right that's it, school is in session!",Joey,neutral,279,5,4,4,"00:03:09,772","00:03:13,108",s,5
2792,My God! Is this a gym card?,Monica,surprise,279,6,4,4,"00:03:15,361","00:03:17,863",q,6
2793,"Oh yeah, gym member. I try to go four times a week, but I've missed the last 1200 times.",Chandler,neutral,279,7,4,4,"00:03:18,072","00:03:25,746",ans,7
2794,So why don't you quit?,Ross,neutral,279,8,4,4,"00:03:27,624","00:03:29,291",q,8
2795,You don't think I've tried? You think I,Chandler,joy,279,9,4,4,"00:03:30,126","00:03:32,002",ans,9
2796,Who is Maria?,Ross,neutral,279,10,4,4,"00:03:49,812","00:03:52,439",q,10
2797,"Oh Maria. You can't say no to her, she's like this lycra spandex covered gym¬Ötreat.",Chandler,joy,279,11,4,4,"00:03:54,067","00:03:59,613",ans,11
2832,"Hey uh, is it okay to come in?",Joey,neutral,285,0,9,1,"00:08:07,361","00:08:10,071",q,0
2833,"Of course! Oh Joey, this ring I‚Ä¶it‚Äôs beautiful I love it!",Rachel,joy,285,1,9,1,"00:08:10,281","00:08:14,201",ans,1
2834,"Yeah uh look Rach, there‚Äôs something I gotta tell ya.",Joey,neutral,285,2,9,1,"00:08:15,495","00:08:18,747",s,2
2835,Hey!,Rachel,joy,285,3,9,1,"00:08:20,124","00:08:21,208",g,3
2836,Hey! Are you ready to try nursing again?,Nurse,neutral,285,4,9,1,"00:08:21,375","00:08:25,629",q,4
2837,"Yeah! Hi Emma. Hey, why do you think she won‚Äôt take my breast?",Rachel,neutral,285,5,9,1,"00:08:25,796","00:08:33,178",q,5
2838,"It‚Äôs all right honey, it takes some babies a while to get it, but don‚Äôt worry. It‚Äôll happen.",Nurse,neutral,285,6,9,1,"00:08:27,965","00:08:33,178",ans,6
2839,Yowza,Joey,anger,285,7,9,1,"00:08:33,679","00:08:35,722",oth,7
2840,"Okay sweetie, you can do it. Just open up and put it in your mouth.",Rachel,neutral,285,8,9,1,"00:08:36,933","00:08:40,810",c,8
2841,Dear Lord.,Joey,surprise,285,9,9,1,"00:08:41,354","00:08:43,522",oth,9
2842,"I‚Äôm sorry honey, what were you saying?",Rachel,neutral,285,10,9,1,"0:08:45,608","0:08:47,193",q,10
2843,"Oh uh-uh yeah, I think that‚Ä¶",Joey,neutral,285,11,9,1,"0:08:47,193","0:08:49,547",ans,11
2853,"Actually, tomorrow night kinda depends on how tonight goes.",Joey,neutral,287,0,1,14,"00:02:25,478","00:02:27,813",s,0
2854,"Oh, uh, listen, about tonight...",Chandler,sadness,287,1,1,14,"0:02:27,981","0:02:30,243",s,1
2855,"No, no, no, don't you dare bail on me.",Joey,anger,287,2,1,14,"0:02:30,243","0:02:32,249",c,2
2856,The only reason she's goin' out with me is because I said I could bring a friend for her friend.,Joey,neutral,287,3,1,14,"00:02:27,981","00:02:35,904",s,3
2857,"Yes, I know, but her friend sounds like such a...",Chandler,anger,287,4,1,14,"00:02:36,114","00:02:40,450",s,4
2858,Pathetic mess?,Joey,neutral,287,5,1,14,"00:02:38,241","00:02:40,450",o,5
2859,"I know, but¬ócome on, man, she's needy, she's vulnerable.",Joey,neutral,287,6,1,14,"0:02:40,994","0:02:44,056",o,6
2860,"I'm thinkin', cha-ching!",Joey,joy,287,7,1,14,"0:02:44,056","0:02:44,302",oth,7
2861,Thanks.,Joey,neutral,287,8,1,14,"00:02:50,211","00:02:51,253",g,8
2862,"Look, you have not been out with a woman since Janice.",Joey,neutral,287,9,1,14,"0:02:52,255","0:02:54,717",s,9
2863,You're doin' this.,Joey,neutral,287,10,1,14,"0:02:54,717","0:02:56,053",s,10
2864,Hi. She said yes.,Ross,neutral,287,11,1,14,"00:02:56,676","00:03:00,304",s,11
2923,"Whoa-whoa, what is it?",Joey,surprise,295,0,7,11,"00:13:45,908","00:13:47,075",q,0
2924,Well¬Ö It's a date.,Phoebe,neutral,295,1,7,11,"00:13:48,077","00:13:50,995",ans,1
2925,A date?!,Joey,surprise,295,2,7,11,"00:13:51,163","00:13:53,000",q,2
2926,"No, no Pheebs you-you must be mistaken, because I know you wouldn't schedule a date on the same night you have plans with a friend!",Joey,surprise,295,3,7,11,"00:13:51,163","00:13:58,670",o,3
2927,"Come on Joey, don't make me feel badly about this.",Phoebe,sadness,295,4,7,11,"00:13:58,838","00:14:00,713",s,4
2928,"No, I'm gonna!!",Joey,anger,295,5,7,11,"00:14:00,881","00:14:02,423",s,5
2929,That's right!,Joey,anger,295,6,7,11,"00:14:03,968","00:14:06,261",s,6
2930,"Yeah, you made me feel really guilty about goin' out with that girl!",Joey,anger,295,7,7,11,"00:14:06,428","00:14:07,762",s,7
2931,Like-like-like I did something terrible to you!,Joey,anger,295,8,7,11,"0:14:07,930","0:14:09,849",s,8
2932,"And now Pheebs, you're doing the same thing!",Joey,anger,295,9,7,11,"0:14:09,849","0:14:11,778",s,9
2933,That¬óIt's not the same thing! This is,Phoebe,anger,295,10,7,11,"00:14:11,892","00:14:14,602",s,10
2934,"Okay, well my girl from the other night was special. She was a scientist too!",Joey,anger,295,11,7,11,"00:14:19,733","00:14:23,319",s,11
2945,"Sorry I'm late, I was stuck at work. There was this big dinosaur.. thing.. anyway.",Ross,neutral,296,0,1,2,"00:14:38,085","00:14:41,546",s,0
2946,Hi.,Susan,neutral,296,1,1,2,"00:14:42,631","00:14:44,173",g,1
2947,"Ross, you remember Susan.",Carol,neutral,296,2,1,2,"0:14:44,758","0:14:46,690",q,2
2948,How could I forget?,Ross,surprise,296,3,1,2,"0:14:46,690","0:14:47,832",ans,3
2949,Ross.,Susan,neutral,296,4,1,2,"0:14:47,832","0:14:47,971",g,4
2950,"Hello, Susan. Good shake. Good shake. So, uh, we're just waiting for...?",Ross,anger,296,5,1,2,"00:14:49,471","00:14:56,728",q,5
2951,Dr. Oberman.,Carol,neutral,296,6,1,2,"0:14:56,937","0:14:57,829",ans,6
2952,..Dr. Oberman. Okay. And is he-,Ross,neutral,296,7,1,2,"0:14:57,829","0:14:59,285",q,7
2953,She.,Susan,neutral,296,8,1,2,"00:14:59,440","00:15:01,983",ans,8
2954,#NAME?,Ross,neutral,296,9,1,2,"00:14:59,440","00:15:07,196",s,9
2955,"Yes, and she's very supportive.",Carol,neutral,296,10,1,2,"00:15:07,406","00:15:09,240",s,10
2956,"Okay, that's great. No, I'm- Oh.",Ross,joy,296,11,1,2,"00:15:09,450","00:15:14,704",o,11
2989,"Shoot! Shoot! Shoot! Shoot, or just fall down. That's good too.",Joey,joy,300,0,1,23,"00:03:37,967","00:03:42,137",c,0
2990,Knick fan?,Lydia,neutral,300,1,1,23,"0:03:43,056","0:03:43,818",q,1
2991,"Oh, yeah.",Joey,neutral,300,2,1,23,"0:03:43,818","0:03:44,358",ans,2
2992,"Oh, boy, do they suck.",Lydia,anger,300,3,1,23,"0:03:44,474","0:03:46,566",q,3
2993,"Hey, listen, lady.......whoa.",Joey,surprise,300,4,1,23,"0:03:46,566","0:03:47,696",c,4
2994,"Look, look at your man, Ewing. Nice shot. You know what, he couldn't hit water if he was standing on a boat.",Lydia,disgust,300,5,1,23,"00:03:50,480","00:03:56,443",s,5
2995,Oh yeah? And who do you like?,Joey,neutral,300,6,1,23,"00:03:56,611","00:03:58,111",q,6
2996,The Celtics.,Lydia,neutral,300,7,1,23,"0:03:58,279","0:03:59,041",ans,7
2997,"The Celtics? Ha. They couldn't hit a boat if...wait. They suck, alright?",Joey,disgust,300,8,1,23,"0:03:59,041","0:04:07,581",o,8
2998,"Oh, shut up. You know, it's a rebuilding year. You... waah!",Lydia,anger,300,9,1,23,"00:04:08,081","00:04:11,875",s,9
2999,"Wha? Wha..aa? Let me get the father. Hey, we need a father over here! We need a father!",Joey,anger,300,10,1,23,"00:04:12,043","00:04:17,506",s,10
3000,There is no father.,Lydia,neutral,300,11,1,23,"00:04:16,172","00:04:17,506",s,11
3005,"Sweetheart, just gimme- gimme another chance, okay, we'll start all over again. We'll go back to Aruba.",Barry,fear,301,0,1,20,"00:19:25,164","00:19:32,128",s,0
3006,"Dr. Farber, we've got a bit of an emergency here...Jason Costalano is choking on his retainer.",Bernice,fear,301,1,1,20,"00:19:35,465","00:19:41,220",s,1
3007,Oh God...,Barry,fear,301,2,1,20,"00:19:41,388","00:19:43,141",oth,2
3008,"I'll be right there, Bernice.",Barry,neutral,301,3,1,20,"00:19:41,388","00:19:44,265",s,3
3009,"Look, please, please don't go anywhere, okay?",Barry,fear,301,4,1,20,"00:19:44,433","00:19:46,726",s,4
3011,Okay.,Rachel,neutral,301,6,1,20,"0:19:48,456","0:19:50,116",ag,5
3012,"Okay, we'll be here!",Rachel,neutral,301,7,1,20,"0:19:50,230","0:19:52,441",s,6
3013,Hating you!,Rachel,anger,301,8,1,20,"0:19:52,441","0:19:53,301",s,7
3014,Did you see how he was sweating when he walked out of there?,Rachel,surprise,301,9,1,20,"00:19:54,443","00:19:59,697",q,8
3015,"Listen honey, if I'm hogging the ball too much you just jump right in there and take a couple punches because I'm telling you, this feels",Rachel,neutral,301,10,1,20,"00:19:57,321","00:20:07,622",s,9
3016,Yeah... I'm pretty sure I'm still gonna marry him.,Mindy,joy,301,11,1,20,"00:20:03,744","00:20:07,622",o,10
3017,"What are you talking about?! Mindy, the guy is the devil! He's Satan in a smock!",Rachel,disgust,301,12,1,20,"00:20:08,749","00:20:16,214",o,11
3046,Come on Chloe! Finish up with your customer first. Come on Chloe! Come on Chloe!!,Chandler,joy,305,0,3,15,"00:02:33,236","00:02:36,446",c,0
3047,Can I help you?,Issac,neutral,305,1,3,15,"00:02:39,826","00:02:40,868",q,1
3048,Uh-oh.,Chandler,fear,305,2,3,15,"00:02:41,244","00:02:43,162",oth,2
3049,"Uh, y'know what, we're having second thoughts about our copying needs. And we'll need a little more time to think about it.",Joey,neutral,305,3,3,15,"00:02:44,622","00:02:54,756",s,3
3050,"Chloe, switch with me, there's some guys here that got a crush on you.",Issac,neutral,305,4,3,15,"00:02:51,337","00:02:54,756",s,4
3051,"Okay, that hurt us.",Chandler,joy,305,5,3,15,"00:02:56,384","00:02:58,427",s,5
3052,Hi guys. I haven't seen you since this morning.,Chloe,neutral,305,6,3,15,"00:02:59,053","00:03:02,139",s,6
3053,"Well ah, ........y'know.",Chandler,neutral,305,7,3,15,"00:03:02,849","00:03:07,936",oth,7
3054,"Hey, what are you guys doing tomorrow night?",Chloe,neutral,305,8,3,15,"00:03:09,272","00:03:11,481",q,8
3055,Both of us?,Joey,surprise,305,9,3,15,"00:03:11,983","00:03:13,358",q,9
3056,Maybe. Does that scare ya?,Chloe,neutral,305,10,3,15,"00:03:13,735","00:03:16,028",q,10
3057,Relax. It's just Issac's D.J.-ing at the Philly. You should come.,Chloe,neutral,305,11,3,15,"00:03:20,909","00:03:25,996",ans,11
3070,And why do you care so much?,Ross,neutral,307,0,4,17,"00:04:07,330","00:04:08,664",q,0
3071,Because! You could get to live out my fantasy!,Monica,joy,307,1,4,17,"00:04:08,831","00:04:12,542",ans,1
3072,You had fantasies about Emily?,Ross,sadness,307,2,4,17,"00:04:13,169","00:04:15,170",q,2
3073,"No! Y'know,",Monica,neutral,307,3,4,17,"00:04:16,673","00:04:18,000",ans,3
3074,Is that why in junior high you were the only one that hung out with that Ukrainian kid?,Ross,neutral,307,4,4,17,"00:04:25,098","00:04:29,601",q,4
3075,"Yeah that, plus his mom used to put sour cream on everything!",Monica,neutral,307,5,4,17,"00:04:30,853","00:04:35,440",ans,5
3077,Do you love her?,Monica,neutral,307,6,4,17,"00:04:37,026","00:04:38,028",q,6
3078,"We said it was only going to be two weeks, y'know?",Ross,neutral,307,7,4,17,"00:04:39,362","00:04:42,364",ans,7
3079,You love her!,Monica,surprise,307,8,4,17,"00:04:43,658","00:04:45,200",s,8
3080,What-what is love really?,Ross,neutral,307,9,4,17,"00:04:45,868","00:04:48,370",q,9
3081,"Ohhh, I",Monica,neutral,307,10,4,17,"00:04:48,955","00:05:07,764",oth,10
3082,I am a good kisser.,Ross,neutral,307,11,4,17,"00:05:08,808","00:05:10,851",s,11
3102,Okay!,Phoebe,neutral,311,0,4,9,"0:00:04,879","0:00:06,801",oth,0
3103,"Come on, no peeking!",Monica,joy,311,1,4,9,"0:00:06,801","0:00:07,312",c,1
3104,Our eyes are closed and we're about to cross the street. Very good.,Chandler,joy,311,2,4,9,"00:00:07,424","00:00:11,343",s,2
3105,"Okayyyyy, open up!",Phoebe,joy,311,3,4,9,"00:00:11,511","00:00:13,303",c,3
3106,What did you want to show us? Because all I can see is this,Ross,neutral,311,4,4,9,"00:00:17,183","00:00:22,604",q,4
3107,"Yeah, it's for our catering business!",Phoebe,joy,311,5,4,9,"00:00:24,149","00:00:25,774",ans,5
3108,I think I know that girl.,Joey,neutral,311,6,4,9,"00:00:25,942","00:00:27,985",o,6
3109,"All right, umm, we're not gonna really keep it this way though.",Monica,joy,311,7,4,9,"0:00:30,113","0:00:33,005",s,7
3110,No?,Rachel,surprise,311,8,4,9,"0:00:33,005","0:00:33,762",oth,8
3111,"No, we're gonna paint over the sword, and replace it with a baguette.",Phoebe,neutral,311,9,4,9,"00:00:33,867","00:00:36,910",o,9
3112,Oh!,Rachel,surprise,311,10,4,9,"00:00:37,078","00:00:38,746",b,10
3113,"And also, we don't know what to do with this.",Phoebe,neutral,311,11,4,9,"00:00:38,913","00:00:42,166",s,11
3115,"You don't know?! Rach, you balded my girlfriend!",Ross,neutral,312,0,3,25,"00:16:14,598","00:16:16,766",s,0
3116,"All right! Ross, do you think it's easy for me to see you with somebody else?",Rachel,anger,312,1,3,25,"00:16:16,934","00:16:23,439",q,1
3117,"Y'know, hey! You're the one who ended it, remember?",Ross,anger,312,2,3,25,"00:16:23,607","00:16:25,650",q,2
3118,"Yeah, because I was",Rachel,neutral,312,3,3,25,"00:16:25,818","00:16:29,862",ans,3
3119,You still love me?,Ross,sadness,312,4,3,25,"0:16:31,240","0:16:32,283",q,4
3120,Noo.,Rachel,sadness,312,5,3,25,"0:16:32,283","0:16:34,132",ans,5
3121,You still love me.,Ross,neutral,312,6,3,25,"00:16:35,869","00:16:37,662",s,6
3122,"Oh, y-yeah, so, you-you love me!",Rachel,surprise,312,7,3,25,"00:16:37,830","00:16:40,331",s,7
3123,"Noo, nnnnn. What does this mean? What do you, I mean do you wanna, get back together?",Ross,surprise,312,8,3,25,"00:16:45,629","00:16:50,049",q,8
3124,Noo!,Rachel,anger,312,9,3,25,"0:16:50,217","0:16:50,301",ans,9
3125,Maybe!,Rachel,surprise,312,10,3,25,"0:16:50,301","0:16:52,780",o,10
3126,"I, I don't know.",Rachel,neutral,312,11,3,25,"00:16:52,886","00:16:54,512",s,11
3142,"Isn't it incredible?! Monica and Chandler, gettin' married.",Rachel,joy,314,0,6,25,"00:02:29,232","00:02:34,611",q,0
3143,"I know, they're gonna be",Phoebe,joy,314,1,6,25,"00:02:34,863","00:02:37,906",ans,1
3144,"Ohh¬Ö I mean two best friends falling in love, how often does that happen?",Rachel,joy,314,2,6,25,"00:02:38,324","00:02:41,034",q,2
3145,Not,Phoebe,neutral,314,3,6,25,"00:02:41,286","00:02:43,245",ans,3
3146,No! I'm so happy for them!,Rachel,joy,314,4,6,25,"00:02:44,247","00:02:45,831",s,4
3147,Me too! So happy for them!,Phoebe,joy,314,5,6,25,"00:02:46,082","00:02:48,500",ag,5
3149,"Oh no! No God, definitely not jealous!",Phoebe,neutral,314,7,6,25,"00:02:52,172","00:02:56,008",s,6
3150,"I mean I'm probably 98% happy, maybe 2% jealous. And I mean what's 2%? That's nothing.",Rachel,neutral,314,8,6,25,"00:03:05,018","00:03:06,518",s,7
3151,Totally. I'm like 90/10.,Phoebe,joy,314,9,6,25,"00:03:06,769","00:03:13,400",s,8
3152,Yeah me too.,Rachel,neutral,314,10,6,25,"00:03:10,982","00:03:13,400",ag,9
3153,"Hey uh, have you guys scene Chandler?",Joey,neutral,314,11,6,25,"00:03:17,530","00:03:20,365",q,10
3154,"Wh¬óno, but y'know who did stop in here looking for ya, Tennille.",Rachel,neutral,314,12,6,25,"00:03:23,953","00:03:28,081",ans,11
3175,Joseph Francis Tribbiani are you home yet?!!,Phoebe,neutral,317,0,7,11,"00:03:26,247","00:03:30,375",q,0
3176,"Umm, I think he's still out. What's wrong?",Rachel,joy,317,1,7,11,"00:03:30,543","00:03:32,586",q,1
3177,"Well, I'll tell you Rachel Karen Green, I had plans with Joey tonight and he left me this note.",Phoebe,neutral,317,2,7,11,"00:03:32,754","00:03:38,342",ans,2
3178,"""Pheebs, can't make it, got a date. Talk to you later. Big Daddy."" Big Daddy?",Rachel,anger,317,3,7,11,"00:03:39,093","00:03:44,139",s,3
3179,Oh that's a nickname we were trying out.,Phoebe,neutral,317,4,7,11,"00:03:45,266","00:03:48,060",s,4
3180,"Hey, y'know what nickname never caught on? The Ross-A-Tron!",Ross,joy,317,5,7,11,"0:03:48,228","0:03:51,750",s,5
3181,Hey!,Joey,joy,317,6,7,11,"0:03:51,750","0:03:52,581",g,6
3182,Oh! Here's Joseph Francis!,Phoebe,joy,317,7,7,11,"00:03:55,401","00:03:58,195",s,7
3183,Oh-Wha-Ho! What are you middle naming me for?! I left you a note!,Joey,surprise,317,8,7,11,"00:03:58,363","00:04:03,408",s,8
3184,So what?! That doesn't give you the right to ditch me!,Phoebe,anger,317,9,7,11,"00:04:03,576","00:04:05,953",o,9
3185,"Hey, you can cancel plans with friends if there is the possibility for sex!",Joey,anger,317,10,7,11,"00:04:06,120","00:04:10,332",o,10
3186,"Phoebe he's right, that is the rule.",Ross,neutral,317,11,7,11,"00:04:10,500","00:04:12,292",ag,11
3219,Okay to come in?,Chandler,neutral,320,0,6,16,"00:19:56,653","00:20:00,156",q,0
3220,"Yeah, come on, eat, whatever you want. Dr. Roger got beeped again.",Monica,neutral,320,1,6,16,"00:19:56,653","00:20:02,366",ans,1
3221,"Yeah I know, guess who beeped him?",Chandler,neutral,320,2,6,16,"00:20:02,534","00:20:04,994",q,2
3222,What?!,Monica,surprise,320,3,6,16,"0:20:07,080","0:20:07,706",q,3
3223,I'm the ruptured spleen.,Chandler,sadness,320,4,6,16,"0:20:07,706","0:20:10,359",ans,4
3224,Why would you do that?,Monica,joy,320,5,6,16,"00:20:11,919","00:20:15,504",q,5
3225,Because you shouldn't be with him. You should be with me.,Chandler,sadness,320,6,6,16,"00:20:19,134","00:20:20,676",ans,6
3226,Really?,Monica,surprise,320,7,6,16,"00:20:23,180","00:20:25,306",q,7
3228,"When you were talking about Roger, that was killing me!",Chandler,sadness,320,8,6,16,"00:20:23,180","00:20:27,892",ans,8
3229,"Look, things like last night they don't just happen.",Chandler,neutral,320,9,6,16,"00:20:28,060","00:20:30,394",s,9
3231,Or at least not to me.,Chandler,neutral,320,10,6,16,"00:20:30,562","00:20:34,732",s,10
3232,"Or with the other two women, in the morning y'know I was just lying there and I couldn't wait to just go hang out with my friends, but with you I always y'know with a friend.",Chandler,neutral,320,11,6,16,"00:20:36,944","00:20:48,287",s,11
3239,Hey!,Phoebe,joy,321,0,8,7,"0:16:33,659","0:16:34,301",g,0
3240,Welcome back!,Eric,joy,321,1,8,7,"0:16:34,301","0:16:36,092",g,1
3241,Hey! Can we pick up where we left off?,Phoebe,joy,321,2,8,7,"00:16:38,288","00:16:40,915",q,2
3242,"I don't know, I'm still pretty tired out from this afternoon.",Eric,neutral,321,3,8,7,"00:16:41,083","00:16:42,792",ans,3
3243,Why?,Phoebe,surprise,321,4,8,7,"0:16:42,960","0:16:43,586",q,4
3244,"Uh, the sex.",Eric,neutral,321,5,8,7,"0:16:43,586","0:16:45,311",ans,5
3245,What sex?,Phoebe,surprise,321,6,8,7,"0:16:45,421","0:16:46,339",q,6
3246,Our sex.,Eric,joy,321,7,8,7,"0:16:46,339","0:16:47,400",ans,7
3247,We didn't have sex.,Phoebe,surprise,321,8,8,7,"00:16:47,506","00:16:48,881",s,8
3248,"Well if I didn't have sex with you, I had sex with someone that looked an awful lot like",Eric,neutral,321,9,8,7,"00:16:47,506","00:16:53,720",s,9
3249,Ew! Ew! Ew! Ew! Ew! Ew!,Phoebe,disgust,321,10,8,7,"0:16:55,889","0:16:59,226",oth,10
3250,Oh no! Oh no! Oh no! Oh no! No! No! No!,Eric,disgust,321,11,8,7,"0:16:59,226","0:17:00,332",oth,11
3359,"....and 12, 22, 18, four... What?",Ross,surprise,336,0,3,10,"00:11:55,840","00:12:07,000",q,0
3360,I spelled out boobies.,Chandler,joy,336,1,3,10,"00:12:06,267","00:12:09,102",ans,1
3361,"Ross, but me down for another box of the mint treasures, okay. Where, where are the mint treasures?",Monica,neutral,336,2,3,10,"00:12:13,649","00:12:20,071",q,2
3362,"Ah, we're out. I sold them all.",Ross,neutral,336,3,3,10,"00:12:20,948","00:12:23,032",ans,3
3363,What?,Monica,surprise,336,4,3,10,"00:12:23,534","00:12:25,076",q,4
3365,No.,Monica,sadness,336,6,3,10,"00:12:29,915","00:12:32,959",dag,5
3366,"No, just, just, just a couple more boxes.",Monica,anger,336,7,3,10,"00:12:29,915","00:12:35,211",s,6
3367,"It-it-it's no big deal, all right, I'm-I'm cool.",Monica,fear,336,8,3,10,"00:12:29,915","00:12:39,591",o,7
3368,You gotta help me out with a couple more boxes!,Monica,sadness,336,9,3,10,"00:12:33,502","00:12:44,137",s,8
3369,"Mon, look at yourself. You have cookie on your neck.",Ross,disgust,336,10,3,10,"00:12:45,222","00:12:47,724",s,9
3370,Oh God!,Monica,sadness,336,11,3,10,"00:12:48,184","00:12:49,225",oth,10
3371,"So, how many have you sold so far?",Chandler,neutral,336,12,3,10,"00:12:51,353","00:12:55,398",q,11
3382,Hi.,Ross,neutral,337,0,8,2,"00:02:56,176","00:02:57,384",g,0
3383,Hey. Soaps? Shampoos? Are you really taking all this stuff?,Chandler,surprise,337,1,8,2,"00:02:58,553","00:03:02,139",q,1
3384,Why not? It's built into the price of the room.,Ross,neutral,337,2,8,2,"00:03:02,348","00:03:07,853",ans,2
3385,Yeah but you don't need¬ó¬óWhat is this?,Chandler,surprise,337,3,8,2,"00:03:02,348","00:03:11,106",q,3
3386,Thread!,Ross,joy,337,4,8,2,"00:03:08,104","00:03:11,106",ans,4
3387,Score! Where are the disposable cameras?,Chandler,joy,337,5,8,2,"00:03:12,442","00:03:18,488",q,5
3388,What disposable cameras?,Ross,sadness,337,6,8,2,"00:03:15,236","00:03:18,488",q,6
3389,The cameras? Remember last night I told you to take them?,Chandler,surprise,337,7,8,2,"00:03:18,656","00:03:20,699",q,7
3390,No you didn't.,Ross,neutral,337,8,8,2,"00:03:20,909","00:03:22,000",dag,8
3391,"Yes! Remember? Right before we cut the cake, I went up to you and I said",Chandler,surprise,337,9,8,2,"00:03:20,909","00:03:25,037",s,9
3392,"Oh-oh yeah, you-you came up to me and asked if I could do you a favor, and my Uncle Murray came up to you and handed you a check.",Ross,neutral,337,10,8,2,"00:03:25,246","00:03:31,001",ag,10
3393,"And then you said, ""Why do they call it a check?",Ross,neutral,337,11,8,2,"0:03:31,252","0:03:33,274",s,11
3402,"Uhh, Rachel, my parents",Joshua,neutral,338,0,4,18,"00:15:40,189","00:15:42,607",s,0
3403,Ohh! It's so nice to meet you. Hello.,Rachel,joy,338,1,4,18,"00:15:42,775","00:15:46,694",g,1
3406,"Hello. Well, Joshua, that $500 was for groceries.",Mrs. Burgin,neutral,338,2,4,18,"00:15:47,321","00:15:52,450",s,2
3407,What?,Rachel,surprise,338,3,4,18,"00:15:53,994","00:15:54,000",q,3
3408,"This-this, no, oh no, no-no-no, this is not¬óthat's-that's not what it is.",Rachel,joy,338,4,4,18,"00:15:53,994","00:15:58,873",s,4
3409,"See, see, okay, I work in fashion, see and-and, this is a real dress actually.",Rachel,neutral,338,5,4,18,"00:15:59,041","00:16:04,921",s,5
3410,"It's-it's, they're-they're wearing it in Milan, so part of my job is too wear the clothes, and then I see how people respond, and then I report back to my superiors at",Rachel,neutral,338,6,4,18,"00:16:05,089","00:16:17,767",s,6
3411,Maybe in L.A?,Mrs. Burgin,neutral,338,7,4,18,"0:16:27,528","0:16:28,790",o,7
3412,Yes!,Rachel,joy,338,8,4,18,"0:16:28,790","0:16:29,620",ag,8
3413,There you go.,Joshua,neutral,338,9,4,18,"0:16:29,738","0:16:30,531",s,9
3414,"So, have you kids eaten yet?",Mr. Burgin,neutral,338,10,4,18,"0:16:30,531","0:16:32,876",q,10
3415,"Well, we were going to do that after¬óI mean umm, next.",Rachel,neutral,338,11,4,18,"00:16:32,992","00:16:35,535",ans,11
3428,Triskaidekaphobia.,Chandler,neutral,342,0,8,20,"0:07:25,933","0:07:26,745",oth,0
3429,The fear of,Ross,neutral,342,1,8,20,"0:07:26,745","0:07:28,814",oth,1
3430,"No! No, fear of the number 13.",Joey,neutral,342,2,8,20,"00:07:28,936","00:07:33,316",s,2
3432,"It's possible, they have really sharp edges.",Ross,neutral,342,3,8,20,"00:07:33,566","00:07:36,944",s,3
3433,"All right Chandler, you're up.",Joey,neutral,342,4,8,20,"00:07:38,321","00:07:39,780",s,4
3434,"Wait a minute, I-I believe I'm entitled to use my Angel Pass for a free turn?",Ross,joy,342,5,8,20,"00:07:40,031","00:07:43,618",s,5
3435,This game makes no sense!,Chandler,anger,342,6,8,20,"0:07:43,784","0:07:45,244",o,6
3436,Y'know what? You're just upset because you're losing.,Ross,joy,342,7,8,20,"0:07:45,244","0:07:48,206",o,7
3437,"Oh come on Ross, I think we're all losers here.",Chandler,neutral,342,8,8,20,"00:07:48,289","00:07:50,875",o,8
3438,"All right. Chandler, you can either spin the wheel or pick a Google card.",Joey,neutral,342,9,8,20,"00:07:52,919","00:07:56,672",s,9
3439,Let me think. Let me think¬óOh! I don't care.,Chandler,anger,342,10,8,20,"00:07:56,839","00:08:00,468",s,10
3440,You-you must choose Mr. Bing.,Joey,neutral,342,11,8,20,"00:08:02,428","00:08:04,096",s,11
3450,Very funny Ross!,Joey,joy,344,0,5,17,"00:02:13,550","00:02:15,425",o,0
3451,Very life-like and funny.,Joey,neutral,344,1,5,17,"0:02:15,593","0:02:17,554",o,1
3452,Okay.,Joey,neutral,344,2,5,17,"0:02:17,554","0:02:19,218",oth,2
3453,"Oh no-no-no, I wasn't waving at you lady.",Joey,neutral,344,3,5,17,"00:02:21,474","00:02:23,976",s,3
3454,"Whoa, maybe I was!",Joey,surprise,344,4,5,17,"00:02:25,937","00:02:28,772",o,4
3456,"Get in there man! Flirt back, mix it up!",Monica,joy,344,6,5,17,"00:02:32,402","00:02:35,654",c,5
3457,"Yeah, I-I-I'm down with that.",Joey,joy,344,7,5,17,"00:02:36,489","00:02:38,490",ag,6
3458,"Okay, here goes.",Joey,fear,344,8,5,17,"00:02:40,702","00:02:42,327",s,7
3459,How you a-doin'?,Joey,neutral,344,9,5,17,"00:02:43,746","00:02:46,915",q,8
3460,It worked!,Joey,surprise,344,10,5,17,"0:02:51,838","0:02:52,673",s,9
3461,She's waving me over.,Joey,joy,344,11,5,17,"0:02:52,673","0:02:53,765",s,10
3462,"Okay, I-I-I'll be right over.",Joey,joy,344,12,5,17,"0:02:53,765","0:02:55,362",s,11
3496,Hey!,Monica,joy,349,0,9,19,"0:01:52,488","0:01:53,420",g,0
3497,Hey!,Phoebe,joy,349,1,9,19,"0:01:53,420","0:01:54,342",g,1
3498,Hi!,Ross,joy,349,2,9,19,"0:01:54,342","0:01:55,405",g,2
3499,"So, do you guys wanna come and eat dinner at the restaurant sometime in the next few weeks?",Monica,neutral,349,3,9,19,"00:01:55,491","00:01:58,953",q,3
3500,Sure!,Phoebe,joy,349,4,9,19,"0:01:59,161","0:02:00,253",ans,4
3501,I'd love to!,Ross,joy,349,5,9,19,"0:02:00,253","0:02:00,463",ag,5
3502,Well you,Monica,neutral,349,6,9,19,"00:02:00,663","00:02:01,872",oth,6
3503,"Well, I can't give you a massage, because my licence has been revoked again!",Phoebe,sadness,349,7,9,19,"00:02:04,000","00:02:10,381",s,7
3504,"Phoebe, what happened?",Ross,neutral,349,8,9,19,"00:02:10,548","00:02:14,135",q,8
3505,"Well, it was an accident...You know, it's a lot of oil and sometimes the hand just slips!",Phoebe,neutral,349,9,9,19,"00:02:14,301","00:02:17,721",ans,9
3506,Have I got a surprise for you? Pack your bags!,Chandler,joy,349,10,9,19,"00:02:19,515","00:02:22,309",s,10
3507,Oh no!You guys aren't supposed to get divorced for 7 years!,Phoebe,surprise,349,11,9,19,"00:02:22,476","00:02:26,897",o,11
3564,"Hey, look at me. I'm making jam, been at it since 4 o'clock this morning.",Monica,sadness,356,0,3,3,"00:01:11,654","00:01:19,286",s,0
3565,Where'd you get fruit at four in the morning?,Ross,surprise,356,1,3,3,"00:01:15,158","00:01:19,286",q,1
3566,Went down to the docks. Bet ya didn't know you could get it wholesale.,Monica,neutral,356,2,3,3,"00:01:19,496","00:01:24,917",ans,2
3567,I didn't know there were docks.,Rachel,surprise,356,3,3,3,"00:01:23,208","00:01:24,917",s,3
3568,Hey.,Joey,neutral,356,4,3,3,"0:01:27,045","0:01:28,046",g,4
3569,Hey.,Chandler,neutral,356,5,3,3,"0:01:28,046","0:01:28,186",g,5
3570,"Aww, is it broken?",Ross,sadness,356,6,3,3,"00:01:28,296","00:01:30,089",q,6
3571,"No, I gotta wear this thing for a couple weeks.",Joey,joy,356,7,3,3,"00:01:30,340","00:01:32,800",ans,7
3572,Did you tell the doctor you did it jumping up and down on your bed?,Rachel,neutral,356,8,3,3,"00:01:33,176","00:01:36,095",q,8
3573,Nooo. I had a story all worked out but then Chandler sold me out.,Joey,sadness,356,9,3,3,"00:01:40,558","00:01:47,022",ans,9
3574,"Well, I'm sorry Joe. I didn't think the doctor was gonna buy that it just *fell* out of the socket.",Chandler,anger,356,10,3,3,"00:01:42,060","00:01:47,022",ap,10
3575,What is this? Fruit?,Joey,surprise,356,11,3,3,"00:01:48,608","00:01:50,859",q,11
3624,"Okay, I've got three of my five.",Ross,neutral,361,0,3,5,"0:08:18,039","0:08:20,181",s,0
3625,"Three of your five, what?",Rachel,neutral,361,1,3,5,"0:08:20,181","0:08:21,731",q,1
3626,Celebrities I'm allowed to sleep with.,Ross,neutral,361,2,3,5,"00:08:22,210","00:08:25,128",ans,2
3627,Oh my God! You are giving this a lot of thought.,Rachel,surprise,361,3,3,5,"00:08:25,296","00:08:27,506",s,3
3628,"Yeah, it's hard okay, I only have two spots left.",Ross,neutral,361,4,3,5,"00:08:27,673","00:08:30,300",s,4
3629,"All right, so who do you got it narrowed down to?",Chandler,neutral,361,5,3,5,"00:08:30,468","00:08:32,135",q,5
3630,"Okay, Elizabeth Hurely....",Ross,joy,361,6,3,5,"00:08:32,303","00:08:34,930",ans,6
3631,"Oooh-hoo, very attractive, forgiving.",Chandler,surprise,361,7,3,5,"00:08:37,266","00:08:38,934",o,7
3632,Susan Sarandon.,Ross,neutral,361,8,3,5,"00:08:41,145","00:08:42,854",ans,8
3633,"Eh, y'know what, she's to political, she probably wouldn't let you do it, unless you donated four cans of food first.",Chandler,disgust,361,9,3,5,"00:08:46,817","00:08:51,321",o,9
3634,And!! Isabella Rosselini.,Ross,joy,361,10,3,5,"00:08:52,865","00:08:55,116",ans,10
3635,"Ooh-hoo. Very hot, very sexy. But ah, y'know she's too international, y'know she's never gonna be around.",Chandler,joy,361,11,3,5,"00:08:55,284","00:09:01,998",o,11
3743,I can't believe we're here.,Monica,joy,374,0,8,3,"0:15:21,629","0:15:23,173",s,0
3744,Oh you've got to be kidding me.,Chandler,surprise,374,1,8,3,"0:15:23,173","0:15:25,429",dag,1
3745,What?,Monica,surprise,374,2,8,3,"00:15:25,591","00:15:27,091",q,2
3746,"As a wedding gift to you, the hotel would like to give you the honeymoon suite.",Front Desk Clerk,neutral,374,3,8,3,"00:15:28,677","00:15:32,722",s,3
3747,No!! You have been screwing us all day!,Monica,anger,374,4,8,3,"00:15:32,973","00:15:36,392",dag,4
3748,Who are you?,Man,surprise,374,5,8,3,"0:15:36,685","0:15:37,520",q,5
3749,We're you just ten seconds later!,Chandler,neutral,374,6,8,3,"0:15:37,520","0:15:40,742",ans,6
3751,You already got the first class tickets.. you got the lounge!,Monica,anger,374,7,8,3,"0:15:42,316","0:15:44,736",s,7
3752,I mean we should get free stuff too!,Monica,anger,374,8,8,3,"0:15:44,736","0:15:46,293",o,8
3753,I mean you're not the only ones on your honeymoon!,Monica,anger,374,9,8,3,"00:15:46,487","00:15:49,530",s,9
3754,Well you can have the suite if you want.,Woman,neutral,374,10,8,3,"0:15:50,658","0:15:52,827",s,10
3755,We don't care about where we stay.,Woman,neutral,374,11,8,3,"0:15:52,827","0:15:55,061",s,11
3834,Hey! Where ¬ëya headin' in those pants? 1982?,Monica,joy,388,0,3,5,"00:05:45,261","00:05:48,972",q,0
3835,"Oh Monica, listen, I ah, I saw down at the hardware store, they got those designer tiles on sale.",Joey,neutral,388,1,3,5,"00:05:50,725","00:05:55,604",s,1
3836,If you ever want to redo the bathroom floor.,Joey,neutral,388,2,3,5,"00:05:50,725","00:05:57,689",s,2
3837,"Why, what's wrong with my bathroom floor?",Monica,surprise,388,3,3,5,"00:05:58,107","00:06:00,233",q,3
3838,"Nothing. It's just old and dingy, that's all.",Joey,disgust,388,4,3,5,"00:06:00,401","00:06:03,320",ans,4
3839,I highly doubt that.,Monica,anger,388,5,3,5,"00:06:04,197","00:06:07,491",s,5
3840,"Oh yeah. If you ah, move your hamper, you see what color the tile used to be. Yeah.",Joey,disgust,388,6,3,5,"00:06:07,658","00:06:14,748",s,6
3841,I can't live like this! What are we gonna do? What are we gonna do?,Monica,fear,388,7,3,5,"00:06:16,000","00:06:18,710",q,7
3842,Relax. Here hold this . This old stuff just comes right off.,Joey,neutral,388,8,3,5,"00:06:18,878","00:06:23,632",ans,8
3843,That's a little more than I wanted to see.,Monica,disgust,388,9,3,5,"00:06:26,094","00:06:28,470",s,9
3844,Aw!,Joey,surprise,388,10,3,5,"00:06:29,972","00:06:31,223",a,10
3845,"Look at that, every inch of this stuff is glued down.",Joey,surprise,388,11,3,5,"00:06:31,391","00:06:34,393",o,11
3869,"Hey, Pheebs! It's Joey!",Joey,joy,392,0,4,23,"00:17:48,150","00:17:50,318",g,0
3870,"Hey, Joey!",Phoebe,joy,392,1,4,23,"0:17:50,486","0:17:51,078",g,1
3871,Hey!,Phoebe,joy,392,2,4,23,"0:17:51,078","0:17:51,180",g,2
3872,Ooh!,Phoebe,joy,392,3,4,23,"0:17:51,180","0:17:52,807",oth,3
3873,Ooh!,Phoebe,joy,392,4,4,23,"0:17:52,807","0:17:53,009",oth,4
3874,I just say someone on the¬óthat looks just like you on the subway.,Phoebe,neutral,392,5,4,23,"00:17:53,030","00:17:55,865",s,5
3875,"And I was gonna go over and say ¬ëhi!' but then I figured, he doesn't care if he looks like you.",Phoebe,joy,392,6,4,23,"00:17:56,033","00:18:00,495",s,6
3876,"That just cost me four bucks. But uh listen, I just called to see how the chick and the duck are doing?",Joey,neutral,392,7,4,23,"00:18:02,164","00:18:08,544",q,7
3877,"Ohh, they're having a",Phoebe,joy,392,8,4,23,"00:18:08,712","00:18:10,797",ans,8
3878,"Kinda, but I've just been having way too much fun.",Joey,joy,392,9,4,23,"00:18:15,761","00:18:18,596",s,9
3879,So you're not homesick yet?,Phoebe,surprise,392,10,4,23,"00:18:18,764","00:18:20,264",q,10
3880,"No, I don't think so.",Joey,neutral,392,11,4,23,"00:18:20,933","00:18:23,893",ans,11
3905,Are you okay?,Phoebe,neutral,398,0,1,12,"00:14:35,749","00:14:37,500",q,0
3906,I need some milk.,Rachel,neutral,398,1,1,12,"00:14:40,254","00:14:41,462",ans,1
3907,"Ok, I've got milk Here you go... Oh! Better?",Phoebe,anger,398,2,1,12,"00:14:43,924","00:15:01,733",q,2
3908,No...,Rachel,sadness,398,3,1,12,"00:15:03,402","00:15:04,861",ans,3
3909,"I'm so embarrassed, I'm the one he hit on!",Phoebe,surprise,398,4,1,12,"00:15:20,544","00:15:25,840",s,4
3910,"Pheebs, if I had never met him this never would have happened!",Rachel,neutral,398,5,1,12,"00:15:28,302","00:15:29,719",s,5
3911,I'm so sorry! No I'm sorry! No I'm sorry! No I'm sorry!,Phoebe,sadness,398,6,1,12,"00:15:29,887","00:15:32,013",ap,6
3912,"No, wait, oh, what are we sorry about?",Phoebe,surprise,398,7,1,12,"00:15:33,599","00:15:37,393",q,7
3913,"I don't know...right, he's the pig!",Rachel,sadness,398,8,1,12,"00:15:37,561","00:15:39,604",ans,8
3914,Such a pig!,Phoebe,disgust,398,9,1,12,"0:15:39,772","0:15:41,044",ag,9
3915,"Oh, God, he's such a pig,",Rachel,disgust,398,10,1,12,"0:15:41,044","0:15:42,306",ag,10
3916,Oh he's like a...,Phoebe,disgust,398,11,1,12,"0:15:42,306","0:15:42,581",s,11
3929,"Well, yes, it's kind've an unusual house.",Phoebe Sr,neutral,401,0,3,25,"00:05:04,178","00:05:06,179",ag,0
3930,"It has umm, three beautiful bedrooms and ah, no baths.",Phoebe Sr,neutral,401,1,3,25,"00:05:06,347","00:05:10,142",s,1
3931,"But y'know, the ocean is right there.",Phoebe Sr,neutral,401,2,3,25,"00:05:10,518","00:05:14,062",s,2
3932,"Knock, knock, knock.",Phoebe,neutral,401,3,3,25,"00:05:14,272","00:05:15,647",oth,3
3933,"Ah, oh, hang on a second. Come in, come in. All right, so think about it, and call me back.",Phoebe Sr,neutral,401,4,3,25,"00:05:15,815","00:05:20,068",c,4
3934,"Are you ah, Phoebe Abott?",Phoebe,neutral,401,5,3,25,"0:05:21,904","0:05:23,086",q,5
3935,"Ahh, yes.",Phoebe Sr,neutral,401,6,3,25,"0:05:23,086","0:05:24,166",ans,6
3936,"Hi Phoebe Abott, I'm your best friends daughter!",Phoebe,joy,401,7,3,25,"00:05:24,324","00:05:27,679",g,7
3937,You're Erwin's daughter?!,Phoebe Sr,surprise,401,8,3,25,"00:05:30,079","00:05:31,371",q,8
3938,"No, I-I mean your-your old best friend, here. Lily, from high school. Remember?",Phoebe,neutral,401,9,3,25,"00:05:31,622","00:05:39,254",q,9
3939,"Oh gosh, Lily, yes. Of course I remember Lily. I... Then you must be?",Phoebe Sr,surprise,401,10,3,25,"00:05:35,168","00:05:44,301",ans,10
3940,"Phoebe. Phoebe. Phoebe, yeah. She named me after you I guess.",Phoebe,sadness,401,11,3,25,"00:05:44,469","00:05:49,097",ans,11
4004,"I'm just sayin', if I see one more picture of Ed Begley, Jr. in that",Carl,disgust,410,0,1,24,"00:18:46,917","00:18:52,547",o,0
4005,I can't believe you'd rather go out with him than me.,Ross,surprise,410,1,1,24,"00:19:02,391","00:19:06,602",o,1
4006,"Would you excuse me, please? I'm trying to have a date here.",Rachel,anger,410,2,1,24,"00:19:06,812","00:19:10,022",q,2
4007,"Fine, just stop thinking about me.",Ross,joy,410,3,1,24,"00:19:10,232","00:19:12,692",ans,3
4008,"Can't do it, can you?",Ross,neutral,410,4,1,24,"00:19:16,196","00:19:18,406",q,4
4009,So I'm thinking about you. So what?,Rachel,neutral,410,5,1,24,"00:19:19,241","00:19:21,534",q,5
4010,"I don't get it. What do you see in this guy, anyway?",Ross,surprise,410,6,1,24,"00:19:21,827","00:19:24,954",q,6
4011,Well... he happens to be a very nice... guy....,Rachel,neutral,410,7,1,24,"00:19:25,164","00:19:28,541",ans,7
4012,"I mean, come on, buddy, get a",Carl,neutral,410,8,1,24,"00:19:28,750","00:19:31,878",o,8
4013,"Rachel, come on. Give us a chance.",Ross,neutral,410,9,1,24,"00:19:35,090","00:19:38,593",c,9
4014,"Ross, it's too hard.",Rachel,sadness,410,10,1,24,"00:19:39,344","00:19:41,220",dag,10
4015,"No, no, no... why, because it might get weird for everyone else?",Ross,neutral,410,11,1,24,"00:19:41,430","00:19:43,347",q,11
4028,"...DUMB, DRUNKEN, BITCH!!! Thank you, thanks.",Phoebe,anger,412,0,4,2,"00:04:03,117","00:04:12,709",g,0
4029,"Hey, here's a question; where did you guys get the finest oak East of the Mississippi?",Ross,neutral,412,1,4,2,"00:04:15,004","00:04:23,512",q,1
4030,"Uh-huh, first you tell us where you got the prettiest lace in all the land.",Chandler,neutral,412,2,4,2,"00:04:19,759","00:04:23,512",q,2
4031,I'm reading your ad.,Ross,neutral,412,3,4,2,"00:04:24,347","00:04:25,430",ans,3
4032,"Looks good, uh?",Joey,sadness,412,4,4,2,"0:04:25,848","0:04:26,620",q,4
4033,Yeah.,Ross,neutral,412,5,4,2,"0:04:26,620","0:04:28,196",ans,5
4034,"Stunning entertainment center. Fine, fine Italian craftsmanship.",Chandler,neutral,412,6,4,2,"00:04:28,309","00:04:35,524",s,6
4035,"Oh my God, you guys are selling the entertainment center?",Phoebe,surprise,412,7,4,2,"00:04:37,026","00:04:40,028",q,7
4036,Why? I love that thing.,Rachel,joy,412,8,4,2,"0:04:40,196","0:04:41,658",q,8
4037,You want it?,Chandler,neutral,412,9,4,2,"0:04:41,658","0:04:42,160",q,9
4038,Oh no.,Phoebe and Rachel,disgust,412,10,4,2,"00:04:42,448","00:04:44,199",ans,10
4039,"Ahh, Gepeto, $5,000 dollars? Are you insane?",Chandler,surprise,412,11,4,2,"00:04:50,623","00:04:52,416",q,11
4080,Hi! I'm Dr. Drake Remoray and I have a few routine questions I need to ask you.,Joey,neutral,418,0,8,23,"00:17:30,037","00:17:35,042",s,0
4081,Really? I've been dealing with Dr. Wells.,Man,surprise,418,1,8,23,"00:17:35,959","00:17:38,253",s,1
4082,"I know, but I'm a neurologist.",Joey,neutral,418,2,8,23,"00:17:38,462","00:17:41,548",a,2
4083,"And just to be on the safe side, Dr. Wells wanted a more comprehensive overview of you status so he sent me.",Joey,neutral,418,3,8,23,"00:17:41,715","00:17:46,803",s,3
4084,Dr. Wells is a woman.,Man,surprise,418,4,8,23,"00:17:47,221","00:17:48,972",s,4
4085,"That was a test. Good response. All right, full name.",Joey,neutral,418,5,8,23,"00:17:50,891","00:17:58,732",q,5
4086,Clifford Burnett.,Man,neutral,418,6,8,23,"00:17:55,437","00:17:58,732",ans,6
4087,Date of birth?,Joey,neutral,418,7,8,23,"0:17:58,899","0:18:00,151",q,7
4088,Nov-16,Cliff,neutral,418,8,8,23,"0:18:00,151","0:18:02,312",ans,8
4089,Age?,Joey,neutral,418,9,8,23,"00:18:02,402","00:18:03,654",q,9
4090,Can't you figure that out based on my date of birth?,Cliff,anger,418,10,8,23,"0:18:05,239","0:18:07,742",q,10
4091,"I'm a doctor Cliff, not a mathematician.",Joey,neutral,418,11,8,23,"0:18:07,742","0:18:10,723",ans,11
4141,"Oh, wow! I should get going. I-I got a date tonight.",Ross,joy,424,0,4,10,"00:09:08,130","00:09:10,465",s,0
4142,Oh yeah! With who?,Chandler,surprise,424,1,4,10,"00:09:10,716","00:09:11,841",q,1
4143,You know that girl I told you about who lives up in Poughkeepsie?,Ross,neutral,424,2,4,10,"00:09:12,134","00:09:15,136",ans,2
4145,Not her.,Ross,neutral,424,3,4,10,"00:09:15,246","00:09:16,638",s,3
4146,"Yeah, this is someone else I meet, and I-I can't decide between the two of them.",Ross,neutral,424,4,4,10,"00:09:17,348","00:09:21,935",s,4
4147,"Y'know the one from Poughkeepsie, even though she's a two hour train ride away, is really pretty, really smart, and-and a lot of fun.",Ross,neutral,424,5,4,10,"00:09:22,170","00:09:29,276",s,5
4148,"But this other girl, well, she lives right uptown.",Ross,neutral,424,6,4,10,"00:09:29,485","00:09:33,488",s,6
4149,"Y'know she's, well she's-she's just as pretty, I guess she's smart, she's",Ross,neutral,424,7,4,10,"00:09:38,077","00:09:39,828",s,7
4150,"If she's no fun, why do you want to date her at all?",Phoebe,neutral,424,8,4,10,"00:09:40,788","00:09:47,085",q,8
4151,"Well, I-I want to give her another chance, y'know?",Ross,neutral,424,9,4,10,"0:09:47,336","0:09:48,921",q,9
4152,She lives so close.,Ross,neutral,424,10,4,10,"0:09:48,921","0:09:51,095",s,10
4153,"And, at the end of the date, the other time, she-she said something that was¬óif she was kidding was very funny.",Ross,neutral,424,11,4,10,"00:09:51,716","00:09:59,222",s,11
4210,Pheebs! Hey Pheebs!,All,joy,431,0,5,2,"00:14:17,189","00:14:18,898",g,0
4211,"Uh, okay, Pheebs?",Joey,neutral,431,1,5,2,"0:14:19,817","0:14:22,904",g,1
4212,Yeah?,Phoebe,neutral,431,2,5,2,"0:14:22,904","0:14:23,438",b,2
4213,"Umm, y'know how the other day you were talking about how you didn't get to go to London and how you were kinda feeling left out?",Joey,neutral,431,3,5,2,"0:14:23,529","0:14:29,421",s,3
4214,Yeah?,Phoebe,neutral,431,4,5,2,"0:14:29,421","0:14:29,930",b,4
4215,"All right, well, we felt really bad about that so we decided we should all take a little trip together!",Joey,joy,431,5,5,2,"00:14:30,077","00:14:36,624",s,5
4216,"Ohh, that's so nice! How great! Well, where? Where's the trip?!",Phoebe,anger,431,6,5,2,"00:14:37,042","00:14:41,045",q,6
4217,"Well, we thought we would all go to a picnic , in Central Park!",Monica,joy,431,7,5,2,"00:14:41,547","00:14:48,887",ans,7
4218,"Yeah, all of us! All day!",Joey,joy,431,8,5,2,"00:14:49,680","00:14:51,264",ag,8
4219,That sucks!,Phoebe,disgust,431,9,5,2,"00:14:51,807","00:14:52,849",dag,9
4220,That's not a trip!,Phoebe,surprise,431,10,5,2,"0:14:54,268","0:14:55,728",dag,10
4221,I just came from the park!,Phoebe,anger,431,11,5,2,"0:14:55,728","0:14:56,591",s,11
4234,I'm guess I'm just done with the whole dating thing.,Rachel,sadness,434,0,8,5,"00:19:32,129","00:19:35,256",o,0
4235,It's one more thing in my life that's suddenly completely different.,Rachel,sadness,434,1,8,5,"00:19:35,799","00:19:40,261",s,1
4236,This is hard.,Rachel,sadness,434,2,8,5,"0:19:40,512","0:19:41,680",o,2
4237,Yeah I know.,Ross,neutral,434,3,8,5,"0:19:41,680","0:19:44,006",ag,3
4238,"On the other hand in um, in about seven months you're gonna have something that you're gonna love more than any guy you've ever gone out with.",Ross,neutral,434,4,8,5,"00:19:46,351","00:19:57,278",s,4
4239,Just wait.,Ross,neutral,434,5,8,5,"00:19:59,489","00:20:02,366",c,5
4240,"Wait until uh, wait until the first time your baby grabs your finger.",Ross,joy,434,6,8,5,"00:19:59,489","00:20:06,454",c,6
4241,You have no idea.,Ross,joy,434,7,8,5,"00:20:07,623","00:20:09,123",o,7
4242,Thanks sweetie.,Rachel,neutral,434,8,8,5,"00:20:11,501","00:20:14,003",g,8
4243,"You wanna, you wanna grab some coffee?",Ross,neutral,434,9,8,5,"0:20:17,841","0:20:19,593",q,9
4244,"Oh no, I think I'm gonna go home and eat ten candy bars.",Rachel,sadness,434,10,8,5,"0:20:19,593","0:20:23,697",ans,10
4245,"Hey, I thought I cheered you up.",Ross,neutral,434,11,8,5,"00:20:23,889","00:20:25,848",o,11
4269,Ow!,Monica,anger,438,0,3,13,"00:18:36,740","00:18:38,199",oth,0
4270,"Really?! Well, it's just like everyone else's apartment. It's got rooms, walls, and ceilings.",Richard,neutral,438,1,3,13,"00:18:39,034","00:18:45,540",o,1
4271,"Well, I just wanted to see where you lived. Now, give me the tour.",Richard¬ís Date,neutral,438,2,3,13,"00:18:45,707","00:18:48,251",c,2
4272,Oh my God! Oh my God!,Monica,surprise,438,3,3,13,"00:18:48,418","00:18:50,503",oth,3
4273,"Ah well, this is the living room.",Richard,neutral,438,4,3,13,"00:18:50,671","00:18:52,880",s,4
4275,All right. This is the kitchen.,Richard,neutral,438,5,3,13,"00:18:53,048","00:18:57,135",s,5
4277,The bedroom. Well it's pretty much your typical... bedroom.,Richard,neutral,438,7,3,13,"00:18:59,346","00:19:03,391",s,6
4278,We're still on this side of the door.,Richard¬ís Date,neutral,438,8,3,13,"0:19:07,229","0:19:08,781",s,7
4279,Ha-ha,Joey,joy,438,9,3,13,"0:19:08,781","0:19:09,534",oth,8
4280,"Yeah, but I didn't get to see it.",Richard¬ís Date,sadness,438,10,3,13,"00:19:09,648","00:19:11,065",s,9
4281,Oh shoot! Maybe next time. Thanks for a lovely evening.,Richard,neutral,438,11,3,13,"00:19:11,233","00:19:15,778",a,10
4282,"So um, who was she?",Monica,joy,438,12,3,13,"00:19:33,630","00:19:35,506",q,11
4340,"I'm sorry I won't be able to make it to your imaginary wedding, but I'm",Phoebe,neutral,445,0,8,8,"00:07:46,632","00:07:49,176",ap,0
4341,"I know. I know. I panicked, I panicked. I didn't want him to start yelling at me like I was some '74 Latour.",Rachel,surprise,445,1,8,8,"00:08:00,313","00:08:07,110",a,1
4342,It's Lafite. The '74 Latour is actually drinking quite nicely.,Phoebe,sadness,445,2,8,8,"00:08:07,361","00:08:12,991",s,2
4343,"All right here he comes. I'm gonna do this, I'm gonna tell him, I'm gonna be strong.",Rachel,fear,445,3,8,8,"00:08:14,911","00:08:18,246",s,3
4344,I just called a friend of mine.,Dr. Green,neutral,445,4,8,8,"0:08:18,915","0:08:20,417",s,4
4345,Yeah?,Rachel,surprise,445,5,8,8,"0:08:20,417","0:08:21,283",b,5
4346,I think I may be able to book,Dr. Green,neutral,445,6,8,8,"00:08:21,375","00:08:24,461",s,6
4347,Really?!,Rachel,surprise,445,7,8,8,"00:08:26,631","00:08:28,298",q,7
4348,What is it sweetie?,Dr. Green,joy,445,8,8,8,"00:08:33,846","00:08:37,724",q,8
4349,There's not gonna be a wedding. Ross and I are not getting married.,Rachel,sadness,445,9,8,8,"00:08:39,435","00:08:42,312",ans,9
4351,I'm sorry daddy.,Rachel,sadness,445,10,8,8,"0:08:42,522","0:08:43,794",ap,10
4352,I don't believe this!!,Dr. Green,neutral,445,11,8,8,"0:08:43,794","0:08:44,998",s,11
4363,"So, you're like a zillionaire?",Phoebe,surprise,446,0,3,19,"00:09:44,750","00:09:46,626",q,0
4364,And you're our age. You're our age.,Chandler,surprise,446,1,3,19,"00:09:48,421","00:09:50,755",s,1
4365,"Y'know what, you should like, you should buy a state and then just name it after yourself.",Phoebe,neutral,446,2,3,19,"00:09:51,465","00:09:56,553",o,2
4366,What like Pete Dakota?,Pete,neutral,446,3,3,19,"00:09:57,138","00:09:58,513",q,3
4367,"Yeah, or, or, or, Mississ-Pete.",Phoebe,neutral,446,4,3,19,"00:10:00,182","00:10:01,850",ag,4
4368,"Oh, oh, I got it! Pete-Chicago.",Joey,neutral,446,5,3,19,"00:10:03,436","00:10:06,688",s,5
4369,That's not a state Joe.,Chandler,neutral,446,6,3,19,"00:10:08,316","00:10:10,275",s,6
4370,"Oh, and Mississ-Pete is?",Joey,neutral,446,7,3,19,"00:10:10,693","00:10:13,111",q,7
4371,"I got to go, so ah, I'll see you guys later.",Pete,neutral,446,8,3,19,"00:10:15,197","00:10:18,533",s,8
4372,Okay.,All,neutral,446,9,3,19,"0:10:18,701","0:10:20,473",ag,9
4373,You're our age!,Chandler,surprise,446,10,3,19,"0:10:20,473","0:10:21,091",s,10
4374,"So ah, we on for tomorrow?",Pete,neutral,446,11,3,19,"00:10:22,997","00:10:24,956",q,11
4387,"Yeah, I think it was better when you guys were sad. Hey, uh, remember the roller blades?",Phoebe,neutral,448,0,6,6,"00:10:06,689","00:10:12,986",q,0
4388,You know what else I'm not gonna miss?,Rachel,anger,448,1,6,6,"0:10:14,822","0:10:16,783",q,1
4389,"""I'm Monica.",Rachel,anger,448,2,6,6,"0:10:16,783","0:10:17,392",ans,2
4390,I wash the toilet 17 times a day.,Rachel,anger,448,3,6,6,"0:10:17,491","0:10:19,160",ans,3
4391,"Even if people are on it!""",Rachel,anger,448,4,6,6,"0:10:19,160","0:10:20,934",s,4
4392,"""Hi I'm Rachel, is my sweater too tight? No? Oh, I'd better wash it and shrink it!""",Monica,anger,448,5,6,6,"00:10:22,163","00:10:27,542",oth,5
4393,"""I'm Monica, I don't get phone messages from interesting people. Ever!""",Rachel,anger,448,6,6,6,"00:10:28,419","00:10:31,963",s,6
4394,Hey! I call her!,Phoebe,joy,448,7,6,6,"00:10:32,131","00:10:33,632",s,7
4395,"""Oh my God, I love Ross! I hate Ross! I love Ross! I hate Ross!""",Monica,anger,448,8,6,6,"00:10:34,842","00:10:40,388",s,8
4396,"""Oh my God, I can't find a boyfriend!",Rachel,anger,448,9,6,6,"00:10:41,307","00:10:43,099",s,9
4397,"So I guess I'll just stumble across the hall and sleep with the first guy I find in there!""",Rachel,anger,448,10,6,6,"00:10:43,351","00:10:47,520",s,10
4398,"Yeah, we should get a move on if we wanna make those dinner reservations.",Phoebe,neutral,448,11,6,6,"00:10:53,235","00:10:57,405",s,11
4399,"Item J437-A, color: winterberry.",Ross,neutral,449,0,8,17,"00:20:34,942","00:20:41,864",s,0
4400,"Hi umm, listen come here, come in.",Ross,neutral,449,1,8,17,"00:20:49,456","00:20:52,166",c,1
4401,I'm so-so sorry about yesterday.,Ross,sadness,449,2,8,17,"00:20:52,334","00:20:55,044",ap,2
4402,I-I'm really sorry.,Ross,sadness,449,3,8,17,"0:20:55,796","0:20:56,678",ap,3
4403,It's just that I,Ross,joy,449,4,8,17,"0:20:56,678","0:20:57,973",s,4
4404,"Listen Ross, you don't have to apologize. I understand why you were there.",Mona,neutral,449,5,8,17,"00:20:58,090","00:21:02,802",s,5
4405,You do?,Ross,surprise,449,6,8,17,"0:21:03,136","0:21:03,929",q,6
4406,"Yeah, you still have feelings for me.",Mona,sadness,449,7,8,17,"0:21:03,929","0:21:06,071",ans,7
4407,"And-and to be honest, I-I still have feelings for you.",Mona,joy,449,8,8,17,"00:21:06,181","00:21:10,268",s,8
4408,"And I wish that we can work it out Ross, but we can't.",Mona,sadness,449,9,8,17,"00:21:10,435","00:21:12,895",o,9
4409,"It's too complicated with you and Rachel and the baby, I-I just¬Ö It just wasn't meant to be.",Mona,sadness,449,10,8,17,"00:21:13,063","00:21:20,444",o,10
4410,Oh God you're right.,Ross,joy,449,11,8,17,"00:21:22,281","00:21:24,115",ag,11
4413,"I'm telling you, if you want to take care of that thing, you should go to my herbal guy.",Phoebe,neutral,450,0,3,23,"00:13:06,410","00:13:10,205",c,0
4414,"Thank you, but I want to remove it Pheebs. I don't want to make it savory.",Ross,neutral,450,1,3,23,"00:13:10,748","00:13:15,043",dag,1
4415,"Y'know when girls sleep with guys with weird things on their body, they tell their friends about it.",Monica,neutral,450,2,3,23,"00:13:16,253","00:13:22,300",s,2
4416,Gimme this.,Ross,neutral,450,3,3,23,"00:13:23,052","00:13:24,511",c,3
4417,"Hi! Okay, don't be mad at me, but I couldn't resist.",Rachel,neutral,450,4,3,23,"00:13:27,389","00:13:31,392",s,4
4418,Brides magazines?,Monica,surprise,450,5,3,23,"00:13:31,560","00:13:32,727",q,5
4419,"Yes, and I know that you'd say no if he asked you, but I'm sorry; how great would you look walking down the aisle in this Donna Carin.",Rachel,neutral,450,6,3,23,"00:13:32,895","00:13:41,236",ans,6
4420,"Oh, you so would! Oh, you should get that anyway. Like for clubbing.",Phoebe,sadness,450,7,3,23,"00:13:41,904","00:13:49,869",o,7
4421,"It is so weird, I know what I said, but uh, this morning, I was lying in bed I was, I was imagining what it would be like to say yes.",Monica,surprise,450,8,3,23,"00:13:51,038","00:13:59,254",s,8
4422,"I know it's a little sudden, and it's a little rushed, and it's totally not like me to do something like this, but that doesn't mean I can't.",Monica,joy,450,9,3,23,"00:14:02,341","00:14:11,432",s,9
4423,Right?,Monica,joy,450,10,3,23,"00:14:08,347","00:14:11,432",q,10
4424,"I mean I'm-I'm crazy about Pete, and I know that we want the same things, and when I thought about saying yes, it made me really happy.",Monica,joy,450,11,3,23,"00:14:11,600","00:14:18,815",s,11
4457,So.,Julie,neutral,455,0,2,2,"0:19:20,784","0:19:21,206",s,0
4458,So.,Rachel,neutral,455,1,2,2,"0:19:21,206","0:19:23,132",s,1
4459,I just thought the two of us should hang out for a bit.,Rachel,neutral,455,2,2,2,"00:19:59,823","00:20:02,241",o,2
4460,"I mean, you know, we've never really talked.",Rachel,neutral,455,3,2,2,"00:20:02,409","00:20:05,203",s,3
4461,"I guess you'd know that, being one of the two of us, though, right?",Rachel,neutral,455,4,2,2,"00:20:05,370","00:20:08,623",q,4
4462,"I know, I probably shouldn't even tell you this, but I'm pretty much totally intimidated by you.",Julie,fear,455,5,2,2,"00:20:08,790","00:20:17,632",ans,5
4463,Really? Me?,Rachel,surprise,455,6,2,2,"00:20:18,675","00:20:21,135",q,6
4465,"Oh my god, are you kidding?",Julie,surprise,455,7,2,2,"00:20:21,303","00:20:23,179",q,7
4466,"Ross is so crazy about you, and I really wanted you to like me, and, it's probably me being totally paranoid, but I kinda got the feeling that maybe you don't.",Julie,anger,455,8,2,2,"00:20:23,347","00:20:31,604",o,8
4467,"Well, you're not totally paranoid.",Rachel,neutral,455,9,2,2,"00:20:42,074","00:20:46,494",o,9
4468,Oy.,Julie,joy,455,10,2,2,"00:20:47,996","00:20:50,414",oth,10
4469,"Um, ok, uh, oh god, um, when you and uh Ross first started going out, it was really hard for me, um, for many reasons, which I'm not gonna bore you with now, but um, I just, I see how happy he is, you know, and how good you guys are together, and um, Monica's always saying how nice you are, and god I hate it when she's right.",Rachel,sadness,455,11,2,2,"00:20:55,629","00:21:06,222",s,11
4476,"Chandler, I found the perfect ring.",Phoebe,joy,456,0,6,23,"00:13:05,201","00:13:07,327",s,0
4477,"Oh, that's uh, that's pretty nice but I'm gonna go with the one I picked first.",Chandler,neutral,456,1,6,23,"00:13:07,495","00:13:10,497",dag,1
4478,"Oh my God Chandler, the one you picked is gone. It's over!",Phoebe,anger,456,2,6,23,"00:13:10,664","00:13:14,626",s,2
4479,What?,Chandler,surprise,456,3,6,23,"00:13:15,419","00:13:16,878",q,3
4480,Some guy bought it. I'm sorry. I tired to stop it but they put me in jail!,Phoebe,sadness,456,4,6,23,"0:13:17,046","0:13:20,925",ap,4
4481,They put you in jail?,Chandler,surprise,456,5,6,23,"0:13:20,925","0:13:21,117",q,5
4482,The little jail between the doors!,Phoebe,anger,456,6,6,23,"00:13:22,343","00:13:26,221",ans,6
4483,"Phoebe, I asked you to guard the ring!",Chandler,anger,456,7,6,23,"00:13:26,597","00:13:29,641",s,7
4484,"I know, I'm sorry! But y'know, this ring is better! Monica never even saw the other ring.",Phoebe,anger,456,8,6,23,"00:13:26,597","00:13:33,370",s,8
4485,Yeah but when he proposed to me with the ring I got goose bumps.,Chandler,sadness,456,9,6,23,"00:13:33,938","00:13:38,483",s,9
4486,Maybe it was the guy.,Phoebe,neutral,456,10,6,23,"0:13:39,318","0:13:40,153",oth,10
4487,It was the ring!,Chandler,anger,456,11,6,23,"0:13:40,153","0:13:41,764",s,11
4488,"No, not that, I mean, what about you and Mindy?",Rachel,neutral,457,0,1,20,"00:06:43,277","00:06:46,947",q,0
4489,"Well, if you want, I'll just¬óI'll just break it off with her.",Barry,neutral,457,1,1,20,"00:06:47,573","00:06:54,621",ans,1
4490,"No. No-no-no-no, no. I mean, don't do that. Not, I mean not for me.",Rachel,anger,457,2,1,20,"00:06:50,660","00:06:58,375",dag,2
4491,"Dr. Farber, Bobby Rush is here for his adjustment.",Bernice,neutral,457,3,1,20,"00:06:54,789","00:06:58,375",s,3
4492,"Thanks, Bernice. Let's go away this weekend.",Barry,neutral,457,4,1,20,"00:06:58,543","00:07:02,879",c,4
4493,"Oh, Barry..! Come on, this is all way too..",Rachel,surprise,457,5,1,20,"00:07:03,047","00:07:05,340",dag,5
4494,"We can, we can go to Aruba!",Barry,joy,457,6,1,20,"00:07:05,508","00:07:07,134",c,6
4495,"When I went there on what would have been our honeymoon, it was, uh... it was really nice.",Barry,sadness,457,7,1,20,"00:07:07,969","00:07:14,266",s,7
4496,You would've liked it.,Barry,sadness,457,8,1,20,"00:07:11,264","00:07:14,266",o,8
4497,I had a bra.,Rachel,neutral,457,9,1,20,"00:07:16,602","00:07:18,645",s,9
4498,"Hey, Dr. Farber.",Bobby,neutral,457,10,1,20,"00:07:29,991","00:07:30,991",g,10
4499,"All right Miss Green, everything looks fine... Yep, I think we're starting to see some real progress here.",Barry,neutral,457,11,1,20,"00:07:31,159","00:07:37,956",s,11
4503,Oh that's an eye removal machine.,Monica,neutral,459,0,5,22,"0:07:08,136","0:07:09,930",ans,0
4504,"All right, I'm outta here!",Rachel,anger,459,1,5,22,"0:07:09,930","0:07:10,709",s,1
4505,I'm kidding! I'm kidding!,Monica,joy,459,2,5,22,"00:07:10,847","00:07:12,472",s,2
4507,So were done then!,Rachel,anger,459,3,5,22,"0:07:18,062","0:07:18,774",q,3
4508,"Almost! But first, we gotta start.",Dr. Miller,neutral,459,4,5,22,"0:07:18,774","0:07:21,242",ans,4
4510,This is a glaucoma test.,Dr. Miller,neutral,459,5,5,22,"0:07:21,524","0:07:22,906",s,5
4511,Uh-huh.,Rachel,neutral,459,6,5,22,"0:07:22,906","0:07:23,468",b,6
4512,Sit down.,Dr. Miller,neutral,459,7,5,22,"0:07:23,468","0:07:24,656",c,7
4513,Okay.,Rachel,neutral,459,8,5,22,"00:07:24,735","00:07:26,695",ag,8
4514,"But your chin here. Now, you'll feel a small puff of air in each eye.",Dr. Miller,neutral,459,9,5,22,"00:07:28,698","00:07:31,491",s,9
4515,What?!,Rachel,surprise,459,10,5,22,"00:07:31,659","00:07:33,326",q,10
4516,"A small puff of air, now come on!",Monica,anger,459,11,5,22,"00:07:33,953","00:07:37,080",s,11
4537,Hi!,Rachel,joy,463,0,7,11,"00:04:57,297","00:04:58,297",g,0
4538,Another cheesecake came! They delivered it to the wrong address again!,Chandler,anger,463,1,7,11,"00:04:59,882","00:05:02,134",s,1
4539,"So just bring it back downstairs, what's the problem?",Rachel,neutral,463,2,7,11,"00:05:03,136","00:05:05,971",q,2
4540,I can't seem to say goodbye.,Chandler,sadness,463,3,7,11,"00:05:06,139","00:05:08,598",ans,3
4541,"Are you serious?! Chandler, we ate an entire cheesecake two days ago and you want more?",Rachel,surprise,463,4,7,11,"00:05:08,766","00:05:13,228",q,4
4542,Well I've forgotten what it tastes like okay?!,Chandler,anger,463,5,7,11,"00:05:13,396","00:05:16,106",ans,5
4543,It was cheesecake.,Rachel,neutral,463,6,7,11,"0:05:16,274","0:05:17,985",s,6
4544,It was fine.,Rachel,neutral,463,7,7,11,"0:05:17,985","0:05:19,302",s,7
4545,"It had a buttery, crumbly, graham cracker crust, with a very rich yet light, cream cheese filling¬Ö Wow!",Rachel,surprise,463,8,7,11,"00:05:19,402","00:05:30,370",s,8
4546,My whole mouth just filled with saliva!,Rachel,joy,463,9,7,11,"00:05:32,665","00:05:35,876",s,9
4547,Y'know what? Forget it!,Chandler,anger,463,10,7,11,"00:05:36,044","00:05:39,129",s,10
4548,Yeah and we'll drop it off downstairs so that we're not tempted.,Rachel,neutral,463,11,7,11,"00:05:45,762","00:05:47,888",oth,11
4578,Man. Can you believe he's only had sex with one woman?,Joey,surprise,466,0,1,4,"00:19:56,904","00:20:01,991",q,0
4579,"I think it's great. Y'know, it's sweet, it's romantic...",Chandler,joy,466,1,1,4,"00:20:02,868","00:20:09,040",ans,1
4580,Really?,Joey,surprise,466,2,1,4,"00:20:09,958","00:20:11,083",q,2
4581,"No, you kidding? The guy's a freak..",Chandler,disgust,466,3,1,4,"00:20:11,251","00:20:14,420",ans,3
4582,"Hey, buddy.",Both,neutral,466,4,1,4,"00:20:14,588","00:20:15,880",g,4
4584,"Oh, that's attractive.",Receptionist,neutral,466,5,1,4,"00:20:20,427","00:20:23,554",o,5
4585,"Oh, I thought you were great in Silence of the Lambs. Oh come on, admit it! All things considered, you had fun tonight.",Chandler,joy,466,6,1,4,"00:20:25,641","00:20:34,398",o,6
4586,"Fun? Where was the fun? Tell me specifically, which part was the fun part? Where's my puck?",Ross,disgust,466,7,1,4,"00:20:34,566","00:20:39,904",q,7
4587,"Oh, ah- the kid has it.",Joey,neutral,466,8,1,4,"00:20:40,072","00:20:42,865",ans,8
4588,"The kid...? Excuse me, uh, that's, that's my puck.",Ross,anger,466,9,1,4,"00:20:43,700","00:20:46,786",s,9
4589,"You gotta do it, man.",Chandler,neutral,466,10,1,4,"00:20:54,044","00:20:56,087",c,10
4590,"Oh yeah? Well, I'm rubber, you're glue, whatever¬ó¬ócan't do it. Listen, uh- gimme back my puck.",Ross,anger,466,11,1,4,"00:20:57,089","00:21:05,513",o,11
4626,Phoebe! Rachel! It's Monica! I wonder what you could possibly need me for on such short notice! Oh.,Monica,joy,474,0,7,19,"00:18:55,175","00:19:01,806",s,0
4627,"Oh Monica, we are so sorry.",Rachel,sadness,474,1,7,19,"00:19:05,060","00:19:10,273",ap,1
4628,For what?,Monica,joy,474,2,7,19,"00:19:06,478","00:19:10,273",q,2
4629,"Well first, for forgetting to throw you a bridal shower.",Rachel,sadness,474,3,7,19,"00:19:10,440","00:19:14,318",ans,3
4630,And then for forgetting to invite you to it.,Phoebe,neutral,474,4,7,19,"00:19:14,486","00:19:16,946",s,4
4631,You al-you already had it?,Monica,surprise,474,5,7,19,"00:19:19,366","00:19:20,867",q,5
4633,"Well, we called everyone in your phone book and a bunch of people came, but it took us so long to get you here that they-they had to leave.",Phoebe,neutral,474,6,7,19,"00:19:21,034","00:19:27,915",ans,6
4634,"Yeah, we wanted to throw you a big surprise and a great shower, and now you don't have either.",Rachel,sadness,474,7,7,19,"00:19:28,750","00:19:35,173",s,7
4635,We ruined everything.,Phoebe,sadness,474,8,7,19,"0:19:35,340","0:19:36,562",s,8
4636,Ugh,Rachel,sadness,474,9,7,19,"0:19:36,562","0:19:36,856",b,9
4637,"Well no, wait a minute, that's not true!",Monica,sadness,474,10,7,19,"0:19:36,967","0:19:38,844",dag,10
4638,"No, what did, that was really sweet.",Monica,joy,474,11,7,19,"0:19:38,844","0:19:41,868",o,11
4663,"Sorry I ah, I scared you in there.",Ross,sadness,476,0,3,20,"00:19:07,312","00:19:09,438",ap,0
4664,"Oh, that's okay. By the way, I was just checking the shower massager.",Monica,neutral,476,1,3,20,"00:19:09,606","00:19:16,612",s,1
4665,Yeah.,Ross,neutral,476,2,3,20,"00:19:16,780","00:19:17,947",ag,2
4666,Hey!,Phoebe,surprise,476,3,3,20,"00:19:19,575","00:19:21,033",g,3
4667,I tried to reach you at work. There's....been a fire.,Monica,sadness,476,4,3,20,"00:19:21,201","00:19:25,538",s,4
4668,What?! Oh my... Oh my God!! What happened?!,Phoebe,surprise,476,5,3,20,"00:19:25,706","00:19:28,624",q,5
4669,"Well, we believe it originated here. In the Aroma Room.",Ross,neutral,476,6,3,20,"00:19:31,378","00:19:38,050",ans,6
4670,All right. Did everyone get out okay?,Phoebe,fear,476,7,3,20,"00:19:38,719","00:19:40,720",q,7
4671,"Well, the giraffe's okay. And so is the pirate.",Monica,neutral,476,8,3,20,"00:19:40,888","00:19:44,557",ans,8
4672,Ohh. What is this?,Phoebe,surprise,476,9,3,20,"00:19:44,725","00:19:46,559",q,9
4673,"No Phoebe, don't look! You don't want to see what's under there!!",Ross,fear,476,10,3,20,"00:19:46,727","00:19:48,769",ans,10
4674,"Ohh, the-the Foster puppets!",Phoebe,sadness,476,11,3,20,"00:19:51,773","00:19:53,733",s,11
4676,Hey! How long until Pete's fight?,Ross,neutral,477,0,3,24,"00:14:00,881","00:14:03,758",q,0
4677,"Oh, about five minutes. Right now they're interviewing his opponent. Apparently he trains by going to Iran and pulling the arms off thieves.",Monica,neutral,477,1,3,24,"00:14:00,881","00:14:10,056",ans,1
4678,Hot dog?,Ross,neutral,477,2,3,24,"00:14:10,224","00:14:13,601",q,2
4679,"Four, please. I'm really nervous. Thank you.",Monica,fear,477,3,3,24,"00:14:14,186","00:14:17,772",ans,3
4680,"So Ross, how umm, how did it go with Bonnie?",Phoebe,neutral,477,4,3,24,"00:14:20,067","00:14:23,194",q,4
4683,"I gotta tell you, I-I wasn't expecting to like her at all, I mean I actually wasn't expecting to like anyone right now, but she's really terrific.",Ross,joy,477,5,3,24,"00:14:23,445","00:14:33,079",ans,5
4684,"Ohh, that's too bad!",Phoebe,sadness,477,6,3,24,"00:14:33,247","00:14:34,289",o,6
4685,"No, I-I'm saying I liked her.",Ross,joy,477,7,3,24,"00:14:36,750","00:14:39,168",dag,7
4686,"Yeah, y'know what, there are other fish in the sea.",Phoebe,neutral,477,8,3,24,"00:14:39,420","00:14:41,296",s,8
4687,"Pheebs, I think she's great. Okay? We're going out again.",Ross,joy,477,9,3,24,"00:14:42,548","00:14:45,800",o,9
4688,"Okay, I hear you! Are you capable of talking about any thing else?",Phoebe,disgust,477,10,3,24,"00:14:46,427","00:14:49,637",q,10
4689,Hey! Which one's my turkey burger?,Chandler,neutral,477,11,3,24,"00:14:51,473","00:14:53,474",q,11
4735,You wanna fool around with Joey?,Monica,surprise,481,0,9,20,"0:01:58,856","0:02:00,328",q,0
4736,Yeah!,Rachel,joy,481,1,9,20,"0:02:00,328","0:02:00,777",ans,1
4737,"You know, ever since I had that dream about him, and can't get it out of my head!",Rachel,joy,481,2,9,20,"00:02:00,900","00:02:04,445",s,2
4738,"And what's the big deal, people do it all the time!",Rachel,surprise,481,3,9,20,"00:02:04,612","00:02:07,240",s,3
4739,Who? Who do you know that are friends that just fool around?,Monica,surprise,481,4,9,20,"00:02:07,407","00:02:10,076",q,4
4740,"Ok, off the top of my head... Don and Janet.",Rachel,neutral,481,5,9,20,"00:02:10,243","00:02:14,497",ans,5
4741,"Who, who are they?",Monica,neutral,481,6,9,20,"0:02:14,664","0:02:15,376",q,6
4742,I know them from work.,Rachel,neutral,481,7,9,20,"0:02:15,376","0:02:17,396",ans,7
4743,Both of them?,Monica,surprise,481,8,9,20,"0:02:18,001","0:02:18,763",q,8
4744,"No, one of them...",Rachel,neutral,481,9,9,20,"0:02:18,763","0:02:20,349",ans,9
4745,Which one?,Monica,neutral,481,10,9,20,"00:02:20,461","00:02:22,255",q,10
4746,"I don't know, what were the names I just said?",Rachel,neutral,481,11,9,20,"00:02:22,672","00:02:25,341",ans,11
4750,Oh my God! How did you get back here?!,Phoebe,surprise,482,0,7,12,"00:18:01,830","00:18:05,583",q,0
4751,"Fire alarm? Oh! Hi, officer¬ófireman, can-can I help you?",Phoebe,surprise,482,1,7,12,"0:18:09,922","0:18:20,850",q,1
4752,We found your fire alarm in the trash chute.,The Fireman,anger,482,2,7,12,"0:18:20,850","0:18:22,910",s,2
4753,That's not mine.,Phoebe,neutral,482,3,7,12,"0:18:23,185","0:18:24,067",s,3
4754,Yes it is.,The Fireman,neutral,482,4,7,12,"0:18:24,067","0:18:24,999",dag,4
4755,How do you know?,Phoebe,fear,482,5,7,12,"00:18:25,104","00:18:26,104",q,5
4756,"The next time you want to dump a fire alarm in a trash chute, don't wrap it in a blanket that says, ""Property of Phoebe Buffay not Monica.""",The Fireman,disgust,482,6,7,12,"00:18:29,483","00:18:32,401",ans,6
4757,"Okay do you¬óOkay, do you have a search warrant? Because the last time I checked this was still America!",Phoebe,anger,482,7,7,12,"00:18:33,403","00:18:38,783",q,7
4758,"Please reattach this, it's against the law to disconnect them.",The Fireman,neutral,482,8,7,12,"00:18:39,910","00:18:42,912",c,8
4759,Fine! But please God.. tell me how to stop them from going off!,Phoebe,anger,482,9,7,12,"00:18:43,122","00:18:47,208",q,9
4760,There's a reset button under the plastic cover.,The Fireman,neutral,482,10,7,12,"00:18:49,211","00:18:52,839",ans,10
4761,There's a reset button?!,Phoebe,surprise,482,11,7,12,"00:18:53,048","00:18:55,925",q,11
4791,Hey.,Chandler,neutral,486,0,6,4,"00:06:13,164","00:06:14,289",g,0
4792,Hey! Any good mail?,Joey,neutral,486,1,6,4,"00:06:14,457","00:06:15,916",q,1
4793,"Yes, you got something from the Screen Actor's Guild.",Chandler,neutral,486,2,6,4,"00:06:16,084","00:06:18,293",ans,2
4794,"Ooh, it's probably a residual check, hey can you open it for me, I'm kinda¬Ö.",Joey,neutral,486,3,6,4,"00:06:18,461","00:06:22,422",q,3
4795,"""Benefits lapsed.""",Chandler,neutral,486,4,6,4,"00:06:24,008","00:06:27,219",s,4
4796,Hmm that's weird. I don't remember being in a move called benefits lapsed.,Joey,neutral,486,5,6,4,"00:06:24,008","00:06:30,430",s,5
4797,"Okay, it's not a check. They're saying your health insurance expired because, you didn't work enough last year.",Chandler,neutral,486,6,6,4,"00:06:31,057","00:06:38,563",s,6
4798,Let me see that!,Joey,surprise,486,7,6,4,"00:06:36,020","00:06:38,563",oth,7
4799,All right.,Chandler,neutral,486,8,6,4,"00:06:38,731","00:06:40,107",a,8
4800,"Oh, I can't believe this!",Joey,surprise,486,9,6,4,"00:06:40,274","00:06:42,734",o,9
4801,This sucks!,Joey,anger,486,10,6,4,"00:06:42,902","00:06:44,653",o,10
4802,"When I had insurance I could get hit by a bus or catch on fire, y'know?",Joey,fear,486,11,6,4,"00:06:45,238","00:06:50,158",s,11
4831,Oh my God! Oh my God!!,Rachel,sadness,493,0,6,23,"00:09:36,325","00:09:38,785",oth,0
4832,Still crying?,Monica,surprise,493,1,6,23,"0:09:39,787","0:09:40,747",q,1
4833,Like a,Rachel,neutral,493,2,6,23,"0:09:40,747","0:09:42,899",s,2
4834,"Y'know, I only know of two surefire ways to shut a man up. And one of them is sex.",Monica,neutral,493,3,6,23,"00:09:56,804","00:10:01,182",s,3
4835,What's the other one?,Rachel,neutral,493,4,6,23,"00:10:01,809","00:10:03,059",q,4
4836,"I don't know, I've never had to use the other one.",Monica,neutral,493,5,6,23,"00:10:01,809","00:10:04,811",ans,5
4837,"I'm just saying y'know, if we're having sex, he's not gonna be talking.",Monica,neutral,493,6,6,23,"00:10:05,938","00:10:09,149",s,6
4838,Oh that's right.,Rachel,joy,493,7,6,23,"0:10:09,317","0:10:10,409",ag,7
4839,You're the talker.,Rachel,neutral,493,8,6,23,"0:10:10,409","0:10:12,049",s,8
4840,"Anyway uh, great idea!",Rachel,joy,493,9,6,23,"00:10:15,906","00:10:17,866",o,9
4841,"Umm, I gotta go to the store; I told him that I would buy him some more tissues.",Rachel,neutral,493,10,6,23,"00:10:18,034","00:10:21,369",s,10
4842,"Oh, we have some",Monica,neutral,493,11,6,23,"0:10:21,537","0:10:22,372",s,11
4919,What did you just say?,Monica,surprise,503,0,5,24,"00:11:51,168","00:11:52,460",q,0
4920,You roll another hard eight and we get married here tonight.,Chandler,joy,503,1,5,24,"00:11:52,837","00:11:55,714",ans,1
4921,Are you serious?!,Monica,surprise,503,2,5,24,"0:11:56,716","0:11:57,968",q,2
4922,Yes! I love you! I've never loved anybody as much as I love you.,Chandler,joy,503,3,5,24,"0:11:57,968","0:11:59,735",ans,3
4923,I've never loved anybody as much as I love you.,Monica,joy,503,4,5,24,"00:11:59,885","00:12:05,974",s,4
4924,"Okay, so if an eight comes up, we take it as a sign and we do it!",Chandler,joy,503,5,5,24,"00:12:06,434","00:12:10,228",oth,5
4929,What do you say?,Chandler,neutral,503,6,5,24,"00:12:10,479","00:12:12,522",q,6
4930,Okay!,Monica,joy,503,7,5,24,"0:12:12,732","0:12:13,483",ag,7
4931,Okay! Come on! Let's go! All right!,Chandler,joy,503,8,5,24,"0:12:13,483","0:12:14,011",c,8
4932,Okay! That's a four! And where-where's the other one?,Chandler,anger,503,9,5,24,"00:12:20,114","00:12:23,199",q,9
4933,It went under the table.,Drunken Gambler,neutral,503,10,5,24,"00:12:23,409","00:12:26,619",ans,10
4934,"Nobody move! Okay, you look that way; I'll look this way!",Monica,anger,503,11,5,24,"00:12:26,871","00:12:29,414",c,11
4970,"Look, look, there's got to be a way we can work past this.",Ross,sadness,506,0,3,16,"00:20:44,368","00:20:47,411",s,0
4971,"Okay, I can't imagine, I can't imagine my life without you.",Ross,fear,506,1,3,16,"00:20:47,579","00:20:50,581",s,1
4972,"Without, without these arms, and your face, and this heart.",Ross,sadness,506,2,3,16,"00:20:50,749","00:20:59,715",s,2
4973,"Your good heart Rach, and, and....",Ross,sadness,506,3,3,16,"00:20:59,883","00:21:02,009",s,3
4974,No.,Rachel,neutral,506,4,3,16,"00:21:06,515","00:21:07,932",dag,4
4975,"I can't, you're a totally different person to me now.",Rachel,sadness,506,5,3,16,"00:21:08,684","00:21:11,852",dag,5
4976,"I used to think of you as somebody that would never, ever hurt me, ever.",Rachel,sadness,506,6,3,16,"00:21:12,521","00:21:17,692",s,6
4977,"God, and now I just can't stop picturing with her, I can't, it doesn't matter what you say, or what you do, Ross.",Rachel,sadness,506,7,3,16,"00:21:20,654","00:21:26,867",s,7
4978,"It's just changed, everything.",Rachel,sadness,506,8,3,16,"00:21:27,035","00:21:29,662",s,8
4979,Forever.,Rachel,sadness,506,9,3,16,"00:21:32,124","00:21:33,749",s,9
4980,"Yeah, but this can't be it, I mean.",Ross,sadness,506,10,3,16,"00:21:44,720","00:21:46,220",dag,10
4981,Then how come it is?,Rachel,sadness,506,11,3,16,"00:21:51,601","00:21:53,769",q,11
5000,Ross!,Joey,anger,508,0,5,18,"00:16:23,565","00:16:24,983",g,0
5002,"Okay, Raymond, Joey you're up.",The Casting Director,neutral,508,2,5,18,"00:16:31,782","00:16:33,908",oth,1
5003,Hi!,Joey,joy,508,3,5,18,"00:16:38,122","00:16:39,956",g,2
5004,"Okay, uh well, let's try one. Whenever you guys are ready.",The Casting Director,neutral,508,4,5,18,"00:16:40,124","00:16:43,501",o,3
5005,Uh-oh.,Joey,fear,508,5,5,18,"0:16:44,878","0:16:45,546",b,4
5006,Is there a problem?,The Casting Director,neutral,508,6,5,18,"0:16:45,546","0:16:47,018",q,5
5007,"Well this is noodle soup and uh, I've been working with tomato.",Joey,neutral,508,7,5,18,"00:16:47,131","00:16:50,925",ans,6
5008,"But that's okay, no problem.",Joey,neutral,508,8,5,18,"0:16:51,552","0:16:53,114",ag,7
5009,No problem.,Joey,neutral,508,9,5,18,"0:16:53,114","0:16:53,686",ag,8
5010,"Hmm, noodle soup.",Joey,neutral,508,10,5,18,"00:16:53,804","00:16:56,014",oth,9
5011,"Y'know, that's-that's fine, but the line is, ""Hmm, soup.""",The Casting Director,neutral,508,11,5,18,"00:16:56,181","00:16:59,559",s,10
5012,"Oh, what did I say?",Joey,surprise,508,12,5,18,"0:16:59,727","0:17:00,859",q,11
5023,Okay. Just give us a second. Ross!,Rachel,neutral,509,0,8,23,"00:01:10,934","00:01:14,687",c,0
5024,Yeah?,Ross,neutral,509,1,8,23,"00:01:16,064","00:01:17,065",ag,1
5025,Give her some money.,Rachel,neutral,509,2,8,23,"0:01:17,232","0:01:18,454",oth,2
5026,I really think they're out of rooms.,Ross,neutral,509,3,8,23,"0:01:18,454","0:01:21,670",o,3
5027,"They're not!! Ross, they're just saving them for the important people!! Okay?! What-what if I was the president?!",Rachel,anger,509,4,8,23,"00:01:21,819","00:01:26,616",q,4
5028,"Well then we'd be in a lot of trouble, you don't know where any countries are.",Ross,neutral,509,5,8,23,"00:01:26,866","00:01:29,994",ans,5
5029,Okay.,Ross,neutral,509,6,8,23,"00:01:32,413","00:01:33,915",ag,6
5030,"Uh, say would you umm¬Ö Would you mind checking again to see if any umm, private rooms may have opened up?",Ross,neutral,509,7,8,23,"00:01:34,582","00:01:45,760",q,7
5031,This is a hospital.,Nurse,neutral,509,8,8,23,"00:01:43,758","00:01:45,760",ans,8
5033,Y'know what?,Rachel,neutral,509,9,8,23,"0:01:45,969","0:01:46,861",q,9
5034,I'd have to say I really don't care for your tone.,Rachel,anger,509,10,8,23,"0:01:46,861","0:01:49,490",s,10
5035,And this is not the only hospital in this city and we have no problem to¬óWhoa!,Rachel,anger,509,11,8,23,"00:01:49,597","00:01:55,478",s,11
5169,Hey.,Phoebe,neutral,524,0,3,10,"00:07:23,985","00:07:25,485",g,0
5170,"Hey. What, what are you doing here?",Joey,surprise,524,1,3,10,"00:07:25,653","00:07:27,988",q,1
5171,"Well, I-I thought a lot about what you said, and um, I realilized duh, all right maybe I was a little judgmental.",Phoebe,sadness,524,2,3,10,"00:07:28,156","00:07:34,578",ans,2
5172,"Yeah, oh, but oh...",Phoebe,neutral,524,3,3,10,"00:07:34,745","00:07:36,872",ag,3
5173,"Look now, Phoebe remember, hey, their just fulfilling their Christmas....",Joey,neutral,524,4,3,10,"00:07:37,039","00:07:41,960",oth,4
5174,Destiny.,Phoebe,neutral,524,5,3,10,"0:07:42,128","0:07:42,671",s,5
5175,Sure.,Joey,neutral,524,6,3,10,"0:07:42,671","0:07:43,047",ag,6
5176,Yes.,Phoebe,neutral,524,7,3,10,"0:07:43,047","0:07:43,689",ag,7
5177,All right.,Joey,neutral,524,8,3,10,"00:07:43,754","00:07:46,465",a,8
5178,Okay. Yikes! That one doesn't look very fulfilled.,Phoebe,surprise,524,9,3,10,"00:07:46,966","00:07:49,968",s,9
5179,"Oh, that's, that's ah, one of the old ones, he's just taking it to the back.",Joey,neutral,524,10,3,10,"00:07:50,136","00:07:53,388",s,10
5180,"You keep the old ones in the back, that is so ageist.",Phoebe,anger,524,11,3,10,"00:07:53,556","00:07:58,393",o,11
5243,I'm sorry.,Phoebe,sadness,530,0,3,25,"0:18:57,136","0:18:58,068",ap,0
5244,What are you doing here?!,Phoebe Sr,surprise,530,1,3,25,"0:18:58,068","0:18:59,697",q,1
5245,"I-I, came to fill your ice cube trays.",Phoebe,neutral,530,2,3,25,"00:19:00,180","00:19:03,850",ans,2
5246,What?!,Phoebe Sr,surprise,530,3,3,25,"00:19:05,102","00:19:06,561",q,3
5247,"Umm, okay, okay, look.",Phoebe,neutral,530,4,3,25,"00:19:09,565","00:19:12,358",oth,4
5248,I took this picture from your fridge.,Phoebe,anger,530,5,3,25,"0:19:12,526","0:19:14,548",s,5
5249,"Okay, because I know that this is my Father.",Phoebe,anger,530,6,3,25,"0:19:14,548","0:19:16,708",s,6
5250,"Yeah, this is Frank Buffay and you are standing right there next to him.",Phoebe,anger,530,7,3,25,"00:19:16,822","00:19:20,241",s,7
5251,"Now, look I deserve to know where I came from.",Phoebe,anger,530,8,3,25,"00:19:20,784","00:19:23,202",s,8
5252,All right?,Phoebe,anger,530,9,3,25,"0:19:23,370","0:19:23,788",oth,9
5253,So if you can help me find my Father then you should!,Phoebe,anger,530,10,3,25,"0:19:23,788","0:19:26,641",s,10
5254,"Otherwise, you're just mean!",Phoebe,anger,530,11,3,25,"00:19:26,748","00:19:29,000",o,11
5267,What's happening to your accent?,A Student,surprise,531,0,6,4,"00:20:01,742","00:20:04,327",q,0
5268,Come again?,Ross,surprise,531,1,6,4,"0:20:07,164","0:20:07,976",c,1
5269,What's-what's this nonsense?,Ross,fear,531,2,6,4,"0:20:07,976","0:20:10,173",q,2
5270,"All right, I'm-I'm not English.",Ross,sadness,531,3,6,4,"00:20:14,213","00:20:16,964",s,3
5271,I'm from Long Island.,Ross,neutral,531,4,6,4,"00:20:18,592","00:20:20,927",s,4
5272,"I was really nervous and the accent just uh, just came out.",Ross,sadness,531,5,6,4,"00:20:21,428","00:20:25,806",s,5
5273,I'm sorry.,Ross,sadness,531,6,6,4,"00:20:25,974","00:20:28,184",ap,6
5274,"So, if we could just get back to the lecture.",Ross,neutral,531,7,6,4,"00:20:30,062","00:20:33,022",s,7
5275,"Umm, were there any questions?",Ross,neutral,531,8,6,4,"00:20:33,732","00:20:36,984",q,8
5276,About paleontology.,Ross,neutral,531,9,6,4,"00:20:39,696","00:20:41,322",q,9
5277,"All right, look I was just trying to make a good first impression.",Ross,anger,531,10,6,4,"00:20:43,867","00:20:47,703",s,10
5278,"Obviously, I screwed up.",Ross,sadness,531,11,6,4,"00:20:47,871","00:20:49,747",s,11
5283,"Where you going, Joe?",Chandler,neutral,532,0,9,12,"00:10:28,794","00:10:31,046",q,0
5284,For a walk.,Joey,neutral,532,1,9,12,"00:10:35,426","00:10:37,135",ans,1
5285,Oh. You mind if I join you?,Chandler,neutral,532,2,9,12,"00:10:37,303","00:10:39,304",q,2
5286,"Actually, that will be long. You know, I really need to organize my thoughts.",Joey,neutral,532,3,9,12,"00:10:39,555","00:10:44,851",ans,3
5287,Your thoughts? Plural?,Chandler,surprise,532,4,9,12,"00:10:46,103","00:10:48,355",q,4
5288,"Allright, fine, I only have one thought! It's about the hot nanny, I gotta see her!",Joey,joy,532,5,9,12,"00:10:55,780","00:10:57,906",ans,5
5289,"I'm afraid I can't let you do that, Joe.",Chandler,neutral,532,6,9,12,"0:10:58,908","0:11:01,010",s,6
5290,Now YOU'RE telling me I can't see her??,Joey,anger,532,7,9,12,"0:11:01,010","0:11:02,514",q,7
5291,You guys are killing me!,Joey,sadness,532,8,9,12,"0:11:02,620","0:11:04,122",s,8
5292,She's forbidden fruit!,Joey,sadness,532,9,9,12,"0:11:04,122","0:11:07,186",s,9
5293,"It's like ... like she's the princess and I'm the stable boy ... Why are you doing this, huh?",Joey,sadness,532,10,9,12,"00:11:07,291","00:11:17,092",q,10
5294,Did Ross tell you not to let me go over there?,Joey,neutral,532,11,9,12,"00:11:14,840","00:11:17,092",q,11
5317,"I mean why, of all people would you want to go out with Chip?!",Rachel,surprise,536,0,4,2,"00:07:20,064","00:07:22,858",q,0
5318,"Look, you and I went to different high schools...",Monica,neutral,536,1,4,2,"00:07:23,025","00:07:24,776",ans,1
5319,"Okay, that doesn't help me, because we went to the same high school.",Rachel,neutral,536,2,4,2,"00:07:24,944","00:07:27,946",o,2
5320,"You went to one where you were popular, and you got to ride off Chip's motorcycle, and wear his letterman jacket.",Monica,neutral,536,3,4,2,"00:07:28,114","00:07:34,494",s,3
5321,I went to one where I wore a band uniform they had to have specially made.,Monica,sadness,536,4,4,2,"0:07:34,662","0:07:38,834",s,4
5322,They had to have that specially made?!,Rachel,surprise,536,5,4,2,"0:07:38,834","0:07:38,972",o,5
5323,It was a project for one of the Home Ec classes.,Monica,neutral,536,6,4,2,"00:07:45,214","00:07:47,299",s,6
5324,"Oh my God, they told us that was for the mascot!",Rachel,surprise,536,7,4,2,"00:07:49,260","00:07:52,721",s,7
5325,"Back then, I thought that I would never, ever get the chance to go out with a Chip Matthews, and now he's-he's called me up and asked me out.",Monica,surprise,536,8,4,2,"00:07:55,558","00:08:03,482",o,8
5326,And the fat girl inside of me really wants to go.,Monica,joy,536,9,4,2,"0:08:03,649","0:08:06,277",s,9
5327,I-I owe her this.,Monica,neutral,536,10,4,2,"0:08:06,277","0:08:07,795",s,10
5328,I never let her eat.,Monica,neutral,536,11,4,2,"00:08:07,904","00:08:09,654",s,11
5364,"So honey, this morning was fun, huh? Me hopping in on you in the shower there.",Ross,joy,541,0,6,15,"00:13:48,744","00:13:54,457",s,0
5365,Yeah! And maybe someday we could get a place with two bathrooms.,Carol,joy,541,1,6,15,"00:13:54,625","00:13:58,336",ag,1
5366,"Look Carol umm, I was, I was thinking maybe uh, maybe we can spice things up a little.",Ross,neutral,541,2,6,15,"00:14:01,841","00:14:08,596",s,2
5367,What do you mean?,Carol,surprise,541,3,6,15,"0:14:08,848","0:14:09,516",q,3
5368,Carol our sex life is¬óit's just not working,Ross,sadness,541,4,6,15,"0:14:09,516","0:14:12,172",ans,4
5369,Hey there little fella!,Ross,joy,541,5,6,15,"00:14:12,309","00:14:15,854",g,5
5370,"Hey, uh-hey, why don't we get some shoes on ya, huh?",Ross,neutral,541,6,6,15,"00:14:16,021","00:14:17,981",q,6
5371,"Hey, why don't you show dad how you can put your shoes on, in your room!",Ross,joy,541,7,6,15,"00:14:18,128","00:14:21,276",q,7
5372,Yay!,Ross,joy,541,8,6,15,"00:14:21,485","00:14:23,444",oth,8
5374,Yay!,Ben,joy,541,9,6,15,"0:14:21,485","0:14:22,237",oth,9
5375,Yay!,Ross,joy,541,10,6,15,"0:14:22,237","0:14:23,491",oth,10
5376,"Seriously, our sex life¬Ö I was thinking, maybe I don't know, we could try some-some new things.",Ross,neutral,541,11,6,15,"00:14:25,698","00:14:34,205",s,11
5427,What d'you think?,Monica,neutral,546,0,1,21,"00:05:11,436","00:05:13,013",q,0
5428,Lot of things.,Joey,neutral,546,1,1,21,"00:05:13,271","00:05:15,272",ans,1
5429,Which one do you think she is?,Rachel,neutral,546,2,1,21,"00:05:16,232","00:05:18,108",q,2
5430,May I help you?,Teacher,neutral,546,3,1,21,"00:05:18,318","00:05:19,943",q,3
5431,"Oh, no thanks, we're just here to observe.",Monica,neutral,546,4,1,21,"00:05:20,111","00:05:21,862",ans,4
5432,You don't observe a dance class. You,Teacher,neutral,546,5,1,21,"00:05:22,071","00:05:25,907",o,5
5433,What does she mean?,Rachel,neutral,546,6,1,21,"00:05:30,788","00:05:32,039",q,6
5434,I think she means 'You,Phoebe,neutral,546,7,1,21,"00:05:32,248","00:05:34,082",ans,7
5435,"Okay, d'y'see anybody you think could be me?",Monica,anger,546,8,1,21,"00:05:40,089","00:05:42,799",q,8
5436,People! Last time there were some empty yoghurt containers lying around after class. Let's not have that happen again!,Teacher,anger,546,9,1,21,"00:05:42,967","00:05:49,598",ans,9
5437,She could be you.,Rachel,neutral,546,10,1,21,"00:05:50,350","00:05:52,142",s,10
5438,"Let's get started. Five, six, a-five six seven eight...",Teacher,neutral,546,11,1,21,"00:05:56,773","00:06:02,694",oth,11
5487,"Okay, here comes another camera.",Monica,neutral,553,0,6,10,"00:08:20,666","00:08:21,708",s,0
5488,Right. No biggie. Stay loose.,Ross,neutral,553,1,6,10,"00:08:21,959","00:08:25,003",oth,1
5489,Why do they keep doing that?,Ross,neutral,553,2,6,10,"00:08:34,639","00:08:36,723",q,2
5490,"If we wanna get on camera, I think we have to get up on one of those platforms.",Monica,neutral,553,3,6,10,"00:08:36,974","00:08:39,809",o,3
5491,They've been taping those people up there all day.,Monica,neutral,553,4,6,10,"00:08:40,061","00:08:41,770",s,4
5492,Right.,Ross,neutral,553,5,6,10,"00:08:42,021","00:08:43,146",ag,5
5493,"Hey, what'd you guys do to get up on there?",Ross,joy,553,6,6,10,"00:08:48,027","00:08:50,362",q,6
5494,Oh yeah? Well when you learned how to dance did you forget how to put on underpants?,Monica,joy,553,7,6,10,"00:08:50,613","00:08:58,328",ans,7
5495,Yeah!,Ross,joy,553,8,6,10,"00:08:57,286","00:08:58,328",ag,8
5496,Hey! You're a good dancer!,Janine,surprise,553,9,6,10,"0:09:02,625","0:09:05,337",o,9
5497,Really?,Joey,surprise,553,10,6,10,"0:09:05,337","0:09:05,644",q,10
5498,"Yeah, well you'd be better if you just loosened your hips a little.",Janine,neutral,553,11,6,10,"00:09:05,836","00:09:08,004",ans,11
5508,Why aren't you home yet?!,Rachel,anger,554,0,6,13,"00:19:47,561","00:19:50,229",q,0
5509,Is someone there?,Monica,anger,554,1,6,13,"00:19:50,397","00:19:52,315",q,1
5510,"Oh yes, it's me! Sorry!",Rachel,neutral,554,2,6,13,"00:19:53,066","00:19:56,152",ans,2
5511,What are you doing here?,Chandler,neutral,554,3,6,13,"00:19:56,320","00:19:58,279",q,3
5512,"Uh, I'm just, I'm just looking out your window. At-at the view. What are you guys doing?",Rachel,neutral,554,4,6,13,"00:19:59,364","00:20:06,704",ans,4
5513,We got some,Chandler,neutral,554,5,6,13,"00:20:07,748","00:20:11,000",s,5
5514,"Oh, he brought her back to his apartment.",Rachel,neutral,554,6,6,13,"00:20:15,047","00:20:17,840",s,6
5515,Who? Is that your sister?,Monica,surprise,554,7,6,13,"00:20:18,926","00:20:25,973",q,7
5516,"Ugh, she",Rachel,neutral,554,8,6,13,"00:20:26,183","00:20:30,186",ans,8
5517,"God, Ross is on a date with your sister! How weird is that?!",Monica,disgust,554,9,6,13,"00:20:31,104","00:20:34,190",q,9
5518,"Oh my God, look-look he's taking off her clothes!",Rachel,sadness,554,10,6,13,"0:20:34,358","0:20:36,486",s,10
5519,He's taking off her coat!,Chandler,disgust,554,11,6,13,"0:20:36,486","0:20:37,053",s,11
5568,"Something went wrong with Underdog, and they couldn't get his head to inflate.",Monica,neutral,561,0,1,5,"00:17:40,934","00:17:45,271",s,0
5569,"So anyway, um, his head is like flopping down Broadway, right, and I'm just thinking... how inappropriate this is.",Monica,joy,561,1,1,5,"00:17:46,607","00:17:54,447",s,1
5570,"Um, I've got something in my eye, uh, Joey, could we check it in the light, please?",Monica,neutral,561,2,1,5,"00:17:58,786","00:18:02,789",c,2
5571,Oh my god.,Monica,surprise,561,3,1,5,"0:18:06,126","0:18:06,968",oth,3
5572,What?,Joey,surprise,561,4,1,5,"0:18:06,968","0:18:07,599",q,4
5573,Hello! Were we at the same table? It's like... cocktails in Appalachia.,Monica,anger,561,5,1,5,"00:18:07,795","00:18:13,007",g,5
5574,"Come on, they're close.",Joey,neutral,561,6,1,5,"0:18:17,513","0:18:18,605",c,6
5575,Close? She's got her tongue in his ear.,Monica,disgust,561,7,1,5,"0:18:18,605","0:18:21,738",s,7
5576,"Oh, like you've never gotten a little rambunctious with Ross.",Joey,neutral,561,8,1,5,"00:18:22,476","00:18:26,479",s,8
5577,"Joey, this is sick, it's disgusting, it's, it's¬ónot really true, is it?",Monica,disgust,561,9,1,5,"00:18:27,689","00:18:33,903",q,9
5578,"Well, who's to say what's true? I mean...",Joey,neutral,561,10,1,5,"00:18:34,154","00:18:39,951",q,10
5579,"Oh my god, what were you thinking?",Monica,disgust,561,11,1,5,"00:18:36,073","00:18:41,619",q,11
5627,There's twelve bucks I'll never see again!,Ross,disgust,568,0,5,14,"00:09:08,381","00:09:11,466",s,0
5628,"All right honey, we'd better go if we wanna catch that movie.",Rachel,neutral,568,1,5,14,"00:09:12,343","00:09:14,761",s,1
5629,Bye!,Monica,neutral,568,2,5,14,"0:09:15,596","0:09:16,389",g,2
5630,Bye!,All,neutral,568,3,5,14,"0:09:16,389","0:09:17,155",g,3
5631,Bye Chandler! I miss you already.,Phoebe,sadness,568,4,5,14,"00:09:15,596","00:09:20,225",g,4
5632,"Okay, did you see that?! With the inappropriate and the pinching!!",Chandler,disgust,568,5,5,14,"00:09:25,439","00:09:28,316",q,5
5633,"Actually, I did!",Monica,surprise,568,6,5,14,"00:09:28,568","00:09:29,651",ans,6
5634,"Okay, so now do you believe that she's attracted to me?",Chandler,neutral,568,7,5,14,"00:09:29,902","00:09:32,404",q,7
5635,"Ohhh, oh my God! Oh my God! She knows about us!",Monica,surprise,568,8,5,14,"00:09:34,448","00:09:37,450",ans,8
5636,Are you serious?,Chandler,surprise,568,9,5,14,"00:09:37,660","00:09:38,702",q,9
5637,Phoebe knows and she's just trying to freak us out! That's the only explanation for it!,Monica,anger,568,10,5,14,"00:09:38,869","00:09:43,790",s,10
5638,Okay but what about y'know my pinchable butt and my bulging biceps¬óShe knows!,Chandler,anger,568,11,5,14,"00:09:47,169","00:10:00,015",s,11
5647,"All right now remember, something this big and long is going to be difficult to manuver, fortunately I have a lot of experience in that area.",Joey,neutral,571,0,3,8,"00:20:26,850","00:20:33,814",s,0
5648,"Can we please focus here, a naked man's life hangs in the balance!",Ross,fear,571,1,3,8,"00:20:35,192","00:20:39,987",s,1
5649,I'm telling you he's dead. What we are about to have here is a dead fat guy on a stick.,Phoebe,anger,571,2,3,8,"00:20:40,239","00:20:45,326",s,2
5650,"All right, ladies and gentlemen, let's poke.",Joey,neutral,571,3,3,8,"00:20:46,245","00:20:49,121",c,3
5651,Steady.,Joey,neutral,571,4,3,8,"0:20:49,456","0:20:49,999",s,4
5652,Steady.,Joey,neutral,571,5,3,8,"0:20:49,999","0:20:52,295",s,5
5653,"Okay, a little higher.",Joey,neutral,571,6,3,8,"00:20:52,417","00:20:54,335",s,6
5654,Careful of the angle.,Joey,neutral,571,7,3,8,"00:20:54,628","00:20:56,212",s,7
5655,"Okay, okay, we're approaching the window Thread the needle.",Joey,neutral,571,8,3,8,"00:20:56,380","00:21:05,513",s,8
5656,Thread the needle.,Joey,neutral,571,9,3,8,"00:21:03,011","00:21:05,513",c,9
5657,He's alive! He's a-live!!!,Phoebe,joy,571,10,3,8,"00:21:11,186","00:21:13,896",s,10
5658,"And yet, we're still poking him.",Monica,disgust,571,11,3,8,"00:21:15,983","00:21:18,401",s,11
5663,"Well they have uh, some unusual pet names for each other.",Rachel,sadness,572,0,8,23,"00:09:13,249","00:09:16,961",s,0
5664,"Including umm, evil bitch and uh, sick bastard.",Rachel,disgust,572,1,8,23,"00:09:17,128","00:09:22,425",s,1
5665,Oh God oh!,Rachel,surprise,572,2,8,23,"0:09:23,884","0:09:28,056",oth,2
5666,Contraction!,Rachel,surprise,572,3,8,23,"0:09:28,056","0:09:28,515",s,3
5669,Are you looking at her?!,Evil Bitch,anger,572,6,8,23,"0:09:28,723","0:09:29,905",q,4
5670,No!,Sick Bastard,anger,572,7,8,23,"0:09:29,905","0:09:30,772",ans,5
5671,Don't you look at her you sick bastard!,Evil Bitch,anger,572,8,8,23,"0:09:30,933","0:09:32,644",c,6
5672,Honey I swear! I wasn't looking at her!,Sick Bastard,fear,572,9,8,23,"0:09:32,644","0:09:36,213",dag,7
5673,She's in labor! You like that you sick son of a bitch!,Evil Bitch,anger,572,10,8,23,"00:09:36,397","00:09:40,067",s,8
5674,"Umm. Umm, I'm-I'm just gonna¬ó",Ross,neutral,572,11,8,23,"00:09:44,405","00:09:45,614",s,9
5675,See? See? It was because you were looking fat pervert!,Evil Bitch,anger,572,12,8,23,"00:09:45,781","00:09:48,993",o,10
5676,"No-no, I'm¬ÖI'm sure no one was looking. Just want some privacy.",Ross,neutral,572,13,8,23,"00:09:49,785","00:09:53,831",dag,11
5823,"I like this one. It seems to say, ""I love you and that's why I have to kill you.""",Ross,joy,590,0,7,5,"00:07:50,428","00:07:55,515",s,0
5824,"They can't all be bad. Find the one where you make your bedroom eyes. Ohh, there it is.",Monica,joy,590,1,7,5,"00:07:58,019","00:08:04,357",o,1
5825,Oh my God! Those are my bedroom eyes?! Why did you ever sleep with me?,Chandler,surprise,590,2,7,5,"00:08:04,525","00:08:10,906",q,2
5826,Do you really want to pull at that thread?,Monica,surprise,590,3,7,5,"00:08:12,033","00:08:14,659",q,3
5827,I'm having a really good time!,Phoebe,joy,590,4,7,5,"00:08:19,290","00:08:21,374",s,4
5828,Me too! I'm sorry that guy in the subway licked your neck.,Kyle,sadness,590,5,7,5,"00:08:21,542","00:08:28,173",ap,5
5829,"Ohh. No that's okay, he's a friend.",Phoebe,neutral,590,6,7,5,"00:08:25,838","00:08:28,173",a,6
5830,"Hey uh, I don't mean to be presumptuous but I have these two tickets to the ballroom dancing finals tomorrow night if you want to go?",Kyle,fear,590,7,7,5,"00:08:28,633","00:08:33,803",s,7
5831,"Yeah, I¬Ö Well y'know I-I mean I missed the-the semi-finals, so I'd just be lost.",Phoebe,sadness,590,8,7,5,"00:08:34,305","00:08:40,143",ag,8
5832,"I know it's really lame, but I got these tickets from my boss and¬óOh no! No! No! My God!",Kyle,surprise,590,9,7,5,"00:08:40,311","00:08:44,356",a,9
5833,"Okay, don't freak out. I'll go.",Phoebe,neutral,590,10,7,5,"00:08:47,401","00:08:50,028",c,10
5834,"No it's¬Ö Uh, my ex-wife Whitney is out there. I cannot deal with her right now. That woman is crazy!",Kyle,anger,590,11,7,5,"00:08:50,196","00:08:56,743",s,11
5845,"Okay, look, I-I know what you guys are going to say",Ross,neutral,592,0,5,12,"00:11:10,503","00:11:13,004",s,0
5846,You two will have very hairy children.,Phoebe,disgust,592,1,5,12,"00:11:13,214","00:11:15,840",s,1
5847,"Okay, I didn't know you would say that.",Ross,surprise,592,2,5,12,"00:11:17,593","00:11:19,427",dag,2
5848,Ross! Janice?!,Rachel,anger,592,3,5,12,"00:11:20,513","00:11:22,472",g,3
5849,"All right, hold on!",Joey,neutral,592,4,5,12,"0:11:22,682","0:11:23,308",ag,4
5850,Hold on.,Joey,neutral,592,5,5,12,"0:11:23,308","0:11:23,809",c,5
5851,Hold on.,Joey,neutral,592,6,5,12,"0:11:23,809","0:11:24,715",c,6
5852,"This is Ross, okay?",Joey,neutral,592,7,5,12,"00:11:24,850","00:11:26,643",g,7
5853,He's our friend.,Joey,neutral,592,8,5,12,"0:11:26,852","0:11:27,564",s,8
5854,He obviously went crazy.,Joey,anger,592,9,5,12,"0:11:27,564","0:11:30,074",s,9
5855,He obviously lost his mind.,Joey,anger,592,10,5,12,"00:11:30,231","00:11:32,232",s,10
5857,So are you actually gonna see her again?,Phoebe,neutral,592,11,5,12,"00:11:41,325","00:11:43,243",q,11
5890,Of course! Only an idiot would wear this stuff if you didn't have the car! Right?,Joey,anger,596,0,6,5,"00:13:35,314","00:13:38,858",ans,0
5891,That is true.,Chandler,neutral,596,1,6,5,"00:13:41,862","00:13:44,072",ag,1
5892,"Yeah, but only a genius would swallow a sonic blaster gun.",Phoebe,neutral,596,2,6,5,"00:13:45,032","00:13:48,243",ag,2
5893,"Oh, I've been there. Yeah, I am gonna go drive my Porsche.",Joey,neutral,596,3,6,5,"00:13:48,410","00:13:55,750",s,3
5894,"Joey, you know you don't actually have one.",Monica,neutral,596,4,6,5,"00:13:56,168","00:13:58,461",s,4
5895,Come on! What are you doing?! I'm in character! Would you talk to her!,Joey,sadness,596,5,6,5,"00:13:58,629","00:14:02,799",q,5
5896,"Ahh, I think it just moved. It's really poking me.",Chandler,anger,596,6,6,5,"00:14:04,385","00:14:06,594",o,6
5897,"All right, that's it, we're going to the emergency room.",Monica,neutral,596,7,6,5,"00:14:06,762","00:14:08,805",s,7
5898,"What?! No, you can't, you can't leave me here with them! We're baby-sitting!",Phoebe,anger,596,8,6,5,"00:14:08,973","00:14:12,642",dag,8
5899,"The babies are asleep, I'm sure you'll be okay on your own for a while!",Monica,neutral,596,9,6,5,"00:14:12,810","00:14:15,562",s,9
5900,But you-you can't leave me with them! We-we're a team! We're playing a zone! They're gonna triple team me!,Phoebe,anger,596,10,6,5,"00:14:15,729","00:14:20,733",dag,10
5901,"He's got something plastic lodged in his throat, we've got to go to the hospital.",Monica,fear,596,11,6,5,"00:14:22,111","00:14:25,446",s,11
5976,"Yeah, sure. Good luck!",Pete,joy,604,0,3,21,"00:07:04,882","00:07:10,637",g,0
5977,I'm quitting!! Woo-hoo! I'm okay!! I'm all right!!,Monica,joy,604,1,3,21,"00:07:07,844","00:07:16,476",s,1
5978,"Wow! That's exciting, you went to Japan, made up a woman.",Phoebe,surprise,604,2,3,21,"00:07:19,897","00:07:23,567",s,2
5979,What?,Pete,neutral,604,3,3,21,"00:07:24,193","00:07:25,527",q,3
5980,"I'm just saying, this woman, I mean she's fictitious. No?",Phoebe,surprise,604,4,3,21,"00:07:25,736","00:07:29,531",ans,4
5981,Why would you say that?,Pete,neutral,604,5,3,21,"0:07:30,491","0:07:31,583",q,5
5982,¬ëCause you're still into Monica.,Phoebe,neutral,604,6,3,21,"0:07:31,583","0:07:32,753",ans,6
5983,"So you told her there was somebody else so she would agree to work with you, so ¬ëcause you figure oh if you spent a lot of time together, maybe something might happen, and...",Phoebe,neutral,604,7,3,21,"00:07:32,910","00:07:39,374",s,7
5984,You're good. You're good!,Pete,joy,604,8,3,21,"00:07:40,877","00:07:42,878",a,8
5985,"Yeah, no, I'm fairly intuitive and psychic. It's a substantial gift.",Phoebe,neutral,604,9,3,21,"00:07:43,629","00:07:49,174",ag,9
5986,"Listen, can you promise me that you won't tell her though?",Pete,fear,604,10,3,21,"00:07:50,553","00:07:53,054",q,10
5987,"Absolutely, oh I promise. Tell her what?",Phoebe,neutral,604,11,3,21,"00:07:53,222","00:07:56,975",ans,11
6000,Do I know you?,Monica,surprise,606,0,2,5,"00:18:22,392","00:18:24,769",q,0
6001,"Oh my god, little Stevie Fisher? How've you been?",Monica,surprise,606,1,2,5,"00:18:25,687","00:18:29,649",q,1
6002,"Good, good, I'm a lawyer now.",Steve,neutral,606,2,2,5,"00:18:29,900","00:18:31,567",ans,2
6003,You can't be a lawyer. You're eight.,Monica,surprise,606,3,2,5,"00:18:32,152","00:18:34,070",dag,3
6004,"Listen, it was nice to see you. I gotta run backstage.",Steve,joy,606,4,2,5,"00:18:34,988","00:18:37,406",s,4
6005,"Uh, wait, backstage?",Monica,surprise,606,5,2,5,"00:18:37,616","00:18:38,741",q,5
6006,"Oh, yeah, my firm represents the band.",Steve,neutral,606,6,2,5,"00:18:38,951","00:18:40,576",ans,6
6007,Ross.,Ross,neutral,606,7,2,5,"0:18:40,828","0:18:41,380",g,7
6008,Chandler.,Chandler,neutral,606,8,2,5,"0:18:41,380","0:18:42,344",g,8
6010,"Look, you guys wanna meet the group?",Steve,neutral,606,9,2,5,"00:18:43,872","00:18:46,791",q,9
6011,Come on.,Steve,neutral,606,10,2,5,"00:18:46,959","00:18:48,000",c,10
6012,"So, are you one of the ones who fooled around with my dad?",Steve,surprise,606,11,2,5,"00:18:48,252","00:18:51,504",q,11
6013,Do you have any respect for your body?,Joey,disgust,607,0,1,3,"00:16:50,801","00:16:52,343",q,0
6014,Don't you realise what you're-you're doing to yourself?,Ross,disgust,607,1,1,3,"00:16:52,553","00:16:54,637",q,1
6015,"Hey, y'know, I have had it with you guys and your cancer and your emphysema and your heart disease.",Chandler,anger,607,2,1,3,"00:16:54,847","00:16:59,100",s,2
6016,"The bottom line is, smoking is cool, and you know it.",Chandler,neutral,607,3,1,3,"00:16:59,309","00:17:02,937",s,3
6017,"Chandler? It's Alan, he wants to speak to you.",Rachel,neutral,607,4,1,3,"00:17:07,026","00:17:08,776",s,4
6018,Really?,Chandler,surprise,607,5,1,3,"0:17:08,986","0:17:09,529",q,5
6019,He does?,Chandler,surprise,607,6,1,3,"0:17:09,529","0:17:10,875",q,6
6020,"Hey, buddy, what's up!",Chandler,joy,607,7,1,3,"00:17:12,239","00:17:14,407",g,7
6021,"Oh, she told you about that, huh.",Chandler,surprise,607,8,1,3,"00:17:16,035","00:17:18,369",s,8
6022,"Well, yeah, I have one now and then.",Chandler,neutral,607,9,1,3,"0:17:19,163","0:17:20,675",ag,9
6023,"Well, yeah, now.",Chandler,neutral,607,10,1,3,"0:17:20,675","0:17:23,217",ag,10
6024,"Well, it's not that big- ..well, that's true,.. Gee, y'know, no-one- no-one's ever put it like that before.",Chandler,neutral,607,11,1,3,"00:17:24,084","00:17:36,179",s,11
6069,"Okay, Monica: Right foot red.",Ross,neutral,611,0,1,4,"00:21:28,203","00:21:30,746",oth,0
6070,Could've played,Monica,neutral,611,1,1,4,"00:21:30,956","00:21:34,375",s,1
6071,Thanks.,Chandler,neutral,611,2,1,4,"00:21:40,674","00:21:42,216",a,2
6072,"Okay, Pheebs: Right hand blue. Good.",Ross,neutral,611,3,1,4,"00:21:48,056","00:21:51,142",oth,3
6073,"Hello? Oh, uh, Rachel, it's the",Chandler,neutral,611,4,1,4,"00:22:00,986","00:22:06,907",g,4
6074,"Oh, okay. Will you take my place?",Rachel,neutral,611,5,1,4,"00:22:03,030","00:22:06,907",q,5
6075,"Alright. Yes, this is Rachel.",Chandler,neutral,611,6,1,4,"00:22:07,075","00:22:08,993",ans,6
6076,Nooo!,Rachel,surprise,611,7,1,4,"00:22:09,202","00:22:10,661",dag,7
6077,Hello?,Rachel,neutral,611,8,1,4,"00:22:12,914","00:22:13,956",q,8
6078,"Oh, yeah, no, I know, I-I haven't been using it much.",Rachel,neutral,611,9,1,4,"00:22:14,166","00:22:18,044",s,9
6079,"Oh, well, thanks, but, I'm okay, really.",Rachel,joy,611,10,1,4,"00:22:18,211","00:22:21,756",s,10
6080,Green. To the green.,Ross,neutral,611,11,1,4,"00:22:21,923","00:22:23,299",oth,11
6106,"So, we're decided, no on plaid, yes on pink?",Kim,neutral,614,0,5,18,"00:14:31,704","00:14:34,414",q,0
6107,Absolutely!,Nancy,joy,614,1,5,18,"00:14:34,582","00:14:36,082",ans,1
6108,I am so on board!,Rachel,joy,614,2,5,18,"00:14:36,250","00:14:38,793",s,2
6109,Rachel didn't you just light that?,Kim,neutral,614,3,5,18,"00:14:41,130","00:14:43,131",q,3
6110,"Yeah, I did, but y'know what? I am really, really trying to cut back, y'know? Good luck, Rach.",Rachel,neutral,614,4,5,18,"00:14:43,299","00:14:50,197",ans,4
6111,I've actually been thinking about quitting lately.,Nancy,neutral,614,5,5,18,"00:14:52,349","00:14:54,183",s,5
6112,"Oh sure, every Sunday night I'm telling myself I'm quitting but every Monday morning it's like",Kim,disgust,614,6,5,18,"00:14:57,021","00:14:59,022",ag,6
6113,Tell me about it!,Nancy,neutral,614,7,5,18,"00:14:59,356","00:15:00,523",c,7
6114,Well then let's just quit! We'll just quit! Let's all quit!,Rachel,joy,614,8,5,18,"00:15:00,691","00:15:03,359",oth,8
6115,It does sound appealing.,Kim,neutral,614,9,5,18,"00:15:03,819","00:15:04,944",s,9
6116,"Oh, I never could do it.",Nancy,joy,614,10,5,18,"0:15:05,112","0:15:06,572",dag,10
6117,Oh but you could.,Rachel,neutral,614,11,5,18,"0:15:06,572","0:15:07,424",dag,11
6128,"Well, maybe it's a contest, y'know? Like, collect all five?",Chandler,neutral,615,0,1,3,"00:14:12,768","00:14:15,395",q,0
6129,"Does, um, anyone wanna see?",Phoebe,neutral,615,1,1,3,"00:14:17,940","00:14:19,148",q,1
6130,Nooo..,All,disgust,615,2,1,3,"00:14:19,358","00:14:20,775",ans,2
6131,"Oh, hey, don't do that! Cut it out!",All,anger,615,3,1,3,"00:14:21,777","00:14:24,237",c,3
6132,It's worse than the thumb!,Rachel,disgust,615,4,1,3,"00:14:24,446","00:14:25,947",o,4
6133,"Hey, this is so unfair!",Chandler,anger,615,5,1,3,"00:14:27,741","00:14:29,534",s,5
6134,"Oh, why is it unfair?",Monica,surprise,615,6,1,3,"0:14:29,743","0:14:31,954",q,6
6135,So I have a flaw!,Chandler,anger,615,7,1,3,"0:14:31,954","0:14:33,046",ans,7
6136,Big deal!,Chandler,anger,615,8,1,3,"0:14:33,046","0:14:34,152",oth,8
6137,Like Joey's constant knuckle-cracking isn't annoying?,Chandler,anger,615,9,1,3,"00:14:34,248","00:14:36,958",q,9
6138,"And Ross, with his over-pronouncing every single word?",Chandler,anger,615,10,1,3,"00:14:37,167","00:14:39,335",q,10
6139,"And Monica, with that snort when she laughs?",Chandler,anger,615,11,1,3,"00:14:39,545","00:14:41,671",q,11
6204,Ugh!,Joey,disgust,623,0,4,22,"0:12:01,011","0:12:02,430",b,0
6205,I don't know what I'm going to do!,Joey,fear,623,1,4,22,"0:12:02,430","0:12:02,576",s,1
6206,I called the company that sent and th-they don't care!,Joey,anger,623,2,4,22,"00:12:02,680","00:12:05,181",s,2
6207,"Then I called 9-1-1 and they laughed at me, if this isn't an emergency, then what is?",Joey,anger,623,3,4,22,"00:12:05,349","00:12:09,519",q,3
6208,Hey guys!,Ross,joy,623,4,4,22,"0:12:11,564","0:12:12,274",g,4
6209,Hey!,Chandler,joy,623,5,4,22,"0:12:12,274","0:12:13,442",g,5
6210,Hey,Joey,neutral,623,6,4,22,"0:12:13,442","0:12:13,934",g,6
6211,"I just wanted to thank you again for last night, what a great party!",Ross,joy,623,7,4,22,"00:12:15,151","00:12:17,902",a,7
6212,And the guys from work had a blast.,Ross,joy,623,8,4,22,"00:12:18,070","00:12:19,821",s,8
6213,"Y'know, one of them had never been to a bachelor party before.",Ross,joy,623,9,4,22,"00:12:19,989","00:12:23,074",s,9
6214,Yeah!,Ross,joy,623,10,4,22,"0:12:23,242","0:12:23,576",ag,10
6215,"And-and another one had never been to a party before, so",Ross,surprise,623,11,4,22,"0:12:23,576","0:12:27,351",s,11
6224,Well obviously only one of us can keep dating her.,Ross,neutral,625,0,7,17,"00:10:45,561","00:10:48,605",s,0
6225,"Obviously! So, how do we decide?",Joey,neutral,625,1,7,17,"00:10:48,814","00:10:52,484",q,1
6226,"Well now let's-let's look at this objectively, I think I should date her",Ross,neutral,625,2,7,17,"00:10:52,693","00:10:58,740",ans,2
6227,Uh-huh. Uh-huh.,Joey,neutral,625,3,7,17,"00:11:00,534","00:11:02,035",b,3
6228,"That's interesting, but check this out. I date her",Ross,joy,625,4,7,17,"00:11:06,123","00:11:10,585",s,4
6229,Yeah-yeah I like that but just to go in another direction,Joey,neutral,625,5,7,17,"00:11:11,003","00:11:13,505",ag,5
6230,"Okay, okay. This can go on for a while.",Ross,neutral,625,6,7,17,"00:11:13,756","00:11:16,132",a,6
6231,Yeah well we should order some food then.,Joey,neutral,625,7,7,17,"00:11:16,342","00:11:19,427",s,7
6232,"No Joey! Look why don't, why don't we just let her decide? Okay? Hey-hey, we'll",Ross,neutral,625,8,7,17,"00:11:20,971","00:11:30,438",dag,8
6233,That sounds fair.,Joey,neutral,625,9,7,17,"00:11:31,524","00:11:33,817",s,9
6234,Maybe I'll take her to that new French restaurant down the street,Ross,neutral,625,10,7,17,"00:11:34,151","00:11:37,862",o,10
6235,Ah yeah¬ówait a second now!,Joey,anger,625,11,7,17,"0:11:38,072","0:11:39,634",c,11
6244,"Hi, again.",Monica,neutral,626,0,3,6,"00:10:54,945","00:10:56,237",g,0
6245,Hey!,Joey,neutral,626,1,3,6,"0:10:56,947","0:11:03,663",g,1
6246,Hey!,Chandler,neutral,626,2,3,6,"0:11:03,663","0:11:03,971",g,2
6247,"Thank you soo, much.",Monica,joy,626,3,3,6,"00:11:04,288","00:11:05,622",a,3
6248,"Oh, don't thank me, thank the jerk that never showed up. Okay, I gotta get to get to work.",Chandler,anger,626,4,3,6,"00:11:05,873","00:11:11,670",o,4
6249,You want some help with that?,Monica,neutral,626,5,3,6,"0:11:12,755","0:11:14,007",q,5
6250,"Oh, no thanks, I got it. No I don't!",Joey,neutral,626,6,3,6,"0:11:14,007","0:11:15,326",ans,6
6251,Whoa! Are you okay?,Monica,surprise,626,7,3,6,"00:11:15,524","00:11:21,221",q,7
6252,"Whew! Stood up to fast, got a little head rush.",Joey,surprise,626,8,3,6,"00:11:21,389","00:11:23,932",oth,8
6253,It's the heat. And-and the humidity.,Monica,neutral,626,9,3,6,"00:11:24,850","00:11:31,272",oth,9
6254,"That's a uh, that's a tough combination.",Joey,neutral,626,10,3,6,"00:11:33,776","00:11:36,528",s,10
6255,Do you wanna come in for some lemonade?,Monica,neutral,626,11,3,6,"00:11:41,534","00:11:43,785",q,11
6259,Oh!,Joey,surprise,628,0,6,5,"0:01:42,560","0:01:43,937",b,0
6260,"Hey, somebody left their keys.",Joey,neutral,628,1,6,5,"0:01:43,937","0:01:44,081",s,1
6261,"Ooohh, to a Porsche!",Joey,surprise,628,2,6,5,"00:01:44,562","00:01:47,606",oth,2
6265,"Hey Gunther, these yours?",Joey,neutral,628,3,6,5,"00:01:47,982","00:01:50,609",q,3
6266,"Yeah, that's what I drive. I make four bucks an hour, I saved up for 350 years!",Gunther,disgust,628,4,6,5,"00:01:47,982","00:01:55,614",ans,4
6267,Na-uh! Hey did anybody lose their keys?,Joey,neutral,628,5,6,5,"00:02:01,746","00:02:03,497",q,5
6268,"Joey, why don't you put them in the lost and found?",Monica,neutral,628,6,6,5,"00:02:03,665","00:02:05,499",q,6
6269,There's a lost and found? My shoe!,Joey,surprise,628,7,6,5,"00:02:05,667","00:02:10,254",ans,7
6270,You left a shoe here?!,Chandler,surprise,628,8,6,5,"00:02:11,673","00:02:13,423",q,8
6271,"Well, I didn't realize until I got home.",Joey,neutral,628,9,6,5,"00:02:13,591","00:02:15,425",ans,9
6272,I wasn't gonna walk all the way back down here with one shoe!,Joey,neutral,628,10,6,5,"00:02:15,593","00:02:18,595",s,10
6274,I'm gonna go find that guy's car and leave a note on the windshield.,Joey,neutral,628,11,6,5,"00:02:19,222","00:02:22,891",s,11
6295,Now there you go! I wouldn't want my best guest to strain her eyes!,Monica,joy,630,0,6,18,"00:11:35,111","00:11:38,071",s,0
6296,Thanks Monica!,Phoebe,joy,630,1,6,18,"00:11:38,239","00:11:40,865",a,1
6297,Does that smell bother you?,Monica,disgust,630,2,6,18,"00:11:41,033","00:11:43,702",q,2
6298,"What the smell from Joey's? No, I can hardly smell it over here.",Phoebe,surprise,630,3,6,18,"00:11:43,869","00:11:45,745",ans,3
6299,"Well you let me know if you can, because y'know I can bake a pie to cover it.",Monica,neutral,630,4,6,18,"00:11:46,706","00:11:50,917",s,4
6300,"I can smell it a little, bake the pie.",Phoebe,joy,630,5,6,18,"0:11:52,211","0:11:53,963",s,5
6301,Okay!,Monica,joy,630,6,6,18,"0:11:53,963","0:11:54,355",ag,6
6302,Okay.,Phoebe,neutral,630,7,6,18,"0:11:54,355","0:11:55,031",ag,7
6303,"Hello? Oh yes, one minute please. It's for you. It's the fire inspector.",Monica,neutral,630,8,6,18,"00:11:59,218","00:12:03,471",oth,8
6304,Oh! Hello? Yeah this is Phoebe. Really?!,Phoebe,surprise,630,9,6,18,"00:11:59,218","00:12:07,642",q,9
6305,"Yeah, so it turns out that it wasn't the hair straightener that started the fire.",Joey,neutral,630,10,6,18,"00:12:12,982","00:12:14,899",ans,10
6306,"No-no, it was the candles.",Joey,neutral,630,11,6,18,"00:12:15,067","00:12:17,402",dag,11
6311,Is he crazy?! You just had Ross‚Äôs baby!,Monica,surprise,632,0,9,1,"0:14:37,585","0:14:40,463",q,0
6312,"Well, I-I said yes.",Rachel,fear,632,1,9,1,"0:14:40,463","0:14:42,029",ans,1
6313,What?!,Monica,surprise,632,2,9,1,"0:14:42,172","0:14:42,554",q,2
6314,Are you crazy?,Monica,anger,632,3,9,1,"0:14:42,554","0:14:43,106",q,3
6315,You just had Ross‚Äôs baby!,Monica,anger,632,4,9,1,"0:14:43,106","0:14:45,008",s,4
6316,It‚Äôs-it‚Äôs so inappropriate.,Monica,anger,632,5,9,1,"0:14:46,468","0:14:48,070",s,5
6317,"No, it‚Äôs worse than that.",Monica,disgust,632,6,9,1,"0:14:48,070","0:14:49,082",o,6
6318,It‚Äôs wrong.,Monica,disgust,632,7,9,1,"0:14:49,082","0:14:50,332",ag,7
6319,It‚Äôs‚Ä¶ It is bigger than mine!,Monica,surprise,632,8,9,1,"00:14:50,764","00:14:53,182",s,8
6320,I know.,Rachel,neutral,632,9,9,1,"00:14:53,642","00:14:57,729",ag,9
6321,You can‚Äôt marry him!,Monica,sadness,632,10,9,1,"00:14:57,897","00:15:00,273",s,10
6322,Why not? I don‚Äôt want to do this alone! And he‚Äôs such a sweet guy and he loves me so much.,Rachel,sadness,632,11,9,1,"00:15:00,441","00:15:05,612",q,11
6375,You spent a hundred dollars. That's the limit. You're screwed!,Joey,joy,637,0,7,17,"00:14:09,181","00:14:13,643",s,0
6376,"Uh actually, I sent the flowers before the actual date. So technically,",Ross,anger,637,1,7,17,"00:14:14,478","00:14:19,482",s,1
6377,Oh-oh! So that's the way it's gonna be huh? Yeah I can break the rules too y'know!,Joey,anger,637,2,7,17,"00:14:24,238","00:14:27,657",q,2
6378,Oh yeah? What are you gonna do?,Ross,anger,637,3,7,17,"0:14:27,867","0:14:28,952",q,3
6379,I don't know.,Joey,neutral,637,4,7,17,"0:14:28,952","0:14:30,484",ans,4
6380,Why am I not surprised?,Ross,disgust,637,5,7,17,"0:14:30,661","0:14:31,829",q,5
6381,Y'know what Ross? I'm not gonna let you get away with this!,Joey,anger,637,6,7,17,"0:14:31,829","0:14:33,719",q,6
6382,I don't think you have much choice.,Ross,neutral,637,7,7,17,"0:14:33,873","0:14:34,845",ans,7
6383,Well we'll see!,Joey,anger,637,8,7,17,"0:14:34,845","0:14:35,602",s,8
6384,Bye-bye!,Ross,neutral,637,9,7,17,"00:14:35,708","00:14:37,041",g,9
6385,Yeah bye-bye! Hey! So just a light layer?,Joey,neutral,637,10,7,17,"00:14:35,708","00:14:41,963",g,10
6386,Yes. Yes. Just here and there .,Ross,neutral,637,11,7,17,"00:14:42,172","00:14:44,841",oth,11
6387,Dad?,Ross,neutral,638,0,7,13,"0:05:57,106","0:05:57,628",q,0
6388,I'm here!,Mr. Geller,neutral,638,1,7,13,"0:05:57,628","0:05:59,752",ans,1
6389,Hey!,Ross,surprise,638,2,7,13,"00:06:00,318","00:06:01,818",g,2
6390,"Hi. God, it seems like just yesterday you guys used to come out to watch me work.",Mr. Geller,joy,638,3,7,13,"00:06:01,986","00:06:06,323",s,3
6391,"Dad, we-we can't believe you're selling the house.",Ross,sadness,638,4,7,13,"00:06:06,491","00:06:08,867",s,4
6392,"Well, it's time for a new family to start their memories here and hopefully their check will clear before they find the crack in the foundation and the asbestos in the ceiling.",Mr. Geller,neutral,638,5,7,13,"00:06:09,035","00:06:17,459",s,5
6393,Let's grab our stuff and get the hell out of here.,Ross,neutral,638,6,7,13,"00:06:19,462","00:06:22,339",oth,6
6394,I'm sorry we can't store your childhood things anymore.,Mr. Geller,sadness,638,7,7,13,"00:06:22,757","00:06:25,342",ap,7
6395,"Oh, that's okay, I can't wait to see everything again! All of the memories",Monica,joy,638,8,7,13,"00:06:25,510","00:06:28,720",ag,8
6396,"Well, I don't know what's in the boxes down here, but I do know there are six or seven",Mr. Geller,neutral,638,9,7,13,"00:06:28,888","00:06:34,726",s,9
6397,I used to,Monica,neutral,638,10,7,13,"00:06:35,812","00:06:37,771",oth,10
6398,"Yeah, not as much as you used to love to play uncooked batter eater.",Ross,neutral,638,11,7,13,"00:06:37,939","00:06:41,066",ag,11
6411,"You have a very impressive resume, Ms. Green. I especially like what I see here about implementing a new filing system.",Mr. Posner,joy,640,0,4,9,"00:06:24,842","00:06:32,307",s,0
6412,Thank you.,Rachel,joy,640,1,4,9,"00:06:32,475","00:06:33,975",a,1
6413,Filing system?,Joanna,neutral,640,2,4,9,"0:06:34,143","0:06:35,228",q,2
6414,Oh-oh!,Joanna,surprise,640,3,4,9,"0:06:35,228","0:06:38,065",s,3
6415,You mean those-those little colored labels you put on all the folders?,Joanna,neutral,640,4,4,9,"0:06:38,065","0:06:38,209",q,4
6416,It certainly did brighten up the inside of the filing cabinets.,Joanna,joy,640,5,4,9,"00:06:38,272","00:06:41,650",ans,5
6417,"Well, they uh, they-they do more than that.",Rachel,neutral,640,6,4,9,"00:06:42,485","00:06:46,729",ans,6
6418,I notice that you've been trusted with a lot of rather important responsibilities.,Mrs. Lynch,neutral,640,7,4,9,"00:06:46,447","00:06:50,492",s,7
6419,"Yes, Joanna really has been an incredible mentor to me.",Rachel,joy,640,8,4,9,"00:06:50,660","00:06:55,163",ag,8
6420,Oh. And Rachel has been really incredible in getting my morning bagel for me. It's amazing how she gets it right almost,Joanna,joy,640,9,4,9,"00:06:55,331","00:07:01,920",s,9
6421,"I-I-I of course, I have more responsibilities than that.",Rachel,neutral,640,10,4,9,"00:07:03,423","00:07:06,383",s,10
6422,"Oh yes, well there's the coffee too. Rachel can carry two things at once!",Joanna,joy,640,11,4,9,"00:07:06,551","00:07:12,139",ag,11
6453,"So umm, you're gonna stay with me as long as I need you?",Rachel,neutral,645,0,8,20,"00:14:01,078","00:14:03,539",q,0
6454,Of course I am!,Mrs. Green,joy,645,1,8,20,"0:14:03,706","0:14:05,128",ans,1
6455,"Oh mom, I swear I'm not an idiot.",Rachel,neutral,645,2,8,20,"0:14:05,128","0:14:06,438",o,2
6456,"I've read all kinds of books on pregnancy and giving birth, but I-I just didn't think to read the part about what to do when the baby comes.",Rachel,neutral,645,3,8,20,"00:14:06,542","00:14:14,049",s,3
6457,And-and then guess what?,Rachel,neutral,645,4,8,20,"00:14:14,216","00:14:15,926",q,4
6458,The baby's coming and I don't know what to do.,Rachel,sadness,645,5,8,20,"00:14:14,216","00:14:19,972",ans,5
6459,"Oh, can I throw up in my diaper genie?",Rachel,sadness,645,6,8,20,"00:14:16,093","00:14:19,972",q,6
6460,"No. Sweetie, you're gonna be fine.",Mrs. Green,neutral,645,7,8,20,"00:14:20,180","00:14:24,435",ans,7
6461,Wait-wait where are you going? Where are you going?,Rachel,fear,645,8,8,20,"0:14:24,810","0:14:27,355",q,8
6462,I'm going to the bathroom.,Mrs. Green,neutral,645,9,8,20,"0:14:27,355","0:14:27,907",ans,9
6463,Okay.,Rachel,neutral,645,10,8,20,"0:14:28,063","0:14:31,375",s,10
6464,Now don't worry! Everything's gonna be okay.,Mrs. Green,neutral,645,11,8,20,"0:14:31,375","0:14:31,796",o,11
6470,"Okay, the reason why I asked you guys out to brunch today is because I have been doing some thinking about who should be my maid of honor.",Monica,neutral,646,0,7,6,"00:00:02,794","00:00:08,549",s,0
6471,Oh my God! This is it! I really hope it's you!,Rachel,joy,646,1,7,6,"00:00:08,717","00:00:12,845",oth,1
6472,I hope it's you.,Phoebe,neutral,646,2,7,6,"00:00:11,636","00:00:12,845",oth,2
6473,Me too!,Rachel,joy,646,3,7,6,"00:00:13,013","00:00:14,888",oth,3
6474,"First of all um, I love you both so much and you're both so important to me",Monica,joy,646,4,7,6,"00:00:16,433","00:00:23,063",s,4
6475,"Okay, bla-bla-bla-bla!! Who is it?!",Rachel,joy,646,5,7,6,"00:00:19,019","00:00:23,063",q,5
6476,"Well umm, I was thinking that maybe we could come up with a system where we trade off being maid of honor for each other.",Monica,neutral,646,6,7,6,"00:00:24,149","00:00:29,111",s,6
6477,"Like hypothetically, if Phoebe were mine",Monica,neutral,646,7,7,6,"0:00:29,279","0:00:31,281",s,7
6478,Yes!!! Oh!!,Phoebe,joy,646,8,7,6,"0:00:31,281","0:00:32,672",ag,8
6479,Hypothetically!,Rachel,anger,646,9,7,6,"00:00:34,409","00:00:35,743",oth,9
6480,Still.,Phoebe,neutral,646,10,7,6,"00:00:35,910","00:00:37,077",oth,10
6481,If Phoebe were my maid of honor,Monica,neutral,646,11,7,6,"00:00:38,538","00:00:42,416",s,11
6502,Joey? Could you get that? What are you doing here? I thought you were in your room?,Rachel,surprise,649,0,8,12,"00:04:10,458","00:04:28,016",q,0
6503,"No, I'm picking you up for our date. These are for you.",Joey,neutral,649,1,8,12,"00:04:28,184","00:04:31,648",ans,1
6504,"Ohh, Lilies. Joey, they're my favorite. Thank you.",Rachel,joy,649,2,8,12,"00:04:32,188","00:04:36,900",a,2
6505,"And, a brownie!",Joey,joy,649,3,8,12,"00:04:37,068","00:04:38,860",oth,3
6506,"Well, half a brownie.",Joey,neutral,649,4,8,12,"00:04:41,197","00:04:43,615",oth,4
6507,"Actually, it's just bag.",Joey,neutral,649,5,8,12,"00:04:43,783","00:04:45,909",o,5
6508,It's been a long walk from the flower shop and I was startin' to feel faint so,Joey,neutral,649,6,8,12,"00:04:46,077","00:04:49,705",s,6
6509,Oh man!,Rachel,joy,649,7,8,12,"0:04:50,290","0:04:52,710",oth,7
6510,This is so great!,Rachel,joy,649,8,8,12,"0:04:52,710","0:04:53,744",s,8
6511,I actually feel like I'm going on a real date!,Rachel,joy,649,9,8,12,"00:04:53,835","00:04:56,295",s,9
6512,"Although, I have a hint of morning sickness, and I'm wearing underwear that goes up to about¬Ö¬Öthere.",Rachel,neutral,649,10,8,12,"00:04:56,462","00:05:01,758",s,10
6513,"Hey come on now, this is a real date.",Joey,neutral,649,11,8,12,"00:05:03,303","00:05:06,513",s,11
6535,"Well, not playing raquetball!",Ross,surprise,651,0,1,11,"00:11:20,304","00:11:23,473",s,0
6536,He forgot to leave his grip size!,Joey,surprise,651,1,1,11,"0:11:25,685","0:11:27,147",s,1
6537,He didn't get the goggles!,Ross,surprise,651,2,1,11,"0:11:27,147","0:11:28,737",s,2
6538,"Well,sounds like you two have issues.",Rachel,neutral,651,3,1,11,"00:11:30,856","00:11:34,526",s,3
6539,"Goodbye, baby.",Rachel,neutral,651,4,1,11,"00:11:37,196","00:11:38,238",g,4
6540,"Ciao, bela.",Paolo,neutral,651,5,1,11,"00:11:38,406","00:11:39,698",g,5
6541,Do they wait for me to do this?,Ross,neutral,651,6,1,11,"00:11:40,950","00:11:43,535",q,6
6542,So are you gonna tell him?,Joey,neutral,651,7,1,11,"00:11:49,375","00:11:51,543",q,7
6543,Why would I tell him?,Ross,neutral,651,8,1,11,"00:11:51,711","00:11:53,962",q,8
6544,"How about 'cause if you don't, his mother might.",Joey,neutral,651,9,1,11,"00:11:51,711","00:11:56,256",ans,9
6546,What are you guys doing here?,Monica,anger,651,10,1,11,"00:11:56,507","00:11:58,550",q,10
6547,Uhhhh.... he's not even wearing a jockstrap!,Joey,surprise,651,11,1,11,"00:11:58,718","00:12:01,845",s,11
6549,God. I feel violated.,Rachel,disgust,652,0,1,6,"00:01:51,277","00:01:53,403",s,0
6550,"Did anybody else feel they just wanted to peel the skin off their body, to have something else to do?",Monica,disgust,652,1,1,6,"00:01:57,534","00:01:59,451",q,1
6551,"Ross, ten o'clock.",Chandler,neutral,652,2,1,6,"00:02:00,120","00:02:01,161",s,2
6552,Is it? Feels like two.,Ross,sadness,652,3,1,6,"00:02:01,412","00:02:03,205",q,3
6553,"No,",Chandler,neutral,652,4,1,6,"00:02:04,541","00:02:06,333",ans,4
6555,"There's a beautiful woman at eight, nine, ten o'clock!",Chandler,joy,652,5,1,6,"00:02:08,294","00:02:12,172",s,5
6556,Oh. Hel-lo!,Ross,joy,652,6,1,6,"00:02:14,342","00:02:15,509",g,6
6557,"She's amazing! She makes the women that I dream about look like short, fat, bald men!",Chandler,joy,652,7,1,6,"00:02:16,970","00:02:20,597",o,7
6558,"Well, go over to her! She's not with anyone.",Monica,joy,652,8,1,6,"00:02:21,808","00:02:23,517",s,8
6559,"Oh yeah, and what would my opening line be? 'Excuse me. Blarrglarrghh.'",Chandler,fear,652,9,1,6,"00:02:23,726","00:02:28,063",q,9
6560,"Oh, c'mon. She's a person, you can do it!",Rachel,joy,652,10,1,6,"00:02:29,774","00:02:32,109",oth,10
6561,"Oh please, could she",Chandler,neutral,652,11,1,6,"00:02:32,318","00:02:35,320",oth,11
6581,Wow!,Ross,surprise,655,0,6,18,"0:20:08,790","0:20:09,374",oth,0
6582,It actually is in the handbook.,Ross,neutral,655,1,6,18,"0:20:09,374","0:20:11,854",s,1
6583,I can't date you or have a hot plate in my office.,Ross,neutral,655,2,6,18,"00:20:11,960","00:20:16,589",s,2
6584,I can't believe we have to stop seeing each other.,Ross,sadness,655,3,6,18,"00:20:18,217","00:20:21,886",s,3
6585,For what it's worth I did appreciate you standing up for me. It felt really nice. It kinda made me like you even more.,Elizabeth,joy,655,4,6,18,"00:20:22,930","00:20:32,480",s,4
6586,"I know, I know I really like you too. But we-we can't date. It's against the rules. It's forbidden.",Ross,neutral,655,5,6,18,"00:20:32,648","00:20:39,403",ag,5
6587,Wow!,Elizabeth,surprise,655,6,6,18,"00:20:40,447","00:20:41,906",oth,6
6588,What?,Ross,surprise,655,7,6,18,"00:20:42,074","00:20:43,886",q,7
6589,"Just hearing you describe it as forbidden, it's really hot.",Elizabeth,joy,655,8,6,18,"00:20:42,074","00:20:49,247",ans,8
6590,Really?,Ross,surprise,655,9,6,18,"00:20:44,034","00:20:49,247",q,9
6591,Yeah.,Elizabeth,neutral,655,10,6,18,"00:20:52,626","00:20:54,418",ans,10
6592,"Well I-I-I don't care how hot it is it's-it's uh, it's wrong.",Ross,joy,655,11,6,18,"00:20:55,128","00:21:05,221",s,11
6598,Yeah! So-so when are you getting married?,Monica,joy,657,0,7,17,"00:04:08,164","00:04:11,500",q,0
6599,"Oh I'm not, I just like to try these on.",Megan,neutral,657,1,7,17,"0:04:11,751","0:04:13,813",ans,1
6600,I do the same thing.,Rachel,neutral,657,2,7,17,"0:04:13,813","0:04:16,851",s,2
6601,I'm just kidding. I'm getting married July 25,Megan,joy,657,3,7,17,"00:04:17,632","00:04:21,510",s,3
6602,I'm just kidding too. I'm getting married in December.,Rachel,joy,657,4,7,17,"00:04:24,806","00:04:27,432",s,4
6603,So when are you getting married?,Megan,neutral,657,5,7,17,"0:04:29,269","0:04:30,688",q,5
6604,Oh May 15,Monica,neutral,657,6,7,17,"0:04:30,688","0:04:31,965",ans,6
6605,Oooh it's getting close!,Megan,joy,657,7,7,17,"00:04:32,146","00:04:34,731",s,7
6607,"So uh, who's your photographer?",Megan,neutral,657,8,7,17,"00:04:32,146","00:04:34,731",q,8
6608,Jeffrey,Monica,neutral,657,9,7,17,"00:04:34,983","00:04:36,733",ans,9
6609,We met with him. Did he show you the photos of the nude wedding he did?,Megan,neutral,657,10,7,17,"00:04:34,983","00:04:42,030",q,10
6610,The best man? Wow!,Monica,surprise,657,11,7,17,"00:04:36,985","00:04:42,030",ans,11
6620,"I am telling you, years from now, schoolchildren will study it as one of the greatest first dates of all time.",Chandler,neutral,658,0,1,20,"00:01:45,688","00:01:48,690",s,0
6621,It was unbelievable!,Chandler,surprise,658,1,1,20,"00:01:49,400","00:01:50,734",s,1
6622,"We could totally be ourselves, we didn't have to play any games...",Chandler,joy,658,2,1,20,"00:01:50,902","00:01:53,904",s,2
6623,So have you called her yet?,Monica,neutral,658,3,1,20,"0:01:54,072","0:01:55,074",q,3
6624,Let her know I like her?,Chandler,fear,658,4,1,20,"0:01:55,074","0:01:55,992",q,4
6625,"What are you, insane?",Chandler,anger,658,5,1,20,"0:01:55,992","0:01:57,641",q,5
6626,It's the next day!,Chandler,joy,658,6,1,20,"0:01:59,744","0:02:01,037",s,6
6627,How needy do I want to seem?,Chandler,neutral,658,7,1,20,"0:02:01,037","0:02:02,529",q,7
6628,"I'm right, right?",Chandler,neutral,658,8,1,20,"00:02:02,622","00:02:04,039",q,8
6629,"Oh, yeah. Yeah. Let her dangle.",Joey and Ross,neutral,658,9,1,20,"00:02:04,207","00:02:05,791",ag,9
6630,I can't believe my parents are actually pressuring me to find one of you people.,Monica,surprise,658,10,1,20,"00:02:07,627","00:02:11,839",s,10
6631,"Oh, God, just do it! Call her! Stop being so testosteroney!",Phoebe,anger,658,11,1,20,"00:02:14,884","00:02:18,387",oth,11
6641,"So, um, what do you do for a living?",Ross,neutral,659,0,1,14,"00:14:38,168","00:14:41,379",q,0
6642,"Well, um, for the past few years I've been working.....which is funny because, that wasn't even my major.",Kristin,neutral,659,1,1,14,"00:14:41,589","00:14:47,176",ans,1
6643,Oh no. I thought you said they could shoot the spot without you.,Carol,neutral,659,2,1,14,"00:14:44,508","00:14:48,428",s,2
6644,I thought they could...I'll try to get back as soon as I can. I'm sorry.,Susan,sadness,659,3,1,14,"00:14:52,182","00:15:02,942",ap,3
6645,Now that is funny.,Ross,neutral,659,4,1,14,"00:14:59,189","00:15:02,942",o,4
6646,"Hey, do you think...would it be too weird if I invited Carol over to join us?",Ross,neutral,659,5,1,14,"00:15:20,377","00:15:25,715",q,5
6647,"Cause she's, she's alone now, and pregnant, and, and sad.",Ross,sadness,659,6,1,14,"00:15:25,966","00:15:30,386",s,6
6648,I guess.,Kristin,neutral,659,7,1,14,"00:15:31,639","00:15:33,014",s,7
6649,Are you sure? Great. Carol? Wanna come over and join us?,Ross,neutral,659,8,1,14,"00:15:35,601","00:15:37,185",q,8
6650,"Oh, no no no. I'm fine. I'm fine.",Carol,neutral,659,9,1,14,"00:15:37,394","00:15:38,645",ans,9
6651,Come on.,Ross,neutral,659,10,1,14,"0:15:38,896","0:15:41,198",c,10
6652,These people'll scooch down.,Ross,neutral,659,11,1,14,"0:15:41,198","0:15:42,033",s,11
6715,It looks like your uterus is ready for implantation.,Dr. Zane,neutral,665,0,4,12,"00:05:37,378","00:05:40,422",s,0
6716,Oh! I knew it! I knew it! I felt really thick this morning.,Phoebe,joy,665,1,4,12,"00:05:40,590","00:05:43,300",ag,1
6717,"Well, okay, so what's now¬ógo get, go get the eggs, put ¬ëem in there.",Frank,neutral,665,2,4,12,"00:05:46,054","00:05:48,513",c,2
6718,"Okay, it'll take just a little while to prepare the embryos.",Dr. Zane,neutral,665,3,4,12,"00:05:48,681","00:05:52,434",s,3
6719,"Embryossss? As in, ""More than one?""",Phoebe,surprise,665,4,4,12,"0:05:52,602","0:05:54,688",q,4
6720,"Um-hmm, five actually.",Dr. Zane,neutral,665,5,4,12,"0:05:54,688","0:05:56,298",ans,5
6721,"Five? Okay, where am I giving birth, a hospital or a big box under the stairs?",Phoebe,neutral,665,6,4,12,"00:05:56,564","00:06:00,859",q,6
6722,We do five because that gives you a 25% chance that at least one will attach.,Dr. Zane,neutral,665,7,4,12,"00:06:04,781","00:06:12,537",ans,7
6723,That's it! 25 percent? That means that's it's like 75 percent chance of no baby at all!,Phoebe,surprise,665,8,4,12,"00:06:06,699","00:06:14,748",s,8
6724,"Hey, y'know I was thinking, what are the odds like if-if, if you stuff like 200 of them in there?",Frank,neutral,665,9,4,12,"00:06:14,916","00:06:17,709",q,9
6725,"Sweety, now, she's a woman, not a gumball machine.",Alice,neutral,665,10,4,12,"00:06:21,047","00:06:22,923",o,10
6726,"Okay, well y'know what, don't worry you guys, ¬ëcause I'm-I'm gonna do this as many times as it takes to get it right.",Phoebe,neutral,665,11,4,12,"00:06:26,469","00:06:31,348",s,11
6812,Oh. Oh-oh.,Ross,neutral,672,0,4,1,"00:07:09,011","00:07:11,221",b,0
6813,Hey! What happened to you? Why didn't you come up?,Rachel,surprise,672,1,4,1,"00:07:16,727","00:07:20,480",q,1
6814,Done!,Ross,joy,672,2,4,1,"00:07:21,357","00:07:22,691",ans,2
6815,You just finished?,Rachel,surprise,672,3,4,1,"0:07:24,235","0:07:25,457",q,3
6816,"Well, I wanted to be thorough.",Ross,neutral,672,4,4,1,"0:07:25,457","0:07:27,500",ans,4
6817,"I mean this-this is clearly very, very important to you, to us!",Ross,joy,672,5,4,1,"00:07:28,114","00:07:33,243",s,5
6818,"And so I wanted to read every word carefully, twice!",Ross,joy,672,6,4,1,"00:07:33,411","00:07:37,247",s,6
6819,"So umm, does it?",Rachel,neutral,672,7,4,1,"00:07:40,376","00:07:44,296",q,7
6820,I'm sorry.,Ross,sadness,672,8,4,1,"00:07:50,595","00:07:51,970",ap,8
6821,Does it?,Rachel,fear,672,9,4,1,"00:07:53,681","00:07:59,769",q,9
6822,"Does it? Does it? Yeah, I wanted to give that whole ¬ëDoes it?' part just another glance.",Ross,neutral,672,10,4,1,"00:07:53,681","00:08:07,819",ans,10
6823,"What are you talking about, Ross, you just said that you read it twice!",Rachel,anger,672,11,4,1,"00:08:07,987","00:08:11,156",q,11
6829,You got married again.,Russell,neutral,673,0,6,2,"00:15:03,861","00:15:06,154",q,0
6830,Yes.,Ross,neutral,673,1,6,2,"00:15:07,156","00:15:08,197",ans,1
6831,So that's your second marriage in two years.,Russell,neutral,673,2,6,2,"00:15:09,116","00:15:12,702",q,2
6832,"Yes, second in two years. Third overall.",Ross,neutral,673,3,6,2,"00:15:12,870","00:15:17,749",ans,3
6833,"Ross, I have been a divorce attorney for 23 years and never had I so much business from one client.",Russell,neutral,673,4,6,2,"00:15:18,500","00:15:24,589",s,4
6834,Why don't you tell me what happened.,Russell,neutral,673,5,6,2,"00:15:26,508","00:15:29,344",q,5
6835,"Basically, Rachel and I were in Vegas and we got drunk",Ross,neutral,673,6,6,2,"00:15:30,262","00:15:34,057",ans,6
6836,"I'm sorry, is this the same Rachel who's name you said at the altar in the second marriage?",Russell,surprise,673,7,6,2,"00:15:34,266","00:15:39,729",ap,7
6837,"Yes-yes-yes! But, I-I do",Ross,neutral,673,8,6,2,"00:15:41,941","00:15:43,942",ag,8
6838,"Oh, that's better then.",Russell,neutral,673,9,6,2,"00:15:44,151","00:15:47,070",o,9
6839,This was just a drunken mistake and I need to get it annulled.,Ross,neutral,673,10,6,2,"00:15:48,530","00:15:51,991",s,10
6840,I see. Have you considered therapy?,Russell,neutral,673,11,6,2,"00:15:52,201","00:15:56,412",q,11
6868,is for me not to see you anymore.,Ross,sadness,676,0,5,5,"00:10:07,607","00:10:11,735",oth,0
6869,That's crazy!,Rachel,surprise,676,1,5,5,"0:10:13,904","0:10:15,426",oth,1
6870,You can't do that!,Rachel,surprise,676,2,5,5,"0:10:15,426","0:10:16,488",s,2
6871,What are you going to tell her?,Rachel,sadness,676,3,5,5,"0:10:16,488","0:10:18,819",q,3
6872,Oh God.,Rachel,fear,676,4,5,5,"00:10:24,123","00:10:26,333",oth,4
6873,"Ohh, you already agreed to this, haven't you?",Rachel,sadness,676,5,5,5,"00:10:27,126","00:10:29,377",q,5
6874,"It's awful I know, I mean, I feel terrible but I have to do this if I want my marriage to work.",Ross,sadness,676,6,5,5,"00:10:32,882","00:10:36,676",s,6
6875,"And I do, I have to make",Ross,sadness,676,7,5,5,"00:10:36,844","00:10:41,389",s,7
6876,Ohh! Lucky me! Oh my God! That,Rachel,surprise,676,8,5,5,"00:10:52,635","00:10:57,489",oth,8
6877,You have no idea what a nightmare this has been. This is so hard.,Ross,sadness,676,9,5,5,"00:11:03,996","00:11:09,042",s,9
6878,"Oh yeah, really? Is it Ross? Yeah? Okay, well let me make this a just a little bit easier for you.",Rachel,anger,676,10,5,5,"00:11:09,210","00:11:15,632",q,10
6879,What are you doing?,Ross,surprise,676,11,5,5,"00:11:11,712","00:11:15,632",q,11
6887,Chandler.,Phoebe,neutral,678,0,3,5,"0:04:18,049","0:04:18,561",g,0
6888,Hi.,Chandler,neutral,678,1,3,5,"0:04:18,561","0:04:19,181",g,1
6889,Hi.,Frank,neutral,678,2,3,5,"0:04:19,300","0:04:20,427",g,2
6890,Joey.,Phoebe,neutral,678,3,3,5,"0:04:20,427","0:04:20,565",g,3
6891,Hey-hey!,Joey,joy,678,4,3,5,"0:04:20,677","0:04:21,387",g,4
6892,Hey.,Frank,neutral,678,5,3,5,"0:04:21,387","0:04:22,701",g,5
6893,This is Monica.,Phoebe,neutral,678,6,3,5,"0:04:22,804","0:04:23,936",g,6
6894,Whoa!,Frank,surprise,678,7,3,5,"0:04:23,936","0:04:25,450",g,7
6895,And this is Rachel.,Phoebe,neutral,678,8,3,5,"0:04:26,808","0:04:27,990",g,8
6896,Hi!,Rachel,joy,678,9,3,5,"0:04:27,990","0:04:28,537",g,9
6897,Whoa!!,Frank,surprise,678,10,3,5,"00:04:28,643","00:04:30,185",oth,10
6898,I'm gonna get coffee.,Phoebe,neutral,678,11,3,5,"00:04:32,272","00:04:33,855",s,11
6907,"Okay, Chandler!",Rachel,neutral,679,0,6,21,"0:00:02,168","0:00:03,300",ag,0
6908,Okay.,Chandler,neutral,679,1,6,21,"0:00:03,300","0:00:03,641",b,1
6909,"And your horoscope says, ""On the fifth a special someone is going to give you a gift.""",Rachel,joy,679,2,6,21,"00:00:03,753","00:00:09,258",s,2
6910,"Oh, well thank you in advance.",Chandler,joy,679,3,6,21,"00:00:09,426","00:00:12,052",s,3
6911,"Op, but the twelfth brings a lover's spat.",Rachel,surprise,679,4,6,21,"00:00:12,220","00:00:20,853",s,4
6912,"Oh, wait and on the nineteenth a secret crush announces itself.",Rachel,surprise,679,5,6,21,"00:00:21,021","00:00:25,733",s,5
6913,Hey guys!,Joey,neutral,679,6,6,21,"0:00:31,364","0:00:31,796",g,6
6914,Hey!!,Chandler,joy,679,7,6,21,"0:00:31,796","0:00:32,709",g,7
6915,Oh my God! It's Joey Tribbiani of Mac and C.H.E.E.S.E.!!!!!!!,Rachel,surprise,679,8,6,21,"00:00:32,824","00:00:35,200",oth,8
6916,Oh that's right. It's your first day! So are you psyched to fight fake crime with your robot sidekick?,Chandler,joy,679,9,6,21,"00:00:38,455","00:00:43,584",ag,9
6917,Am I psyched? The lead in my own TV series? I've dreamed about this for years! Why have I not been preparing?!,Joey,joy,679,10,6,21,"00:00:43,752","00:00:51,425",q,10
6918,"No! Joey, you're going to be great!",Phoebe,neutral,679,11,6,21,"00:00:52,510","00:00:54,762",ans,11
6924,"Now, this is last minute so I want to apologize for the mess. Okay?",Monica,joy,680,0,6,18,"00:08:45,733","00:08:48,485",ap,0
6925,Oh my God! It sure didn't look this way when I lived here.,Rachel,surprise,680,1,6,18,"00:08:53,783","00:08:57,786",s,1
6926,I know!,Monica,surprise,680,2,6,18,"00:08:57,954","00:08:59,412",ag,2
6927,"Now look, there's only one problem though.",Monica,joy,680,3,6,18,"00:09:01,249","00:09:02,582",s,3
6928,"There's only room for one, so I guess one of you will have to stay at Joey's.",Monica,neutral,680,4,6,18,"00:09:02,750","00:09:06,545",s,4
6929,"Well, since the fire was kinda my fault I guess you should get to stay here.",Phoebe,sadness,680,5,6,18,"00:09:06,712","00:09:10,840",s,5
6930,"Hey! Hey-hey, now this was no one's fault Pheebs. Okay? It was an accident.",Rachel,neutral,680,6,6,18,"00:09:11,008","00:09:15,679",s,6
6931,"Well no, it was my fault so you should get the nice room.",Phoebe,neutral,680,7,6,18,"00:09:15,846","00:09:17,973",dag,7
6932,Okay!,Rachel,joy,680,8,6,18,"00:09:18,140","00:09:20,475",ag,8
6933,So Rach!,Monica,joy,680,9,6,18,"0:09:20,643","0:09:21,186",oth,9
6934,You're the first guest at Hotel Monica!,Monica,joy,680,10,6,18,"0:09:21,186","0:09:22,949",s,10
6935,"Umm, you'll just have to tell me how you like your eggs in the morning.",Monica,neutral,680,11,6,18,"00:09:24,272","00:09:26,398",s,11
6945,"Ben, I want you to know that there may be some times when I may not be around, like this.",Ross,sadness,682,0,1,23,"00:20:29,436","00:20:37,401",s,0
6946,"But I'll still always come back, like this.",Ross,neutral,682,1,1,23,"00:20:39,988","00:20:45,576",s,1
6947,"And sometimes I may be away longer, like this.",Ross,neutral,682,2,1,23,"00:20:46,662","00:20:52,375",s,2
6948,"But I'll still always come back, like this.",Ross,neutral,682,3,1,23,"00:20:55,796","00:21:02,843",o,3
6949,"And sometimes, I'll want you to steal third, and I'll go like this.",Chandler,neutral,682,4,1,23,"00:21:03,971","00:21:09,016",s,4
6950,He is so amazing.,Monica,joy,682,5,1,23,"00:21:17,651","00:21:19,610",o,5
6951,"Oh, I know. Look at him.",Rachel,joy,682,6,1,23,"00:21:19,778","00:21:22,238",c,6
6952,"Ben, Ben, hey Ben. Nothing. I don't think that's his name.",Joey,neutral,682,7,1,23,"00:21:22,406","00:21:31,664",dag,7
6953,"Oh, look, look, he's closing his eyes. Look, he's opening his eyes.",Phoebe,joy,682,8,1,23,"00:21:32,749","00:21:35,876",s,8
6954,"He doesn't do much, does he?",Joey,neutral,682,9,1,23,"00:21:41,091","00:21:43,551",q,9
6955,"No, this is pretty much it.",Ross,neutral,682,10,1,23,"00:21:43,719","00:21:46,554",ans,10
6956,You guys wanna get some coffee?,Rachel,neutral,682,11,1,23,"0:21:53,812","0:21:54,954",q,11
6994,"Hey Monica, it's Chip.",Chip,neutral,689,0,4,2,"0:01:38,723","0:01:40,705",q,0
6995,Yes.,Monica,joy,689,1,4,2,"0:01:40,705","0:01:40,943",ans,1
6996,Who's Chip?,Ross,neutral,689,2,4,2,"0:01:41,059","0:01:42,151",q,2
6997,Shhh!,Monica,neutral,689,3,4,2,"0:01:42,151","0:01:42,404",b,3
6998,"Good runnin' into you at the bank today, so ah, here's my number, 555-9323. Give me a call. Later.",Chip,neutral,689,4,4,2,"00:01:42,519","00:01:48,023",oth,4
6999,"Chip, is Chip Matthews.",Monica,neutral,689,5,4,2,"00:01:48,191","00:01:50,484",ans,5
7000,The guy who took Rachel to the prom? Why is he calling you?,Ross,surprise,689,6,4,2,"00:01:51,069","00:01:58,534",q,6
7001,"¬ëCause I ran into him at the bank, he is still soo cute.",Monica,joy,689,7,4,2,"00:01:54,614","00:01:58,534",ans,7
7002,"Monica, you're so lucky! He's like the most popular guy in school!!",Ross,joy,689,8,4,2,"00:01:58,827","00:02:02,538",o,8
7003,"I know!! Chip? Hi! It's Monica. ¬ëKay. ¬ëKay. Okay. Okay, good-bye. Oh my God, we just had",Monica,joy,689,9,4,2,"00:02:03,498","00:02:17,594",ag,9
7004,I was just leaving.,Ross,neutral,689,10,4,2,"00:02:29,399","00:02:31,567",s,10
7005,"Good! ¬ëCause I've got a product report to read, it's like eight pages, I hope I don't fall asleep.",Rachel,neutral,689,11,4,2,"00:02:31,985","00:02:37,739",s,11
7064,I won! I won! I finally won!,Phoebe,surprise,699,0,5,24,"00:17:01,812","00:17:04,689",s,0
7065,I won! That was my quarter!,The Lurker,anger,699,1,5,24,"00:17:04,898","00:17:06,649",s,1
7066,Fine! Here! Take a hike toots!,Phoebe,anger,699,2,5,24,"00:17:06,859","00:17:08,985",s,2
7067,"Excuse me, sir! This lady played my quarter, this is my money.",The Lurker,anger,699,3,5,24,"00:17:10,487","00:17:14,782",s,3
7068,Is that true miss?,The Security Guard,neutral,699,4,5,24,"00:17:14,992","00:17:16,284",q,4
7069,Sells drugs to kids.,Phoebe,disgust,699,5,5,24,"0:17:17,786","0:17:18,954",ans,5
7070,What?!,The Security Guard,surprise,699,6,5,24,"0:17:18,954","0:17:20,122",q,6
7071,She sells drugs to kids.,Phoebe,disgust,699,7,5,24,"0:17:20,122","0:17:20,763",ans,7
7072,It was my quarter!,The Lurker,anger,699,8,5,24,"0:17:24,918","0:17:26,520",s,8
7073,Was it her quarter?,The Security Guard,neutral,699,9,5,24,"0:17:26,520","0:17:26,924",q,9
7074,How about we talk about this over dinner?,Phoebe,neutral,699,10,5,24,"00:17:29,048","00:17:31,758",q,10
7075,"Okay lady, you're out of here.",The Security Guard,disgust,699,11,5,24,"00:17:31,967","00:17:35,720",s,11
7079,Hey!,Ross,neutral,700,0,6,1,"0:15:03,152","0:15:04,153",g,0
7080,Hey!,Rachel,neutral,700,1,6,1,"0:15:04,153","0:15:04,293",g,1
7081,"Listen, I know you wanted to talk to me, but I have an idea that may make you want to stay married. We register, and",Ross,neutral,700,2,6,1,"00:15:04,403","00:15:17,040",s,2
7082,No!,Rachel,anger,700,3,6,1,"0:15:21,170","0:15:23,152",dag,3
7083,"Ross, come on!",Rachel,anger,700,4,6,1,"0:15:23,152","0:15:23,624",c,4
7084,No!,Rachel,anger,700,5,6,1,"0:15:23,624","0:15:23,985",dag,5
7085,"Listen, look I thought a lot about how to tell you this and the bottom line, Ross, is we can not stay married.",Rachel,sadness,700,6,6,1,"00:15:21,170","00:15:30,929",c,6
7086,I don't know if it's true.,Ross,neutral,700,7,6,1,"0:15:32,389","0:15:33,599",dag,7
7087,Oh b-b-but it is!,Rachel,anger,700,8,6,1,"0:15:33,599","0:15:35,885",oth,8
7088,"Oh, okay, y'know what this is?",Ross,neutral,700,9,6,1,"00:15:35,976","00:15:38,436",q,9
7089,"Oh Ross, come on! This is not, this is not a marriage!! This is the world's worst hangover! Ross, listen, if",Rachel,anger,700,10,6,1,"00:15:47,196","00:15:55,662",s,10
7090,"All right. All right, I'll do it.",Ross,sadness,700,11,6,1,"00:15:59,124","00:16:01,542",ag,11
7138,Oh whoa-whoa-whoa!,Phoebe,anger,707,0,5,10,"00:16:32,282","00:16:33,324",oth,0
7139,"Wait a minute, open up your hand; let me take a look.",Phoebe,neutral,707,1,5,10,"00:16:33,492","00:16:36,244",c,1
7140,Quarter.,Phoebe,neutral,707,2,5,10,"0:16:36,537","0:16:37,413",s,2
7141,Dime.,Phoebe,neutral,707,3,5,10,"0:16:37,413","0:16:37,965",s,3
7142,Lint?,Phoebe,neutral,707,4,5,10,"0:16:37,965","0:16:38,527",q,4
7143,Not interested in that.,Phoebe,neutral,707,5,5,10,"0:16:38,527","0:16:40,505",o,5
7144,What's this?,Phoebe,neutral,707,6,5,10,"0:16:41,041","0:16:43,103",q,6
7145,A Canadian coin?,Phoebe,neutral,707,7,5,10,"0:16:43,103","0:16:43,979",q,7
7146,Get outta here!,Phoebe,surprise,707,8,5,10,"0:16:43,979","0:16:44,132",c,8
7147,Whoa-whoa-whoa!,Phoebe,surprise,707,9,5,10,"00:16:48,340","00:16:50,049",oth,9
7148,No drinks near the bucket!,Phoebe,anger,707,10,5,10,"00:16:48,340","00:16:50,550",c,10
7149,Set it down over there and then you can make a contribution!,Phoebe,anger,707,11,5,10,"00:16:50,718","00:16:53,553",c,11
7187,"Okay. Would you rather live in the shirt pocket of a sweaty giant, or inside his shower drain?",Phoebe,neutral,717,0,3,24,"00:16:58,100","00:17:04,439",q,0
7188,"Oh my God! Phoebe look, it's Ross and that girl.",Rachel,surprise,717,1,3,24,"00:17:06,442","00:17:10,361",c,1
7189,No! No! Look at that! It's a line of ants! They're working as a team!,Phoebe,surprise,717,2,3,24,"00:17:13,699","00:17:18,202",s,2
7191,"Right, oh yeah.",Phoebe,neutral,717,3,3,24,"0:17:20,205","0:17:21,547",ag,3
7192,"Wow, oh, it looks like Ross is breaking up with her.",Phoebe,surprise,717,4,3,24,"0:17:21,547","0:17:24,387",o,4
7193,"Uff, I hope he lets her down easy.",Phoebe,neutral,717,5,3,24,"00:17:24,585","00:17:26,044",o,5
7195,"Come on Phoebe, look at that!",Rachel,anger,717,6,3,24,"0:17:26,295","0:17:27,557",c,6
7196,"They are not breaking up, look at them.",Rachel,neutral,717,7,3,24,"0:17:27,557","0:17:29,304",o,7
7197,"Okay that's, you know what that is?",Rachel,neutral,717,8,3,24,"0:17:29,465","0:17:31,107",q,8
7198,"That is a, that is a second date, that's what that is!",Rachel,sadness,717,9,3,24,"0:17:31,107","0:17:32,517",s,9
7199,"Look at that, she just put her hand on his thigh...",Rachel,neutral,717,10,3,24,"00:17:33,135","00:17:35,470",c,10
7200,"Oh no! That really is nothing, she is",Phoebe,neutral,717,11,3,24,"00:17:35,721","00:17:38,306",dag,11
7217,"Joey, please!",Ross,fear,720,0,5,7,"00:09:18,558","00:09:19,849",s,0
7218,Sorry.,Joey,neutral,720,1,5,7,"00:09:20,059","00:09:21,810",ap,1
7219,Ahhh..,Joey,anger,720,2,5,7,"00:09:25,523","00:09:32,320",oth,2
7220,Hello children!,Chandler,joy,720,3,5,7,"00:09:38,411","00:09:40,328",g,3
7221,Hey! Wanna play some foosball? Please?,Joey,neutral,720,4,5,7,"00:09:38,411","00:09:43,415",q,4
7222,Okay.,Chandler,neutral,720,5,5,7,"00:09:44,584","00:09:46,209",ans,5
7223,"No-no, no! We have to move the table into my room, yeah! 'Cause of all the boxes. Come on!",Joey,neutral,720,6,5,7,"00:09:44,584","00:09:52,132",dag,6
7224,"All right, I have one question.",Joey,neutral,720,7,5,7,"00:09:57,805","00:09:59,639",s,7
7225,Bye-bye little puppet Joey hand?,Chandler,neutral,720,8,5,7,"00:10:03,352","00:10:06,605",g,8
7226,"No, the quiet down thing!",Joey,anger,720,9,5,7,"00:10:06,814","00:10:08,898",dag,9
7227,You mean this.,Chandler,neutral,720,10,5,7,"00:10:09,108","00:10:11,443",s,10
7228,"Um-hmm! Look, I-I-I don't know how much more of this I can take! Did you know he taped over my",Joey,anger,720,11,5,7,"00:10:14,697","00:10:21,328",s,11
7237,I know it doesn't make much sense,Joey,neutral,722,0,5,20,"0:15:21,003","0:15:22,675",o,0
7238,Much,Chandler,neutral,722,1,5,20,"0:15:22,675","0:15:24,225",dag,1
7239,"Look Chandler, it was instinct! Okay? I just went for it!",Joey,anger,722,2,5,20,"00:15:24,340","00:15:27,675",o,2
7240,"So you risked your life, for a sandwich!",Chandler,joy,722,3,5,20,"00:15:27,927","00:15:30,345",s,3
7241,"I know it sounds crazy, but Chandler this is the greatest sandwich in the world!",Joey,joy,722,4,5,20,"00:15:30,554","00:15:37,310",o,4
7242,"So you didn't uh, choose Ross before me.",Chandler,sadness,722,5,5,20,"00:15:39,438","00:15:42,190",o,5
7243,No! I would never do that! You-you're like my brother!,Joey,sadness,722,6,5,20,"00:15:42,441","00:15:47,028",s,6
7244,Really?!,Chandler,surprise,722,7,5,20,"00:15:47,905","00:15:49,989",q,7
7245,"Yeah! In fact, to prove how much you mean to me, here.",Joey,neutral,722,8,5,20,"00:15:50,282","00:16:00,375",ans,8
7246,Thanks.,Chandler,joy,722,9,5,20,"0:16:01,418","0:16:01,970",a,9
7247,"No, eh, oh-oi, easy, it's not a hot dog!",Joey,anger,722,10,5,20,"0:16:01,970","0:16:04,192",o,10
7248,How good is that?,Joey,neutral,722,11,5,20,"00:16:10,386","00:16:12,095",q,11
7295,I just walked in the bathroom and saw Kathy naked! It was like torture!,Chandler,anger,728,0,4,7,"00:00:04,045","00:00:08,382",s,0
7296,"Y'know if we ever go to war and you're captured, you're in for a",Ross,neutral,728,1,4,7,"00:00:09,009","00:00:13,012",s,1
7297,It just keeps getting worse and worse!,Chandler,anger,728,2,4,7,"00:00:13,888","00:00:15,514",o,2
7299,"I mean it's bad enough that I'm in love with my roommates girlfriend¬ówhich by the way, I think she knows.",Chandler,neutral,728,3,4,7,"00:00:15,765","00:00:19,018",o,3
7300,Because every time we're in the room together there's this weird like energy between us.,Chandler,neutral,728,4,4,7,"00:00:19,269","00:00:24,189",o,4
7301,"And call me crazy, but I think she likes me too.",Chandler,neutral,728,5,4,7,"00:00:24,399","00:00:27,151",o,5
7302,And now I have seen her naked.,Chandler,neutral,728,6,4,7,"00:00:27,402","00:00:30,612",s,6
7303,"I mean at least when I've seen her with clothes on, I could imagine her body was like covered in boles or something.",Chandler,neutral,728,7,4,7,"00:00:31,364","00:00:37,036",s,7
7304,"But there are no boles, she's smooth!",Chandler,neutral,728,8,4,7,"0:00:38,913","0:00:40,832",o,8
7305,Smooth!,Chandler,neutral,728,9,4,7,"0:00:40,832","0:00:41,801",s,9
7306,Wow! Could everyone totally see up his robe?,Phoebe,surprise,728,10,4,7,"00:00:47,380","00:00:50,340",q,10
7307,Yeah! Oh my God!,All,surprise,728,11,4,7,"00:00:50,550","00:00:52,885",ans,11
7310,"Oh, that's what she meant!",Joey,surprise,730,0,9,21,"00:11:21,847","00:11:24,182",s,0
7311,"You know, if they're gonna shorten it, they should call it the MUSE!",Joey,neutral,730,1,9,21,"00:11:24,350","00:11:27,852",o,1
7312,"You know, short for museum, and avoid all the confusion!",Joey,neutral,730,2,9,21,"00:11:28,020","00:11:30,772",s,2
7313,"Yeah, most of it it's a place",Ross,neutral,730,3,9,21,"00:11:32,108","00:11:37,987",ag,3
7314,"Ok, all right, so I'll take her to the MET.",Joey,neutral,730,4,9,21,"00:11:38,155","00:11:41,032",s,4
7315,"Yeah, uh, uh, ok, there's this great rare bookstore on Madison Avenue.",Ross,neutral,730,5,9,21,"00:11:41,200","00:11:47,163",s,5
7316,You know what?,Ross,neutral,730,6,9,21,"00:11:47,665","00:11:49,791",s,6
7317,"She loves architecture, you know what you should do?",Ross,neutral,730,7,9,21,"00:11:47,665","00:11:53,545",s,7
7318,You should take a walk down fifth to the Saint Patrick's Cathedral and there there's this great little pastry shop that she'd love.,Ross,joy,730,8,9,21,"00:11:49,959","00:11:57,424",s,8
7319,"Geez, sounds like you should be going on this date!",Joey,surprise,730,9,9,21,"00:11:57,591","00:12:00,218",o,9
7320,But I'm not! . You know what if you're in the mood for Thai food...,Ross,neutral,730,10,9,21,"00:12:03,806","00:12:06,266",s,10
7321,"Whoa, whoa, whoa! Slow down, you go",Joey,surprise,730,11,9,21,"00:12:03,806","00:12:07,892",o,11
7363,Emily!,Ross,joy,736,0,4,17,"00:08:50,363","00:08:51,780",oth,0
7364,Oh my God! What are you doing here?,Emily,surprise,736,1,4,17,"00:08:51,948","00:08:53,615",q,1
7365,"I just, I had to see you one more time before you took-off.",Ross,joy,736,2,4,17,"00:08:54,951","00:08:57,786",ans,2
7366,You are so sweet.,Emily,joy,736,3,4,17,"00:08:58,913","00:09:00,956",s,3
7367,"That's, that's, that's a big candy bar. (She's holding one of those huge",Ross,sadness,736,4,4,17,"00:09:04,043","00:09:05,752",s,4
7368,Me too.,Emily,neutral,736,5,4,17,"00:09:12,301","00:09:13,802",ag,5
7369,"Well, that' me. Here, have this. I'm only allowed one piece of carryon anyway.",Emily,neutral,736,6,4,17,"00:09:19,308","00:09:32,487",s,6
7370,"Wait uh, listen.",Ross,neutral,736,7,4,17,"00:09:36,367","00:09:38,159",c,7
7371,"I-I, I have to tell you something.",Ross,fear,736,8,4,17,"00:09:38,536","00:09:41,955",s,8
7372,"Umm, I've been thinking, I'm just gonna come out and say it.",Ross,fear,736,9,4,17,"00:09:42,832","00:09:47,836",s,9
7373,Okay?,Ross,fear,736,10,4,17,"00:09:44,959","00:09:47,836",s,10
7374,"I-I-I ah, I-I think I love you.",Ross,joy,736,11,4,17,"00:09:48,671","00:09:52,674",o,11
7399,Nothing?,Joey's Hand Twin,neutral,739,0,5,24,"00:08:49,487","00:08:50,737",s,0
7400,"Look, you and I have been given a gift.",Joey,neutral,739,1,5,24,"00:08:51,697","00:08:54,783",s,1
7402,We have to do something with it.,Joey,neutral,739,2,5,24,"0:08:54,992","0:08:56,536",o,2
7403,"Like-like, hand modeling!",Joey,joy,739,3,5,24,"0:08:56,536","0:08:58,973",o,3
7405,Or-or magic!,Joey,joy,739,4,5,24,"00:08:54,992","00:08:58,912",o,4
7407,I have to get back to,Joey's Hand Twin,neutral,739,5,5,24,"0:09:03,501","0:09:04,463",s,5
7408,Whoa!,Joey,surprise,739,6,5,24,"0:09:04,463","0:09:05,225",s,6
7409,Whoa!,Joey,surprise,739,7,5,24,"0:09:05,225","0:09:05,327",s,7
7412,We could have our own show!,Joey,joy,739,10,5,24,"00:09:05,878","00:09:07,462",o,8
7413,Y'know we could clap our hands together people will love it!,Joey,joy,739,11,5,24,"00:09:07,672","00:09:10,882",o,9
7414,Huh?,Joey,anger,739,12,5,24,"00:09:11,759","00:09:12,801",b,10
7415,And-and-and I wrote a song for us!,Joey,joy,739,13,5,24,"00:09:12,969","00:09:14,886",s,11
7419,"Well, she'll understand right? It's not like I did it on purpose.",Mr. Geller,sadness,740,0,7,13,"00:12:04,056","00:12:07,100",o,0
7420,"Dad, that won't matter to her.",Ross,neutral,740,1,7,13,"00:12:07,268","00:12:08,852",o,1
7421,"Look, all my stuff is safe and dry and all hers is-is, is growing new stuff!",Ross,anger,740,2,7,13,"00:12:09,019","00:12:16,359",s,2
7422,"See, this is exactly the kind of thing that makes her think you guys love me more than you love her.",Ross,anger,740,3,7,13,"00:12:16,527","00:12:21,448",o,3
7423,"Oh my God, does she really thinks that?",Mr. Geller,surprise,740,4,7,13,"00:12:21,615","00:12:23,616",q,4
7424,"Well, can you blame her?",Ross,sadness,740,5,7,13,"00:12:23,784","00:12:25,243",q,5
7425,"Well I don't know, I-I suppose we may have favored you unconsciously, you were a medical marvel! The doctor said your mother could",Mr. Geller,joy,740,6,7,13,"00:12:25,411","00:12:33,293",o,6
7426,"Dad, dad I don't want to hear about it.",Ross,sadness,740,7,7,13,"00:12:30,416","00:12:33,293",s,7
7427,Really?,Mr. Geller,surprise,740,8,7,13,"0:12:33,461","0:12:34,045",q,8
7428,"Well, not right now.",Ross,neutral,740,9,7,13,"0:12:34,045","0:12:36,247",ans,9
7429,"Okay look, Monica came here for some memories and damnit, we're gonna give her some!",Ross,neutral,740,10,7,13,"00:12:36,964","00:12:41,134",s,10
7430,"Okay, grab¬Ögrab some empty boxes.",Ross,neutral,740,11,7,13,"00:12:41,302","00:12:46,014",s,11
7459,"Well, it's official there are no good movies.",Chandler,sadness,745,0,3,4,"00:01:53,780","00:01:56,240",s,0
7460,"Well, let's go to a bad one and make out.",Janice,neutral,745,1,3,4,"00:01:56,407","00:01:58,992",s,1
7461,"Perhaps, you would like me to turn like this, so that you can bunny bump against my back.",Monica,neutral,745,2,3,4,"00:02:03,748","00:02:08,085",o,2
7462,Hey!,Joey,surprise,745,3,3,4,"0:02:09,879","0:02:10,797",g,3
7463,Hey.,Phoebe,neutral,745,4,3,4,"0:02:10,797","0:02:10,941",g,4
7464,"Hey, man. What's up?",Chandler,neutral,745,5,3,4,"00:02:09,879","00:02:13,924",q,5
7465,Maybe you can tell me.,Joey,neutral,745,6,3,4,"00:02:11,047","00:02:13,924",ans,6
7466,My agent would like to know why I didn't show up at the audition I didn't know I had today.,Joey,anger,745,7,3,4,"00:02:14,175","00:02:17,886",s,7
7467,The first good thing she gets me in weeks.,Joey,neutral,745,8,3,4,"0:02:18,054","0:02:19,931",s,8
7468,How could you not give me the message?,Joey,anger,745,9,3,4,"0:02:19,931","0:02:21,995",q,9
7470,"Well, I'll tell ya I do enjoy guilt, but, ah, it wasn't me.",Chandler,anger,745,10,3,4,"00:02:22,100","00:02:26,812",o,10
7471,"Yes, it was! It was him! Uh huh! Okay, it was me!",Phoebe,anger,745,11,3,4,"00:02:26,980","00:02:37,739",s,11
7507,Looks like it.,Carol,neutral,752,0,6,16,"00:04:39,862","00:04:41,154",s,0
7508,"Y'know, if, if this is too weird for you, we can still back out at",Ross,neutral,752,1,6,16,"00:04:42,323","00:04:45,784",s,1
7509,I got it!,Carol,joy,752,2,6,16,"0:04:47,412","0:04:48,084",s,2
7510,Okay.,Ross,neutral,752,3,6,16,"0:04:48,084","0:04:49,461",ag,3
7511,Susan! Hi!,Carol,joy,752,4,6,16,"0:04:50,039","0:04:51,791",g,4
7512,Hey!,Susan,joy,752,5,6,16,"0:04:51,791","0:04:52,823",g,5
7513,Thank you so much for coming.,Carol,joy,752,6,6,16,"0:04:53,835","0:04:55,557",s,6
7514,"Oh, I wouldn't miss it for the world.",Susan,joy,752,7,6,16,"0:04:55,557","0:04:57,313",s,7
7515,I'm-I'm Ross by the way.,Ross,neutral,752,8,6,16,"00:05:00,091","00:05:01,717",s,8
7516,Hello Ross. I love what you've done with this space.,Susan,joy,752,9,6,16,"00:05:01,884","00:05:08,640",g,9
7517,Thank you so much.,Carol,joy,752,10,6,16,"00:05:05,221","00:05:08,640",s,10
7518,How hot is this?!,Ross,surprise,752,11,6,16,"00:05:11,978","00:05:14,313",q,11
7625,"Ok, I know this is gonna sound really stupid, but I feel that if I can do this, you know, if I can actually do my own laundry, there isn't anything I can't do.",Rachel,joy,767,0,1,5,"00:16:13,555","00:16:21,020",o,0
7626,That does not sound stupid to me.,Ross,neutral,767,1,1,5,"00:16:21,981","00:16:24,357",o,1
7627,"You know, it's like the first time I had to make dinner for myself, after Carol left me?",Ross,neutral,767,2,1,5,"00:16:24,566","00:16:32,949",s,2
7628,"I'm sorry, that's all the time we have.",Ross,sadness,767,3,1,5,"0:16:30,072","0:16:31,794",s,3
7629,Next on Ross... Uh-oh.,Ross,neutral,767,4,1,5,"0:16:31,794","0:16:32,996",s,4
7630,What uh-oh?,Rachel,joy,767,5,1,5,"00:16:35,744","00:16:36,953",q,5
7631,"Uh-oh, uh-oh, the laundry's done.",Ross,fear,767,6,1,5,"00:16:35,744","00:16:41,457",ans,6
7632,"It's, uh, it's a song.",Ross,neutral,767,7,1,5,"00:16:42,960","00:16:44,627",s,7
7633,The laundry song that we sing.,Ross,neutral,767,8,1,5,"00:16:44,878","00:16:46,713",s,8
7634,"Uh-oh the laundry's done, uh-oh, uh-oh.",Ross,neutral,767,9,1,5,"00:16:47,756","00:16:51,092",s,9
7635,"Ross, what's the matter?",Rachel,anger,767,10,1,5,"00:16:51,927","00:16:52,969",q,10
7636,"Nothing, nothing. Lee-lo, the laundry's done.",Ross,neutral,767,11,1,5,"00:16:53,220","00:16:55,888",ans,11
7649,Yeah.,Chandler,neutral,770,0,5,5,"00:08:09,739","00:08:11,865",s,0
7650,"Look, these clowns are trying to take us for a ride and I'm not gonna let 'em!",Monica,anger,770,1,5,5,"00:08:12,033","00:08:15,744",s,1
7651,And we're not a couple of suckers!,Monica,anger,770,2,5,5,"00:08:15,912","00:08:17,871",o,2
7652,"I hear ya, Mugsy!",Chandler,neutral,770,3,5,5,"00:08:19,081","00:08:20,248",s,3
7653,"But look, all these rooms are fine okay?",Chandler,neutral,770,4,5,5,"00:08:21,751","00:08:23,752",o,4
7654,"Can you just pick one so I can watch--have a perfect, magical weekend together with you.",Chandler,anger,770,5,5,5,"00:08:23,920","00:08:30,509",s,5
7655,"Okay,",Monica,neutral,770,6,5,5,"00:08:34,555","00:08:36,431",ag,6
7656,Nothing! It's over! Dammit! This is regularly scheduled programming!,Chandler,anger,770,7,5,5,"00:08:36,599","00:08:41,728",s,7
7657,Can we turn the TV off? Okay? Do we really want to spend the entire weekend like this?,Monica,disgust,770,8,5,5,"00:08:42,813","00:08:47,275",q,8
7658,"Oh, I'm sorry, am I getting in the way of all the room switching fun?",Chandler,anger,770,9,5,5,"00:08:47,485","00:08:50,695",q,9
7659,"Hey, don't blame me for wigging tonight!",Monica,anger,770,10,5,5,"00:08:50,863","00:08:54,032",o,10
7660,"Oh, who should I blame? The nice bell man who had to drag out luggage to 10 different rooms?",Chandler,anger,770,11,5,5,"00:08:50,863","00:08:56,868",q,11
7751,"Alright, somebody.",Rachel,neutral,775,0,1,7,"00:05:34,667","00:05:36,001",s,0
7752,"OK, I'll go. OK, senior year of college... on a pool table.",Monica,neutral,775,1,1,7,"00:05:37,754","00:05:41,965",ag,1
7754,Whoooaa!,All,surprise,775,2,1,7,"00:05:42,175","00:05:43,675",b,2
7755,That's my sister.,Ross,neutral,775,3,1,7,"00:05:43,976","00:05:45,635",s,3
7756,OK... my weirdest place would have to be... the women's room on the second floor of the New York CIty public library.,Joey,neutral,775,4,1,7,"00:05:46,846","00:05:55,437",o,4
7757,Oh my God! What were you doing in a library?,Monica,surprise,775,5,1,7,"00:05:55,646","00:05:58,565",q,5
7758,"Pheebs, what about you?",Ross,neutral,775,6,1,7,"0:06:00,693","0:06:01,835",q,6
7759,Oh... Milwaukee.,Phoebe,neutral,775,7,1,7,"0:06:01,835","0:06:04,662",ans,7
7760,Um... Ross?,Rachel,neutral,775,8,1,7,"00:06:08,576","00:06:10,744",q,8
7761,"Disneyland, 1989, 'It's a Small World After All.'",Ross,neutral,775,9,1,7,"00:06:12,205","00:06:15,832",o,9
7762,No way!,All,surprise,775,10,1,7,"00:06:18,211","00:06:19,294",dag,10
7763,The ride broke down.,Ross,neutral,775,11,1,7,"00:06:19,545","00:06:20,879",s,11
7723,"Well there's yore. And uh, y'know, yesteryear.",Rachel,neutral,777,0,6,11,"00:15:10,242","00:15:17,874",s,0
7724,"Yeah no, I'm telling you Rachel has such a great eye for this stuff.",Phoebe,neutral,777,1,6,11,"00:15:19,126","00:15:22,795",s,1
7725,"Ross, y'know if you ever decide you need to redecorate¬óAnd I think that you should.",Phoebe,neutral,777,2,6,11,"00:15:22,963","00:15:28,051",o,2
7726,"You should, you should ask Rachel to help.",Phoebe,neutral,777,3,6,11,"00:15:28,218","00:15:29,969",s,3
7727,Oh honey he doesn't need my help.,Rachel,neutral,777,4,6,11,"00:15:30,137","00:15:31,679",o,4
7728,"Oh, come on! I think he's ready to get rid of, what did you call it? The cheap knock-offs and dinosaur junk.",Phoebe,joy,777,5,6,11,"00:15:31,847","00:15:37,644",o,5
7729,Really?!,Ross,surprise,777,6,6,11,"00:15:42,566","00:15:44,275",s,6
7730,"Hey, y'know what?",Ross,surprise,777,7,6,11,"00:15:45,319","00:15:49,310",q,7
7731,"Since you have such a great sense of what I need, uh ooh, here's-here's 60 bucks, why don't you take Phoebe down to that Colonial flea market of yours and get me some stuff.",Ross,neutral,777,8,6,11,"00:15:45,319","00:15:57,413",o,8
7732,"Y'know what? I don't, I don't think Phoebe really wants to come.",Rachel,joy,777,9,6,11,"00:16:02,294","00:16:04,587",o,9
7733,No! I do want to!,Phoebe,joy,777,10,6,11,"0:16:04,755","0:16:05,597",dag,10
7734,"Oh, she does want to.",Rachel,neutral,777,11,6,11,"0:16:05,597","0:16:06,633",ag,11
7763,Here you go.,Gunther,neutral,782,0,3,19,"0:00:03,211","0:00:03,723",s,0
7764,Thank you.,Rachel,neutral,782,1,3,19,"0:00:03,723","0:00:05,857",g,1
7765,Hi!,Mark,joy,782,2,3,19,"00:00:26,151","00:00:27,609",g,2
7766,"Hi! All right, let's go shoppin'!!",Rachel,joy,782,3,3,19,"00:00:27,819","00:00:29,528",s,3
7767,"Um, y'know, before we go ah, there's something I need to say.",Mark,fear,782,4,3,19,"00:00:29,821","00:00:32,406",s,4
7768,"Oh, okay.",Rachel,neutral,782,5,3,19,"00:00:32,824","00:00:34,908",ag,5
7769,"I've kinda of had this ah, this crush on you.",Mark,fear,782,6,3,19,"00:00:38,121","00:00:40,622",s,6
7770,"But since you were with Ross, I-I didn't do anything about it.",Mark,joy,782,7,3,19,"00:00:41,791","00:00:44,668",s,7
7771,"But, now that you're not, I'd really like to ask you out sometime.",Mark,fear,782,8,3,19,"00:00:44,836","00:00:48,797",s,8
7772,"So-so that's-that's what I'm doing, now.",Mark,fear,782,9,3,19,"00:00:49,466","00:00:53,343",s,9
7773,Wow! Umm....,Rachel,surprise,782,10,3,19,"00:00:56,806","00:00:57,931",b,10
7774,I dropped a cup.,Gunther,neutral,782,11,3,19,"00:01:09,069","00:01:10,360",s,11
7820,They made you head of the department!,Rachel,joy,791,0,8,12,"00:01:55,115","00:02:00,202",s,0
7821,"No, I get to teach one of his advanced classes! Why didn't I get head of the department?",Ross,joy,791,1,8,12,"00:01:55,115","00:02:04,373",q,1
7822,"Oh! Hey Rach, listen umm",Joey,neutral,791,2,8,12,"0:02:05,375","0:02:06,877",g,2
7823,Yeah.,Rachel,neutral,791,3,8,12,"0:02:06,877","0:02:07,381",b,3
7824,"I got a big date coming up, do you know a good restaurant?",Joey,neutral,791,4,8,12,"00:02:07,502","00:02:10,003",q,4
7825,"Uh, Paul's Caf√©. They got great food and it's really romantic.",Rachel,neutral,791,5,8,12,"00:02:10,588","00:02:15,259",ans,5
7826,"Ooh, great! Thanks!",Joey,joy,791,6,8,12,"00:02:15,426","00:02:16,844",g,6
7827,"Yeah! Oh, and then afterwards you can take her to the",Rachel,neutral,791,7,8,12,"00:02:17,011","00:02:20,556",o,7
7828,"You sure are naming a lot of ways to postpone sex, I'll tell ya",Joey,neutral,791,8,8,12,"00:02:27,438","00:02:31,066",s,8
7829,"Ooh, I miss dating.",Rachel,sadness,791,9,8,12,"0:02:31,568","0:02:33,737",s,9
7830,Gettin' all dressed up and going to a fancy restaurant.,Rachel,neutral,791,10,8,12,"0:02:33,737","0:02:36,343",s,10
7831,"I'm not gonna be able to do that for so long, and it's so much fun!",Rachel,joy,791,11,8,12,"00:02:37,157","00:02:41,410",s,11
7842,Hi!,Rachel,joy,792,0,9,19,"0:09:17,724","0:09:18,986",g,0
7843,Hey!,Joey,joy,792,1,9,19,"0:09:18,986","0:09:19,197",g,1
7844,"Joey, I gotta tell ya, I've been thinking",Rachel,neutral,792,2,9,19,"00:09:19,309","00:09:24,106",s,2
7845,"Oh, you know, the writing was good, and the director is good, and... and my co-star's good",Joey,joy,792,3,9,19,"00:09:24,273","00:09:32,197",o,3
7846,"God, you have to tell me what happens tomorrow!",Rachel,joy,792,4,9,19,"00:09:35,909","00:09:38,036",s,4
7847,"Ow, I'm just going over the script now! You wanna read lines with me?",Joey,surprise,792,5,9,19,"00:09:38,245","00:09:41,039",q,5
7848,"Me? Oh, no, I am not an actress.",Rachel,disgust,792,6,9,19,"00:09:41,206","00:09:44,668",ans,6
7849,"Oh, all right, I can ask Monica.",Joey,neutral,792,7,9,19,"0:09:44,876","0:09:46,218",a,7
7850,"Oh screw her, that part is mine!",Rachel,anger,792,8,9,19,"0:09:46,218","0:09:47,352",s,8
7851,"Right... ok, so just from the top of the page, right here.",Joey,neutral,792,9,9,19,"00:09:48,880","00:09:51,675",s,9
7852,"Okay. . Hello Drake, I'm surprised to see you here.",Rachel,surprise,792,10,9,19,"00:09:51,842","00:09:59,850",s,10
7853,I can't believe you married him.,Joey/Drake,surprise,792,11,9,19,"00:10:00,058","00:10:03,353",s,11
7915,Hi.,Monica,neutral,797,0,1,21,"0:17:40,017","0:17:40,859",g,0
7916,Hey.,Fake Monica,neutral,797,1,1,21,"0:17:40,859","0:17:42,407",g,1
7917,How are you?,Monica,neutral,797,2,1,21,"00:17:42,561","00:17:44,187",q,2
7918,"I'm not too bad. Fortunately, blue's my colour. How-how did you know I was here?",Fake Monica,neutral,797,3,1,21,"00:17:44,354","00:17:49,776",q,3
7919,Because... I'm Monica Geller. It was my credit card you were using.,Monica,neutral,797,4,1,21,"00:17:51,862","00:17:59,702",ans,4
7920,That I was not expecting.,Fake Monica,surprise,797,5,1,21,"00:17:59,870","00:18:02,246",s,5
7921,"I want you to know, it wasn't me who turned you in.",Monica,neutral,797,6,1,21,"00:18:02,414","00:18:05,041",o,6
7922,Oh. Thanks.,Fake Monica,neutral,797,7,1,21,"00:18:05,209","00:18:10,088",g,7
7923,"No, thank you! You have given me so much! I mean, if it wasn't for you, I would never have gotten to sing",Monica,joy,797,8,1,21,"00:18:07,002","00:18:10,088",o,8
7924,"Well, actually, you only got to sing 'Memo-'.",Fake Monica,neutral,797,9,1,21,"00:18:17,930","00:18:20,056",s,9
7925,I just can't believe you're in here.,Monica,surprise,797,10,1,21,"0:18:22,476","0:18:23,728",s,10
7926,"I mean, what am I gonna do without you?",Monica,sadness,797,11,1,21,"0:18:23,728","0:18:26,455",q,11
7989,I don't know how any of these got opened?!,Monica,surprise,806,0,8,2,"00:17:21,373","00:17:23,833",q,0
7990,You opened them all?,Joey,surprise,806,1,8,2,"00:17:25,627","00:17:29,547",q,1
7991,"I know! I know! I am a terrible person! I mean, Chandler is never going to trust me with anything ever again!",Monica,joy,806,2,8,2,"00:17:25,627","00:17:32,675",o,2
7992,Oh hey! You got my parent's gift!,Joey,joy,806,3,8,2,"0:17:33,052","0:17:35,864",s,3
7993,Yeah. What is that?,Monica,neutral,806,4,8,2,"0:17:35,864","0:17:37,277",q,4
7994,"Well, I don't know. I think it does something to salami.",Joey,sadness,806,5,8,2,"00:17:37,431","00:17:40,475",ans,5
7995,Hey! How'd it go?,Monica,sadness,806,6,8,2,"0:17:43,145","0:17:44,438",q,6
7996,Yeah. What-what did Tag say?,Joey,neutral,806,7,8,2,"0:17:44,438","0:17:46,293",q,7
7997,Tag is not the father! And Joey knows now?,Rachel,sadness,806,8,8,2,"00:17:46,440","00:17:49,650",ans,8
7998,"I do Rach. I do, and I so happy for you.",Joey,joy,806,9,8,2,"00:17:49,902","00:17:53,905",ag,9
7999,"Oh wow, you didn't even try to unhook my bra!",Rachel,surprise,806,10,8,2,"00:17:56,575","00:18:00,119",s,10
8000,So are you ever gonna tell whoever it is?,Monica,neutral,806,11,8,2,"00:18:02,498","00:18:05,166",q,11
8018,Yes!,Joey,joy,809,0,6,6,"00:08:20,958","00:08:22,125",s,0
8019,I win again!,Joey,joy,809,1,6,6,"0:08:22,293","0:08:23,253",s,1
8020,Ha-ha!,Joey,joy,809,2,6,6,"0:08:23,253","0:08:25,839",oth,2
8021,That's like 500 bucks you owe me!,Joey,joy,809,3,6,6,"0:08:25,839","0:08:26,231",s,3
8022,Whoo-ho-hoo!,Joey,joy,809,4,6,6,"0:08:26,231","0:08:26,373",oth,4
8023,$500 that is a loooot of electricity!,Joey,joy,809,5,6,6,"00:08:26,756","00:08:33,178",o,5
8024,Whoo-ho-ho!,Joey,joy,809,6,6,6,"00:08:28,633","00:08:33,178",oth,6
8025,I gotta buy some food.,Joey,neutral,809,7,6,6,"00:08:33,346","00:08:35,680",s,7
8026,"Okay, give me a chance to win my money back. Okay? Sudden death, one goal, $1,000.",Chandler,neutral,809,8,6,6,"00:08:35,848","00:08:41,728",s,8
8027,You serious?,Joey,surprise,809,9,6,6,"0:08:42,313","0:08:42,905",q,9
8028,Oh yes!,Chandler,anger,809,10,6,6,"0:08:42,905","0:08:43,829",ans,10
8029,"Okay, get ready to owe me!",Joey,joy,809,11,6,6,"00:08:44,315","00:08:47,484",s,11
8034,Who is that?!,Monica,surprise,810,0,7,9,"00:06:20,922","00:06:22,047",q,0
8035,"Don't worry, I'm brave!",Chandler,sadness,810,1,7,9,"0:06:22,840","0:06:23,883",o,1
8036,I am brave!,Chandler,fear,810,2,7,9,"0:06:23,883","0:06:24,968",o,2
8037,I¬ÖI am brave!,Chandler,fear,810,3,7,9,"0:06:24,968","0:06:27,033",o,3
8038,No-no-no-no!!,Chandler,fear,810,4,7,9,"00:06:28,471","00:06:30,263",oth,4
8039,Can you tell me who is there please?,Chandler,neutral,810,5,7,9,"00:06:31,557","00:06:33,809",q,5
8040,Hi!,Gary,joy,810,6,7,9,"00:06:39,899","00:06:41,191",g,6
8041,Hi. Do you know what time it is?,Monica,neutral,810,7,7,9,"00:06:39,899","00:06:43,902",q,7
8042,It's candy time! My roommate says that they taste like little drops of heaven.,Gary,joy,810,8,7,9,"00:06:45,446","00:06:48,573",ans,8
8043,Oh please! Did you hear that? Little drops of heaven.,Monica,joy,810,9,7,9,"00:06:48,783","00:06:53,829",s,9
8044,4:00 A.M.,Chandler,neutral,810,10,7,9,"00:06:55,415","00:06:56,957",s,10
8045,"So, can I get some candy?",Gary,neutral,810,11,7,9,"00:06:57,208","00:06:59,376",q,11
8065,What about these? These look the same?,Monica,neutral,812,0,5,19,"00:21:28,620","00:21:30,454",q,0
8066,Definitely!,Phoebe,joy,812,1,5,19,"0:21:30,664","0:21:31,596",ans,1
8067,Not as each other!,Monica,neutral,812,2,5,19,"0:21:31,596","0:21:32,756",o,2
8068,"Oh, then no.",Phoebe,neutral,812,3,5,19,"00:21:32,874","00:21:34,667",ag,3
8069,Hey!,Chandler,joy,812,4,5,19,"0:21:37,296","0:21:37,964",g,4
8070,Hi!,Monica,anger,812,5,5,19,"0:21:37,964","0:21:39,186",g,5
8073,You look amazing. I'm the luckiest man in the world.,Chandler,joy,812,8,5,19,"00:21:39,506","00:21:42,758",o,6
8074,"Ohh, you're about to get a little luckier.",Monica,joy,812,9,5,19,"00:21:42,926","00:21:45,594",s,7
8075,Let me see the earrings.,Chandler,neutral,812,10,5,19,"0:21:45,762","0:21:46,764",s,8
8076,"Oh, honey, the earrings",Monica,neutral,812,11,5,19,"0:21:46,764","0:21:48,536",s,9
8077,They look great! Does your boyfriend have the best taste or what?,Chandler,joy,812,12,5,19,"00:21:48,682","00:21:52,893",q,10
8078,My boyfriend really does have good taste!,Monica,joy,812,13,5,19,"00:21:54,479","00:21:56,147",ans,11
8151,Oh hey! How was your audition?,Phoebe,joy,820,0,7,19,"00:00:05,380","00:00:08,257",q,0
8152,"I'm sorry, do I know you?",Joey,neutral,820,1,7,19,"00:00:08,842","00:00:11,260",q,1
8153,What are you doing?,Phoebe,neutral,820,2,7,19,"00:00:12,762","00:00:13,804",q,2
8154,"Nothing, I'm just practicing blowing you off because I'm gonna be a big movie star!",Joey,surprise,820,3,7,19,"00:00:13,972","00:00:16,724",ans,3
8155,Oh! You got it?!,Phoebe,sadness,820,4,7,19,"00:00:16,891","00:00:18,892",q,4
8156,"Well no, not yet. But the audition went really good.",Joey,joy,820,5,7,19,"0:00:19,060","0:00:21,521",ans,5
8157,What was it for?,Monica,neutral,820,6,7,19,"0:00:21,521","0:00:22,718",q,6
8158,"Oh, it's this big budget period movie about these three Italian brothers who come to America around the turn of the century.",Joey,neutral,820,7,7,19,"00:00:22,814","00:00:30,320",ans,7
8159,It's really classy!,Joey,joy,820,8,7,19,"00:00:26,609","00:00:30,320",o,8
8160,"Oh, and the director is supposed to be the next next Martin Scorcese.",Joey,joy,820,9,7,19,"00:00:30,488","00:00:34,783",s,9
8161,The next next?,Phoebe,neutral,820,10,7,19,"00:00:36,619","00:00:37,911",q,10
8162,"Yeah, there's this guy from Chicago who's supposed to be the next Martin Scorcese, all right?",Joey,neutral,820,11,7,19,"00:00:38,079","00:00:41,915",ans,11
8173,Oh please! It was such a big class! You never even noticed me!,Elizabeth,joy,821,0,6,18,"00:09:47,253","00:09:51,923",o,0
8174,"What? Of course I did! You uh, you sat next to Sleepy Sleeperson.",Ross,surprise,821,1,6,18,"00:09:52,091","00:09:56,386",dag,1
8175,Who?,Elizabeth,neutral,821,2,6,18,"00:09:56,554","00:09:57,596",q,2
8176,"Oh uh, I had trouble remembering everyone's name, so I-I kinda came up with nicknames.",Ross,neutral,821,3,6,18,"00:09:57,763","00:10:06,271",ans,3
8177,Like the guy on the other side of you was Smelly von Brownshirt.,Ross,neutral,821,4,6,18,"00:10:02,059","00:10:06,271",s,4
8178,"Oh yeah. So umm, did you have a nickname for me?",Elizabeth,neutral,821,5,6,18,"00:10:06,439","00:10:14,321",q,5
8179,"Umm, no. No.",Ross,neutral,821,6,6,18,"00:10:09,692","00:10:14,321",ans,6
8180,Yes you did! What was it?,Elizabeth,surprise,821,7,6,18,"00:10:14,488","00:10:16,406",q,7
8181,"Umm, it's Cutie McPretty.",Ross,neutral,821,8,6,18,"00:10:19,368","00:10:20,869",ans,8
8182,Ohh that's so sweet!,Elizabeth,joy,821,9,6,18,"00:10:21,037","00:10:24,873",s,9
8183,"Listen, I gotta tell ya, I-I'm having a great time!",Ross,joy,821,10,6,18,"00:10:25,041","00:10:28,376",s,10
8184,"Y'know how before you said it might be weird, the whole student teacher thing, and to be frank I thought it would be too, but it's not.",Ross,surprise,821,11,6,18,"00:10:28,586","00:10:38,011",o,11
8197,Hey.,All,neutral,823,0,3,3,"00:15:59,959","00:16:01,250",g,0
8198,How's the maniac?,Ross,neutral,823,1,3,3,"00:16:01,418","00:16:02,669",q,1
8199,"Oh, well he's yummy. We did a little kissin'.",Phoebe,joy,823,2,3,3,"00:16:02,836","00:16:06,130",ans,2
8200,"Phoebe, what are you doing?",Rachel,surprise,823,3,3,3,"00:16:07,299","00:16:08,716",q,3
8201,"Oh, no, no, no, no. You know what, he's not into that stuff anymore. He quit for me.",Phoebe,neutral,823,4,3,3,"00:16:08,824","00:16:13,888",ans,4
8202,"Pheebs, this guy has been obsessed with your sister, for God knows how long, okay, you don't just give up something like that.",Rachel,disgust,823,5,3,3,"00:16:14,046","00:16:22,063",o,5
8203,"Look, he gave me his night vision goggles and everything.",Phoebe,joy,823,6,3,3,"00:16:22,356","00:16:25,692",s,6
8204,You're taking the word of a guy who has night vision goggles?,Ross,surprise,823,7,3,3,"00:16:26,694","00:16:30,655",s,7
8205,"What, he's not still following her. Do you think he is still following her?",Phoebe,surprise,823,8,3,3,"00:16:30,823","00:16:34,701",q,8
8206,"Pheebs, wake up and smell the restraining order.",Chandler,disgust,823,9,3,3,"00:16:34,868","00:16:37,954",s,9
8207,What are you saying I should do?,Phoebe,neutral,823,10,3,3,"00:16:40,040","00:16:41,249",q,10
8208,"I think, that if you really like this guy, you should just trust him.",Monica,neutral,823,11,3,3,"00:16:41,417","00:16:44,502",ans,11
8224,"Wow, I have the spirit of an old Indian women living in mine.",Phoebe,neutral,827,0,3,16,"00:04:49,080","00:04:52,666",s,0
8225,So then you know?,Monica,joy,827,1,3,16,"00:04:53,918","00:04:54,960",q,1
8226,"The mailman was downstairs, so I brought up your mail.",Phoebe,neutral,827,2,3,16,"00:04:58,298","00:05:00,549",s,2
8227,"Oh, good. Thanks.",Monica,neutral,827,3,3,16,"0:05:00,717","0:05:01,969",g,3
8228,Now what is Fabutec?,Phoebe,neutral,827,4,3,16,"0:05:01,969","0:05:03,939",q,4
8229,"Okay, all right don't judge me to much.",Monica,fear,827,5,3,16,"0:05:04,429","0:05:06,765",s,5
8230,Okay?,Monica,neutral,827,6,3,16,"0:05:06,765","0:05:07,239",s,6
8231,"Um, but I saw this info-mercial, and um, I swear to you I have never-ever bought anything on TV before, except for this mop.",Monica,neutral,827,7,3,16,"00:05:07,348","00:05:15,230",s,7
8232,"But there was this stuff on leg waxing, it just, it looked so amazing....",Monica,joy,827,8,3,16,"00:05:15,940","00:05:18,358",s,8
8235,"Oh, it's incredible! I so want to be a Waxine girl.",Phoebe,joy,827,11,3,16,"00:05:21,404","00:05:24,031",o,9
8236,I know!!,Monica,joy,827,12,3,16,"00:05:24,198","00:05:25,449",ag,10
8237,God. Do think it really doesn't hurt? ¬ëCause how can they do that?,Phoebe,fear,827,13,3,16,"00:05:26,826","00:05:30,287",q,11
8275,Hey!,Ross,anger,832,0,4,10,"00:00:02,794","00:00:04,586",g,0
8276,"I'm sorry I'm late, did I miss anything?",Ross,neutral,832,1,4,10,"00:00:04,963","00:00:06,755",q,1
8277,Joey stuffing 15,Phoebe,neutral,832,2,4,10,"00:00:07,007","00:00:09,675",s,2
8278,15? Your personal best! (Ross takes an,Ross,surprise,832,3,4,10,"00:00:12,262","00:00:16,015",o,3
8279,Where were you?,Phoebe,neutral,832,4,4,10,"00:00:19,060","00:00:20,436",q,4
8280,"Oh, on a date. Yeah, I met this girl on the train going to a museum upstate.",Ross,neutral,832,5,4,10,"00:00:20,729","00:00:24,440",ans,5
8281,"Oh, yeah! How did you meet her?",Chandler,surprise,832,6,4,10,"0:00:24,733","0:00:26,155",q,6
8282,"Oh, which museum?",Phoebe,neutral,832,7,4,10,"0:00:26,155","0:00:27,614",q,7
8283,"No, answer his.",Phoebe,neutral,832,8,4,10,"00:00:27,944","00:00:29,862",s,8
8284,"Okay, it was just me and her at the back of the train, and I sat near the door, so she'd have to pass by me if she wanted to switch cars.",Ross,joy,832,9,4,10,"00:00:33,199","00:00:40,748",ans,9
8285,She was totally at my mercy.,Ross,joy,832,10,4,10,"00:00:36,786","00:00:40,748",s,10
8286,Were you so late because you were burring this woman?,Chandler,sadness,832,11,4,10,"00:00:40,957","00:00:44,251",q,11
8314,"Look, I wanted to tell I'm-I'm sorry you lost.",Monica,sadness,835,0,8,6,"00:20:59,758","00:21:02,510",ap,0
8315,"Listen, I've got a secret for ya. I let him win.",Chandler,neutral,835,1,8,6,"00:21:02,678","00:21:06,472",s,1
8316,Is that a secret or a lie.,Monica,anger,835,2,8,6,"00:21:06,640","00:21:09,850",q,2
8317,"No, I let him win¬óRoss!",Chandler,neutral,835,3,8,6,"0:21:10,018","0:21:12,104",ans,3
8318,Yeah?,Ross,surprise,835,4,8,6,"0:21:12,104","0:21:12,412",s,4
8319,Would you tell her I let you win please?,Chandler,anger,835,5,8,6,"00:21:12,521","00:21:14,730",s,5
8320,Oh. Yeah. Uh Chandler,Ross,neutral,835,6,8,6,"00:21:14,898","00:21:18,150",ag,6
8321,I am strong! I'll show you!,Chandler,anger,835,7,8,6,"00:21:26,201","00:21:29,120",o,7
8322,Chandler please!,Monica,disgust,835,8,8,6,"00:21:29,288","00:21:30,913",s,8
8323,Oh what's the matter? Are you scared?,Chandler,anger,835,9,8,6,"00:21:31,081","00:21:32,999",q,9
8324,Let's go big bunny!,Monica,anger,835,10,8,6,"00:21:34,001","00:21:35,584",ans,10
8325,Okay. 1¬Ö2¬Ö3¬óGo! I'm gonna kill myself!,Chandler,neutral,835,11,8,6,"00:21:45,387","00:21:54,020",ag,11
8343,No I'm not.,Ursula,anger,839,0,6,14,"00:16:26,860","00:16:30,446",dag,0
8344,You're making one right now!,Phoebe,anger,839,1,6,14,"00:16:33,033","00:16:34,784",s,1
8345,And-,Phoebe,neutral,839,2,6,14,"00:16:35,577","00:16:38,913",oth,2
8346,"Yeah, can I help you with something?",Ursula,neutral,839,3,6,14,"00:16:39,123","00:16:41,040",q,3
8347,"Look, I'm talking right now! You're¬óyou mean her.",Phoebe,joy,839,4,6,14,"00:16:43,585","00:16:47,755",s,4
8348,"Y'know, twin stuff is always a real big seller.",Ursula,neutral,839,5,6,14,"00:16:47,923","00:16:51,342",s,5
8349,What?!,Phoebe,surprise,839,6,6,14,"00:16:51,510","00:16:53,052",q,6
8350,"Yeah, I can talk them into giving you like, 30 dollars.",Ursula,neutral,839,7,6,14,"00:16:53,262","00:16:57,765",ans,7
8351,No!!,Phoebe,disgust,839,8,6,14,"0:16:59,810","0:17:01,938",dag,8
8354,And stop using my name!,Phoebe,anger,839,11,6,14,"0:17:02,187","0:17:03,999",c,9
8355,And shame on you!,Phoebe,disgust,839,12,6,14,"0:17:03,999","0:17:05,495",s,10
8356,And shame on all of you!,Phoebe,disgust,839,13,6,14,"0:17:05,607","0:17:07,026",s,11
8359,Hey!,Phoebe,joy,840,0,1,12,"0:12:48,559","0:12:49,281",g,0
8360,Hi Pheebs!,Rachel,joy,840,1,1,12,"0:12:49,281","0:12:50,565",g,1
8361,Are you moving out?,Phoebe,neutral,840,2,1,12,"00:12:50,936","00:12:51,978",q,2
8362,"No, these aren't all my suitcases. This one's Paolo's.",Rachel,neutral,840,3,1,12,"00:12:52,146","00:12:56,107",ans,3
8363,"Um, um, Rachel can we talk for a sec?",Phoebe,neutral,840,4,1,12,"00:12:56,275","00:13:01,571",q,4
8364,"Well, sure...just a sec, though, 'cause Paolo's on his way over.",Rachel,neutral,840,5,1,12,"00:13:02,281","00:13:06,785",ans,5
8365,"Oh! Ok, um, ok, um,",Phoebe,fear,840,6,1,12,"00:13:07,828","00:13:13,416",ag,6
8366,"Oh, Pheebs, Pheebs...",Rachel,joy,840,7,1,12,"00:13:14,502","00:13:15,585",oth,7
8367,"Ok, um, we haven't known each other for that long a time, and, um, there are three things that you should know about me.",Phoebe,neutral,840,8,1,12,"00:13:16,420","00:13:24,177",s,8
8368,"One, my friends are the most important thing in my life, two, I never lie, and three, I make the best oatmeal raisin cookies in the world.",Phoebe,neutral,840,9,1,12,"00:13:24,720","00:13:35,480",s,9
8369,"Ok, thanks Pheebs Oh my God, why have I never tasted these before?!",Rachel,surprise,840,10,1,12,"00:13:38,359","00:13:51,329",q,10
8370,"Oh, I don't make them a lot because I don't think it's fair to the other cookies",Phoebe,neutral,840,11,1,12,"00:13:51,497","00:13:55,416",ans,11
8422,I can't believe this. Do you think that your parents could help pay for it?,Monica,surprise,843,0,7,2,"00:12:28,164","00:12:30,999",q,0
8423,"I don't know, my mother spent most of her money on her fourth wedding.",Chandler,sadness,843,1,7,2,"00:12:31,208","00:12:36,671",ans,1
8424,She's saving the rest for her divorce.,Chandler,anger,843,2,7,2,"00:12:36,839","00:12:39,215",s,2
8425,And any extra cash my father has he saves for his yearly trips to,Chandler,neutral,843,3,7,2,"00:12:39,508","00:12:44,220",s,3
8426,Well what happened at dinner?,Rachel,neutral,843,4,7,2,"00:12:48,684","00:12:49,934",q,4
8427,My parents spent the money for our wedding!,Monica,anger,843,5,7,2,"00:12:50,102","00:12:52,228",s,5
8428,My God! What did you order?!,Phoebe,surprise,843,6,7,2,"00:12:53,647","00:12:55,607",q,6
8429,"Wait, but there's no money! Well this is terrible! You guys are gonna have to get married in like a, rec. center!",Rachel,sadness,843,7,7,2,"00:12:57,026","00:13:05,492",o,7
8430,"Honey, it's gonna be okay.",Chandler,neutral,843,8,7,2,"00:13:06,702","00:13:10,663",o,8
8431,No! No it's not! It's not gonna be okay! It sucks! No swing band! No lilies!,Monica,sadness,843,9,7,2,"00:13:06,702","00:13:14,709",dag,9
8432,"No, y'know what?",Rachel,neutral,843,10,7,2,"0:13:10,831","0:13:12,843",oth,10
8433,It's gonna be okay.,Rachel,neutral,843,11,7,2,"0:13:12,843","0:13:14,757",o,11
8437,"Dr. Geller, there's a seat over here.",Older Scientist,neutral,844,0,4,11,"00:16:32,783","00:16:35,118",s,0
8438,"Thank you, Dr. Phillips, but I'm having my lunch at this table, here in the middle.",Ross,neutral,844,1,4,11,"00:16:36,078","00:16:43,835",s,1
8439,"I'm having lunch right here, with my good friend Joey, if he'll sit with me.",Ross,neutral,844,2,4,11,"00:16:38,789","00:16:45,753",o,2
8440,I will sit with you Dr. Geller.,Joey,neutral,844,3,4,11,"00:16:57,599","00:16:59,600",s,3
8441,"Y'know, we work in a museum of natural history, and yet there is something unnatural about the way we eat lunch.",Ross,neutral,844,4,4,11,"00:17:04,773","00:17:17,118",s,4
8442,"Now, I look around this cafeteria, and y'know what I see, I see-I see division.",Ross,sadness,844,5,4,11,"00:17:18,787","00:17:22,999",o,5
8443,"Division, between people in white coats and people in blue blazers, and I ask myself, ""My God why?!""",Ross,fear,844,6,4,11,"00:17:23,208","00:17:30,673",q,6
8444,"Now, I say we shed these-these coats that separate us, and we get to know the people underneath.",Ross,neutral,844,7,4,11,"00:17:32,843","00:17:41,976",ans,7
8445,I'm Ross!,Ross,joy,844,8,4,11,"00:17:45,189","00:17:46,272",s,8
8446,"I'm divorced, and I have a kid!",Ross,joy,844,9,4,11,"00:17:46,940","00:17:49,776",s,9
8447,I'm Joey! I'm an actor! I don't know squat about dinosaurs!,Joey,joy,844,10,4,11,"00:17:55,991","00:18:01,871",s,10
8448,"I'm Ted, and I just moved here a month ago, and New York really scares me.",Another Tour Guide,anger,844,11,4,11,"00:18:04,458","00:18:09,587",s,11
8458,So thanks for the warm welcome.,Doug,neutral,845,0,3,24,"00:04:02,492","00:04:04,034",g,0
8459,"It's good to have you guys on my team, and I come to play.",Doug,joy,845,1,3,24,"0:04:04,327","0:04:07,539",o,1
8460,I hope you do too.,Doug,neutral,845,2,3,24,"0:04:07,539","0:04:08,785",s,2
8461,"Now, let's go out there and get ¬ëem!",Doug,joy,845,3,3,24,"00:04:08,957","00:04:11,416",s,3
8463,"And remember, there is no ¬ëI' in team.",Doug,neutral,845,4,3,24,"00:04:08,957","00:04:14,211",o,4
8464,"Yes, but there's two in martini, soo everybody",Chandler,joy,845,5,3,24,"00:04:14,462","00:04:18,465",s,5
8465,You! Chuckles! What's your name?,Doug,neutral,845,6,3,24,"00:04:19,467","00:04:22,302",q,6
8466,"Oh it's Bing, sir. I'm sorry , I was just ah...",Chandler,fear,845,7,3,24,"00:04:22,553","00:04:24,638",ans,7
8467,"No-no, I heard what you said, funny.",Doug,neutral,845,8,3,24,"0:04:24,889","0:04:26,308",s,8
8468,I like funny.,Doug,joy,845,9,3,24,"0:04:26,308","0:04:28,332",o,9
8469,"This team is about hard work, but it's also about having fun.",Doug,joy,845,10,3,24,"00:04:28,559","00:04:31,436",o,10
8470,Good to have you aboard Bing!,Doug,joy,845,11,3,24,"00:04:31,688","00:04:33,689",g,11
8482,"Ross, hi, it's Rachel.",Rachel,neutral,848,0,4,21,"00:14:53,475","00:14:57,145",g,0
8483,"I'm just calling to say that um, everything's fine and I'm really happy for you and your",Rachel,neutral,848,1,4,21,"00:14:57,354","00:15:06,070",o,1
8484,"Rach, I got a message from you.",Ross,neutral,848,2,4,21,"00:15:23,213","00:15:24,923",s,2
8485,Oh my God.,Rachel,surprise,848,3,4,21,"00:15:25,132","00:15:27,592",oth,3
8486,"Oh my God Ross, no, hang up the phone, give me the phone Ross, give me the phone, give me the phone, give me the.",Rachel,sadness,848,4,4,21,"00:15:25,132","00:15:32,138",s,4
8489,You're over me?,Ross,surprise,848,5,4,21,"00:15:37,853","00:15:39,729",s,5
8490,Ohhhhhhhh God.,Rachel,surprise,848,6,4,21,"00:15:39,980","00:15:41,731",oth,6
8491,"Wha... you're uh, you're, you're over me?",Ross,surprise,848,7,4,21,"00:15:41,899","00:15:45,443",s,7
8492,"Ohh, ohh.",Rachel,sadness,848,8,4,21,"00:15:47,321","00:15:50,323",oth,8
8493,"When, when were you... under me?",Ross,surprise,848,9,4,21,"00:15:47,321","00:15:52,200",q,9
8494,"Well, basically, lately, I've uh, I've uh, sort of had feelings for you.",Rachel,neutral,848,10,4,21,"00:15:55,329","00:16:03,461",o,10
8495,"OK, I need to lie down.",Ross,surprise,848,11,4,21,"00:16:04,463","00:16:05,672",s,11
8496,"Hey! I'm in, they're gonna let me audition!",Joey,joy,849,0,5,18,"00:03:53,316","00:03:55,442",s,0
8497,Really? That's great!,Ross,joy,849,1,5,18,"00:03:55,610","00:03:57,152",ap,1
8498,"I know! I know! It turns out that one of the casting ladies has actually seen me in a play, so I steered clear of her",Joey,joy,849,2,5,18,"00:03:57,320","00:04:02,699",o,2
8499,(noticing a kid who has picked up a copy of,Carol,neutral,849,3,5,18,"00:04:04,452","00:04:06,453",oth,3
8500,"Oh yeah, yeah! He's done tons of commercials. I've seen him in like Sugar Smacks,",Joey,joy,849,4,5,18,"00:04:04,452","00:04:10,540",s,4
8501,"Yeah well, he's not gonna get this one.",Ross,joy,849,5,5,18,"00:04:20,176","00:04:23,804",o,5
8502,Ben is way cuter than that kid.,Ross,joy,849,6,5,18,"00:04:20,176","00:04:25,222",o,6
8503,"I mean look at him, look at you,",Ross,disgust,849,7,5,18,"00:04:23,972","00:04:25,222",s,7
8504,"That's great. Listen, wouldn't it be great though if I got to play Ben's dad?",Joey,neutral,849,8,5,18,"00:04:32,313","00:04:36,275",s,8
8505,"Joey, you look nothing like Ben.",Ross,neutral,849,9,5,18,"00:04:36,442","00:04:37,943",o,9
8506,I look more like him than you do!,Joey,anger,849,10,5,18,"00:04:39,445","00:04:41,655",dag,10
8507,"Y'know, I don't really know you well enough for you to do that.",Carol,joy,849,11,5,18,"00:04:43,950","00:04:47,327",o,11
8546,"By the way, the week before your wedding you may not see a lot of me.",Ross,neutral,853,0,7,9,"00:14:14,603","00:14:18,690",s,0
8547,"Oh, hello liar.",Phoebe,anger,853,1,7,9,"00:14:29,201","00:14:31,035",s,1
8548,"Look, I-I'm really sorry I let go of the bike.",Ross,sadness,853,2,7,9,"00:14:33,664","00:14:37,500",ap,2
8549,I could've been killed I hope you know!,Phoebe,anger,853,3,7,9,"00:14:37,710","00:14:39,752",s,3
8550,"I know. I know. But, can we please try it again? Huh? I mean, you were",Ross,sadness,853,4,7,9,"00:14:41,714","00:14:49,971",q,4
8551,"Well, I would love to but¬Öthe bike got stolen and the police have no suspects.",Phoebe,joy,853,5,7,9,"00:14:50,180","00:14:56,769",ans,5
8552,Phoebe.,Ross,neutral,853,6,7,9,"00:15:03,193","00:15:04,485",oth,6
8553,What?! What the hell?!,Phoebe,anger,853,7,7,9,"00:15:07,573","00:15:09,449",dag,7
8554,"All right, y'know what?",Ross,anger,853,8,7,9,"00:15:10,951","00:15:11,993",s,8
8555,"If you are not going to learn how to ride this bike then I'm sorry, I'm just gonna have to take it back.",Ross,anger,853,9,7,9,"00:15:12,202","00:15:17,707",o,9
8556,What?! Why?!,Phoebe,surprise,853,10,7,9,"00:15:15,539","00:15:17,707",q,10
8557,"Because! Because, it-it-it's¬Ö It'd be like you having this guitar and-and never playing it. Okay, this guitar",Ross,anger,853,11,7,9,"00:15:17,875","00:15:30,553",ans,11
8580,No!,Ross,surprise,857,0,5,1,"00:11:54,046","00:11:56,589",dag,0
8581,"For all I know, she's trying to find me but couldn't because I kept moving around.",Ross,neutral,857,1,5,1,"00:11:54,046","00:11:59,259",o,1
8582,"No, from now on, I'm staying in one place.",Ross,neutral,857,2,5,1,"00:11:59,427","00:12:02,137",s,2
8583,Right here.,Ross,neutral,857,3,5,1,"00:12:02,304","00:12:03,972",s,3
8584,"Well, it's getting late.",Monica,neutral,857,4,5,1,"0:12:07,351","0:12:08,269",o,4
8585,"Yeah, we're gonna go.",Chandler,neutral,857,5,5,1,"0:12:08,269","0:12:09,235",s,5
8586,"Actually, do you guys mind staying here for a while?",Ross,neutral,857,6,5,1,"00:12:09,353","00:12:14,107",q,6
8587,"Ugh, y'know, umm we gotta get up early and catch that plane for New York.",Monica,neutral,857,7,5,1,"00:12:14,817","00:12:17,861",ans,7
8588,"Yeah, it's a very large plane.",Chandler,neutral,857,8,5,1,"00:12:18,028","00:12:20,196",s,8
8589,That's cool.,Ross,neutral,857,9,5,1,"00:12:22,783","00:12:24,409",oth,9
8590,"But, we'll stay here with you.",Chandler,neutral,857,10,5,1,"00:12:26,871","00:12:29,330",ag,10
8591,"Thanks guys! I really appreciate this, y'know, but you don't have to rub my butt.",Ross,joy,857,11,5,1,"00:20:51,333","00:20:58,881",o,11
8592,"Hey, Mel Gibson and Clint Eastwood.",Phoebe,surprise,858,0,4,13,"00:04:14,254","00:04:15,754",g,0
8593,They're not a couple!,Ross,surprise,858,1,4,13,"00:04:18,258","00:04:19,299",s,1
8594,"Oh-okay, I get the game now.",Phoebe,neutral,858,2,4,13,"00:04:19,467","00:04:21,260",s,2
8595,"Okay look, look, let me ask you a question, when they were doing it on stage, was it like really hot?",Joey,neutral,858,3,4,13,"00:04:23,346","00:04:29,810",q,3
8596,Oh yeah!,Ross,joy,858,4,4,13,"00:04:27,850","00:04:29,810",ans,4
8597,"Well okay, so then you're fine.",Joey,neutral,858,5,4,13,"00:04:31,020","00:04:33,313",s,5
8598,The rule is when two actors are actually doing it off-stage all the sexual tension between them is gone.,Joey,neutral,858,6,4,13,"00:04:33,481","00:04:41,280",s,6
8599,Okay?,Joey,neutral,858,7,4,13,"0:04:41,447","0:04:42,031",b,7
8600,So as long as it's hot onstage you got nothing to worry about.,Joey,neutral,858,8,4,13,"0:04:42,031","0:04:45,769",s,8
8601,"It's when the heat goes away, that's when you're in trouble.",Joey,neutral,858,9,4,13,"00:04:45,868","00:04:48,537",s,9
8602,Really?,Chandler,surprise,858,10,4,13,"00:04:49,956","00:04:50,998",b,10
8603,"Look, you guys have been to every play I've ever been in, have I ever had chemistry on stage?",Joey,neutral,858,11,4,13,"00:04:51,165","00:04:54,751",q,11
8693,Mark's a genius!,Joey,surprise,869,0,3,12,"00:12:31,667","00:12:33,001",o,0
8694,Why?! How?! How is he a genius?,Ross,surprise,869,1,3,12,"0:12:33,169","0:12:37,048",q,1
8695,"Look, don't you see what's happening here.",Chandler,anger,869,2,3,12,"0:12:37,048","0:12:37,188",ans,2
8696,"Instead of hitting on her right away, he's becoming her confidant.",Chandler,anger,869,3,3,12,"00:12:37,298","00:12:40,425",o,3
8697,Now he's gonna be the guy she goes too to complain about you.,Chandler,neutral,869,4,3,12,"00:12:40,593","00:12:44,053",o,4
8698,What am I going to do?,Ross,fear,869,5,3,12,"00:12:44,221","00:12:45,430",q,5
8699,"Well, why don't you send her a musical bug, op, no you already did that.",Chandler,neutral,869,6,3,12,"00:12:45,598","00:12:49,976",ans,6
8700,"All right look, you're going to have to go there yourself now, okay, make a few surprise visits.",Chandler,neutral,869,7,3,12,"00:12:51,937","00:12:57,776",o,7
8701,I don't know you guys.,Ross,fear,869,8,3,12,"00:12:55,149","00:12:57,776",s,8
8702,"All right fine, don't do anything, just sit here and talk to us, meanwhile she is talking to him about you.",Chandler,disgust,869,9,3,12,"00:12:57,943","00:13:04,949",s,9
8703,"And he's being Mr. Joe Sensitive, and she starts thinking 'Maybe this is the guy for me, because he understands me.'",Chandler,disgust,869,10,3,12,"00:13:05,117","00:13:09,287",s,10
8704,"And before you know it, she's with him.",Joey,anger,869,11,3,12,"00:13:09,455","00:13:11,456",o,11
8747,What kind of problem?,Ross,surprise,874,0,5,13,"00:21:07,474","00:21:08,641",q,0
8748,"Well to tell you the truth, they uh, they had a problem with the bag!",Joey,sadness,874,1,5,13,"00:21:08,976","00:21:14,021",ans,1
8749,Oh my God!,Chandler,surprise,874,2,5,13,"00:21:11,821","00:21:14,021",oth,2
8751,Y'know what? It was a stupid play anyway!,Joey,sadness,874,3,5,13,"00:21:15,565","00:21:18,109",o,3
8752,"Y'know, Joey, I think it's time to give up the bag.",Monica,sadness,874,4,5,13,"00:21:19,069","00:21:20,820",o,4
8753,I don't wanna give up the bag.,Joey,sadness,874,5,5,13,"0:21:21,280","0:21:22,842",dag,5
8754,I don't have to give up the bag!,Joey,anger,874,6,5,13,"0:21:22,842","0:21:23,670",dag,6
8755,Do I Rach?,Joey,sadness,874,7,5,13,"00:21:24,116","00:21:26,617",q,7
8756,"Oh, you think I should give up the bag!",Joey,anger,874,8,5,13,"00:21:30,038","00:21:32,456",s,8
8757,"Honey wait, Joey, I'm sorry I mean as terrific as I think you are with it",Rachel,neutral,874,9,5,13,"00:21:32,749","00:21:37,169",ap,9
8759,I just don't know if the world is ready for you and your bag.,Rachel,sadness,874,10,5,13,"00:21:39,339","00:21:44,051",o,10
8760,I can't believe I'm hearing this!,Joey,sadness,874,11,5,13,"00:21:46,555","00:21:48,139",s,11
8804,Here you go.,Casey,neutral,884,0,4,7,"0:01:42,644","0:01:44,646",c,0
8805,"Great! All right, so I'll call you later.",Joey,joy,884,1,4,7,"0:01:44,646","0:01:44,788",s,1
8806,Great!,Casey,joy,884,2,4,7,"00:01:44,938","00:01:45,979",ag,2
8807,Hey-Hey-Hey! Who was that?,Chandler,surprise,884,3,4,7,"00:01:47,732","00:01:49,608",q,3
8808,That would be Casey. We're going out tonight.,Joey,neutral,884,4,4,7,"00:01:49,818","00:01:52,111",ans,4
8809,"Goin' out, huh? Wow! Wow! So things didn't work out with Kathy, huh? Bummer.",Chandler,surprise,884,5,4,7,"00:01:52,320","00:02:00,410",s,5
8810,"No, things are fine with Kathy. I'm having a late dinner with her tonight, right after my early dinner with Casey.",Joey,neutral,884,6,4,7,"00:02:00,620","00:02:06,625",s,6
8811,What?,Chandler,surprise,884,7,4,7,"00:02:07,168","00:02:08,168",q,7
8812,Yeah-yeah. And the craziest thing is that I just ate a whole pizza by myself!,Joey,anger,884,8,4,7,"00:02:08,336","00:02:12,297",s,8
8813,Wait! You're going out with Kathy!,Chandler,surprise,884,9,4,7,"00:02:14,217","00:02:16,468",q,9
8814,Yeah. Why are you getting so upset?,Joey,surprise,884,10,4,7,"00:02:17,095","00:02:21,056",q,10
8815,"Well, I'm upset¬ófor you. I mean, having sex with an endless line of beautiful women must be very unfulfilling for you.",Chandler,disgust,884,11,4,7,"00:02:18,346","00:02:26,687",ans,11
8827,Hey!,Rachel,joy,886,0,4,17,"0:13:17,213","0:13:18,395",g,0
8828,Hi!,Chandler,joy,886,1,4,17,"0:13:18,395","0:13:19,134",g,1
8829,"Listen, can we watch cartoons on your television?",Chandler,neutral,886,2,4,17,"00:13:19,256","00:13:21,341",q,2
8830,We need a porn break.,Chandler,neutral,886,3,4,17,"00:13:21,509","00:13:24,010",s,3
8831,"We spent the last two hours watching In & Out & In, Again.",Chandler,neutral,886,4,4,17,"00:13:24,178","00:13:28,139",s,4
8832,"Well, so, why don't you just turn it off?",Rachel,joy,886,5,4,17,"00:13:29,934","00:13:31,976",q,5
8833,Because then we would be the guys who turned off free porn.,Chandler,neutral,886,6,4,17,"00:13:32,144","00:13:35,021",ans,6
8834,"Ooh, good, you're hear! Okay.",Phoebe,joy,886,7,4,17,"00:13:36,732","00:13:38,733",s,7
8835,Hey!,Monica,joy,886,8,4,17,"0:13:38,901","0:13:39,319",g,8
8836,Hi!,Phoebe,joy,886,9,4,17,"0:13:39,319","0:13:40,006",g,9
8837,"Well, what-what ¬ëcha got there?",Rachel,joy,886,10,4,17,"00:13:40,110","00:13:41,402",q,10
8838,"Oh this, well I'm glad you asked.",Phoebe,joy,886,11,4,17,"00:13:41,570","00:13:44,572",ans,11
8850,Yes that's right.,Ross,neutral,887,0,6,17,"00:19:26,165","00:19:29,083",ag,0
8851,Why?,The Instructor,surprise,887,1,6,17,"00:19:30,252","00:19:31,294",q,1
8852,"I tired attacking two women, did not work.",Ross,neutral,887,2,6,17,"00:19:31,461","00:19:35,047",ans,2
8853,What?!,The Instructor,surprise,887,3,6,17,"00:19:35,632","00:19:37,341",q,3
8854,"No, I mean it's okay, I mean, they're-they're my friends.",Ross,neutral,887,4,6,17,"00:19:35,632","00:19:42,305",ans,4
8855,"In fact, I-I-I was married to one of them.",Ross,anger,887,5,6,17,"00:19:37,509","00:19:42,305",s,5
8856,"Let me get this straight man, you attacked your ex-wife?!",The Instructor,anger,887,6,6,17,"00:19:42,472","00:19:44,849",q,6
8857,"Oh, no!",Ross,surprise,887,7,6,17,"0:19:45,559","0:19:46,651",ans,7
8858,No-no!,Ross,surprise,887,8,6,17,"0:19:46,651","0:19:47,821",ans,8
8859,"No, I tired!",Ross,surprise,887,9,6,17,"00:19:47,936","00:19:49,896",ans,9
8860,But I couldn't.,Ross,neutral,887,10,6,17,"0:19:51,773","0:19:53,125",dag,10
8861,That's why I'm here.,Ross,anger,887,11,6,17,"0:19:53,125","0:19:54,611",s,11
8864,"What? No! No, I'm not stopping. I'm Red Ross!",Ross,sadness,888,0,4,15,"00:16:13,430","00:16:16,599",s,0
8865,"Dude, if you go back out there, you're gonna be Dead Ross!",Joey,anger,888,1,4,15,"00:16:16,767","00:16:19,978",o,1
8866,I don't care! I am not quitting! I insist on finishing this game!,Ross,anger,888,2,4,15,"00:16:20,145","00:16:26,567",o,2
8867,"All right, all right, if you insist on doing this, at least let me help you.",Emily,anger,888,3,4,15,"00:16:23,565","00:16:26,567",ag,3
8868,"No, God no! That is no place for a woman. Those guys will grab anything.",Ross,neutral,888,4,4,15,"00:16:26,735","00:16:30,780",s,4
8869,No. That's not what I'm saying. I just may know a few things that might help you inflict some pain.,Emily,neutral,888,5,4,15,"00:16:31,907","00:16:36,619",s,5
8870,I like that.,Ross,joy,888,6,4,15,"00:16:36,787","00:16:40,164",ag,6
8871,"Yeah? Listen closely, Devon has got a weak ankle.",Emily,neutral,888,7,4,15,"0:16:40,332","0:16:42,251",s,7
8872,Huh?,Ross,neutral,888,8,4,15,"0:16:42,251","0:16:42,473",b,8
8873,One swift kick and he'll back off.,Emily,neutral,888,9,4,15,"00:16:42,584","00:16:44,669",s,9
8874,"All right, bad ankle, got it!",Ross,neutral,888,10,4,15,"00:16:44,837","00:16:46,587",s,10
8875,"And that big bloke with the beard, he has got a trick hip.",Emily,neutral,888,11,4,15,"00:16:46,755","00:16:50,591",s,11
9014,I'm telling you it's like watching Bambi learn how to walk.,Rachel,anger,902,0,7,14,"00:13:57,253","00:14:01,172",s,0
9015,You're drunk! Mom and dad are gonna be maaaaadd! Maybe I'm a little drunk.,Ross,surprise,902,1,7,14,"00:14:02,758","00:14:12,183",o,1
9017,Hey! Are those crab cakes? Did I not tell ya to come straight to me when more crab cakes were ready?,Joey,joy,902,2,7,14,"00:14:13,936","00:14:20,149",q,2
9018,How are you feeling?,Chandler,neutral,902,3,7,14,"00:14:22,444","00:14:23,778",q,3
9019,You are,Monica,neutral,902,4,7,14,"00:14:24,780","00:14:27,448",ans,4
9020,I really wish that you wouldn't.,Ross,anger,902,5,7,14,"00:14:35,457","00:14:38,293",s,5
9021,"Now all you have to do is just get through a little bit more, okay?",Chandler,neutral,902,6,7,14,"00:14:40,004","00:14:43,298",o,6
9022,"Then we can put you in bed, okay?",Chandler,neutral,902,7,7,14,"0:14:43,465","0:14:45,467",s,7
9023,Just smile and don't talk to,Chandler,neutral,902,8,7,14,"0:14:45,467","0:14:49,610",s,8
9024,Speech! Speech! Let's hear from the birthday girl! Huh?,Phoebe,joy,902,9,7,14,"00:14:49,722","00:14:53,516",s,9
9025,Pheebs!!,Chandler,joy,902,10,7,14,"00:14:54,602","00:14:55,643",oth,10
9026,Don't you see? Everyone's looking at me! The plan's working! I didn't even have to take off my top yet!,Phoebe,joy,902,11,7,14,"00:14:55,811","00:15:03,651",s,11
9043,Are there no conscious men in the city for you two?,Chandler,sadness,905,0,1,11,"00:02:36,823","00:02:39,783",q,0
9044,He doesn't have anyone.,Monica,neutral,905,1,1,11,"0:02:40,618","0:02:42,037",ans,1
9045,"Yeah, we-we feel kinda responsible.",Phoebe,anger,905,2,1,11,"0:02:42,037","0:02:44,274",s,2
9046,I can't believe you said woowoo. I don't even say woowoo.,Joey,disgust,905,3,1,11,"00:02:44,956","00:02:49,585",oth,3
9047,"Oh, she's coming up! She's coming up!",Rachel,joy,905,4,1,11,"00:02:49,752","00:02:51,461",s,4
9048,"Folks, when we come back we'll be talking about her new book, 'Euphoria Unbound': the always interesting Nora Tyler Bing.",Jay Leno,neutral,905,5,1,11,"00:02:51,629","00:02:58,677",s,5
9049,You might wanna put the kids to bed for this one.,Jay Leno,neutral,905,6,1,11,"00:02:55,049","00:02:58,677",s,6
9050,"Y'know, we don't have to watch this.",Chandler,neutral,905,7,1,11,"00:02:58,845","00:03:02,472",o,7
9051,"No way, forget it.",Rachel,joy,905,8,1,11,"0:03:02,640","0:03:05,602",dag,8
9052,"C'mon, she's your mom!",Joey,anger,905,9,1,11,"0:03:05,602","0:03:05,744",s,9
9053,Exactly.,Chandler,neutral,905,10,1,11,"00:03:05,852","00:03:07,936",ag,10
9054,"Chandler, I gotta tell you, I love your mom's books!",Rachel,joy,905,11,1,11,"00:03:12,108","00:03:16,153",a,11
9066,"Oh. Oh! Ma'am? Excuse me, ma'am?",Phoebe,neutral,907,0,5,16,"00:06:33,726","00:06:39,940",q,0
9068,You can't put your cigarette out on a tree!,Phoebe,anger,907,1,5,16,"00:06:35,603","00:06:39,940",q,1
9069,"Yeah I can, it worked real well.",The Smoking Woman,neutral,907,2,5,16,"00:06:40,108","00:06:41,817",ans,2
9070,No but you shouldn't! Don't ever do that again.,Phoebe,anger,907,3,5,16,"00:06:42,652","00:06:45,737",dag,3
9071,I won't! Until I have my next cigarette.,The Smoking Woman,anger,907,4,5,16,"00:06:45,947","00:06:48,865",s,4
9072,Hold it! N.Y.P.D! Freeze punk!,Phoebe,anger,907,5,5,16,"00:06:49,117","00:06:52,494",s,5
9073,What?!,The Smoking Woman,surprise,907,6,5,16,"00:06:52,662","00:06:54,121",q,6
9074,Yeah that's right you are so busted. Book 'em.,Phoebe,anger,907,7,5,16,"00:06:54,288","00:06:59,334",ans,7
9075,Who are you talking too?,The Smoking Woman,surprise,907,8,5,16,"00:07:01,170","00:07:04,089",q,8
9076,"Save it Red! Unless you wanna spend the night in the slammer, you apologize to the tree.",Phoebe,disgust,907,9,5,16,"00:07:04,465","00:07:08,385",ans,9
9077,I am,The Smoking Woman,neutral,907,10,5,16,"00:07:08,970","00:07:11,430",dag,10
9078,You apologize to the tree right now or I am calling for backup. Backup! Backup!!,Phoebe,anger,907,11,5,16,"00:07:12,014","00:07:15,642",c,11
9081,Shh! Get me out of here.,Phoebe,fear,908,0,7,12,"0:02:26,604","0:02:27,939",s,0
9082,Oh.,Rachel,neutral,908,1,7,12,"0:02:27,939","0:02:28,837",b,1
9083,Ross!,Joey,surprise,908,2,7,12,"0:02:32,610","0:02:33,570",g,2
9084,What?,Ross,neutral,908,3,7,12,"0:02:33,570","0:02:33,717",q,3
9085,"Come here, check this out!",Joey,surprise,908,4,7,12,"0:02:33,903","0:02:34,925",ans,4
9086,What? Is it the comet?,Ross,neutral,908,5,7,12,"0:02:34,925","0:02:35,632",q,5
9087,"No! No-no. Look, there's a bug stuck in tar right here.",Joey,surprise,908,6,7,12,"00:02:36,156","00:02:39,867",ans,6
9088,"Joey come¬óI can't believe¬óI bring you here to see the Bapstein-King comet, one of nature's most spectacular phenomenon, and all you care about are bugs stuck in tar and-and some woman!",Ross,anger,908,7,7,12,"00:02:41,077","00:02:52,379",s,7
9089,"Y'know, there's",Joey,neutral,908,8,7,12,"00:02:55,258","00:02:57,926",s,8
9090,Show me where?,Ross,neutral,908,9,7,12,"00:02:59,429","00:03:00,888",q,9
9091,Right-right up here.,Joey,neutral,908,10,7,12,"00:03:01,890","00:03:03,765",ans,10
9092,Joey where's the pipe that was holding the door open?,Ross,neutral,908,11,7,12,"00:03:09,772","00:03:12,983",q,11
9108,Hi.. how was the game?,Monica,neutral,910,0,1,3,"00:10:57,198","00:10:58,365",q,0
9109,Well..,Ross,neutral,910,1,1,3,"00:10:59,742","00:11:01,117",ans,1
9110,WE WON!! Thank you! Yes!,All,joy,910,2,1,3,"00:11:01,327","00:11:03,870",oth,2
9111,Fantastic! I have one question: How is that possible?,Monica,surprise,910,3,1,3,"00:11:04,705","00:11:07,624",q,3
9112,Alan.,Joey,neutral,910,4,1,3,"0:11:08,709","0:11:09,271",ans,4
9113,He was unbelievable.,Ross,joy,910,5,1,3,"0:11:09,271","0:11:11,057",a,5
9114,"He was like that-that-that Bugs Bunny cartoon where Bugs is playing all the positions, right, but instead of Bugs it was first base-Alan, second base-Alan, third base-...",Ross,joy,910,6,1,3,"00:11:11,212","00:11:18,426",o,6
9115,"I mean, it-it was like, it was like he made us into a team.",Rachel,joy,910,7,1,3,"00:11:22,056","00:11:25,475",o,7
9116,"Yep, we sure showed those Hassidic jewellers a thing or two about softball..",Chandler,joy,910,8,1,3,"00:11:27,895","00:11:30,522",s,8
9117,Can I ask you guys a question? D'you ever think that Alan is maybe.. sometimes..,Monica,neutral,910,9,1,3,"00:11:31,857","00:11:36,111",q,9
9118,What?,Ross,surprise,910,10,1,3,"0:11:36,320","0:11:39,882",q,10
9119,"..I dunno, a little too Alan?",Monica,neutral,910,11,1,3,"0:11:39,882","0:11:40,332",q,11
9137,You're driving me crazy with that!,Joey,anger,913,0,5,10,"00:08:19,123","00:08:21,124",s,0
9138,"Okay, I'll stop.",Chandler,neutral,913,1,5,10,"00:08:21,292","00:08:23,084",s,1
9139,Don't stop! Move the bowl further away! Ross could make that shot!,Joey,anger,913,2,5,10,"00:08:23,252","00:08:26,880",c,2
9140,"Well, you suck! But at least you suck at a man's game now.",Joey,anger,913,3,5,10,"00:08:32,470","00:08:35,805",s,3
9141,You wanna play?,Chandler,neutral,913,4,5,10,"00:08:36,599","00:08:38,975",q,4
9142,"Chandler, I can't be playing games, Ross is gonna be home soon.",Joey,neutral,913,5,5,10,"0:08:36,599","0:08:40,562",ans,5
9143,And I have to write five whole pages if I'm gonna stick to his schedule.,Joey,neutral,913,6,5,10,"0:08:40,562","0:08:43,236",s,6
9144,"Well, so, play for the next 30 minutes and then write until he gets home.",Chandler,neutral,913,7,5,10,"00:08:43,356","00:08:47,234",o,7
9145,"All right! But uh, listen, what do you say we crank it up a notch?",Joey,joy,913,8,5,10,"00:08:47,985","00:08:54,991",ag,8
9146,I'm intrigued.,Chandler,neutral,913,9,5,10,"00:08:55,159","00:08:56,326",s,9
9147,"All right, all we need is a little lighter fluid.",Joey,neutral,913,10,5,10,"00:08:57,161","00:09:00,413",s,10
9148,"Okay, but be careful okay, because I wanna get our security deposit back.",Chandler,joy,913,11,5,10,"00:09:00,581","00:09:03,542",ag,11
9165,"Here we go. Mona umm, I think it's time we-we had a conversation about-about where things are with us.",Ross,joy,916,0,8,11,"00:12:02,722","00:12:12,188",s,0
9166,"Yeah, I-I think I suggested that.",Mona,neutral,916,1,8,11,"00:12:12,356","00:12:15,024",s,1
9167,"Aw, we-we are so¬Ö So umm, well I-I-I like you and I-I love umm, y'know hanging out with you.",Ross,joy,916,2,8,11,"00:12:15,818","00:12:29,998",s,2
9168,And I mean-I'm having a lot of fun.,Ross,joy,916,3,8,11,"00:12:30,166","00:12:34,335",s,3
9169,Okay.,Mona,neutral,916,4,8,11,"00:12:38,799","00:12:40,467",oth,4
9170,"I mean, there's no point in spending time with someone if-if it's just fun.",Ross,neutral,916,5,8,11,"00:12:40,634","00:12:45,638",o,5
9171,"It's gotta be, it's gotta be going somewhere right?",Ross,joy,916,6,8,11,"00:12:45,806","00:12:50,059",oth,6
9172,So where-where is it going?,Ross,neutral,916,7,8,11,"00:12:50,227","00:12:53,188",q,7
9173,Ah!,Ross,surprise,916,8,8,11,"00:12:55,691","00:12:57,233",b,8
9174,That's-that's the real question.,Ross,neutral,916,9,8,11,"00:12:58,360","00:13:02,238",s,9
9175,And-and the answer is¬Öis it's going somewhere¬Öfun.,Ross,joy,916,10,8,11,"00:13:08,537","00:13:14,667",s,10
9176,"Now I-I know what you're thinking, fun was fine for you like ten years ago y'know, but you're-you're not getting any younger.",Ross,neutral,916,11,8,11,"00:13:12,666","00:13:23,760",s,11
9185,Drum roll.,Phoebe,neutral,918,0,4,18,"00:20:04,786","00:20:06,996",oth,0
9186,"Okay. Okay. All right. Help! Am I a Mark, or a John?",Chandler,neutral,918,1,4,18,"00:20:07,331","00:20:15,463",q,1
9187,"Nah, you're not tall enough to be a Mark, but you might make a good Barney.",Joey,neutral,918,2,4,18,"00:20:16,465","00:20:22,261",ans,2
9188,"All right look, am I serious, okay? Tomorrow at 3:30 I am going down to the courthouse.",Chandler,neutral,918,3,4,18,"00:20:24,014","00:20:29,727",oth,3
9189,You're actually going through with this?,Phoebe,surprise,918,4,4,18,"00:20:28,060","00:20:29,727",q,4
9190,"Hey, look, this name has been holding me back my entire life.",Chandler,anger,918,5,4,18,"00:20:29,895","00:20:32,647",o,5
9191,"Okay, it's probably why kids picked on me in school, and why I never do well with women¬Ö So, as of 4 o'clock tomorrow, I'm either gonna be Mark Johnson or John Markson.",Chandler,neutral,918,6,4,18,"00:20:32,814","00:20:40,571",s,6
9192,You got problems because of you!,Phoebe,anger,918,7,4,18,"0:20:42,157","0:20:44,076",o,7
9193,Not your name!,Phoebe,sadness,918,8,4,18,"0:20:44,076","0:20:45,268",oth,8
9194,"All right, this has got to stop!",Phoebe,anger,918,9,4,18,"0:20:47,329","0:20:48,539",s,9
9195,Chandler is a great name!,Phoebe,anger,918,10,4,18,"0:20:48,539","0:20:51,093",o,10
9196,"In fact¬óyes, I'm, I'm sorry.",Phoebe,sadness,918,11,4,18,"00:20:52,308","00:20:58,839",ap,11
9226,Okay.,Rachel,neutral,923,0,4,15,"00:05:48,181","00:05:50,349",ag,0
9227,"Okay, we have to talk. I'm just getting out of a very serious relationship",Chandler,sadness,923,1,4,15,"00:05:48,181","00:05:55,562",o,1
9228,"I know! And I'm just getting out of a marriage, I mean talk about meant to be!",Janice,fear,923,2,4,15,"00:05:55,730","00:06:01,818",s,2
9229,Right! I just think that this is happening too soon.,Chandler,joy,923,3,4,15,"00:06:02,945","00:06:06,323",o,3
9230,"Oh, too soon, too schmoon. Face it honey, I am not letting you get away this time.",Janice,sadness,923,4,4,15,"00:06:06,491","00:06:13,288",s,4
9231,"I hear ya. But! Unfortunately, my company is transferring me overseas!",Chandler,disgust,923,5,4,15,"00:06:19,128","00:06:25,967",s,5
9232,Oh no! Where to? Too Paris?,Janice,surprise,923,6,4,15,"00:06:27,637","00:06:35,685",q,6
9233,"No! No! Not, Paris.",Chandler,neutral,923,7,4,15,"00:06:32,308","00:06:35,685",ans,7
9234,"Too London? No-no, Rome? Vienna? Ooh-ooh, Barcelona?",Janice,joy,923,8,4,15,"00:06:35,853","00:06:39,773",q,8
9235,"Okay, could you just stop talking for a second? Yemen. That's right, yes, I'm being transferred to Yemen!",Chandler,anger,923,9,4,15,"00:06:39,941","00:06:47,781",ans,9
9236,When?,Janice,anger,923,10,4,15,"0:06:52,703","0:06:55,415",q,10
9237,I don't know exactly.,Chandler,neutral,923,11,4,15,"0:06:55,415","0:06:55,840",ans,11
9294,Hey! Ross!,Phoebe,joy,930,0,7,6,"00:02:15,051","00:02:17,511",g,0
9295,Die Hard,Chandler,neutral,930,1,7,6,"00:02:17,804","00:02:21,098",oth,1
9296,"Yep. Hey, what do you say we make it a double feature?",Joey,neutral,930,2,7,6,"00:02:21,304","00:02:23,142",q,2
9297,What'd you rent?,Chandler,neutral,930,3,7,6,"00:02:23,351","00:02:24,601",q,3
9298,Die Hard 2,Joey,neutral,930,4,7,6,"00:02:25,186","00:02:27,187",ans,4
9299,"Joey, this is",Chandler,neutral,930,5,7,6,"00:02:28,189","00:02:30,107",s,5
9300,"Oh, well we watch it a second time and its",Joey,neutral,930,6,7,6,"00:02:31,526","00:02:35,571",o,6
9301,"Joey, we",Ross,neutral,930,7,7,6,"0:02:36,698","0:02:37,510",s,7
9302,And?,Joey,neutral,930,8,7,6,"0:02:37,510","0:02:39,472",oth,8
9303,And it'll be cool to see it again! Yeah!,Ross,joy,930,9,7,6,"00:02:39,617","00:02:41,702",s,9
9304,Die Hard,Ross,neutral,930,10,7,6,"00:02:41,870","00:02:44,705",s,10
9305,"Dude, you didn't say",Ross,neutral,930,11,7,6,"00:02:46,374","00:02:48,375",q,11
9313,"Good for you! And hey, I thought your paper on punctuated equilibrium in the Devonian era was top notch!",Phoebe,joy,932,0,9,20,"00:22:01,767","00:22:06,688",o,0
9314,Stop going through my stuff !,Ross,anger,932,1,9,20,"00:22:06,855","00:22:08,857",c,1
9315,Hey!,Rachel,joy,932,2,9,20,"0:22:11,943","0:22:12,585",g,2
9316,Hey!,Monica,joy,932,3,9,20,"0:22:12,585","0:22:13,253",g,3
9317,"I just wanted to let you know I've changed my mind: I'm gonna do it, I'm gonna kiss Joey.",Rachel,anger,932,4,9,20,"00:22:13,361","00:22:18,408",s,4
9318,"No, you can't! Friends hooking up is a bad idea.",Monica,fear,932,5,9,20,"00:22:18,575","00:22:22,037",dag,5
9319,"Please, what about you and Chandler?",Rachel,anger,932,6,9,20,"00:22:22,204","00:22:24,247",q,6
9320,That's different! I was drunk and stupid!,Monica,anger,932,7,9,20,"00:22:24,414","00:22:27,375",ans,7
9321,Well hello !,Rachel,anger,932,8,9,20,"00:22:27,542","00:22:29,878",oth,8
9322,What about all the guys that you've got the phone numbers from? Why don't you just kiss one of them?,Monica,neutral,932,9,9,20,"00:22:30,796","00:22:37,010",q,9
9323,"I could, I could but I don't want to! I want to kiss Joey!",Rachel,anger,932,10,9,20,"00:22:37,177","00:22:40,722",ans,10
9324,Alright . I think it's a big mistake but it's your decision.,Monica,neutral,932,11,9,20,"00:22:41,389","00:22:45,393",o,11
9369,Do you remember where the duck food is?,Rachel,neutral,936,0,4,23,"00:20:19,301","00:20:21,344",q,0
9370,"Yeah, it's in the guys' apartment under the sink. Why?",Phoebe,surprise,936,1,4,23,"00:20:21,511","00:20:24,263",q,1
9371,Because I'm going to London.,Rachel,neutral,936,2,4,23,"00:20:24,431","00:20:26,474",ans,2
9372,What?! What do you mean you're going to London?,Phoebe,surprise,936,3,4,23,"00:20:26,642","00:20:28,893",q,3
9373,"Yeah, I have to tell Ross that I love him.",Rachel,neutral,936,4,4,23,"00:20:29,061","00:20:31,020",ans,4
9374,"Now honey, you take care, you don't have those babies until I get back.",Rachel,neutral,936,5,4,23,"00:20:31,188","00:20:34,815",c,5
9375,"I¬óRachel, you can't go! Ross loves Emily!",Phoebe,fear,936,6,4,23,"00:20:35,692","00:20:37,735",s,6
9376,"Yeah, I know, I know, I know he does.",Rachel,fear,936,7,4,23,"0:20:37,903","0:20:39,155",ag,7
9377,But I have to tell him how I feel!,Rachel,sadness,936,8,4,23,"0:20:39,155","0:20:41,060",s,8
9378,He deserves to have all the information and then he can make an informed decision.,Rachel,neutral,936,9,4,23,"00:20:41,156","00:20:45,451",s,9
9379,That's not why you're going!,Phoebe,sadness,936,10,4,23,"00:20:45,619","00:20:48,829",s,10
9380,"You're going because you hope he's gonna say, ""Yeah, I love you too, Rach.",Phoebe,sadness,936,11,4,23,"00:20:45,619","00:20:52,792",o,11
9408,Hey!,Phoebe,anger,939,0,9,1,"0:05:55,104","0:05:55,786",g,0
9409,Hi.,Rachel,neutral,939,1,9,1,"0:05:55,786","0:05:56,790",g,1
9410,Are you all right?,Phoebe,neutral,939,2,9,1,"00:05:56,898","00:06:01,193",q,2
9411,Uhh‚Ä¶ I think I just got engaged.,Rachel,fear,939,3,9,1,"0:06:01,361","0:06:03,843",ans,3
9412,Oh my God! He did it?,Phoebe,surprise,939,4,9,1,"0:06:03,843","0:06:05,714",q,4
9413,Well‚Ä¶did you know he was gonna ask me?,Rachel,joy,939,5,9,1,"00:06:05,865","00:06:07,991",q,5
9414,Are you kidding?,Phoebe,surprise,939,6,9,1,"0:06:08,159","0:06:08,994",q,6
9415,I‚Äôm like the one who talked him into it.,Phoebe,joy,939,7,9,1,"0:06:08,994","0:06:12,610",s,7
9416,I like to think of myself as the puppet master of the group.,Phoebe,sadness,939,8,9,1,"00:06:12,705","00:06:16,500",s,8
9417,And you really think this is a good idea?,Rachel,sadness,939,9,9,1,"00:06:17,835","00:06:21,546",q,9
9418,"I just talked him into it, don‚Äôt tell me I have to do you too. The puppet master gets tired people.",Phoebe,neutral,939,10,9,1,"00:06:21,714","00:06:31,181",ans,10
9419,I just don‚Äôt know! It just doesn‚Äôt feel right.,Rachel,sadness,939,11,9,1,"00:06:28,513","00:06:31,181",o,11
9438,Night Mon. Night Julio.,Jeannine,neutral,941,0,3,12,"00:05:32,165","00:05:37,502",g,0
9438,Adi√≥s.,Julio,neutral,941,1,3,12,"00:05:35,376","00:05:37,502",g,1
9440,"Look Julio, someone left their book here.",Monica,surprise,941,2,3,12,"00:05:48,222","00:05:50,807",s,2
9441,"Ah actually, that is mine.",Julio,neutral,941,3,3,12,"00:05:50,975","00:05:52,726",s,3
9442,"Oh yeah, what are you reading?",Monica,neutral,941,4,3,12,"00:05:52,894","00:05:55,812",q,4
9443,"Flowers of Evil, by Beaudalire. Have you read it?",Julio,neutral,941,5,3,12,"00:05:55,980","00:05:59,524",q,5
9444,"Have I read it? No, are you enjoying it?",Monica,neutral,941,6,3,12,"00:06:03,654","00:06:05,864",q,6
9445,"I thought I would, but the translation's no good.",Julio,neutral,941,7,3,12,"00:06:07,158","00:06:09,951",ans,7
9446,Your a poet and don't know it.,Monica,neutral,941,8,3,12,"00:06:11,329","00:06:13,080",o,8
9447,"Actually I ah, I am a poet.",Julio,neutral,941,9,3,12,"00:06:16,959","00:06:20,212",ag,9
9448,"Oh, then you do know it. So um what kind of things do you write about?",Monica,neutral,941,10,3,12,"00:06:22,799","00:06:33,350",q,10
9449,"Things that move me. The, the shadow of a tree, a child laughing, or this lip.",Julio,neutral,941,11,3,12,"00:06:33,518","00:06:43,360",ans,11
9471,"Oh God, I hate my job, I hate it, I hate my job, I hate it.",Rachel,disgust,945,0,3,11,"00:04:38,319","00:04:40,737",o,0
9472,"I know honey, I'm sorry.",Monica,sadness,945,1,3,11,"00:04:40,947","00:04:42,572",ap,1
9473,"Oh, I wanna quit, but then I think I should stick it out, then I think why would such a person stay in such a demeaning job, just because it's remotely related to the field they're interested in.",Rachel,sadness,945,2,3,11,"00:04:42,740","00:04:50,872",s,2
9474,"Gee, I don't know Rach. Order up!! I got a Yentel soup, a James Beans, and a Howdy hold the Dowdy!",Monica,joy,945,3,3,11,"00:04:57,213","00:05:02,926",s,3
9475,"Oh honey, come on, I'm sorry, I didn't....",Rachel,sadness,945,4,3,11,"00:05:03,094","00:05:05,762",ap,4
9476,"I don't mind paying my dues, y'know, its just how much am I gonna learn about fashion by walking Mira, the arthritic seamstress, to the bathroom.",Rachel,disgust,945,5,3,11,"00:05:05,930","00:05:12,644",s,5
9477,Hi! Is my misery amusing to you?,Rachel,anger,945,6,3,11,"00:05:16,691","00:05:19,735",q,6
9478,"I'm sorry, I wa, I wa, I was just ah....",Guy,fear,945,7,3,11,"00:05:19,902","00:05:22,779",ans,7
9479,"It's not funny, this is actually my job.",Rachel,anger,945,8,3,11,"00:05:22,947","00:05:25,073",a,8
9480,"Oh believe me, I-I-I've been there. I had to sort mannequin heads at that Mannequins Plus.",Guy,neutral,945,9,3,11,"00:05:25,241","00:05:30,329",s,9
9481,"Oh well then, so I'm just going to go back to talking to my friend here.",Rachel,joy,945,10,3,11,"00:05:30,496","00:05:34,875",s,10
9482,And you can go back to enjoying your little hamburger.,Rachel,joy,945,11,3,11,"00:05:35,043","00:05:38,086",o,11
9504,"Hi! Umm, I'm Monica Geller, I'm the chef at Alessandro's.",Monica,neutral,947,0,8,21,"00:08:35,224","00:08:38,227",g,0
9505,Still?,The Food Critic,surprise,947,1,8,21,"00:08:38,393","00:08:40,479",q,1
9506,"I think the things that you said about me are really unfair, and I would like for you to give my bouillabaisse another chance.",Monica,neutral,947,2,8,21,"00:08:40,646","00:08:49,404",ans,2
9507,I don't see any reason why I would do that to myself again.,The Food Critic,joy,947,3,8,21,"00:08:46,443","00:08:49,404",s,3
9508,"Either eat it, or be in it.",Joey,anger,947,4,8,21,"00:08:49,571","00:08:52,282",o,4
9509,"Spoon? So, what do you think?",Monica,joy,947,5,8,21,"00:08:59,706","00:09:02,292",q,5
9510,"I'm torn, between my integrity and my desire to avoid a beating. But I must be honest, your soap is abysmal.",The Food Critic,disgust,947,6,8,21,"00:09:02,459","00:09:11,426",ans,6
9511,Thata girl! Huh? We should get out of here.. there's a new class comin' in.,Joey,joy,947,7,8,21,"00:09:14,054","00:09:19,518",s,7
9512,"Welcome to introduction to cooking. Now, before we start, can anyone tell me the difference between a hollandaise sauce and a bearnaise sauce?",The Cooking Teacher,neutral,947,8,8,21,"00:09:19,685","00:09:26,316",q,8
9513,I can.,Monica,neutral,947,9,8,21,"0:09:28,902","0:09:29,664",ans,9
9514,"Okay, go ahead.",The Cooking Teacher,neutral,947,10,8,21,"0:09:29,664","0:09:31,124",ag,10
9515,"Well umm, they both have a egg yolk and butter base, but a bearnaise has shallots, shirvel, and most importantly tarragon.",Monica,neutral,947,11,8,21,"00:09:31,238","00:09:42,874",ans,11
9536,"I'm so bored! Stupid rain, we... we can't do anything.",Joey,sadness,949,0,9,23,"00:17:58,118","00:18:04,290",o,0
9537,"Well, I've brought some books. We could read.",Rachel,neutral,949,1,9,23,"00:18:04,458","00:18:07,168",s,1
9538,"Hey, it hasn't come to that yet.",Joey,joy,949,2,9,23,"00:18:07,336","00:18:09,295",s,2
9539,Hey hey hey! Don't mind if I do!,Joey,joy,949,3,9,23,"00:18:10,672","00:18:12,632",s,3
9540,"I'm sorry sir, these are for the pharmaceutical convention",Waiter,neutral,949,4,9,23,"00:18:12,800","00:18:16,260",ap,4
9541,"Hey Rach, do you feel like going to a convention?",Joey,neutral,949,5,9,23,"00:18:18,806","00:18:21,015",q,5
9542,We can't. We're not pharmacists!,Rachel,sadness,949,6,9,23,"00:18:21,517","00:18:24,894",ans,6
9543,"I know we're not, but Frank Medeio and... Eva Trorro... womba...",Joey,neutral,949,7,9,23,"00:18:25,062","00:18:29,315",s,7
9544,Kate Miller?,Rachel,neutral,949,8,9,23,"0:18:34,196","0:18:35,197",q,8
9545,Kate Miller it is.,Joey,neutral,949,9,9,23,"0:18:35,197","0:18:37,309",ans,9
9546,And... that's the most sex I'm gonna have this weekend.,Rachel,joy,949,10,9,23,"00:18:39,952","00:18:43,830",s,10
9547,In that case should I make sure it's on real good?,Joey,neutral,949,11,9,23,"00:18:43,997","00:18:47,667",oth,11
9549,Oh my God!,Chandler,surprise,950,0,5,11,"00:17:56,283","00:17:58,326",oth,0
9550,"We heard about your pants, I'm so sorry.",Monica,sadness,950,1,5,11,"00:17:59,620","00:18:02,538",ap,1
9551,This year was supposed to be great!,Ross,anger,950,2,5,11,"00:18:02,706","00:18:05,458",o,2
9552,"But, it's only the second day and I'm a loser with stupid leather pants that don't even fit!",Ross,disgust,950,3,5,11,"00:18:06,376","00:18:12,465",s,3
9553,"No. No, you're not a loser.",All,sadness,950,4,5,11,"00:18:13,675","00:18:16,302",o,4
9554,Look at me!,Ross,anger,950,5,5,11,"00:18:16,512","00:18:18,429",oth,5
9555,"Hey, hey, look. Look Ross, Ben drew a picture of you! Huh? You're-you're a cowboy!",Monica,joy,950,6,5,11,"00:18:24,728","00:18:31,984",s,6
9556,"Oh, be-because of the leather pants.",Ross,sadness,950,7,5,11,"00:18:34,696","00:18:38,616",s,7
9557,"See? Ben doesn't think you're a loser, he thinks you're a cowboy! Now that's something.",Monica,joy,950,8,5,11,"00:18:40,494","00:18:44,705",s,8
9559,That really is something.. that's really cool.,Rachel,joy,950,9,5,11,"0:18:44,873","0:18:47,835",oth,9
9560,Howdy partner!,Joey,joy,950,10,5,11,"0:18:47,835","0:18:47,977",oth,10
9561,Maybe I should get another pair!,Ross,joy,950,11,5,11,"00:18:49,628","00:18:51,712",s,11
9613,"Oh, hey Rach! I thought we said seven?",Danny,surprise,956,0,5,10,"0:17:41,143","0:17:43,229",q,0
9614,"Yeah uh, y'know what uh, let's skip it.",Rachel,neutral,956,1,5,10,"0:17:43,229","0:17:46,086",oth,1
9615,What?! Why?!,Danny,surprise,956,2,5,10,"00:17:46,190","00:17:47,857",q,2
9616,"Umm, you-you and your sister seem to have umm, a very special bond, and",Rachel,neutral,956,3,5,10,"00:17:49,485","00:17:52,570",ans,3
9617,Oh great! That,Danny,anger,956,4,5,10,"00:17:52,738","00:17:56,324",a,4
9619,"Do-do you, do you have brothers?",Danny,neutral,956,5,5,10,"00:18:01,830","00:18:05,917",q,5
9620,"No, I have two sisters. But one of them has a very masculine energy.",Rachel,neutral,956,6,5,10,"00:18:06,085","00:18:11,297",ans,6
9621,Are you close with them?,Danny,neutral,956,7,5,10,"0:18:11,465","0:18:12,857",q,7
9622,"No-no, they're not very nice people.",Rachel,neutral,956,8,5,10,"0:18:12,857","0:18:15,221",ans,8
9623,"Okay, listen, I really like you.",Danny,neutral,956,9,5,10,"0:18:18,055","0:18:19,367",s,9
9624,Okay?,Danny,neutral,956,10,5,10,"0:18:19,367","0:18:20,827",ag,10
9625,I think this can go somewhere.,Danny,neutral,956,11,5,10,"0:18:20,827","0:18:20,976",s,11
9655,"Okay, then what happened?",Phoebe,neutral,961,0,5,12,"00:05:50,433","00:05:51,767",q,0
9656,Ohh. Uh-huh. Uh-huh. You'll get your turn!,Phoebe,anger,961,1,5,12,"00:05:55,188","00:05:59,900",oth,1
9657,"Hey Pheebs, what's going on?",Ross,neutral,961,2,5,12,"00:06:00,401","00:06:02,903",q,2
9658,Nothing! This is not over!,Phoebe,anger,961,3,5,12,"00:06:03,404","00:06:04,446",ans,3
9659,No! No! No!,Ross,anger,961,4,5,12,"0:06:05,615","0:06:07,137",oth,4
9660,What?!,Phoebe,surprise,961,5,5,12,"0:06:07,137","0:06:07,749",q,5
9661,"I was up all night writing this really nasty letter to Emily! It was perfect and now it's all covered in-in¬Ö Actually, thanks!",Ross,sadness,961,6,5,12,"00:06:07,867","00:06:16,249",ans,6
9662,All right! Everybody ready to go to the movies?,Joey,neutral,961,7,5,12,"00:06:17,043","00:06:19,086",q,7
9663,"Uh actually, I think I'm gonna skip it.",Ross,sadness,961,8,5,12,"00:06:19,253","00:06:22,172",ans,8
9664,Really?,Joey,surprise,961,9,5,12,"00:06:22,340","00:06:24,633",q,9
9665,"Yeah, I'm gonna stay and read my book. I just wanna be alone right now.",Ross,sadness,961,10,5,12,"00:06:22,340","00:06:28,345",ans,10
9666,"Oh. Are you sure you don't want to come? Tom Hanks, Meg Ryan, they get mail and stuff.",Joey,neutral,961,11,5,12,"00:06:26,761","00:06:32,682",q,11
9762,"Cassie, how you-how you doin' on that¬Öhot dog.",Ross,neutral,972,0,7,19,"00:13:32,645","00:13:37,982",q,0
9763,I'm all done.,Cassie,neutral,972,1,7,19,"0:13:40,319","0:13:41,487",ans,1
9764,Thank God.,Ross,joy,972,2,7,19,"0:13:41,487","0:13:43,590",oth,2
9765,I guess the last time we really hung out was when our parents rented that beach house together.,Cassie,neutral,972,3,7,19,"00:13:45,741","00:13:49,619",s,3
9766,Oh right.,Ross,neutral,972,4,7,19,"0:13:49,787","0:13:50,788",a,4
9767,Right.,Ross,neutral,972,5,7,19,"0:13:50,788","0:13:52,068",ag,5
9768,"Ooh, remember the time I uh, I pinned you down and tickled you ¬ëtil you cried?",Ross,joy,972,6,7,19,"00:13:49,787","00:13:55,667",s,6
9769,We're probably too old to do that now.,Ross,sadness,972,7,7,19,"00:13:57,461","00:14:00,421",s,7
9770,"I'll always remember that summer, because it's when I got all of these freckles.",Cassie,joy,972,8,7,19,"00:14:02,800","00:14:07,637",o,8
9771,Uh-huh! Uh-huh! And-and-and I'll always remember that summer because that's when I realized that we are related.,Ross,joy,972,9,7,19,"00:14:07,805","00:14:17,480",o,9
9772,"It took you that long to figure it out, huh?",Cassie,surprise,972,10,7,19,"00:14:17,731","00:14:19,649",q,10
9773,"Well I'm, I'm a little slow. Just as our children would be.",Ross,neutral,972,11,7,19,"00:14:19,859","00:14:26,614",ans,11
9774,Relax every muscle in your body.,Phoebe,neutral,973,0,3,1,"00:12:29,707","00:12:33,209",c,0
9775,Listen to the plinky-plunky music.,Phoebe,neutral,973,1,3,1,"00:12:35,045","00:12:39,174",c,1
9776,"Okay, now close you eyes, and think of a happy place.",Phoebe,neutral,973,2,3,1,"00:12:40,009","00:12:46,014",c,2
9777,"Okay, tell me your happy place.",Phoebe,neutral,973,3,3,1,"00:12:46,390","00:12:48,057",q,3
9778,"Richard's living room, drinking wine.",Monica,joy,973,4,3,1,"00:12:48,225","00:12:50,685",ans,4
9779,"All right. No, no, no, not a Richard thing, just put down the glass. And get out!",Phoebe,anger,973,5,3,1,"00:12:50,853","00:12:56,065",dag,5
9780,"I'm sorry, but that's my happy place.",Monica,sadness,973,6,3,1,"00:12:56,692","00:12:59,194",ap,6
9781,"Well, okay, fine, use my happy place.",Phoebe,neutral,973,7,3,1,"0:12:59,361","0:13:01,322",o,7
9782,"Okay, I'm just gonna, I have to ask that you don't move anything.",Phoebe,neutral,973,8,3,1,"0:13:01,322","0:13:04,256",c,8
9783,"All right, I'll try not to.",Monica,neutral,973,9,3,1,"00:13:05,534","00:13:06,618",ag,9
9784,"Okay, all right, so, your in a meadow, millions of stars in the sky....",Phoebe,neutral,973,10,3,1,"00:13:06,786","00:13:13,917",s,10
9785,Do you think breaking up with him was a huge mistake?,Monica,sadness,973,11,3,1,"00:13:14,084","00:13:26,387",q,11
9913,Its still there!,Rachel,surprise,989,0,7,11,"00:08:14,911","00:08:17,829",q,0
9914,Mrs. Braverman must be out.,Chandler,neutral,989,1,7,11,"00:08:18,789","00:08:21,082",ans,1
9915,She could be out of town. Maybe she'll be gone for months.,Rachel,sadness,989,2,7,11,"00:08:24,754","00:08:27,797",s,2
9916,"By then, the cheesecake may have gone bad. We don't want her to come back to bad cheesecake.",Chandler,fear,989,3,7,11,"00:08:27,965","00:08:31,927",s,3
9917,No that could kill her.,Rachel,fear,989,4,7,11,"0:08:32,094","0:08:33,016",s,4
9918,"Well, we don't want that.",Chandler,neutral,989,5,7,11,"0:08:33,016","0:08:33,823",s,5
9919,"No, so we're protecting her.",Rachel,neutral,989,6,7,11,"00:08:33,930","00:08:35,013",o,6
9920,But we should take it.,Chandler,neutral,989,7,7,11,"0:08:35,181","0:08:35,853",s,7
9921,But we should move quick.,Rachel,fear,989,8,7,11,"0:08:35,853","0:08:36,739",s,8
9922,Why?,Chandler,surprise,989,9,7,11,"0:08:36,849","0:08:37,281",q,9
9923,Because I think I just heard her moving around in there.,Rachel,fear,989,10,7,11,"0:08:37,281","0:08:38,813",ans,10
9924,Go! Go! Go! Go! Go! Go! Go! Go! Go! Go!,Chandler,fear,989,11,7,11,"00:08:38,935","00:08:40,310",c,11
9945,Hi.,Joey,neutral,991,0,8,21,"00:13:00,030","00:13:01,072",g,0
9946,"Your Fettuccini Alfredo looks a little dry, did you use all your cheese?",The Cooking Teacher,neutral,991,1,8,21,"00:13:01,281","00:13:04,409",q,1
9947,"When you say used, do you mean eat as a pre-cooking snack?",Joey,neutral,991,2,8,21,"00:13:04,618","00:13:09,790",q,2
9948,And the cream?,The Cooking Teacher,neutral,991,3,8,21,"0:13:10,415","0:13:11,333",q,3
9949,Cheese makes me thirsty.,Joey,neutral,991,4,8,21,"0:13:11,333","0:13:13,739",ans,4
9950,Okay. Let's move on.,The Cooking Teacher,neutral,991,5,8,21,"0:13:15,420","0:13:17,312",oth,5
9951,All right.,Joey,neutral,991,6,8,21,"0:13:17,312","0:13:19,112",ag,6
9952,Oh! Something smells good over at Monica's station! Oh my God! This is absolutely amazing! You've never made this before?,The Cooking Teacher,surprise,991,7,8,21,"00:13:19,216","00:13:29,059",q,7
9953,Oh no!,Monica,surprise,991,8,8,21,"0:13:29,226","0:13:29,977",ans,8
9954,I don't know anything about cooking.,Monica,neutral,991,9,8,21,"0:13:29,977","0:13:31,625",dag,9
9955,"I had to ask someone what it's called when the, when the water makes those little bubbles.",Monica,neutral,991,10,8,21,"00:13:33,146","00:13:37,484",s,10
9956,"Well, hats off to the chef.",The Cooking Teacher,joy,991,11,8,21,"00:13:38,151","00:13:39,986",a,11
9990,She said what?,Ross,surprise,996,0,4,23,"00:10:43,851","00:10:45,935",q,0
9991,"She said, ""If I'm not gonna be happy getting married somewhere that we find in a day, well then we should just postpone it.""",Emily,neutral,996,1,4,23,"00:10:43,851","00:10:49,981",ans,1
9992,Postpone it?,Ross,joy,996,2,4,23,"00:10:53,069","00:10:54,361",oth,2
9993,"Emily, do you think Monica realises how much our parents spent on this wedding?",Ross,anger,996,3,4,23,"00:10:56,072","00:11:00,325",q,3
9994,"Do you my sister's teeny-tiny little brain comprehends that people took time out of their lives to fly thousands of miles to be here, huh?",Ross,anger,996,4,4,23,"00:11:00,493","00:11:10,710",s,4
9995,This isn't right.,Ross,neutral,996,5,4,23,"00:11:14,882","00:11:16,049",dag,5
9996,"I realize that people are going to be disappointed. But, I'm sure they'll come back when we can do it right.",Emily,sadness,996,6,4,23,"00:11:17,134","00:11:23,014",s,6
9997,I can't ask people to do that? Would you ask people to do that?,Ross,anger,996,7,4,23,"00:11:23,182","00:11:26,685",q,7
9998,Don't you point your pants at me!,Emily,anger,996,8,4,23,"00:11:26,852","00:11:28,436",s,8
9999,We have no choice!,Emily,anger,996,9,4,23,"00:11:30,481","00:11:31,981",ans,9
10000,"Anywhere that's half-decent would've be booked months ago, Ross don't you understand?",Emily,anger,996,10,4,23,"00:11:32,141","00:11:37,779",q,10
10001,This is our wedding I'm talking about.,Emily,anger,996,11,4,23,"00:11:35,236","00:11:37,779",s,11
10033,What?,Rachel,neutral,1001,0,2,5,"00:04:54,544","00:04:55,627",q,0
10034,"I'm at work, ordinary day, you know, chop chop chop, sauti, sauti, sauti.",Monica,neutral,1001,1,2,5,"00:04:55,837","00:05:01,008",ans,1
10035,"All of a sudden, Leon, the manager, calls me into his office.",Monica,neutral,1001,2,2,5,"00:05:01,884","00:05:04,970",s,2
10036,"It turns out they fired the head lunch chef, and guess who got the job.",Monica,joy,1001,3,2,5,"00:05:05,221","00:05:08,181",q,3
10037,"If it's not you, this is a horrible story.",Joey,sadness,1001,4,2,5,"00:05:08,433","00:05:11,184",ans,4
10038,"Fortunately, it is me.",Monica,joy,1001,5,2,5,"00:05:12,603","00:05:14,730",s,5
10039,"And, they made me head of purchasing, thank you very much.",Monica,joy,1001,6,2,5,"00:05:14,897","00:05:17,735",s,6
10040,"Anyway, I just ran into Ross and Chandler downstairs, and they think we should go out and celebrate.",Monica,joy,1001,7,2,5,"00:05:19,694","00:05:22,612",o,7
10041,"Y'know, someplace nice.",Monica,neutral,1001,8,2,5,"0:05:22,822","0:05:23,782",q,8
10042,"Yeah, someplace nice.",Joey,neutral,1001,9,2,5,"0:05:23,782","0:05:23,919",ans,9
10043,Yeah!,Rachel,joy,1001,10,2,5,"00:05:30,371","00:05:31,872",oth,10
10044,How much do you think I can get for my kidney?,Joey,neutral,1001,11,2,5,"00:05:32,248","00:05:34,833",q,11
10067,"Hey, ready for dinner?",Larry,neutral,1005,0,5,7,"00:14:44,174","00:14:45,717",q,0
10068,"Ooh, absolutely!",Phoebe,joy,1005,1,5,7,"00:14:45,926","00:14:47,927",ag,1
10069,Great! How about you wanted to go the Italian place down on Bleaker Street right?,Larry,joy,1005,2,5,7,"00:14:45,926","00:14:50,388",q,2
10070,"Ooh, I love that place! So, no.",Phoebe,neutral,1005,3,5,7,"00:14:50,556","00:14:52,265",ans,3
10071,How about Mama Lisettie's?,Larry,neutral,1005,4,5,7,"00:14:55,477","00:14:56,519",q,4
10072,Enh. Sure!,Phoebe,neutral,1005,5,5,7,"00:14:58,063","00:14:59,856",ans,5
10073,I wonder how long that milk has been setting out.,Larry,disgust,1005,6,5,7,"00:15:00,482","00:15:03,318",s,6
10074,"Oh, no-no, this place is totally healthy!",Phoebe,neutral,1005,7,5,7,"00:15:03,944","00:15:06,154",s,7
10075,That¬óthis milk is mine.,Phoebe,neutral,1005,8,5,7,"00:15:06,405","00:15:08,948",s,8
10076,"I bought this today, 'cause I was thirsty for milk, y'know.",Phoebe,neutral,1005,9,5,7,"00:15:06,405","00:15:12,285",s,9
10077,"Okay, let's go!",Phoebe,joy,1005,10,5,7,"00:15:16,373","00:15:18,499",c,10
10078,"Hey, buddy! Are you familiar with Section 11-B of the Health Code that requires all refuse material out the",Larry,anger,1005,11,5,7,"00:15:21,045","00:15:27,675",s,11
10122,"I'm so sorry, you guys. I didn't mean to bring you down.",Rachel,sadness,1009,0,1,4,"00:13:51,121","00:13:56,209",ap,0
10123,"No, you were right. I don't have a plan.",Monica,neutral,1009,1,1,4,"00:13:56,377","00:14:01,714",ag,1
10124,Thank God. Food.,Rachel,joy,1009,2,1,4,"00:14:05,094","00:14:07,011",g,2
10125,Phoebe?,Monica,neutral,1009,3,1,4,"0:14:07,179","0:14:07,861",q,3
10126,What?,Phoebe,neutral,1009,4,1,4,"0:14:07,861","0:14:09,441",ans,4
10127,Do you have a plan?,Monica,neutral,1009,5,1,4,"0:14:09,557","0:14:10,829",q,5
10128,I don't even have a 'pl'.,Phoebe,joy,1009,6,1,4,"0:14:10,829","0:14:13,867",ans,6
10129,"No, no, that's not what we ordered... We ordered a fat-free crust with extra cheese.",Rachel,sadness,1009,7,1,4,"00:14:19,149","00:14:27,115",s,7
10130,Wait! Did you say 'G.Stephanopoulos?',Monica,surprise,1009,8,1,4,"00:14:35,791","00:14:39,127",q,8
10131,"Wait, was this a-a small mediterranean guy with curiously intelligent good looks?",Monica,surprise,1009,9,1,4,"00:14:45,009","00:14:49,888",q,9
10132,Was he wearing a stunning blue suit?,Monica,joy,1009,10,1,4,"0:14:52,433","0:14:55,195",q,10
10133,And-and a power tie?,Phoebe,joy,1009,11,1,4,"0:14:55,195","0:14:56,530",q,11
10141,"Hey, y'know what a really good rainy day game is?",Joey,neutral,1010,0,3,25,"00:07:03,381","00:07:05,340",q,0
10142,What?!,Monica,neutral,1010,1,3,25,"00:07:05,508","00:07:08,051",q,1
10143,"I mean naked game. Strip poker, we should totally play strip poker.",Joey,joy,1010,2,3,25,"00:07:05,508","00:07:10,929",ans,2
10144,"No, no!",All,disgust,1010,3,3,25,"0:07:11,097","0:07:12,109",dag,3
10145,What are you crazy?!,Monica,disgust,1010,4,3,25,"0:07:12,109","0:07:12,698",q,4
10146,"Come on! When you go away, you-you have to play, it's like a law!",Joey,sadness,1010,5,3,25,"00:07:12,807","00:07:16,476",ans,5
10147,Allll done!,Rachel,neutral,1010,6,3,25,"0:07:17,979","0:07:19,201",s,6
10148,"Aww, thank you.",Monica,joy,1010,7,3,25,"0:07:19,201","0:07:19,751",g,7
10149,"Okay, who's next?!",Rachel,neutral,1010,8,3,25,"00:07:19,856","00:07:22,232",q,8
10150,No-o-o! No way!,Ross,disgust,1010,9,3,25,"00:07:24,026","00:07:27,696",dag,9
10151,"Come on, please?! I'm boredddd! You let me do it once before.",Rachel,neutral,1010,10,3,25,"00:07:27,905","00:07:32,075",s,10
10152,"Yeah well, if ah, if that's the rule this weekend... No!",Ross,joy,1010,11,3,25,"00:07:36,456","00:07:39,666",ag,11
10153,It's beautiful! It's like the first bathroom floor there ever was. Whoa! Are you going in there for?,Monica,surprise,1011,0,3,5,"00:13:34,438","00:13:44,239",q,0
10154,"What, like a number?",Chandler,neutral,1011,1,3,5,"00:13:44,406","00:13:46,407",q,1
10155,Hey!,Ross,joy,1011,2,3,5,"0:13:49,912","0:13:50,288",g,2
10156,Hi! Bye!,Chandler,neutral,1011,3,3,5,"0:13:50,288","0:13:52,615",g,3
10157,"Okay, I'm done with my choices, these are final.",Ross,neutral,1011,4,3,5,"00:13:53,791","00:13:58,920",s,4
10158,"Well, it's about time.",Rachel,anger,1011,5,3,5,"0:14:00,089","0:14:01,721",s,5
10159,"Ooh, very official.",Joey,neutral,1011,6,3,5,"0:14:01,721","0:14:03,055",s,6
10160,"Oh, yeah, well y'know Chandler printed it up on his computer.",Ross,neutral,1011,7,3,5,"00:14:03,175","00:14:07,554",s,7
10161,And who laminated it?,Monica,neutral,1011,8,3,5,"00:14:07,721","00:14:09,097",q,8
10162,That would be me.,Ross,neutral,1011,9,3,5,"00:14:11,100","00:14:13,184",ans,9
10163,"All right let me see. Uma Thurman, Winona Ryder, Elizabeth Hurely, Michelle Pfieffer, and Dorothy Hammel?",Rachel,neutral,1011,10,3,5,"00:14:13,352","00:14:21,025",s,10
10164,"Hey, it's my list.",Ross,anger,1011,11,3,5,"00:14:29,535","00:14:31,703",s,11
10166,"Okay, Phoebe, this Dr. Oberman. He has no strong feelings about Fonzie or any of the",Ross,neutral,1012,0,5,3,"00:07:58,060","00:08:07,569",s,0
10167,Hi! And you're going into what grade?,Phoebe,surprise,1012,1,5,3,"00:08:08,613","00:08:10,655",q,1
10168,"Umm, I'm actually a first year resident, but I get that a lot, you see, I-I graduated early",Dr. Oberman,joy,1012,2,5,3,"00:08:11,824","00:08:15,410",ans,2
10169,"Uh-huh, me too. Ross, maybe I should've specified that I'd be needing a grown up doctor.",Phoebe,joy,1012,3,5,3,"00:08:15,578","00:08:21,583",o,3
10170,"Oh no, I'm fully qualified to",Dr. Oberman,joy,1012,4,5,3,"00:08:22,376","00:08:24,044",s,4
10171,Shh!,Phoebe,anger,1012,5,5,3,"0:08:24,253","0:08:24,712",b,5
10172,"Doogie, shh!",Phoebe,anger,1012,6,5,3,"0:08:24,712","0:08:25,359",oth,6
10173,Doesn't anybody understand that I'm gonna be having babies soon?,Phoebe,surprise,1012,7,5,3,"0:08:27,882","0:08:31,144",q,7
10174,Huh?,Phoebe,surprise,1012,8,5,3,"0:08:31,144","0:08:32,235",oth,8
10175,Go!,Phoebe,anger,1012,9,5,3,"0:08:32,845","0:08:34,722",c,9
10176,"Go little boy, go!",Phoebe,anger,1012,10,5,3,"0:08:34,722","0:08:34,866",c,10
10177,Oh cool! You made him cry!,Frank,joy,1012,11,5,3,"00:08:38,684","00:08:41,019",s,11
10197,....right?,Ross,anger,1016,0,3,17,"0:14:46,302","0:14:46,904",oth,0
10198,Right?,Ross,anger,1016,1,3,17,"0:14:46,904","0:14:48,906",oth,1
10199,"I mean it's pretty unbelievable y'know, I mean they just took off, took off without even looking back.",Ross,anger,1016,2,3,17,"00:14:46,302","00:14:52,682",s,2
10200,"Y'know I don't, I don't need them, huh, I've got you guys now as friends, you and Susan.",Ross,anger,1016,3,3,17,"00:14:53,517","00:14:58,229",s,3
10201,"Ah, Susan will be so pleased.",Carol,joy,1016,4,3,17,"00:14:58,898","00:15:01,149",ag,4
10202,"717? Where's 717? Hey, you've have more of these for Susan right?",Ross,surprise,1016,5,3,17,"00:15:05,070","00:15:11,409",q,5
10203,"No. But it's okay, I'll just put out pickles or something.",Carol,neutral,1016,6,3,17,"00:15:11,660","00:15:15,955",ans,6
10204,"Ross, thank God.",Phoebe,joy,1016,7,3,17,"00:15:20,169","00:15:22,045",g,7
10205,"Pheebs? What, why are you whispering?",Ross,surprise,1016,8,3,17,"00:15:22,254","00:15:23,755",q,8
10206,I ate a bug.,Phoebe,disgust,1016,9,3,17,"00:15:24,298","00:15:26,215",ans,9
10207,"Hey Rach, the tampons here are only a penny. Let's stock up.",Monica,joy,1016,10,3,17,"00:15:27,384","00:15:32,013",s,10
10208,"Listen Ross, we ran out of gas, and we don't know where we are, so we can't get a tow truck.",Phoebe,fear,1016,11,3,17,"00:15:33,098","00:15:37,393",s,11
10220,"God, I feel so guilty about Ross.",Monica,sadness,1017,0,5,6,"0:12:29,540","0:12:31,462",ap,0
10221,"Oh, I know.",Phoebe,sadness,1017,1,5,6,"0:12:31,462","0:12:32,464",ag,1
10222,I kinda feel like it's my fault.,Joey,sadness,1017,2,5,6,"00:12:33,002","00:12:35,336",s,2
10223,Kind of? If you just kept this to yourself none of this would've happened.,Chandler,anger,1017,3,5,6,"00:12:37,923","00:12:42,552",s,3
10224,"Well, I'm keeping so many things to myself these days, something was bound to slip out!",Joey,anger,1017,4,5,6,"00:12:42,928","00:12:47,056",s,4
10225,"Well, I think it's very brave what you said.",Chandler,anger,1017,5,5,6,"00:12:49,268","00:12:51,811",s,5
10226,"All right, I can't sit here anymore. I have to walk places.",Phoebe,neutral,1017,6,5,6,"00:12:53,981","00:12:57,692",s,6
10227,"Pheebs, what are you doing with the coat? How about the whole animal rights thing?",Chandler,anger,1017,7,5,6,"00:12:57,943","00:13:01,571",q,7
10228,"Well, I've been reading up and for your information, minks are not very nice.",Phoebe,anger,1017,8,5,6,"00:13:01,739","00:13:06,993",ans,8
10229,"Okay, I admit it!",Phoebe,anger,1017,9,5,6,"0:13:08,996","0:13:10,623",a,9
10230,I love this coat!,Phoebe,joy,1017,10,5,6,"0:13:10,623","0:13:11,743",s,10
10231,"Okay, I¬óit's the best thing I've ever had wrapped around me, including Phil Huntley!",Phoebe,joy,1017,11,5,6,"00:13:11,874","00:13:16,294",o,11
10252,"Hi, could we get two burritos to go, please?",Chandler,neutral,1019,0,7,10,"00:04:13,920","00:04:16,171",q,0
10253,I'm sorry.,Monica,neutral,1019,1,7,10,"0:04:18,549","0:04:19,467",ap,1
10254,"But not that sorry, 'cause you don't have to live with it.",Monica,neutral,1019,2,7,10,"0:04:19,467","0:04:22,299",s,2
10255,"Um, we have a reservation under the name Chandler Bing.",Monica,neutral,1019,3,7,10,"00:04:22,428","00:04:24,888",s,3
10256,"Oh-kay, we'll have a table for you in about 45 minutes.",Maitre d',neutral,1019,4,7,10,"00:04:25,056","00:04:28,475",a,4
10257,Forty-five minutes? We have tickets to the,Chandler,surprise,1019,5,7,10,"00:04:28,643","00:04:31,645",s,5
10258,"I'm sorry. Christmas is a very busy time, sir.",Maitre d',neutral,1019,6,7,10,"00:04:31,813","00:04:34,648",ap,6
10259,Is this because of the burrito thing?,Chandler,sadness,1019,7,7,10,"00:04:34,857","00:04:37,109",q,7
10260,You need to give him money.,Monica,neutral,1019,8,7,10,"0:04:39,612","0:04:41,031",ans,8
10261,Give him money? It was a joke!,Chandler,surprise,1019,9,7,10,"0:04:41,031","0:04:43,012",q,9
10262,"No, to get a table! Places like this are always shakin' you down. Everybody wants to be paid off.",Monica,anger,1019,10,7,10,"00:04:43,866","00:04:50,455",ans,10
10263,"Right, calm down, O'Mally. I'll slip him some money.",Chandler,neutral,1019,11,7,10,"00:04:46,953","00:04:55,711",s,11
10283,"Hey Joey, what ¬ëcha doing?",Rachel,neutral,1022,0,7,2,"00:07:10,054","00:07:12,055",q,0
10284,Sweepin'. Why? Turn you on?,Joey,neutral,1022,1,7,2,"00:07:12,432","00:07:16,309",ans,1
10285,No.,Rachel,neutral,1022,2,7,2,"00:07:18,521","00:07:19,688",dag,2
10286,Huh. What if I was sweeping a chimney?,Joey,joy,1022,3,7,2,"00:07:22,066","00:07:25,068",q,3
10287,"Joey, did",Rachel,neutral,1022,4,7,2,"00:07:27,238","00:07:29,322",ans,4
10288,Where are you going? The vicar won't be home for hours.,Joey,joy,1022,5,7,2,"00:07:32,618","00:07:35,454",q,5
10289,"Joey, where did you learn that word?",Rachel,surprise,1022,6,7,2,"00:07:41,377","00:07:45,380",q,6
10290,"Where do you think, Zelda?",Joey,neutral,1022,7,7,2,"00:07:48,050","00:07:49,718",q,7
10291,You found my book?!,Rachel,anger,1022,8,7,2,"0:07:54,348","0:07:55,940",q,8
10292,Yeah I did!,Joey,joy,1022,9,7,2,"0:07:55,940","0:07:57,656",ans,9
10293,"Joey, what-what are you doing going into my bedroom?!",Rachel,anger,1022,10,7,2,"00:07:58,561","00:08:01,605",q,10
10294,"Okay, look I'm sorry, I went in there to take a nap and I know I shouldn't have, but you got porn!",Joey,surprise,1022,11,7,2,"00:08:01,856","00:08:05,734",ans,11
10316,Hi!,Joey,joy,1024,0,6,3,"0:20:59,716","0:21:00,348",g,0
10317,Hi!,The Potential Roommate,joy,1024,1,6,3,"0:21:00,348","0:21:00,805",g,1
10318,Come in.,Joey,neutral,1024,2,6,3,"00:21:00,926","00:21:03,511",c,2
10319,"Thanks for comin' back, umm, okay there have been a lot of people interested in the room, but I have narrowed it down and",Joey,neutral,1024,3,6,3,"00:21:03,679","00:21:09,308",o,3
10320,Great!,The Potential Roommate,joy,1024,4,6,3,"00:21:09,476","00:21:11,978",ag,4
10321,"Okay now, before I make my final decision I uh, I just want to make sure our personalities match.",Joey,neutral,1024,5,6,3,"00:21:09,476","00:21:15,356",o,5
10322,"Okay, so I made up a little test.",Joey,neutral,1024,6,6,3,"00:21:15,524","00:21:16,816",s,6
10323,"Now, I'm gonna say a word and then you say the first thing that comes to mind.",Joey,neutral,1024,7,6,3,"00:21:16,984","00:21:21,070",c,7
10324,I can do that.,The Potential Roommate,neutral,1024,8,6,3,"0:21:21,238","0:21:22,031",s,8
10325,Okay! Here we go. Pillow.,Joey,neutral,1024,9,6,3,"0:21:22,031","0:21:24,013",q,9
10326,Fight.,The Potential Roommate,neutral,1024,10,6,3,"00:21:24,116","00:21:25,533",ans,10
10327,Very good! Okay. G.,Joey,joy,1024,11,6,3,"00:21:25,993","00:21:30,663",q,11
10332,"Dad, please don't pick your teeth out here!",Monica,disgust,1025,0,6,9,"00:11:49,625","00:11:52,210",c,0
10333,"Alright, and if you're gonna put your feet up, why don't you sit on the-",Monica,disgust,1025,1,6,9,"0:11:52,420","0:11:54,214",s,1
10334,"Monica, leave him alone",Phoebe,anger,1025,2,6,9,"0:11:54,214","0:11:56,135",c,2
10335,Will you hurry up?,Joey,sadness,1025,3,6,9,"00:11:58,509","00:11:59,759",q,3
10336,Did you not hear me before when I told you that all of Janine's friends are dancers?!,Joey,surprise,1025,4,6,9,"00:12:00,010","00:12:03,763",q,4
10337,And that they're going to be drinking alot!,Joey,anger,1025,5,6,9,"00:12:03,931","00:12:07,058",o,5
10339,"No, I did, but tell me again, because it's so romantic.",Rachel,neutral,1025,6,6,9,"00:12:07,643","00:12:11,688",ans,6
10340,Well you're whippin' so slow! Can't you do it any faster?,Joey,anger,1025,7,6,9,"00:12:12,231","00:12:14,482",q,7
10341,Joey!,Rachel,anger,1025,8,6,9,"0:12:14,734","0:12:15,193",oth,8
10342,Come on!,Rachel,anger,1025,9,6,9,"0:12:15,193","0:12:15,611",s,9
10343,"I don't wanna make any mistakes, alright?",Rachel,anger,1025,10,6,9,"0:12:15,611","0:12:16,949",q,10
10344,"This is the only dessert and if I screw it up everybody's gonna be like ¬ìOh, remember that Thanksgiving when Rachel screwed up the trifle?¬î",Rachel,fear,1025,11,6,9,"00:12:17,069","00:12:24,367",o,11
10351,You are so cute! How did you get to be so cute?,Monica,joy,1026,0,5,14,"00:06:22,298","00:06:24,132",q,0
10352,"Well, my Grandfather was Swedish and my Grandmother was actually a tiny little bunny.",Chandler,joy,1026,1,5,14,"00:06:24,300","00:06:29,971",ans,1
10353,"Okay, now you're even cuter!!",Monica,joy,1026,2,5,14,"00:06:31,766","00:06:34,017",o,2
10354,Y'know that is a popular opinion today I must say.,Chandler,neutral,1026,3,5,14,"00:06:35,144","00:06:38,230",s,3
10355,What?,Monica,surprise,1026,4,5,14,"00:06:38,398","00:06:39,439",q,4
10356,"The weirdest thing happened at the coffee house, I think, I think Phoebe was hitting on me.",Chandler,surprise,1026,5,5,14,"00:06:39,607","00:06:44,069",ans,5
10357,What are you talking about?,Monica,surprise,1026,6,5,14,"00:06:45,363","00:06:47,030",q,6
10358,I'm telling you I think Phoebe thinks I'm foxy.,Chandler,joy,1026,7,5,14,"00:06:47,281","00:06:49,282",ans,7
10359,That's not possible!,Monica,joy,1026,8,5,14,"0:06:53,162","0:06:54,214",dag,8
10360,Ow!,Chandler,surprise,1026,9,5,14,"0:06:54,214","0:06:55,168",oth,9
10361,"I'm sorry it's just, Phoebe just always thought you were, you were charming in a, in a sexless kind of way.",Monica,joy,1026,10,5,14,"00:06:58,501","00:07:04,256",ap,10
10362,"Oh, y'know I-I can't hear that enough.",Chandler,anger,1026,11,5,14,"00:07:04,507","00:07:07,384",s,11
10381,Really? Like how?,Ben,surprise,1029,0,7,16,"00:03:53,983","00:03:57,989",q,0
10382,"Well y'know, we would umm, repeat everything the other said, or uh, we'd jump out of closets to scare each other, or switch the sugar for the salt so they'd put salt on their cereal.",Rachel,neutral,1029,1,7,16,"00:03:53,983","00:04:08,288",ans,1
10383,That's a good one.,Ben,joy,1029,2,7,16,"00:04:08,498","00:04:09,623",ag,2
10384,Yeah? You like that one?,Rachel,surprise,1029,3,7,16,"0:04:11,584","0:04:12,877",q,3
10385,"Yeah, you're funny.",Ben,joy,1029,4,7,16,"0:04:12,877","0:04:13,473",ans,4
10386,I'm funny?,Rachel,surprise,1029,5,7,16,"00:04:14,796","00:04:16,046",q,5
10387,Oh thank God!,Rachel,joy,1029,6,7,16,"00:04:16,214","00:04:18,048",oth,6
10388,"Well hey, I've got a ton of these!",Rachel,joy,1029,7,7,16,"00:04:18,466","00:04:20,008",s,7
10389,"Umm, oh here¬óDo you want a good one?",Rachel,neutral,1029,8,7,16,"00:09:24,355","00:09:36,157",q,8
10391,"Umm, you uh, you take a quarter, take a quarter and, and you blacken the edge.",Rachel,neutral,1029,9,7,16,"00:04:20,176","00:04:27,891",ans,9
10392,Right?,Rachel,neutral,1029,10,7,16,"00:04:24,347","00:04:27,891",q,10
10393,"And then you say to person, I bet you can't roll this quarter from your forehead to your chin without it leaving your face.",Rachel,neutral,1029,11,7,16,"00:04:28,142","00:04:34,064",ans,11
10407,So you still in touch with anyone from high school?,Chip,neutral,1032,0,4,2,"00:15:00,524","00:15:02,775",q,0
10408,"Umm. Well, there's Rachel, and umm, I think that's it. How bout you?",Monica,neutral,1032,1,4,2,"00:15:02,943","00:15:08,239",q,1
10409,"Oh yeah, I still hang with Simmons and Zana, y'know.",Chip,neutral,1032,2,4,2,"00:15:08,407","00:15:13,661",ans,2
10410,I see Spindler a lot.,Chip,neutral,1032,3,4,2,"00:15:10,784","00:15:13,661",s,3
10411,"Devane, Kelly, and I run into Goldie from time to time.",Chip,neutral,1032,4,4,2,"00:15:10,784","00:15:15,830",s,4
10412,"Stick, Brown, Sulkov, McGuire, J.T., Beardsley.",Chip,neutral,1032,5,4,2,"00:15:16,206","00:15:20,835",s,5
10413,Is that all?,Monica,neutral,1032,6,4,2,"00:15:21,337","00:15:22,462",q,6
10414,"Ehh, y'know after high school, you just kinda lose touch. Oh yeah! I ran into Richard Dorfman.",Chip,joy,1032,7,4,2,"00:15:22,630","00:15:29,010",ans,7
10415,"Ohh, how is he?",Monica,surprise,1032,8,4,2,"00:15:29,178","00:15:30,678",q,8
10416,"Not so good, Simmons and I gave him a wedgie.",Chip,neutral,1032,9,4,2,"00:15:29,178","00:15:33,306",ans,9
10417,Isn't he an architect now?,Monica,neutral,1032,10,4,2,"0:15:34,642","0:15:36,144",q,10
10418,"Yeah, they still wear underwear.",Chip,neutral,1032,11,4,2,"0:15:36,144","0:15:37,384",ans,11
10461,Hey.,Chandler,neutral,1038,0,2,3,"0:00:05,130","0:00:05,673",g,0
10462,Hey!,All,joy,1038,1,2,3,"0:00:05,673","0:00:06,967",g,1
10463,So how was Joan?,Monica,neutral,1038,2,2,3,"00:00:07,173","00:00:08,173",q,2
10464,I broke up with her.,Chandler,neutral,1038,3,2,3,"00:00:08,341","00:00:09,341",ans,3
10465,"Don't tell me, because of the big nostril thing?",Ross,surprise,1038,4,2,3,"00:00:11,136","00:00:13,887",q,4
10466,"They were huge. When she sneezed, bats flew out of them.",Chandler,disgust,1038,5,2,3,"00:00:15,015","00:00:20,060",ans,5
10467,"Come on, they were not that huge.",Rachel,neutral,1038,6,2,3,"00:00:21,021","00:00:22,855",dag,6
10468,"I'm tellin' you, she leaned back; I could see her brain.",Chandler,disgust,1038,7,2,3,"00:00:23,106","00:00:26,358",dag,7
10469,How many perfectly fine women are you gonna reject over the most superficial insignificant things?,Monica,surprise,1038,8,2,3,"00:00:28,319","00:00:32,573",q,8
10470,"Hold it, hold it.",Joey,neutral,1038,9,2,3,"0:00:32,824","0:00:33,456",oth,9
10471,I gotta side with Chandler on this one.,Joey,neutral,1038,10,2,3,"0:00:33,456","0:00:35,556",ag,10
10472,"When I first moved to the city, I went out a couple of times with this girl, really hot, great kisser, but she had the biggest Adam's apple.",Joey,disgust,1038,11,2,3,"00:00:35,744","00:00:44,334",o,11
